0.001 0.7969200803513465 -0.2843286127811479 0.2621100788620515 -0.2512091494100107 -0.1876475525749675 -0.06266152795621827
0.002 0.7972089259451191 -0.2843228314888789 0.2627374443404513 -0.2508941760593981 -0.1876888900963301 -0.06256845158882450
0.003 0.7974980693765633 -0.2843170054100828 0.2633622984632571 -0.2505763187307624 -0.1877290157790610 -0.06247396412340880
0.004 0.7977875112080026 -0.2843111344264184 0.2639869934775460 -0.2502546811592896 -0.1877680825037464 -0.06237941123260511
0.005 0.7980772520033455 -0.2843052184191533 0.2646154784369701 -0.2499330311026085 -0.1878089546768493 -0.06228576379248683
0.006 0.7983672923280914 -0.2842992572691625 0.2652410800555996 -0.2496074164217004 -0.1878480128306300 -0.06219080249457312
0.007 0.7986576327493370 -0.2842932508569259 0.2658681523282925 -0.2492808709358712 -0.1878878366265796 -0.06209585674247774
0.008 0.7989482738357823 -0.2842871990625281 0.2664968125094621 -0.2489525996520038 -0.1879280660504153 -0.06200117565081100
0.009 0.7992392161577367 -0.2842811017656551 0.2671264598877129 -0.2486217297728297 -0.1879681328892027 -0.06190669378550155
0.01 0.7995304602871254 -0.2842749588455940 0.2677557241249104 -0.2482896582858068 -0.1880083770514501 -0.06181138351994915
0.011 0.7998220067974947 -0.2842687701812308 0.2683858095121170 -0.2479545649209655 -0.1880482109906801 -0.06171629983295002
0.012 0.8001138562640200 -0.2842625356510476 0.2690154458089694 -0.2476169629449668 -0.1880875899947170 -0.06162071689327539
0.013 0.8004060092635080 -0.2842562551331235 0.2696482608425848 -0.2472792935863508 -0.1881285971080428 -0.06152569378265371
0.014 0.8006984663744080 -0.2842499285051307 0.2702806970440896 -0.2469373403648570 -0.1881683362022849 -0.06143067577890274
0.015 0.8009912281768160 -0.2842435556443330 0.2709152995751864 -0.2465950239431782 -0.1882093183031339 -0.06133579959735417
0.016 0.8012842952524800 -0.2842371364275857 0.2715456158889972 -0.2462495482780387 -0.1882485117011222 -0.06123879048634669
0.017 0.8015776681848060 -0.2842306707313322 0.2721816207319162 -0.2459018050296101 -0.1882890182834570 -0.06114410195138855
0.018 0.8018713475588680 -0.2842241584316023 0.2728159701255952 -0.2455521859162152 -0.1883290440088860 -0.06104816038494049
0.019 0.8021653339614100 -0.2842175994040121 0.2734501947908652 -0.2452005676463396 -0.1883689565917077 -0.06095172886126942
0.02 0.8024596279808540 -0.2842109935237604 0.2740884043315085 -0.2448465698665052 -0.1884096810999641 -0.06085682735524651
0.021 0.8027542302073100 -0.2842043406656279 0.2747245430855925 -0.2444911561203053 -0.1884500505966140 -0.06076036838028391
0.022 0.8030491412325750 -0.2841976407039752 0.2753629137957845 -0.2441330113024907 -0.1884906315147399 -0.06066473006809181
0.023 0.8033443616501450 -0.2841908935127414 0.2759991990383186 -0.2437717210525001 -0.1885300169133982 -0.06056798608644948
0.024 0.8036398920552230 -0.2841840989654416 0.2766371969024293 -0.2434086525967202 -0.1885699298578737 -0.06047154148134198
0.025 0.8039357330447190 -0.2841772569351654 0.2772779231478679 -0.2430442711369177 -0.1886108466740321 -0.06037573162828461
0.026 0.8042318852172630 -0.2841703672945757 0.2779182567557999 -0.2426787474933746 -0.1886520059603101 -0.06027906917518980
0.027 0.8045283491732080 -0.2841634299159061 0.2785587262543736 -0.2423085229853856 -0.1886918971252238 -0.06018277595963741
0.028 0.8048251255146380 -0.2841564446709592 0.2791975857301766 -0.2419380259770468 -0.1887320912782435 -0.06008481812700034
0.029 0.8051222148453751 -0.2841494114311052 0.2798385818423517 -0.2415635963354883 -0.1887719470334070 -0.05998795944021640
0.03 0.8054196177709830 -0.2841423300672794 0.2804785927762929 -0.2411866590136923 -0.1888112756128001 -0.05989034417310864
0.031 0.8057173348987809 -0.2841352004499815 0.2811251611009562 -0.2408091745248256 -0.1888530695562864 -0.05979485611547242
0.032 0.8060153668378420 -0.2841280224492722 0.2817686646290682 -0.2404288401324884 -0.1888935930871346 -0.05969778487149373
0.033 0.8063137141990060 -0.2841207959347726 0.2824117062231803 -0.2400462482031921 -0.1889338326914998 -0.05960013039774094
0.034 0.8066123775948820 -0.2841135207756616 0.2830556963141955 -0.2396613133560502 -0.1889741681566197 -0.05950255379501849
0.035 0.8069113576398600 -0.2841061968406743 0.2836995848388761 -0.2392735895699458 -0.1890140958625059 -0.05940472884808930
0.036 0.8072106549501140 -0.2840988239981002 0.2843459915210860 -0.2388833352056601 -0.1890545051513745 -0.05930774243464621
0.037 0.8075102701436100 -0.2840914021157811 0.2849896403922772 -0.2384935224508669 -0.1890952167291454 -0.05920837133083316
0.038 0.8078102038401140 -0.2840839310611090 0.2856348407274758 -0.2380983342812650 -0.1891348421465913 -0.05911022266928803
0.039 0.8081104566611990 -0.2840764107010249 0.2862825885717708 -0.2377007397151768 -0.1891750269894316 -0.05901289420432033
0.04 0.8084110292302490 -0.2840688409020159 0.2869306276758906 -0.2373026529570750 -0.1892159770208515 -0.05891480539560853
0.041 0.8087119221724710 -0.2840612215301140 0.2875786341761843 -0.2369011082204826 -0.1892562813652997 -0.05881668677232806
0.042 0.8090131361148980 -0.2840535524508937 0.2882258862587449 -0.2364977003143709 -0.1892964408017368 -0.05871773724440507
0.043 0.8093146716863980 -0.2840458335294702 0.2888772952871521 -0.2360904972197191 -0.1893370399258987 -0.05862071071076466
0.044 0.8096165295176820 -0.2840380646304976 0.2895261768776237 -0.2356833931343961 -0.1893777630335157 -0.05852152842087639
0.045 0.8099187102413090 -0.2840302456181667 0.2901760757029631 -0.2352730226269753 -0.1894183417503187 -0.05842268628305555
0.046 0.8102212144916960 -0.2840223763562030 0.2908264470170484 -0.2348591271852859 -0.1894584226532307 -0.05832405717173118
0.047 0.8105240429051240 -0.2840144567078646 0.2914794019194264 -0.2344439232510116 -0.1894996132802325 -0.05822590542207591
0.048 0.8108271961197420 -0.2840064865359405 0.2921306391391879 -0.2340257524657784 -0.1895399179481555 -0.05812683102217681
0.049 0.8111306747755810 -0.2839984657027483 0.2927803017221595 -0.2336053129112047 -0.1895796738896613 -0.05802669273929847
0.05 0.8114344795145580 -0.2839903940701322 0.2934344811422976 -0.2331826887026192 -0.1896207473857285 -0.05792813464620808
0.051 0.8117386109804809 -0.2839822714994611 0.2940862236166670 -0.2327575954269163 -0.1896609491534173 -0.05782818648019557
0.052 0.8120430698190620 -0.2839740978516261 0.2947395865127456 -0.2323286435298610 -0.1897008905697843 -0.05772906695103219
0.053 0.8123478566779200 -0.2839658729870392 0.2953943546240009 -0.2318995013679190 -0.1897420993670889 -0.05762954695849471
0.054 0.8126529722065891 -0.2839575967656306 0.2960495236724803 -0.2314667856147168 -0.1897828333999245 -0.05753020616791630
0.055 0.8129584170565300 -0.2839492690468466 0.2967045497809966 -0.2310316004774482 -0.1898233857748182 -0.05743049357559683
0.056 0.8132641918811320 -0.2839408896896479 0.2973585834219230 -0.2305935816886457 -0.1898633597747054 -0.05733014707116259
0.057 0.8135702973357249 -0.2839324585525069 0.2980149828979837 -0.2301544405712566 -0.1899045181433315 -0.05723008609833078
0.058 0.8138767340775860 -0.2839239754934064 0.2986717823086914 -0.2297112775094568 -0.1899450183560192 -0.05713036304669009
0.059 0.8141835027659460 -0.2839154403698366 0.2993281288802099 -0.2292671530593683 -0.1899859204818645 -0.05702964810728469
0.06 0.8144906040619980 -0.2839068530387934 0.2999860970357288 -0.2288201703810128 -0.1900270599486738 -0.05692942598551888
0.061 0.8147980386289070 -0.2838982133567764 0.3006436172170797 -0.2283691309463495 -0.1900672765929579 -0.05682919466264135
0.062 0.8151058071318140 -0.2838895211797858 0.3012998513253902 -0.2279157356454767 -0.1901070776658684 -0.05672807562175356
0.063 0.8154139102378470 -0.2838807763633220 0.3019600032431131 -0.2274604582837019 -0.1901482400470010 -0.05662809755240172
0.064 0.8157223486161300 -0.2838719787623809 0.3026210755074030 -0.2270032534334663 -0.1901898446743224 -0.05652801002447003
0.065 0.8160311229377850 -0.2838631282314545 0.3032793855978810 -0.2265425192406808 -0.1902300621755080 -0.05642676338169571
0.066 0.8163402338759490 -0.2838542246245264 0.3039396196512630 -0.2260800628338684 -0.1902711268633818 -0.05632576386608472
0.067 0.8166496821057720 -0.2838452677950705 0.3045954276908540 -0.2256140110167586 -0.1903102595714690 -0.05622294821829345
0.068 0.8169594683044350 -0.2838362575960489 0.3052602712606946 -0.2251452355465133 -0.1903520858512936 -0.05612366824633154
0.069 0.8172695931511510 -0.2838271938799092 0.3059185512201856 -0.2246747781578254 -0.1903921025089297 -0.05602107173965550
0.07 0.8175800573271750 -0.2838180764985827 0.3065829925383275 -0.2242009540647936 -0.1904336587540889 -0.05592098654830104
0.071 0.8178908615158170 -0.2838089053034820 0.3072415973692537 -0.2237270276254702 -0.1904742981618251 -0.05581741049855141
0.072 0.8182020064024410 -0.2837996801454979 0.3079035572376702 -0.2232471317204860 -0.1905145176870769 -0.05571601869571245
0.073 0.8185134926744830 -0.2837904008749985 0.3085652773468533 -0.2227660681841267 -0.1905551697978186 -0.05561377189677132
0.074 0.8188253210214530 -0.2837810673418255 0.3092308584515497 -0.2222811103020405 -0.1905964424561249 -0.05551324037335556
0.075 0.8191374921349460 -0.2837716793952931 0.3098921023160826 -0.2217939467907907 -0.1906364208909272 -0.05541051486980646
0.076 0.8194500067086480 -0.2837622368841846 0.3105556013523946 -0.2213044770352727 -0.1906771874053700 -0.05530831931668050
0.077 0.8197628654383500 -0.2837527396567511 0.3112206766201420 -0.2208122438840538 -0.1907183238497329 -0.05520654618735059
0.078 0.8200760690219500 -0.2837431875607081 0.3118884652219205 -0.2203175467852270 -0.1907603351914096 -0.05510552964656780
0.079 0.8203896181594670 -0.2837335804432330 0.3125487211229671 -0.2198215095085731 -0.1908003648240614 -0.05500075362480631
0.08 0.8207035135530441 -0.2837239181509645 0.3132128641473774 -0.2193192759780182 -0.1908401638767075 -0.05489844130893820
0.081 0.8210177559069640 -0.2837142005299981 0.3138795832076535 -0.2188182135596287 -0.1908822812300546 -0.05479564637174653
0.082 0.8213323459276500 -0.2837044274258848 0.3145457063425309 -0.2183110709598290 -0.1909227774329948 -0.05469344095903075
0.083 0.8216472843236829 -0.2836945986836282 0.3152098815333662 -0.2178022758585012 -0.1909629819438791 -0.05458985794563568
0.084 0.8219625718058040 -0.2836847141476823 0.3158777355075128 -0.2172924914028227 -0.1910050148859660 -0.05448691407944679
0.085 0.8222782090869249 -0.2836747736619493 0.3165416375045769 -0.2167786146618191 -0.1910451385607155 -0.05438259255803773
0.086 0.8225941968821380 -0.2836647770697763 0.3172101687863323 -0.2162614551591085 -0.1910865161884627 -0.05428004732275490
0.087 0.8229105359087240 -0.2836547242139536 0.3178731933909118 -0.2157404831451001 -0.1911255743809908 -0.05417541240873171
0.088 0.8232272268861640 -0.2836446149367117 0.3185446030148276 -0.2152178102524211 -0.1911677846850298 -0.05407350352359026
0.089 0.8235442705361430 -0.2836344490797194 0.3192115510262822 -0.2146934100044391 -0.1912088638510193 -0.05396924146940234
0.09 0.8238616675825650 -0.2836242264840804 0.3198778632865888 -0.2141652481659521 -0.1912492900494664 -0.05386481464823150
0.091 0.8241794187515560 -0.2836139469903313 0.3205474709158244 -0.2136325749972969 -0.1912900834854571 -0.05376201804821808
0.092 0.8244975247714810 -0.2836036104384392 0.3212129464427027 -0.2130999308673087 -0.1913305519204827 -0.05365642343022962
0.093 0.8248159863729440 -0.2835932166677986 0.3218831123858022 -0.2125631232599803 -0.1913720283101745 -0.05355286083446680
0.094 0.8251348042888050 -0.2835827655172292 0.3225509228281344 -0.2120235324160136 -0.1914126661756690 -0.05344814768478146
0.095 0.8254539792541860 -0.2835722568249730 0.3232214709540664 -0.2114808637381376 -0.1914540960877099 -0.05334436295824731
0.096 0.8257735120064800 -0.2835616904286923 0.3238903795096610 -0.2109353438804900 -0.1914949206968265 -0.05323972034153884
0.097 0.8260934032853620 -0.2835510661654661 0.3245582144345255 -0.2103872712465531 -0.1915354612299571 -0.05313433385093492
0.098 0.8264136538327980 -0.2835403838717884 0.3252266967334480 -0.2098368099286641 -0.1915763490129343 -0.05302881514776737
0.099 0.8267342643930520 -0.2835296433835651 0.3258974664156577 -0.2092833286565998 -0.1916179462232749 -0.05292401559318181
0.1 0.8270552357127010 -0.2835188445361108 0.3265684599803160 -0.2087253557089074 -0.1916589694911289 -0.05281962390171413
0.101 0.8273765685406390 -0.2835079871641478 0.3272398897978857 -0.2081635133476003 -0.1916997397682769 -0.05271551953259879
0.102 0.8276982636280900 -0.2834970711018008 0.3279101126591399 -0.2076019957148247 -0.1917413171477779 -0.05260964691417826
0.103 0.8280203217286169 -0.2834860961825970 0.3285814485809134 -0.2070358405574970 -0.1917825224792494 -0.05250462828509890
0.104 0.8283427435981320 -0.2834750622394609 0.3292503123412909 -0.2064682065752568 -0.1918234669855760 -0.05239791662666741
0.105 0.8286655299949049 -0.2834639691047133 0.3299211836230595 -0.2058948311875109 -0.1918640119405124 -0.05229273367191113
0.106 0.8289886816795750 -0.2834528166100681 0.3305921540383748 -0.2053200003187631 -0.1919051365020387 -0.05218685874950670
0.107 0.8293121994151580 -0.2834416045866284 0.3312630737028379 -0.2047418339771493 -0.1919461071811612 -0.05208091689224314
0.108 0.8296360839670610 -0.2834303328648854 0.3319344323353134 -0.2041607211263832 -0.1919872258540505 -0.05197493137238507
0.109 0.8299603361030859 -0.2834190012747145 0.3326055154765685 -0.2035768123002203 -0.1920283034723776 -0.05186858751796702
0.11 0.8302849565934460 -0.2834076096453725 0.3332769078330677 -0.2029894607433386 -0.1920693091002065 -0.05176232458291233
0.111 0.8306099462107720 -0.2833961578054958 0.3339482871451493 -0.2023994862601166 -0.1921104522505156 -0.05165574140033011
0.112 0.8309353057301240 -0.2833846455830958 0.3346197267424619 -0.2018061755967095 -0.1921514951283721 -0.05154910742211669
0.113 0.8312610359290010 -0.2833730728055576 0.3352920171056277 -0.2012094521547954 -0.1921927221246942 -0.05144275645640416
0.114 0.8315871375873520 -0.2833614392996364 0.3359631868674977 -0.2006102434478185 -0.1922337371765390 -0.05133561545181557
0.115 0.8319136114875840 -0.2833497448914546 0.3366354483465950 -0.2000076950200662 -0.1922750421985110 -0.05122879708737633
0.116 0.8322404584145769 -0.2833379894064987 0.3373070855451917 -0.1994022082388680 -0.1923161909106737 -0.05112153764029365
0.117 0.8325676791556900 -0.2833261726696172 0.3379784525007378 -0.1987932101984509 -0.1923570924751909 -0.05101417191186240
0.118 0.8328952745007741 -0.2833142945050165 0.3386504074424945 -0.1981810988720569 -0.1923982304120257 -0.05090688129306142
0.119 0.8332232452421821 -0.2833023547362585 0.3393227585370422 -0.1975659676306068 -0.1924395305401260 -0.05079952750003401
0.12 0.8335515921747790 -0.2832903531862581 0.3399947188816935 -0.1969476271914129 -0.1924806941231249 -0.05069191253809099
0.121 0.8338803160959530 -0.2832782896772793 0.3406660644658129 -0.1963263677825939 -0.1925217196624222 -0.05058384803270612
0.122 0.8342094178056290 -0.2832661640309322 0.3413386703285109 -0.1957015243213562 -0.1925630683082778 -0.05047625262293338
0.123 0.8345388981062720 -0.2832539760681707 0.3420102249972805 -0.1950737116854445 -0.1926041345976382 -0.05036806050221929
0.124 0.8348687578029070 -0.2832417256092894 0.3426824696417370 -0.1944422884406093 -0.1926453483883258 -0.05026015976420868
0.125 0.8351989977031240 -0.2832294124739196 0.3433544353238347 -0.1938083698588900 -0.1926867114531096 -0.05015174324246859
0.126 0.8355296186170910 -0.2832170364810267 0.3440263106653117 -0.1931706701993178 -0.1927278750102533 -0.05004338279693009
0.127 0.8358606213575640 -0.2832045974489072 0.3446980640820291 -0.1925298764709851 -0.1927690775426880 -0.04993480087031971
0.128 0.8361920067399010 -0.2831920951951860 0.3453698102940690 -0.1918856236410083 -0.1928102323389236 -0.04982617792377729
0.129 0.8365237755820700 -0.2831795295368123 0.3460416728555276 -0.1912381681176427 -0.1928514955619003 -0.04971745915192032
0.13 0.8368559287046600 -0.2831669002900572 0.3467130209173279 -0.1905877444343812 -0.1928927217782445 -0.04960836866612760
0.131 0.8371884669308950 -0.2831542072705095 0.3473845263571600 -0.1899337819168866 -0.1929339402411638 -0.04949929589809346
0.132 0.8375213910866450 -0.2831414502930741 0.3480557367156805 -0.1892768428557769 -0.1929752229097507 -0.04938989074451230
0.133 0.8378547020004360 -0.2831286291719675 0.3487274445077327 -0.1886157423617462 -0.1930164486394025 -0.04928086822210116
0.134 0.8381884005034600 -0.2831157437207144 0.3493986468098836 -0.1879523240702457 -0.1930578738543517 -0.04917120853354744
0.135 0.8385224874295900 -0.2831027937521462 0.3500697035756438 -0.1872848012088832 -0.1930990523451235 -0.04906168839926236
0.136 0.8388569636153910 -0.2830897790783953 0.3507405114815057 -0.1866145115128866 -0.1931403835264200 -0.04895177961598578
0.137 0.8391918299001310 -0.2830766995108936 0.3514113048081476 -0.1859402314120746 -0.1931815854689443 -0.04884203883280809
0.138 0.8395270871257891 -0.2830635548603683 0.3520824309804119 -0.1852628017069679 -0.1932230401821148 -0.04873221869551409
0.139 0.8398627361370760 -0.2830503449368391 0.3527524681219150 -0.1845823749205973 -0.1932642874273402 -0.04862179931439494
0.14 0.8401987777814360 -0.2830370695496144 0.3534231221252122 -0.1838979694636301 -0.1933056591495418 -0.04851172118451871
0.141 0.8405352129090670 -0.2830237285072882 0.3540934656076723 -0.1832104589863405 -0.1933470880061084 -0.04840135422957739
0.142 0.8408720423729270 -0.2830103216177365 0.3547627378733043 -0.1825195125862656 -0.1933882084257297 -0.04829056506477165
0.143 0.8412092670287490 -0.2829968486881141 0.3554327268972804 -0.1818251786662998 -0.1934293854913349 -0.04817992321223831
0.144 0.8415468877350530 -0.2829833095248509 0.3561016676389866 -0.1811276500282180 -0.1934711954301233 -0.04806894449163088
0.145 0.8418849053531570 -0.2829697039336489 0.3567712160854660 -0.1804259833450231 -0.1935122209758675 -0.04795787002447845
0.146 0.8422233207471900 -0.2829560317194780 0.3574403126782213 -0.1797212876371068 -0.1935536619208128 -0.04784674294499397
0.147 0.8425621347841040 -0.2829422926865733 0.3581091852970616 -0.1790129005641617 -0.1935949648287343 -0.04773578778906606
0.148 0.8429013483336870 -0.2829284866384310 0.3587769416318039 -0.1783009778573429 -0.1936361788674441 -0.04762438096592054
0.149 0.8432409622685760 -0.2829146133778052 0.3594452590114590 -0.1775858366961035 -0.1936776787752858 -0.04751282857275006
0.15 0.8435809774642680 -0.2829006727067039 0.3601132913370445 -0.1768667817675060 -0.1937190479528165 -0.04740133246520217
0.151 0.8439213947991310 -0.2828866644263864 0.3607807090400068 -0.1761445851687091 -0.1937606373596368 -0.04728935669308980
0.152 0.8442622151544230 -0.2828725883373583 0.3614480419803110 -0.1754185754110993 -0.1938020468199862 -0.04717745277555060
0.153 0.8446034394142991 -0.2828584442393691 0.3621148596160864 -0.1746890362911423 -0.1938434052269012 -0.04706534351084088
0.154 0.8449450684658250 -0.2828442319314078 0.3627820873656766 -0.1739558975001736 -0.1938851063853709 -0.04695316771549336
0.155 0.8452871031989920 -0.2828299512116996 0.3634472152281594 -0.1732193858573244 -0.1939261482313348 -0.04684038522821477
0.156 0.8456295445067280 -0.2828156018777022 0.3641138182385288 -0.1724792114760555 -0.1939678881394154 -0.04672806385239011
0.157 0.8459723932849120 -0.2828011837261021 0.3647791844050989 -0.1717352410925394 -0.1940092605779889 -0.04661537535027579
0.158 0.8463156504323880 -0.2827866965528104 0.3654442012892576 -0.1709876673288802 -0.1940506476436996 -0.04650258138417997
0.159 0.8466593168509740 -0.2827721401529597 0.3661092195878888 -0.1702365165073565 -0.1940921179402069 -0.04638961936090584
0.16 0.8470033934454800 -0.2827575143209001 0.3667735903892029 -0.1694816768708527 -0.1941335915926233 -0.04627658437292235
0.161 0.8473478811237189 -0.2827428188501952 0.3674374414580938 -0.1687230984101314 -0.1941750149245201 -0.04616339811883170
0.162 0.8476927807965200 -0.2827280535336185 0.3681003065863157 -0.1679612660500417 -0.1942163565737306 -0.04604975505126706
0.163 0.8480380933777441 -0.2827132181631496 0.3687630550121634 -0.1671957515536779 -0.1942578397727103 -0.04593605924441545
0.164 0.8483838197842950 -0.2826983125299702 0.3694260988111546 -0.1664255771037828 -0.1942992177758607 -0.04582281638386253
0.165 0.8487299609361340 -0.2826833364244601 0.3700879668866378 -0.1656525125281765 -0.1943406983890326 -0.04570891210456592
0.166 0.8490765177562940 -0.2826682896361935 0.3707495211747971 -0.1648757969178036 -0.1943822761390469 -0.04559488951825231
0.167 0.8494234911708930 -0.2826531719539353 0.3714105928860185 -0.1640950936347705 -0.1944237969617686 -0.04548081580879414
0.168 0.8497708821091480 -0.2826379831656363 0.3720710902246688 -0.1633104713557386 -0.1944652494868075 -0.04536665323723960
0.169 0.8501186915033870 -0.2826227230584300 0.3727314508748179 -0.1625223764666713 -0.1945069538474010 -0.04525235279069937
0.17 0.8504669202890690 -0.2826073914186289 0.3733902719013976 -0.1617304407139915 -0.1945482804854549 -0.04513762901594560
0.171 0.8508155694047910 -0.2825919880317187 0.3740488593377306 -0.1609346827076409 -0.1945897071250817 -0.04502287949004835
0.172 0.8511646397923049 -0.2825765126823567 0.3747069349097378 -0.1601351732614727 -0.1946311021009929 -0.04490809003788842
0.173 0.8515141323965340 -0.2825609651543657 0.3753642031952624 -0.1593319349543831 -0.1946725167639453 -0.04479295125647028
0.174 0.8518640481655840 -0.2825453452307312 0.3760220806982757 -0.1585245640405216 -0.1947143311540120 -0.04467814314076148
0.175 0.8522143880507600 -0.2825296526935963 0.3766784438730006 -0.1577137412441528 -0.1947559019398096 -0.04456276812864441
0.176 0.8525651530065800 -0.2825138873242586 0.3773339186810942 -0.1568986534392898 -0.1947972661521770 -0.04444734383130935
0.177 0.8529163439907870 -0.2824980489031645 0.3779888848159870 -0.1560799808313311 -0.1948387977904784 -0.04433170286451554
0.178 0.8532679619643700 -0.2824821372099071 0.3786434548751453 -0.1552572040253173 -0.1948803451589680 -0.04421607616398832
0.179 0.8536200078915710 -0.2824661520232198 0.3792971984465589 -0.1544308873213682 -0.1949219463992951 -0.04410012242276922
0.18 0.8539724827399080 -0.2824500931209735 0.3799497943011975 -0.1536006316568647 -0.1949633506205131 -0.04398389978903815
0.181 0.8543253874801801 -0.2824339602801719 0.3806025149022105 -0.1527661305660005 -0.1950050428987350 -0.04386800781892691
0.182 0.8546787230864950 -0.2824177532769468 0.3812538755659338 -0.1519278080676679 -0.1950464788096855 -0.04375163697831243
0.183 0.8550324905362700 -0.2824014718865546 0.3819051574334019 -0.1510857579096792 -0.1950882662520307 -0.04363523209398213
0.184 0.8553866908102610 -0.2823851158833711 0.3825547979897432 -0.1502399093559934 -0.1951297228412604 -0.04351835416047840
0.185 0.8557413248925670 -0.2823686850408879 0.3832046595410200 -0.1493895399647696 -0.1951714280892008 -0.04340180761742220
0.186 0.8560963937706501 -0.2823521791317065 0.3838532155450534 -0.1485351987279171 -0.1952129474592187 -0.04328495336808446
0.187 0.8564518984353530 -0.2823355979275367 0.3845004891041401 -0.1476773181311510 -0.1952543879382650 -0.04316764938827808
0.188 0.8568078398809100 -0.2823189411991885 0.3851477584664504 -0.1468152004041714 -0.1952961142253143 -0.04305055327296008
0.189 0.8571642191049650 -0.2823022087165708 0.3857939587614027 -0.1459490671059650 -0.1953377346825738 -0.04293319099715760
0.19 0.8575210371085870 -0.2822854002486848 0.3864392587407322 -0.1450788732548103 -0.1953793372819498 -0.04281568394962047
0.191 0.8578782948962880 -0.2822685155636204 0.3870833264192624 -0.1442047580825933 -0.1954208266390300 -0.04269788167751373
0.192 0.8582359934760340 -0.2822515544285516 0.3877269695197683 -0.1433265968078918 -0.1954626048716196 -0.04258008600408152
0.193 0.8585941338592650 -0.2822345166097314 0.3883699690720512 -0.1424438580052411 -0.1955042571758191 -0.04246240551568894
0.194 0.8589527170609110 -0.2822174018724877 0.3890105761434176 -0.1415579508094096 -0.1955455590067415 -0.04234376924139244
0.195 0.8593117440994060 -0.2822002099812181 0.3896518871639174 -0.1406671824859161 -0.1955873379097609 -0.04222571680078646
0.196 0.8596712159967060 -0.2821829406993862 0.3902918561669606 -0.1397727002833408 -0.1956290631107238 -0.04210724276762870
0.197 0.8600311337783030 -0.2821655937895152 0.3909304329158308 -0.1388737827996357 -0.1956705324702788 -0.04198863657607163
0.198 0.8603914984732480 -0.2821481690131848 0.3915682801680261 -0.1379711837163252 -0.1957121965276032 -0.04186979971409772
0.199 0.8607523111141580 -0.2821306661310259 0.3922046104980628 -0.1370641101407240 -0.1957536038811740 -0.04175077122433236
0.2 0.8611135727372400 -0.2821130849027148 0.3928406216200409 -0.1361528819451716 -0.1957953125080185 -0.04163175612854694
0.201 0.8614752843823060 -0.2820954250869704 0.3934750762401026 -0.1352378025828688 -0.1958368822701017 -0.04151232387820018
0.202 0.8618374470927890 -0.2820776864415471 0.3941094499860640 -0.1343178671258775 -0.1958786736218998 -0.04139323691699124
0.203 0.8622000619157580 -0.2820598687232316 0.3947416994237430 -0.1333945788431059 -0.1959202658253764 -0.04127339695566008
0.204 0.8625631299019410 -0.2820419716878368 0.3953732364401759 -0.1324666018871361 -0.1959619123264498 -0.04115364738292970
0.205 0.8629266521057360 -0.2820239950901977 0.3960033911787023 -0.1315343580691362 -0.1960035274741813 -0.04103370956098314
0.206 0.8632906295852310 -0.2820059386841660 0.3966328348485166 -0.1305979734887896 -0.1960452394788124 -0.04091367242304373
0.207 0.8636550634022230 -0.2819878022226053 0.3972606970508235 -0.1296574695541969 -0.1960868379739843 -0.04079364622783490
0.208 0.8640199546222330 -0.2819695854573852 0.3978877404933989 -0.1287125292279286 -0.1961285255598279 -0.04067330304092605
0.209 0.8643853043145240 -0.2819512881393779 0.3985133812290112 -0.1277629999493879 -0.1961700748330616 -0.04055282264402760
0.21 0.8647511135521170 -0.2819329100184508 0.3991376669324187 -0.1268099141534980 -0.1962117179607936 -0.04043189412148430
0.211 0.8651173834118150 -0.2819144508434640 0.3997606716961687 -0.1258520887421691 -0.1962532482104220 -0.04031099279834681
0.212 0.8654841149742140 -0.2818959103622628 0.4003828496061467 -0.1248901113763179 -0.1962949906467455 -0.04018994748312291
0.213 0.8658513093237250 -0.2818772883216734 0.4010041680739586 -0.1239232080346536 -0.1963367665609732 -0.04006909065322441
0.214 0.8662189675485890 -0.2818585844674983 0.4016234185720485 -0.1229529603829785 -0.1963785243741882 -0.03994744488978182
0.215 0.8665870907408990 -0.2818397985445099 0.4022416979628197 -0.1219775132912158 -0.1964201746464518 -0.03982609181289461
0.216 0.8669556799966160 -0.2818209302964457 0.4028581136174626 -0.1209982092680635 -0.1964616893559140 -0.03970423582375615
0.217 0.8673247364155880 -0.2818019794660028 0.4034735096930620 -0.1200143457549103 -0.1965031562596088 -0.03958240212621945
0.218 0.8676942611015690 -0.2817829457948330 0.4040873589146726 -0.1190259964180743 -0.1965446711731570 -0.03946036268761773
0.219 0.8680642551622350 -0.2817638290235369 0.4047008975165982 -0.1180331700215751 -0.1965866504038844 -0.03933843296266396
0.22 0.8684347197092080 -0.2817446288916581 0.4053121734803829 -0.1170362489139798 -0.1966282805478725 -0.03921583003539714
0.221 0.8688056558580700 -0.2817253451376788 0.4059216598627271 -0.1160349185191007 -0.1966700355799364 -0.03909310015538637
0.222 0.8691770647283830 -0.2817059774990131 0.4065302614415213 -0.1150289025450886 -0.1967114102416290 -0.03897060239523983
0.223 0.8695489474437120 -0.2816865257120025 0.4071368184819643 -0.1140184963741464 -0.1967531023012625 -0.03884760157372626
0.224 0.8699213051316390 -0.2816669895119092 0.4077424233718276 -0.1130035900640809 -0.1967948281336741 -0.03872462147841749
0.225 0.8702941389237850 -0.2816473686329117 0.4083465868199792 -0.1119841730679504 -0.1968365786983144 -0.03860151018731423
0.226 0.8706674499558300 -0.2816276628080979 0.4089486082457978 -0.1109602937465976 -0.1968780709794173 -0.03847808364439104
0.227 0.8710412393675300 -0.2816078717694601 0.4095499323458570 -0.1099320899666649 -0.1969199780376981 -0.03835459463717109
0.228 0.8714155083027409 -0.2815879952478895 0.4101493591850153 -0.1088988113290984 -0.1969616272228969 -0.03823110293877067
0.229 0.8717902579094340 -0.2815680329731700 0.4107463724588685 -0.1078615348054859 -0.1970030554204477 -0.03810704441697514
0.23 0.8721654893397180 -0.2815479846739721 0.4113429724435991 -0.1068194948234805 -0.1970449332934011 -0.03798316034978957
0.231 0.8725412037498590 -0.2815278500778475 0.4119368117217951 -0.1057730328332877 -0.1970863954394129 -0.03785881758221883
0.232 0.8729174023003020 -0.2815076289112235 0.4125300249571665 -0.1047217468546978 -0.1971282377295446 -0.03773462402408125
0.233 0.8732940861556890 -0.2814873208993963 0.4131207221024941 -0.1036661002252870 -0.1971697655216647 -0.03760999166057509
0.234 0.8736712564848790 -0.2814669257665254 0.4137105668189196 -0.1026057304699511 -0.1972116420828534 -0.03748542003397443
0.235 0.8740489144609730 -0.2814464432356278 0.4142975705524802 -0.1015406977424133 -0.1972530585102297 -0.03736047563592423
0.236 0.8744270612613280 -0.2814258730285720 0.4148832968040353 -0.1004715012025611 -0.1972947561052410 -0.03723525231040508
0.237 0.8748056980675850 -0.2814052148660710 0.4154675428944462 -0.09939710168107920 -0.1973364695515663 -0.03711017180977398
0.238 0.8751848260656830 -0.2813844684676774 0.4160496763369778 -0.09831821129747720 -0.1973780875826785 -0.03698477687199654
0.239 0.8755644464458870 -0.2813636335517767 0.4166303987960100 -0.09723450130235210 -0.1974198528267421 -0.03685934712366741
0.24 0.8759445604028030 -0.2813427098355810 0.4172086347764449 -0.09614662532999970 -0.1974614589403691 -0.03673341990447650
0.241 0.8763251691354030 -0.2813216970351226 0.4177853549520690 -0.09505375751999230 -0.1975031501861222 -0.03660752256322575
0.242 0.8767062738470470 -0.2813005948652485 0.4183604686517052 -0.09395570962673330 -0.1975448866798556 -0.03648170746507957
0.243 0.8770878757455010 -0.2812794030396133 0.4189330810127513 -0.09285378218773201 -0.1975865440646537 -0.03635524276546918
0.244 0.8774699760429620 -0.2812581212706729 0.4195038014427547 -0.09174669452084310 -0.1976281317687232 -0.03622881457531477
0.245 0.8778525759560790 -0.2812367492696783 0.4200725807740052 -0.09063500306824510 -0.1976697670156192 -0.03610215102313769
0.246 0.8782356767059760 -0.2812152867466697 0.4206395202968667 -0.08951844941167060 -0.1977114566084811 -0.03597538395915560
0.247 0.8786192795182710 -0.2811937334104686 0.4212039993652231 -0.08839717249299960 -0.1977529635111406 -0.03584835144983781
0.248 0.8790033856231010 -0.2811720889686726 0.4217666560483296 -0.08727119193595000 -0.1977945829297467 -0.03572116704771877
0.249 0.8793879962551450 -0.2811503531276482 0.4223275556508929 -0.08614055916206630 -0.1978363676937480 -0.03559378359037662
0.25 0.8797731126536440 -0.2811285255925245 0.4228862046179923 -0.08500480476207810 -0.1978780307766303 -0.03546634191124210
0.251 0.8801587360624260 -0.2811066060671856 0.4234430399252275 -0.08386400152192580 -0.1979197973454591 -0.03533887235736891
0.252 0.8805448677299280 -0.2810845942542657 0.4239973024263988 -0.08271878946251120 -0.1979614588329072 -0.03521097072017036
0.253 0.8809315089092180 -0.2810624898551404 0.4245493230717314 -0.08156868572491760 -0.1980030722609240 -0.03508291658323783
0.254 0.8813186608580220 -0.2810402925699210 0.4250988688015996 -0.08041364484846330 -0.1980445619419236 -0.03495466450931946
0.255 0.8817063248387400 -0.2810180020974478 0.4256464878790521 -0.07925406282658222 -0.1980862449381947 -0.03482613371207415
0.256 0.8820945021184790 -0.2809956181352821 0.4261910683265943 -0.07808943354966075 -0.1981275601214769 -0.03469738338167098
0.257 0.8824831939690680 -0.2809731403797007 0.4267353024659798 -0.07691955305749949 -0.1981696622078424 -0.03456892521365305
0.258 0.8828724016670860 -0.2809505685256877 0.4272756531908141 -0.07574526659426503 -0.1982110156925719 -0.03443991493213552
0.259 0.8832621264938860 -0.2809279022669282 0.4278139810312064 -0.07456583281040087 -0.1982526233776125 -0.03431078976452145
0.26 0.8836523697356190 -0.2809051412958008 0.4283499848603783 -0.07338131469929160 -0.1982942319312738 -0.03418152959604339
0.261 0.8840431326832540 -0.2808822853033710 0.4288833955784491 -0.07219234565383418 -0.1983358272549429 -0.03405187063523932
0.262 0.8844344166326110 -0.2808593339793835 0.4294145323834192 -0.07099804227035444 -0.1983774020815771 -0.03392220681327988
0.263 0.8848262228843760 -0.2808362870122552 0.4299435118296474 -0.06979876799941200 -0.1984191381101164 -0.03379242062704899
0.264 0.8852185527441320 -0.2808131440890677 0.4304700915908316 -0.06859467853698746 -0.1984609369450493 -0.03366238844885912
0.265 0.8856114075223810 -0.2807899048955606 0.4309935140654996 -0.06738552204430436 -0.1985024426853845 -0.03353211200663158
0.266 0.8860047885345710 -0.2807665691161235 0.4315147322091332 -0.06617160202640136 -0.1985441295995747 -0.03340160411564379
0.267 0.8863986971011200 -0.2807431364337888 0.4320329786231301 -0.06495215101218004 -0.1985855785072393 -0.03327107741765949
0.268 0.8867931345474390 -0.2807196065302241 0.4325492066205367 -0.06372807859705577 -0.1986273269723389 -0.03314027399991016
0.269 0.8871881022039630 -0.2806959790857250 0.4330622239068010 -0.06249894262402622 -0.1986688209460037 -0.03300922222672247
0.27 0.8875836014061710 -0.2806722537792075 0.4335735547891336 -0.06126468423584354 -0.1987107303373012 -0.03287814791884856
0.271 0.8879796334946150 -0.2806484302881999 0.4340803651160499 -0.06002562562355207 -0.1987518726608698 -0.03274652745264264
0.272 0.8883761998149460 -0.2806245082888353 0.4345859937110338 -0.05878132587001510 -0.1987936666968624 -0.03261499537849687
0.273 0.8887733017179390 -0.2806004874558448 0.4350883998887744 -0.05753197992602614 -0.1988352611289394 -0.03248320746707385
0.274 0.8891709405595180 -0.2805763674625482 0.4355878282674563 -0.05627736410632088 -0.1988767400595291 -0.03235127511296418
0.275 0.8895691177007859 -0.2805521479808473 0.4360852967582789 -0.05501773469690805 -0.1989186075245101 -0.03221923165974912
0.276 0.8899678345080489 -0.2805278286812174 0.4365792888465132 -0.05375285914878996 -0.1989601819534641 -0.03208697398155404
0.277 0.8903670923528439 -0.2805034092326999 0.4370700813930720 -0.05248314462600357 -0.1990016514739965 -0.03195435802675932
0.278 0.8907668926119660 -0.2804788893028936 0.4375582047930644 -0.05120820428359418 -0.1990432124823115 -0.03182162884123130
0.279 0.8911672366674920 -0.2804542685579471 0.4380431477478793 -0.04992810320993163 -0.1990846670455756 -0.03168868344864619
0.28 0.8915681259068160 -0.2804295466625513 0.4385253336659507 -0.04864295059107585 -0.1991262272234193 -0.03155552497741147
0.281 0.8919695617226659 -0.2804047232799300 0.4390046845100139 -0.04735238416915633 -0.1991678319490113 -0.03142229746115558
0.282 0.8923715455131420 -0.2803797980718321 0.4394811215014444 -0.04605679752390618 -0.1992095120903122 -0.03128882477563227
0.283 0.8927740786817370 -0.2803547706985242 0.4399539347963321 -0.04475602042036811 -0.1992509174518360 -0.03115510409801683
0.284 0.8931771626373670 -0.2803296408187808 0.4404242995605031 -0.04344985153906251 -0.1992926139461373 -0.03102133481763371
0.285 0.8935807987944010 -0.2803044080898775 0.4408911070926368 -0.04213872435896536 -0.1993341559614115 -0.03088722205731199
0.286 0.8939849885726870 -0.2802790721675809 0.4413543722469411 -0.04082256753805764 -0.1993755526061664 -0.03075277920032333
0.287 0.8943897333975820 -0.2802536327061416 0.4418145748900662 -0.03950101827944519 -0.1994169919293325 -0.03061823241813966
0.288 0.8947950346999790 -0.2802280893582848 0.4422721514660957 -0.03817405651824210 -0.1994586816723067 -0.03048362678286695
0.289 0.8952008939163409 -0.2802024417752017 0.4427257262823528 -0.03684189974275696 -0.1995000533963629 -0.03034872811442414
0.29 0.8956073124887221 -0.2801766896065411 0.4431765673912093 -0.03550446133726342 -0.1995416807402639 -0.03021370278678587
0.291 0.8960142918648040 -0.2801508325004005 0.4436238088163508 -0.03416174815123205 -0.1995831832729191 -0.03007844465184237
0.292 0.8964218334979250 -0.2801248701033176 0.4440681590222455 -0.03281400664941925 -0.1996249314736754 -0.02994292763981451
0.293 0.8968299388471030 -0.2800988020602604 0.4445081664186769 -0.03146078708621396 -0.1996662366445961 -0.02980720024796798
0.294 0.8972386093770740 -0.2800726280146202 0.4449450432550462 -0.03010240313082488 -0.1997077031804783 -0.02967124447106550
0.295 0.8976478465583180 -0.2800463476082003 0.4453785070819094 -0.02873841040979296 -0.1997491700912336 -0.02953523034544496
0.296 0.8980576518670880 -0.2800199604812089 0.4458083853250585 -0.02736954084333605 -0.1997906454727318 -0.02939880728929177
0.297 0.8984680267854450 -0.2799934662722486 0.4462353262209540 -0.02599467311866310 -0.1998323298578988 -0.02926253526899803
0.298 0.8988789728012840 -0.2799668646183083 0.4466574107677182 -0.02461527082945543 -0.1998735256055920 -0.02912559131700230
0.299 0.8992904914083710 -0.2799401551547533 0.4470767176303800 -0.02323000485376090 -0.1999150497449009 -0.02898874901244437
0.3 0.8997025841063661 -0.2799133375153159 0.4474918253705639 -0.02183952862630635 -0.1999563518185332 -0.02885159111503414
0.301 0.9001152524008620 -0.2798864113320864 0.4479041256747107 -0.02044344890200474 -0.1999980269933375 -0.02871441310883669
0.302 0.9005284978034120 -0.2798593762355038 0.4483114107084001 -0.01904242839808894 -0.2000391690287579 -0.02857672286660837
0.303 0.9009423218315650 -0.2798322318543454 0.4487161432736560 -0.01763569159884086 -0.2000808035029374 -0.02843909719353187
0.304 0.9013567260088911 -0.2798049778157188 0.4491161466402033 -0.01622382590207977 -0.2001220701077580 -0.02830105517092080
0.305 0.9017717118650230 -0.2797776137450501 0.4495124680783832 -0.01480625176013034 -0.2001633931777450 -0.02816295932887217
0.306 0.9021872809356790 -0.2797501392660764 0.4499058172125683 -0.01338337461535895 -0.2002051295592098 -0.02802467834292909
0.307 0.9026034347627050 -0.2797225540008342 0.4502937193397970 -0.01195527559971368 -0.2002462002857386 -0.02788598560294984
0.308 0.9030201748940980 -0.2796948575696509 0.4506786376223274 -0.01052178203246634 -0.2002877126574813 -0.02774714508774061
0.309 0.9034375028840490 -0.2796670495911342 0.4510591865553678 -0.009082408771720780 -0.2003290313468836 -0.02760827019799341
0.31 0.9038554202929669 -0.2796391296821619 0.4514355486483636 -0.007637968743794271 -0.2003703132358340 -0.02746900321393835
0.311 0.9042739286875180 -0.2796110974578724 0.4518079116939018 -0.006188145018719727 -0.2004116366944016 -0.02732950231351825
0.312 0.9046930296406620 -0.2795829525316545 0.4521760756880776 -0.004732821979590712 -0.2004529190216434 -0.02718980887516645
0.313 0.9051127247316760 -0.2795546945151367 0.4525402029108640 -0.003272028608111516 -0.2004942654579963 -0.02704991591583549
0.314 0.9055330155462010 -0.2795263230181773 0.4529004256472518 -0.001805542521881448 -0.2005357194468290 -0.02690991627455036
0.315 0.9059539036762680 -0.2794978376488537 0.4532560675946987 -0.0003336877803201410 -0.2005770424935737 -0.02676964107364823
0.316 0.9063753907203350 -0.2794692380134528 0.4536072039990031 0.001143617725208879 -0.2006182624549274 -0.02662912296553576
0.317 0.9067974782833250 -0.2794405237164597 0.4539546092393718 0.002626595845987595 -0.2006597394933018 -0.02648850140137166
0.318 0.9072201679766571 -0.2794116943605469 0.4542967716743014 0.004114675403457002 -0.2007008548384230 -0.02634744016596329
0.319 0.9076434614182830 -0.2793827495465646 0.4546348862308554 0.005608696112959278 -0.2007421040093784 -0.02620637692411771
0.32 0.9080673602327241 -0.2793536888735289 0.4549684412520271 0.007107833824799847 -0.2007833322509678 -0.02606491819223693
0.321 0.9084918660511080 -0.2793245119386122 0.4552975833865903 0.008612616048939930 -0.2008245811743612 -0.02592329964799020
0.322 0.9089169805112020 -0.2792952183371311 0.4556223526168063 0.01012307503067064 -0.2008658984469201 -0.02578153950670325
0.323 0.9093427052574510 -0.2792658076625360 0.4559418229515710 0.01163901091372768 -0.2009068976964840 -0.02563949877174620
0.324 0.9097690419410160 -0.2792362795064000 0.4562575726527109 0.01316059972086103 -0.2009482795282453 -0.02549733597341927
0.325 0.9101959922198080 -0.2792066334584080 0.4565680369733515 0.01468751968668291 -0.2009894239124942 -0.02535483142076694
0.326 0.9106235577585260 -0.2791768691063445 0.4568737270765660 0.01622003147738224 -0.2010305282288805 -0.02521211602124077
0.327 0.9110517402286969 -0.2791469860360843 0.4571749587345170 0.01775815338832756 -0.2010717639001940 -0.02506921381012022
0.328 0.9114805413087110 -0.2791169838315782 0.4574712913594876 0.01930190149719419 -0.2011129572353426 -0.02492611478848088
0.329 0.9119099626838590 -0.2790868620748447 0.4577621025355673 0.02085096656454399 -0.2011538583714680 -0.02478266020487459
0.33 0.9123400060463760 -0.2790566203459559 0.4580491206308348 0.02240587074598280 -0.2011952330692337 -0.02463913721435342
0.331 0.9127706730954710 -0.2790262582230272 0.4583306986198950 0.02396615011912939 -0.2012363999256741 -0.02449528164470339
0.332 0.9132019655373740 -0.2789957752822055 0.4586068163065667 0.02553200967452280 -0.2012773537002447 -0.02435118878966581
0.333 0.9136338850853700 -0.2789651710976568 0.4588780428610915 0.02710345790779914 -0.2013183645563608 -0.02420687638862298
0.334 0.9140664334598410 -0.2789344452415548 0.4591448686170743 0.02868090855535288 -0.2013596634261716 -0.02406253671297247
0.335 0.9144996123883060 -0.2789035972840686 0.4594056262973573 0.03026334879090059 -0.2014005552208270 -0.02391768055356763
0.336 0.9149334236054580 -0.2788726267933513 0.4596617143990262 0.03185191971849402 -0.2014416616219440 -0.02377284501461903
0.337 0.9153678688532060 -0.2788415333355268 0.4599123542258746 0.03344581763319204 -0.2014826713205795 -0.02362765007720973
0.338 0.9158029498807170 -0.2788103164746781 0.4601579586206282 0.03504539421431035 -0.2015237753916471 -0.02348226495502436
0.339 0.9162386684444550 -0.2787789757728355 0.4603978637855065 0.03665054528968961 -0.2015647127391508 -0.02333663124830393
0.34 0.9166750263082200 -0.2787475107899625 0.4606325050912473 0.03826115916186770 -0.2016056965611948 -0.02319070377795673
0.341 0.9171120252431970 -0.2787159210839456 0.4608615729551441 0.03987763314814488 -0.2016466046559409 -0.02304464444416821
0.342 0.9175496670279860 -0.2786842062105797 0.4610852667849954 0.04149950943816355 -0.2016875455411298 -0.02289826454983652
0.343 0.9179879534486560 -0.2786523657235560 0.4613035490700218 0.04312719875331733 -0.2017285247189634 -0.02275173431285758
0.344 0.9184268862987800 -0.2786203991744500 0.4615164114038743 0.04476055944391197 -0.2017695661610238 -0.02260500254642996
0.345 0.9188664673794770 -0.2785883061127073 0.4617232212614939 0.04639929454798461 -0.2018104215146526 -0.02245791760269922
0.346 0.9193066984994600 -0.2785560860856311 0.4619244123131195 0.04804404677318674 -0.2018512868877489 -0.02231076409987448
0.347 0.9197475814750750 -0.2785237386383701 0.4621196599144879 0.04969393938789987 -0.2018920493342184 -0.02216315990896860
0.348 0.9201891181303480 -0.2784912633139025 0.4623097637059034 0.05134967545931843 -0.2019330794005334 -0.02201541149601029
0.349 0.9206313102970231 -0.2784586596530271 0.4624935630479555 0.05301109359129496 -0.2019738894354786 -0.02186745280477110
0.35 0.9210741598146130 -0.2784259271943450 0.4626716631926574 0.05467807346732220 -0.2020147755371268 -0.02171921949574334
0.351 0.9215176685304400 -0.2783930654742501 0.4628433704658896 0.05635075385013461 -0.2020554559590534 -0.02157078896594527
0.352 0.9219618382996820 -0.2783600740269127 0.4630093470453259 0.05802874140584974 -0.2020962272408342 -0.02142196622728949
0.353 0.9224066709854150 -0.2783269523842676 0.4631698036211620 0.05971304221101534 -0.2021372263400844 -0.02127319487420377
0.354 0.9228521684586620 -0.2782937000759993 0.4633235580635530 0.06140227286857527 -0.2021779353859020 -0.02112388485674663
0.355 0.9232983325984390 -0.2782603166295287 0.4634713915964567 0.06309763589940454 -0.2022187470497647 -0.02097453923599028
0.356 0.9237451652917960 -0.2782268015699984 0.4636125071376124 0.06479841132417894 -0.2022593179924513 -0.02082487683357799
0.357 0.9241926684338690 -0.2781931544202587 0.4637479672256096 0.06650473067600959 -0.2023001392778597 -0.02067491186465303
0.358 0.9246408439279230 -0.2781593747008544 0.4638767997949271 0.06821703326518208 -0.2023408107144478 -0.02052486613566104
0.359 0.9250896936854029 -0.2781254619300089 0.4639989994535335 0.06993439573075422 -0.2023813463157385 -0.02037432659327630
0.36 0.9255392196259770 -0.2780914156236105 0.4641149595966977 0.07165801174581987 -0.2024219628171025 -0.02022381251849663
0.361 0.9259894236775870 -0.2780572352951980 0.4642245636925161 0.07338684194602394 -0.2024626081900222 -0.02007287039734870
0.362 0.9264403077764960 -0.2780229204559457 0.4643276273729840 0.07512154418673220 -0.2025032483726078 -0.01992179654330366
0.363 0.9268918738673350 -0.2779884706146484 0.4644245804584807 0.07686171873629227 -0.2025440738841320 -0.01977040771872164
0.364 0.9273441239031550 -0.2779538852777073 0.4645140087200758 0.07860744312895046 -0.2025845028234478 -0.01961873934075034
0.365 0.9277970598454740 -0.2779191639491137 0.4645971083594612 0.08035911564647780 -0.2026250960710807 -0.01946695791608820
0.366 0.9282506836643279 -0.2778843061304351 0.4646729713223257 0.08211594471137590 -0.2026654481843869 -0.01931474583070246
0.367 0.9287049973383180 -0.2778493113207996 0.4647426977928352 0.08387867547273960 -0.2027061003039695 -0.01916237687675623
0.368 0.9291600028546660 -0.2778141790168793 0.4648049998255384 0.08564696119362030 -0.2027464981003178 -0.01900976504720314
0.369 0.9296157022092570 -0.2777789087128768 0.4648608048435523 0.08742072057473030 -0.2027870627579413 -0.01885681863207642
0.37 0.9300720974067000 -0.2777434999005081 0.4649093075589066 0.08920036376531350 -0.2028274968378681 -0.01870376091378538
0.371 0.9305291904603720 -0.2777079520689875 0.4649504150991284 0.09098527373522530 -0.2028677547466816 -0.01855031233728989
0.372 0.9309869833924730 -0.2776722647050113 0.4649853417255975 0.09277606061381060 -0.2029084063484027 -0.01839670411864988
0.373 0.9314454782340770 -0.2776364372927423 0.4650120018297618 0.09457219501044330 -0.2029485675280311 -0.01824278239491614
0.374 0.9319046770251880 -0.2776004693137935 0.4650316816805983 0.09637397830328110 -0.2029888248199208 -0.01808862687141802
0.375 0.9323645818147850 -0.2775643602472115 0.4650450196033154 0.09818135251850700 -0.2030294732585381 -0.01793417359676418
0.376 0.9328251946608870 -0.2775281095694604 0.4650502669982482 0.09999439645981560 -0.2030697970716120 -0.01777953967890349
0.377 0.9332865176305940 -0.2774917167544056 0.4650479631269178 0.1018126599758168 -0.2031100339509942 -0.01762452072933010
0.378 0.9337485528001530 -0.2774551812732965 0.4650381197722949 0.1036368880974691 -0.2031502462100219 -0.01746941069272052
0.379 0.9342113022550040 -0.2774185025947502 0.4650212519972177 0.1054666450598703 -0.2031906654047772 -0.01731401067416935
0.38 0.9346747680898400 -0.2773816801847347 0.4649963064714597 0.1073016632057428 -0.2032308467511022 -0.01715825347897368
0.381 0.9351389524086580 -0.2773447135065510 0.4649634951421820 0.1091421412441987 -0.2032709255853461 -0.01700221988344542
0.382 0.9356038573248220 -0.2773076020208174 0.4649232566815929 0.1109884166122552 -0.2033111343377894 -0.01684602734635162
0.383 0.9360694849611100 -0.2772703451854510 0.4648753016940285 0.1128400701424737 -0.2033513462589268 -0.01668950576092798
0.384 0.9365358374497790 -0.2772329424556505 0.4648191078502010 0.1146970649019691 -0.2033913692202968 -0.01653268038396495
0.385 0.9370029169326159 -0.2771953932838786 0.4647550618828945 0.1165597768290059 -0.2034314188380860 -0.01637568143312991
0.386 0.9374707255610020 -0.2771576971198447 0.4646833440439638 0.1184281488749518 -0.2034715970340912 -0.01621846260093201
0.387 0.9379392654959610 -0.2771198534104867 0.4646032097351219 0.1203016595371765 -0.2035115830143178 -0.01606086230919595
0.388 0.9384085389082290 -0.2770818615999528 0.4645153131802628 0.1221808545739899 -0.2035517111401041 -0.01590306723759882
0.389 0.9388785479783029 -0.2770437211295840 0.4644189545321080 0.1240651829188838 -0.2035916840409522 -0.01574489026507849
0.39 0.9393492948965090 -0.2770054314378946 0.4643148787860982 0.1259556164026916 -0.2036319060977078 -0.01558667265645690
0.391 0.9398207818630540 -0.2769669919605554 0.4642014209038185 0.1278504283105242 -0.2036715895193857 -0.01542784308856033
0.392 0.9402930110880920 -0.2769284021303734 0.4640801210173419 0.1297514357545591 -0.2037115334649701 -0.01526902175008621
0.393 0.9407659847917850 -0.2768896613772744 0.4639503969046700 0.1316574184487091 -0.2037514409406241 -0.01510974663705385
0.394 0.9412397052043560 -0.2768507691282833 0.4638123295023593 0.1335690965706143 -0.2037914257995958 -0.01495031199347066
0.395 0.9417141745661630 -0.2768117248075055 0.4636653656081131 0.1354861433234257 -0.2038312616140394 -0.01479062800196265
0.396 0.9421893951277510 -0.2767725278361070 0.4635094387408363 0.1374081396580443 -0.2038709117581113 -0.01463052676165499
0.397 0.9426653691499191 -0.2767331776322961 0.4633453416008592 0.1393360340926339 -0.2039108203486034 -0.01447032840058471
0.398 0.9431420989037840 -0.2766936736113029 0.4631726532723403 0.1412689543292391 -0.2039507654116757 -0.01430970953002478
0.399 0.9436195866708420 -0.2766540151853604 0.4629900534349018 0.1432069582322563 -0.2039902380543787 -0.01414881435905407
0.4 0.9440978347430320 -0.2766142017636838 0.4627998954943634 0.1451506701418930 -0.2040302925190098 -0.01398767998447392
0.401 0.9445768454228050 -0.2765742327524513 0.4625993036739536 0.1470994334489255 -0.2040697148746146 -0.01382630895554721
0.402 0.9450566210231830 -0.2765341075547834 0.4623907746773154 0.1490537721859664 -0.2041096128560555 -0.01366467113144124
0.403 0.9455371638678310 -0.2764938255707228 0.4621721574491065 0.1510129338672894 -0.2041490610149488 -0.01350267457793792
0.404 0.9460184762911160 -0.2764533861972139 0.4619441226501038 0.1529772458380393 -0.2041883969110100 -0.01334038750810515
0.405 0.9465005606381790 -0.2764127888280818 0.4617079340856836 0.1549473474454350 -0.2042282353196374 -0.01317793084727068
0.406 0.9469834192650020 -0.2763720328540124 0.4614618669587200 0.1569223340314253 -0.2042678069420797 -0.01301511896099723
0.407 0.9474670545384730 -0.2763311176625298 0.4612063784841290 0.1589022383299468 -0.2043073351125881 -0.01285191837531929
0.408 0.9479514688364550 -0.2762900426379766 0.4609411854182406 0.1608874357516602 -0.2043467766804888 -0.01268850976194259
0.409 0.9484366645478560 -0.2762488071614919 0.4606660232541964 0.1628775099290718 -0.2043860098995690 -0.01252475569871809
0.41 0.9489226440726990 -0.2762074106109896 0.4603819682314690 0.1648733924412906 -0.2044256039052956 -0.01236090727583466
0.411 0.9494094098221880 -0.2761658523611371 0.4600874975439934 0.1668738229470616 -0.2044648402728587 -0.01219663370603712
0.412 0.9498969642187830 -0.2761241317833332 0.4597839149754219 0.1688797272347242 -0.2045043783428698 -0.01203215010814013
0.413 0.9503853096962680 -0.2760822482456855 0.4594701684508935 0.1708904559380695 -0.2045437512250910 -0.01186731879405259
0.414 0.9508744486998250 -0.2760402011129893 0.4591460283079314 0.1729058110466425 -0.2045828794163096 -0.01170209318447527
0.415 0.9513643836861020 -0.2759979897467042 0.4588122676263458 0.1749262764765733 -0.2046221582356363 -0.01153656385326163
0.416 0.9518551171232920 -0.2759556135049313 0.4584684739135001 0.1769521283350172 -0.2046614947851541 -0.01137090011517256
0.417 0.9523466514912000 -0.2759130717423913 0.4581141955579255 0.1789826422458754 -0.2047006513698125 -0.01120486756597254
0.418 0.9528389892813210 -0.2758703638104010 0.4577492680349497 0.1810180137591408 -0.2047396204281253 -0.01103856434981937
0.419 0.9533321329969110 -0.2758274890568496 0.4573746717906713 0.1830584278620822 -0.2047788512780890 -0.01087193338930013
0.42 0.9538260851530680 -0.2757844468261760 0.4569890670119935 0.1851035334483804 -0.2048177960981904 -0.01070501328028874
0.421 0.9543208482768010 -0.2757412364593446 0.4565934271752110 0.1871535596091078 -0.2048569095371981 -0.01053776518580257
0.422 0.9548164249071091 -0.2756978572938221 0.4561867718796159 0.1892085286274474 -0.2048958388016180 -0.01037032580988025
0.423 0.9553128175950590 -0.2756543086635530 0.4557702442714444 0.1912684044664239 -0.2049350637438478 -0.01020252327861495
0.424 0.9558100289038640 -0.2756105898989355 0.4553424522176567 0.1933324991079390 -0.2049739781733655 -0.01003428305946903
0.425 0.9563080614089570 -0.2755667003267970 0.4549039782170680 0.1954017420381285 -0.2050129893014154 -0.009865926485539281
0.426 0.9568069176980740 -0.2755226392703700 0.4544541978550550 0.1974757348747180 -0.2050517933519009 -0.009697350594641000
0.427 0.9573066003713330 -0.2754784060492659 0.4539938175354328 0.1995540099473824 -0.2050906311035224 -0.009528253065086515
0.428 0.9578071120413110 -0.2754339999794520 0.4535219689066707 0.2016369667955856 -0.2051292696032154 -0.009358895908831599
0.429 0.9583084553331280 -0.2753894203732240 0.4530391381050293 0.2037247047131180 -0.2051679603195877 -0.009189157981439105
0.43 0.9588106328845289 -0.2753446665391823 0.4525446573458049 0.2058164557958321 -0.2052067007654149 -0.009019159151143983
0.431 0.9593136473459600 -0.2752997377822051 0.4520398256467404 0.2079137704522727 -0.2052455614816940 -0.008849003451212914
0.432 0.9598175013806600 -0.2752546334034232 0.4515226842456484 0.2100147463335119 -0.2052840274692514 -0.008678384004779145
0.433 0.9603221976647370 -0.2752093527001934 0.4509947402266335 0.2121203588917548 -0.2053227437202405 -0.008507412469994792
0.434 0.9608277388872540 -0.2751638949660724 0.4504544556939027 0.2142301923874550 -0.2053610979865216 -0.008336179141891834
0.435 0.9613341277503180 -0.2751182594907901 0.4499030944289396 0.2163448119356371 -0.2053996996518774 -0.008164689087345718
0.436 0.9618413669691570 -0.2750724455602223 0.4493401331120684 0.2184635853823856 -0.2054382823219414 -0.007992791692162137
0.437 0.9623494592722150 -0.2750264524563645 0.4487651493523987 0.2205870059672626 -0.2054768077110480 -0.007820736669224018
0.438 0.9628584074012350 -0.2749802794573042 0.4481779459282772 0.2227142826789895 -0.2055151426331674 -0.007648269240503305
0.439 0.9633682141113450 -0.2749339258371928 0.4475788519944213 0.2248456848879203 -0.2055534250816168 -0.007475424848146605
0.44 0.9638788821711500 -0.2748873908662184 0.4469677003815947 0.2269813799211408 -0.2055916936500389 -0.007302296127433560
0.441 0.9643904143628190 -0.2748406738105783 0.4463448174551364 0.2291212761303330 -0.2056300918524794 -0.007128787204503605
0.442 0.9649028134821750 -0.2747937739324491 0.4457088057402604 0.2312649744080710 -0.2056680711720907 -0.006954999597724696
0.443 0.9654160823387860 -0.2747466904899598 0.4450614894155585 0.2334136549820877 -0.2057065645297833 -0.006781048597266350
0.444 0.9659302237560560 -0.2746994227371620 0.4444008470084428 0.2355653993029958 -0.2057445055484739 -0.006606583338923705
0.445 0.9664452405713200 -0.2746519699240015 0.4437284072327444 0.2377213384289417 -0.2057827135016415 -0.006431746984372098
0.446 0.9669611356359300 -0.2746043312962887 0.4430430557411647 0.2398816176121329 -0.2058208711380070 -0.006256780530222587
0.447 0.9674779118153580 -0.2745565060956690 0.4423448229759926 0.2420453065108034 -0.2058588021219187 -0.006081359906014396
0.448 0.9679955719892830 -0.2745084935595928 0.4416339049708191 0.2442128242837982 -0.2058967253100931 -0.005905592153982134
0.449 0.9685141190516880 -0.2744602929212864 0.4409099470666472 0.2463840073809447 -0.2059345199340927 -0.005729486053581822
0.45 0.9690335559109610 -0.2744119034097202 0.4401738138438416 0.2485595362210114 -0.2059726728508155 -0.005553119805820750
0.451 0.9695538854899850 -0.2743633242495795 0.4394235612528973 0.2507377058737967 -0.2060101947674773 -0.005376246972608848
0.452 0.9700751107262400 -0.2743145546612327 0.4386611335763123 0.2529203997032136 -0.2060481912415292 -0.005199176838706738
0.453 0.9705972345718999 -0.2742655938607001 0.4378848918612209 0.2551070226977027 -0.2060860032709789 -0.005022006814968682
0.454 0.9711202599939340 -0.2742164410596235 0.4370953082906325 0.2572961846513277 -0.2061235716724193 -0.004844148470171007
0.455 0.9716441899742050 -0.2741670954652328 0.4362923084139158 0.2594889635776803 -0.2061611390979460 -0.004665990206303919
0.456 0.9721690275095700 -0.2741175562803159 0.4354765817220058 0.2616858053669151 -0.2061990443092379 -0.004487577441994572
0.457 0.9726947756119850 -0.2740678227031848 0.4346464002590796 0.2638856032714363 -0.2062365207997929 -0.004308854372523244
0.458 0.9732214373086070 -0.2740178939276440 0.4338026418214847 0.2660885991478850 -0.2062739665731050 -0.004129728529344144
0.459 0.9737490156418950 -0.2739677691429574 0.4329451468074205 0.2682948457211072 -0.2063113827176145 -0.003950247977859075
0.46 0.9742775136697180 -0.2739174475338141 0.4320741263748337 0.2705046689901338 -0.2063489532584995 -0.003770485703097449
0.461 0.9748069344654610 -0.2738669282802971 0.4311880598416195 0.2727169148418102 -0.2063859551502235 -0.003590353489774645
0.462 0.9753372811181270 -0.2738162105578479 0.4302888992686777 0.2749327942886471 -0.2064233590730306 -0.003409868762376040
0.463 0.9758685567324500 -0.2737652935372321 0.4293749131452208 0.2771512418155767 -0.2064603928100379 -0.003229020192279164
0.464 0.9764007644290000 -0.2737141763845062 0.4284471340181597 0.2793735043231700 -0.2064977251169560 -0.003048025599045075
0.465 0.9769339073442920 -0.2736628582609826 0.4275052082980483 0.2815973266775107 -0.2065347965054257 -0.002866149600723844
0.466 0.9774679886308990 -0.2736113383231938 0.4265481203419705 0.2838245758754392 -0.2065716979039177 -0.002684315671276615
0.467 0.9780030114575600 -0.2735596157228579 0.4255767784697880 0.2860549300906332 -0.2066087196266850 -0.002502185004047885
0.468 0.9785389790092960 -0.2735076896068430 0.4245910670952997 0.2882875774893101 -0.2066456951955815 -0.002319505575920199
0.469 0.9790758944875200 -0.2734555591171299 0.4235901134746404 0.2905230693123108 -0.2066824998449033 -0.002136658437197551
0.47 0.9796137611101520 -0.2734032233907773 0.4225752721898472 0.2927608067295660 -0.2067194940008419 -0.001953139892666373
0.471 0.9801525821117339 -0.2733506815598842 0.4215457882727253 0.2950017792536337 -0.2067567024743372 -0.001769447962773414
0.472 0.9806923607435480 -0.2732979327515541 0.4204998880850750 0.2972438660553006 -0.2067930989004290 -0.001585280056498044
0.473 0.9812331002737310 -0.2732449760878556 0.4194406641412969 0.2994903891951603 -0.2068305191143068 -0.001401026202389629
0.474 0.9817748039873940 -0.2731918106857863 0.4183627312110072 0.3017364394546722 -0.2068661029950598 -0.001216321005037614
0.475 0.9823174751867420 -0.2731384356572347 0.4172716714241218 0.3039863111998176 -0.2069027270142124 -0.001031276632393721
0.476 0.9828611171911950 -0.2730848501089411 0.4161630063690564 0.3062377403881102 -0.2069384578940053 -0.0008461700299919472
0.477 0.9834057333375060 -0.2730310531424588 0.4150460055705762 0.3084906014027307 -0.2069763063971691 -0.0006588398726140725
0.478 0.9839513269798880 -0.2729770438541165 0.4139103927706296 0.3107484532719842 -0.2070138509046301 -0.0004728106678817627
0.479 0.9844979014901351 -0.2729228213349765 0.4127536528971037 0.3130060165119524 -0.2070490916396729 -0.0002870139215461613
0.48 0.9850454602577460 -0.2728683846707966 0.4115836955078700 0.3152624002417000 -0.2070843811926691 -0.00009927350967792364
0.481 0.9855940066900550 -0.2728137329419892 0.4103984903798263 0.3175270326469319 -0.2071214203080252 0.00008692432889892132
0.482 0.9861435442123530 -0.2727588652235808 0.4091971275429108 0.3197883929060149 -0.2071571520058568 0.0002750163436315491
0.483 0.9866940762680200 -0.2727037805851710 0.4079801544626547 0.3220554735347032 -0.2071940142196508 0.0004623051736846149
0.484 0.9872456063186510 -0.2726484780908910 0.4067474622985526 0.3243187157651287 -0.2072296644112239 0.0006517503634454582
0.485 0.9877981378441880 -0.2725929567993621 0.4054969623681774 0.3265849456853330 -0.2072651825562384 0.0008406997704060345
0.486 0.9883516743430560 -0.2725372157636537 0.4042300009707677 0.3288524698486203 -0.2073006267113550 0.001030012732952876
0.487 0.9889062193322870 -0.2724812540312398 0.4029479526888582 0.3311237458721019 -0.2073370975685634 0.001219273837163612
0.488 0.9894617763476600 -0.2724250706439571 0.4016487528198570 0.3333941250777252 -0.2073728279790985 0.001409418445849519
0.489 0.9900183489438370 -0.2723686646379609 0.4003321145354173 0.3356653730520117 -0.2074082335277264 0.001599820093644253
0.49 0.9905759406944949 -0.2723120350436822 0.3989992182275649 0.3379388475051043 -0.2074440946935933 0.001790337581754868
0.491 0.9911345551924690 -0.2722551808857820 0.3976493812636285 0.3402124175500164 -0.2074796967515050 0.001981468253843336
0.492 0.9916941960498870 -0.2721981011831083 0.3962823147774039 0.3424854197632902 -0.2075148330788104 0.002173325668868728
0.493 0.9922548668983100 -0.2721407949486499 0.3948979446064431 0.3447607245688795 -0.2075502931409932 0.002365025581297236
0.494 0.9928165713888800 -0.2720832611894915 0.3934966830168119 0.3470362562008809 -0.2075857019275519 0.002557302678759422
0.495 0.9933793131924540 -0.2720254989067674 0.3920781637886432 0.3493117748479850 -0.2076209507715218 0.002750132232566007
0.496 0.9939430959997539 -0.2719675070956155 0.3906420132269605 0.3515877155387215 -0.2076561045453897 0.002943286147719666
0.497 0.9945079235215120 -0.2719092847451298 0.3891884652157986 0.3538640566369947 -0.2076912957982868 0.003136832763006752
0.498 0.9950737994886140 -0.2718508308383143 0.3877170976418393 0.3561405792227021 -0.2077263688408212 0.003330690613554811
0.499 0.9956407276522530 -0.2717921443520339 0.3862279829513410 0.3584168816727881 -0.2077613132009173 0.003525030165842223
0.5 0.9962087117840740 -0.2717332242569672 0.3847210731858034 0.3606937219716195 -0.2077963784696425 0.003719612014798161
0.501 0.9967777556763270 -0.2716740695175572 0.3831959597715096 0.3629693155668343 -0.2078310178897745 0.003914826203693025
0.502 0.9973478631420210 -0.2716146790919626 0.3816530434247345 0.3652454788535710 -0.2078658914204269 0.004110280999878169
0.503 0.9979190380150750 -0.2715550519320079 0.3800916639599038 0.3675207324832407 -0.2079004883731801 0.004306184465643181
0.504 0.9984912841504749 -0.2714951869831335 0.3785125355107084 0.3697956510526888 -0.2079352153554064 0.004502591188511870
0.505 0.9990646054244320 -0.2714350831843447 0.3769145378572655 0.3720699237289393 -0.2079697377467605 0.004699262969377967
0.506 0.9996390057345360 -0.2713747394681610 0.3752980034090454 0.3743431710004776 -0.2080041008680432 0.004896400715435286
0.507 1.000214488999921 -0.2713141547605646 0.3736633545799715 0.3766159364293998 -0.2080386340835782 0.005093973824180256
0.508 1.000791059161423 -0.2712533279809473 0.3720097610207882 0.3788872817562860 -0.2080729079439461 0.005292002405769615
0.509 1.001368720181745 -0.2711922580420593 0.3703371422674100 0.3811575259355115 -0.2081070554233694 0.005490370568165616
0.51 1.001947476045619 -0.2711309438499550 0.3686459353855577 0.3834265640103214 -0.2081412235500784 0.005689234304617179
0.511 1.002527330759972 -0.2710693843039395 0.3669355445908247 0.3856945675146605 -0.2081753696477453 0.005888374021249579
0.512 1.003108288354097 -0.2710075782965151 0.3652060752128507 0.3879605836850677 -0.2082093068617940 0.006088067182818564
0.513 1.003690352879818 -0.2709455247133250 0.3634573781484699 0.3902251314832409 -0.2082432149072896 0.006288135193000687
0.514 1.004273528411663 -0.2708832224330999 0.3616893826994620 0.3924879663556709 -0.2082770663691191 0.006488619833815910
0.515 1.004857819047035 -0.2708206703276004 0.3599020156138482 0.3947489667025208 -0.2083108593013788 0.006689533565959092
0.516 1.005443228906389 -0.2707578672615619 0.3580949677206036 0.3970075105943928 -0.2083444245613668 0.006890929335919318
0.517 1.006029762133402 -0.2706948120926367 0.3562683623368434 0.3992643517614458 -0.2083780682651783 0.007092660336358967
0.518 1.006617422895159 -0.2706315036713370 0.3544219816721013 0.4015185360719766 -0.2084115171132867 0.007294894759711650
0.519 1.007206215382320 -0.2705679408409765 0.3525557445470237 0.4037704001349196 -0.2084449202384777 0.007497526441974492
0.52 1.007796143809315 -0.2705041224376114 0.3506696008047753 0.4060195570500406 -0.2084782163915013 0.007700629768198512
0.521 1.008387212414516 -0.2704400472899819 0.3487634225529563 0.4082663151150337 -0.2085115385422762 0.007904093332853799
0.522 1.008979425460425 -0.2703757142194516 0.3468370602396594 0.4105099207334185 -0.2085446879898511 0.008108049237778474
0.523 1.009572787233859 -0.2703111220399465 0.3448904330629194 0.4127504027359542 -0.2085777209775205 0.008312465902683971
0.524 1.010167302046142 -0.2702462695578951 0.3429235405106550 0.4149878899251590 -0.2086107471702904 0.008517309395766398
0.525 1.010762974233290 -0.2701811555721657 0.3409359338619630 0.4172217555361132 -0.2086435421474525 0.008722587268172632
0.526 1.011359808156204 -0.2701157788740045 0.3389279030038032 0.4194523308608198 -0.2086763458494944 0.008928307917736791
0.527 1.011957808200867 -0.2700501382469717 0.3368992997166331 0.4216792306268754 -0.2087090735400242 0.009134514934866207
0.528 1.012556978778533 -0.2699842324668785 0.3348498178034875 0.4239023688669958 -0.2087416970309523 0.009341126717729967
0.529 1.013157324325932 -0.2699180603017235 0.3327793549736136 0.4261213570498969 -0.2087741490066174 0.009548201875285278
0.53 1.013758849305461 -0.2698516205116255 0.3306880280082690 0.4283363854333880 -0.2088065765748637 0.009755733245438582
0.531 1.014361558205395 -0.2697849118487595 0.3285756009309530 0.4305471407840348 -0.2088389241337165 0.009963706989555357
0.532 1.014965455540080 -0.2697179330572902 0.3264419907000366 0.4327532670034299 -0.2088711232064324 0.01017217433466443
0.533 1.015570545850149 -0.2696506828733043 0.3242871342182692 0.4349549252444125 -0.2089032907960730 0.01038107959483864
0.534 1.016176833702719 -0.2695831600247435 0.3221107821190903 0.4371517429233075 -0.2089353216145021 0.01059042131117763
0.535 1.016784323691608 -0.2695153632313346 0.3199130207265207 0.4393435271349674 -0.2089672508282283 0.01080026613090312
0.536 1.017393020437545 -0.2694472912045223 0.3176936071159269 0.4415301481531048 -0.2089990627807312 0.01101055698420029
0.537 1.018002928588381 -0.2693789426473977 0.3154525562798682 0.4437115634502378 -0.2090308242893964 0.01122130596559600
0.538 1.018614052819307 -0.2693103162546282 0.3131897399191075 0.4458875187273851 -0.2090625019147642 0.01143252572574738
0.539 1.019226397833073 -0.2692414107123867 0.3109050173265536 0.4480575689169076 -0.2090940009692126 0.01164425640397456
0.54 1.019839968360206 -0.2691722246982780 0.3085983256456352 0.4502219325316607 -0.2091254607042850 0.01185642630080313
0.541 1.020454769159233 -0.2691027568812676 0.3062695609521575 0.4523801012256441 -0.2091567736630226 0.01206910776726910
0.542 1.021070805016908 -0.2690330059216064 0.3039185304100445 0.4545320765027932 -0.2091879785761638 0.01228222201179737
0.543 1.021688080748436 -0.2689629704707577 0.3015452517966825 0.4566777100911855 -0.2092191167278208 0.01249581333761520
0.544 1.022306601197704 -0.2688926491713209 0.2991496731151144 0.4588167074537686 -0.2092501442865550 0.01270991258168111
0.545 1.022926371237512 -0.2688220406569562 0.2967315887655864 0.4609487716151420 -0.2092810343252567 0.01292450579796680
0.546 1.023547395769808 -0.2687511435523069 0.2942909479688090 0.4630739458266060 -0.2093118601322334 0.01313956290095427
0.547 1.024169679725922 -0.2686799564729227 0.2918276207282613 0.4651918382483568 -0.2093425481868917 0.01335510581748273
0.548 1.024793228066808 -0.2686084780251801 0.2893415468509968 0.4673023204513873 -0.2093731317342762 0.01357114629620942
0.549 1.025418045783286 -0.2685367068062040 0.2868326488131687 0.4694052437878394 -0.2094036305989508 0.01378767536412975
0.55 1.026044137896280 -0.2684646414037870 0.2843008156864128 0.4715002674492935 -0.2094339950243685 0.01400470892027710
0.551 1.026671509457071 -0.2683922803963088 0.2817459245458208 0.4735872689124643 -0.2094642500753096 0.01422222898380788
0.552 1.027300165547541 -0.2683196223526530 0.2791679524428551 0.4756659386226270 -0.2094943899150219 0.01444026036430227
0.553 1.027930111280429 -0.2682466658321259 0.2765667421495840 0.4777362295445366 -0.2095244217414306 0.01465878252884947
0.554 1.028561351799580 -0.2681734093843718 0.2739422342625396 0.4797978235219506 -0.2095543361385716 0.01487781149947165
0.555 1.029193892280208 -0.2680998515492885 0.2712943414357097 0.4818505035917327 -0.2095841299047926 0.01509735132110521
0.556 1.029827737929147 -0.2680259908569417 0.2686229903521915 0.4838940618164228 -0.2096138129958851 0.01531740296551640
0.557 1.030462893985123 -0.2679518258274785 0.2659280434799922 0.4859282760355111 -0.2096433908593857 0.01553792557011148
0.558 1.031099365719011 -0.2678773549710404 0.2632095403504673 0.4879528816598812 -0.2096728497389382 0.01575901933967126
0.559 1.031737158434107 -0.2678025767876741 0.2604672061799974 0.4899677020866619 -0.2097021709612903 0.01598059414932985
0.56 1.032376277466396 -0.2677274897672425 0.2577011001391847 0.4919724087946023 -0.2097313317752148 0.01620271574541249
0.561 1.033016728184828 -0.2676520923893347 0.2549111032060670 0.4939669238666031 -0.2097604612452130 0.01642533721449345
0.562 1.033658515991592 -0.2675763831231739 0.2520970987870566 0.4959508872886026 -0.2097894365841134 0.01664846235626097
0.563 1.034301646322398 -0.2675003604275256 0.2492590796995701 0.4979240683114733 -0.2098182558524873 0.01687214936514068
0.564 1.034946124646754 -0.2674240227506039 0.2463968844683952 0.4998862737462581 -0.2098469548057048 0.01709634545332003
0.565 1.035591956468256 -0.2673473685299772 0.2435104899807201 0.5018372188159123 -0.2098755339376449 0.01732108024084059
0.566 1.036239147324878 -0.2672703961924727 0.2405997955320867 0.5037766438956331 -0.2099039754993613 0.01754634768581994
0.567 1.036887702789254 -0.2671931041540795 0.2376647054676692 0.5057043450424741 -0.2099323106792236 0.01777208887877586
0.568 1.037537628468985 -0.2671154908198518 0.2347052164593586 0.5076200332561113 -0.2099605252626688 0.01799843595313166
0.569 1.038188930006926 -0.2670375545838089 0.2317212079107208 0.5095234056719137 -0.2099885754793849 0.01822532159313569
0.57 1.038841613081493 -0.2669592938288369 0.2287125767869792 0.5114143149493148 -0.2100165074158130 0.01845273067316286
0.571 1.039495683406964 -0.2668807069265863 0.2256793175564043 0.5132923780910522 -0.2100443019558819 0.01868065902846072
0.572 1.040151146733788 -0.2668017922373708 0.2226213336487697 0.5151574032451198 -0.2100719611745919 0.01890917618397283
0.573 1.040808008848897 -0.2667225481100635 0.2195385527063225 0.5170090863874459 -0.2100994821354736 0.01913825646176309
0.574 1.041466275576017 -0.2666429728819928 0.2164309216688801 0.5188471956203982 -0.2101268743433018 0.01936787837308965
0.575 1.042125952775988 -0.2665630648788370 0.2132983371452454 0.5206713846872292 -0.2101541030912139 0.01959799247090584
0.576 1.042787046347083 -0.2664828224145166 0.2101408033016855 0.5224814094768902 -0.2101812042546899 0.01982873439452787
0.577 1.043449562225334 -0.2664022437910874 0.2069581786965792 0.5242770049620954 -0.2102081614673632 0.02006002141765444
0.578 1.044113506384861 -0.2663213272986304 0.2037504871609544 0.5260578737761778 -0.2102349983282819 0.02029189086181688
0.579 1.044778884838202 -0.2662400712151411 0.2005176153299227 0.5278237300428960 -0.2102616412956548 0.02052425387386655
0.58 1.045445703636647 -0.2661584738064189 0.1972595235660954 0.5295742924117039 -0.2102881787551397 0.02075724553209885
0.581 1.046113968870583 -0.2660765333259525 0.1939761809170116 0.5313092468968227 -0.2103145651132517 0.02099081854423922
0.582 1.046783686669829 -0.2659942480148069 0.1906674835095783 0.5330282977033177 -0.2103408032715226 0.02122496078651641
0.583 1.047454863203989 -0.2659116161015064 0.1873334177479756 0.5347311332008056 -0.2103668245112296 0.02145962640521801
0.584 1.048127504682799 -0.2658286358019183 0.1839739383825169 0.5364174466575759 -0.2103927507235397 0.02169492667546178
0.585 1.048801617356484 -0.2657453053191347 0.1805890029269295 0.5380869883195687 -0.2104194801701110 0.02193119947195893
0.586 1.049477207516114 -0.2656616228433520 0.1771785435654109 0.5397393735070187 -0.2104439526279427 0.02216810281834289
0.587 1.050154281493968 -0.2655775865517499 0.1737425207877794 0.5413743374668140 -0.2104687651665131 0.02240432146717476
0.588 1.050832845663898 -0.2654931946083694 0.1702809208916334 0.5429915348757878 -0.2104942053391994 0.02264155966125935
0.589 1.051512906441706 -0.2654084451639875 0.1667936951772064 0.5445906705193389 -0.2105193639699159 0.02287980120012254
0.59 1.052194470285511 -0.2653233363559932 0.1632807962297877 0.5461713873369414 -0.2105445511159276 0.02311845507600090
0.591 1.052877543696132 -0.2652378663082593 0.1597422106688835 0.5477333956218921 -0.2105697181191833 0.02335777529080023
0.592 1.053562133217473 -0.2651520331310144 0.1561779052792031 0.5492763063783857 -0.2105942815656376 0.02359794172932603
0.593 1.054248245436908 -0.2650658349207130 0.1525878447020110 0.5507998860335066 -0.2106188098746014 0.02383859072834463
0.594 1.054935886985673 -0.2649792697599036 0.1489719664683040 0.5523036949986107 -0.2106433371731132 0.02407998553984315
0.595 1.055625064539265 -0.2648923357170952 0.1453303260894202 0.5537874247862704 -0.2106675182708941 0.02432186045300607
0.596 1.056315784817842 -0.2648050308466244 0.1416628631888789 0.5552507597663282 -0.2106916719971467 0.02456471794273708
0.597 1.057008054586628 -0.2647173531885167 0.1379695599233286 0.5566933199251034 -0.2107155163093454 0.02480782498728249
0.598 1.057701880656325 -0.2646293007683498 0.1342504103549592 0.5581147920153819 -0.2107392442776842 0.02505182493747769
0.599 1.058397269883528 -0.2645408715971144 0.1305053731607949 0.5595147587567385 -0.2107626674162435 0.02529616043997545
0.6 1.059094229171144 -0.2644520636710715 0.1267345115871378 0.5608929265825980 -0.2107859747292343 0.02554109166954344
0.601 1.059792765468818 -0.2643628749716108 0.1229377167395507 0.5622488874727449 -0.2108090047776440 0.02578686085552348
0.602 1.060492885773362 -0.2642733034651052 0.1191150889392158 0.5635823055899316 -0.2108319428847510 0.02603316020548611
0.603 1.061194597129192 -0.2641833471027642 0.1152665747658524 0.5648927863641156 -0.2108550401246504 0.02628025793697715
0.604 1.061897906628764 -0.2640930038204865 0.1113921840063954 0.5661799784445039 -0.2108775832061286 0.02652760040031860
0.605 1.062602821413026 -0.2640022715387088 0.1074919346468956 0.5674434877309825 -0.2109000117539025 0.02677577137392874
0.606 1.063309348671859 -0.2639111481622546 0.1035658355146821 0.5686829630788295 -0.2109222362309249 0.02702452462626523
0.607 1.064017495644542 -0.2638196315801804 0.09961389832152990 0.5698979877073297 -0.2109442950873832 0.02727399729722593
0.608 1.064727269620205 -0.2637277196656199 0.09563612051449860 0.5710881924071169 -0.2109661713177693 0.02752412398181461
0.609 1.065438677938302 -0.2636354102756260 0.09163255470435750 0.5722531985213583 -0.2109878529440753 0.02777491010072728
0.61 1.066151727989080 -0.2635427012510121 0.08760320402186300 0.5733925891612428 -0.2110093438586764 0.02802634609258899
0.611 1.066866427214058 -0.2634495904161906 0.08354812528866360 0.5745059763662798 -0.2110306412178132 0.02827845641435075
0.612 1.067582783106507 -0.2633560755790080 0.07946732842255679 0.5755929606546063 -0.2110517463670172 0.02853123056581192
0.613 1.068300803211944 -0.2632621545305813 0.07536083971566601 0.5766531327304546 -0.2110726561031453 0.02878467729090956
0.614 1.069020495128623 -0.2631678250451288 0.07122871408356590 0.5776860876883674 -0.2110933651569706 0.02903878876395298
0.615 1.069741866508041 -0.2630730848798017 0.06707101494447818 0.5786913895512154 -0.2111138649666263 0.02929358732161549
0.616 1.070464925055437 -0.2629779317745117 0.06288776283293737 0.5796686631935797 -0.2111341712133078 0.02954906120223913
0.617 1.071189678530315 -0.2628823634517564 0.05867903229697678 0.5806174721704829 -0.2111542669295891 0.02980523434124399
0.618 1.071916134746955 -0.2627863776164451 0.05444486009499951 0.5815373677127845 -0.2111741620024061 0.03006208642389246
0.619 1.072644301574942 -0.2626899719557176 0.05018531789347282 0.5824279717033225 -0.2111938614006001 0.03031963177963877
0.62 1.073374186939700 -0.2625931441387661 0.04590046165109529 0.5832887899369007 -0.2112133198031091 0.03057786929484503
0.621 1.074105798823029 -0.2624958918166512 0.04159039228314332 0.5841194576255477 -0.2112325831380691 0.03083680411340153
0.622 1.074839145263646 -0.2623982126221164 0.03725514775544925 0.5849194921443822 -0.2112516360838328 0.03109644690195323
0.623 1.075574234357745 -0.2623001041694011 0.03289481988222634 0.5856884550424899 -0.2112704706885510 0.03135678259261231
0.624 1.076311074259549 -0.2622015640540503 0.02850952389582459 0.5864259099526961 -0.2112890838974492 0.03161784203513772
0.625 1.077049673181880 -0.2621025898527225 0.02409931344618546 0.5871313766999959 -0.2113074682912163 0.03187961678833538
0.626 1.077790039396725 -0.2620031791229942 0.01966429646785514 0.5878044648366336 -0.2113256484144893 0.03214210890403373
0.627 1.078532181235826 -0.2619033294031623 0.01520457007570269 0.5884446467604407 -0.2113435886538151 0.03240531794079896
0.628 1.079276107091257 -0.2618030382120458 0.01072025553856060 0.5890515186351695 -0.2113613088207259 0.03266926233333564
0.629 1.080021825416023 -0.2617023030487811 0.006211452026354869 0.5896245990345590 -0.2113788074397522 0.03293393484485817
0.63 1.080769344724660 -0.2616011213926185 0.001678266842292886 0.5901633780621492 -0.2113960593928518 0.03319933305789104
0.631 1.081518673593847 -0.2614994907027129 -0.002879158270760573 0.5906674378830278 -0.2114130827086417 0.03346547650647927
0.632 1.082269820663017 -0.2613974084179147 -0.007460703072099173 0.5911362862324454 -0.2114298713828818 0.03373235996274745
0.633 1.083022794634988 -0.2612948719565557 -0.01206624619559910 0.5915694387966132 -0.2114464266241880 0.03399998493246714
0.634 1.083777604276591 -0.2611918787162328 -0.01669561910761308 0.5919664118287328 -0.2114627434041322 0.03426836644242879
0.635 1.084534258419313 -0.2610884260735892 -0.02134870081736811 0.5923267120834526 -0.2114788113188763 0.03453749645841141
0.636 1.085292765959943 -0.2609845113840934 -0.02602532769040295 0.5926498462760199 -0.2114946330065526 0.03480738128952927
0.637 1.086053135861232 -0.2608801319818132 -0.03072533589758256 0.5929353570031378 -0.2115102168239620 0.03507803592253610
0.638 1.086815377152554 -0.2607752851791885 -0.03544858075864338 0.5931827152369085 -0.2115255498464594 0.03534944753023195
0.639 1.087579498930586 -0.2606699682668010 -0.04019486456582627 0.5933913937943732 -0.2115406161957378 0.03562163775714236
0.64 1.088345510359983 -0.2605641785131394 -0.04496402963061732 0.5935609618303371 -0.2115554488660759 0.03589460310824128
0.641 1.089113420674075 -0.2604579131643632 -0.04975587621327723 0.5936908151575935 -0.2115700029232205 0.03616834366113365
0.642 1.089883239175564 -0.2603511694440624 -0.05457021424585546 0.5937805431392420 -0.2115843120730503 0.03644288320937542
0.643 1.090654975237234 -0.2602439445530139 -0.05940686083794777 0.5938295535859325 -0.2115983591290783 0.03671819876337528
0.644 1.091428638302669 -0.2601362356689348 -0.06426559168637826 0.5938373599135780 -0.2116121433104864 0.03699429815053779
0.645 1.092204237886983 -0.2600280399462331 -0.06914618707594339 0.5938034283595844 -0.2116256547962306 0.03727120389390438
0.646 1.092981783577553 -0.2599193545157539 -0.07404845029234409 0.5937272401502243 -0.2116389027881477 0.03754890554928039
0.647 1.093761285034768 -0.2598101764845221 -0.07897213113880916 0.5936082660838382 -0.2116518840295414 0.03782742712275691
0.648 1.094542751992788 -0.2597005029354833 -0.08391700195279750 0.5934459577753479 -0.2116645814515651 0.03810674681641951
0.649 1.095326194260307 -0.2595903309272387 -0.08888281785952670 0.5932398032183048 -0.2116770062110477 0.03838688227084106
0.65 1.096111621721330 -0.2594796574937790 -0.09386933933064940 0.5929892360389041 -0.2116891451540092 0.03866783273017236
0.651 1.096899044335962 -0.2593684796442119 -0.09887626902461739 0.5926937341162040 -0.2117010071567234 0.03894961280601333
0.652 1.097688472141204 -0.2592567943624882 -0.1039033598875052 0.5923527460439088 -0.2117125817594030 0.03923222405470866
0.653 1.098479915251763 -0.2591445986071231 -0.1089503609499906 0.5919657256796567 -0.2117238740193702 0.03951567545587528
0.654 1.099273383860867 -0.2590318893109131 -0.1140169360367943 0.5915321018018430 -0.2117348658055465 0.03979995643742079
0.655 1.100068888241098 -0.2589186633806507 -0.1191028206670069 0.5910513248537878 -0.2117455615573189 0.04008507849576764
0.656 1.100866438745234 -0.2588049176968324 -0.1242076988856425 0.5905228674937487 -0.2117559678914687 0.04037105529772148
0.657 1.101666045807095 -0.2586906491133660 -0.1293312673666703 0.5899461323081132 -0.2117660762619133 0.04065788111535390
0.658 1.102467719942415 -0.2585758544572706 -0.1344732015522681 0.5893205755205598 -0.2117758836329375 0.04094556595637838
0.659 1.103271471749711 -0.2584605305283752 -0.1396331657995651 0.5886456151810537 -0.2117853814993577 0.04123411291176322
0.66 1.104077311911174 -0.2583446740990104 -0.1448108184925012 0.5879206943703217 -0.2117945737293972 0.04152353163424390
0.661 1.104885251193565 -0.2582282819136977 -0.1500058106466307 0.5871452141083986 -0.2118034495629198 0.04181382206807303
0.662 1.105695300449132 -0.2581113506888340 -0.1552177739488000 0.5863186264735116 -0.2118120150876454 0.04210499313964061
0.663 1.106507470616528 -0.2579938771123710 -0.1604463501729471 0.5854403364518697 -0.2118202603212109 0.04239704684715382
0.664 1.107321772721753 -0.2578758578434906 -0.1656911559923594 0.5845097757274477 -0.2118281843129296 0.04268999171966310
0.665 1.108138217879100 -0.2577572895122753 -0.1709517934353561 0.5835263691176071 -0.2118357917428422 0.04298383115112592
0.666 1.108956817292120 -0.2576381687193738 -0.1762278605515160 0.5824895097808775 -0.2118430691096876 0.04327857007179348
0.667 1.109777582254598 -0.2575184920356632 -0.1815189509740994 0.5813986149582281 -0.2118500138461569 0.04357421534280506
0.668 1.110600524151540 -0.2573982560019041 -0.1868246287912813 0.5802531036817379 -0.2118566279120721 0.04387077687300980
0.669 1.111425654460183 -0.2572774571283925 -0.1921444661027792 0.5790523604538755 -0.2118628972858936 0.04416824950484413
0.67 1.112252984751006 -0.2571560918946053 -0.1974780275149582 0.5777958288883742 -0.2118688359307651 0.04446664630536687
0.671 1.113082526688764 -0.2570341567488418 -0.2028248149709811 0.5764828879503816 -0.2118744266702132 0.04476597861209659
0.672 1.113914292033535 -0.2569116481078601 -0.2081844105326632 0.5751129367059135 -0.2118796657744648 0.04506623545585991
0.673 1.114748292641784 -0.2567885623565065 -0.2135563075398105 0.5736853765682923 -0.2118845550609531 0.04536743307937426
0.674 1.115584540467430 -0.2566648958473412 -0.2189400229916311 0.5721996352987559 -0.2118891000284382 0.04566957691379098
0.675 1.116423047562950 -0.2565406449002580 -0.2243350252956549 0.5706550600319718 -0.2118932756280400 0.04597267095857049
0.676 1.117263826080475 -0.2564158058020980 -0.2297408132096642 0.5690510910174762 -0.2118970944307909 0.04627672722624249
0.677 1.118106888272918 -0.2562903748062578 -0.2351568769440303 0.5673871217460036 -0.2119013551570870 0.04658142109404381
0.678 1.118952246495113 -0.2561643481322931 -0.2405826353429780 0.5656625140502607 -0.2119032910012069 0.04688823031055259
0.679 1.119799913204969 -0.2560377219655132 -0.2460175234751279 0.5638766733198432 -0.2119058265523240 0.04719463087205035
0.68 1.120649900964639 -0.2559104924565736 -0.2514610362439472 0.5620289986464300 -0.2119082862755442 0.04750234729531014
0.681 1.121502222441716 -0.2557826557210590 -0.2569125365166930 0.5601188983216410 -0.2119105272296025 0.04781111310407694
0.682 1.122356890410432 -0.2556542078390625 -0.2623714349090707 0.5581457216278491 -0.2119120968808368 0.04812103345191223
0.683 1.123213917752885 -0.2555251448547569 -0.2678371156996517 0.5561088781461319 -0.2119132750174947 0.04843195582269169
0.684 1.124073317460277 -0.2553954627759603 -0.2733089630787878 0.5540077877994708 -0.2119143472340616 0.04874398561143565
0.685 1.124935102634180 -0.2552651575736947 -0.2787863453224757 0.5518417814025569 -0.2119147407735206 0.04905692479338034
0.686 1.125799286487806 -0.2551342251817386 -0.2842685934904697 0.5496103113726294 -0.2119147450337860 0.04937088980440205
0.687 1.126665882347311 -0.2550026614961717 -0.2897550455458645 0.5473127328541002 -0.2119144502254333 0.04968599932324540
0.688 1.127534903653105 -0.2548704623749139 -0.2952450012586577 0.5449484495292952 -0.2119136366986950 0.05000203301737589
0.689 1.128406363961191 -0.2547376236372560 -0.3007377970995496 0.5425168276053549 -0.2119124565953995 0.05031922585361748
0.69 1.129280276944520 -0.2546041410633841 -0.3062326819808733 0.5400172819794003 -0.2119108114906779 0.05063733686169353
0.691 1.130156656394364 -0.2544700103938965 -0.3117289366625380 0.5374492123496037 -0.2119087409706313 0.05095650991854707
0.692 1.131035516221715 -0.2543352273293124 -0.3172258298832253 0.5348120135647142 -0.2119062435738325 0.05127686807088615
0.693 1.131916870458701 -0.2541997875295740 -0.3227226006847158 0.5321050754108771 -0.2119033337755439 0.05159815870714716
0.694 1.132800733260025 -0.2540636866135409 -0.3282184275686669 0.5293277771822414 -0.2118999659968489 0.05192053527415173
0.695 1.133687118904421 -0.2539269201584750 -0.3337125512285053 0.5264795266130465 -0.2118961538672123 0.05224398825962779
0.696 1.134576041796141 -0.2537894836995188 -0.3392041657502793 0.5235597591314952 -0.2118918621586599 0.05256863929563951
0.697 1.135467516466460 -0.2536513727291661 -0.3446924373891582 0.5205678465136536 -0.2118871714084930 0.05289427206166058
0.698 1.136361557575199 -0.2535125826967221 -0.3501764907025529 0.5175032289980781 -0.2118820221444586 0.05322102083795794
0.699 1.137258179912277 -0.2533731090077568 -0.3556554987673851 0.5143652849992013 -0.2118763434429627 0.05354896145815060
0.7 1.138157398399292 -0.2532329470235499 -0.3611285710570266 0.5111534255907541 -0.2118702663268078 0.05387793965261789
0.701 1.139059228091111 -0.2530920920605250 -0.3665948043707012 0.5078670942932967 -0.2118637312559569 0.05420803496733378
0.702 1.139963684177500 -0.2529505393896764 -0.3720532633201242 0.5045057099976171 -0.2118567101974126 0.05453928424564142
0.703 1.140870781984770 -0.2528082842359867 -0.3775030293251709 0.5010686574719283 -0.2118492030903385 0.05487166886195485
0.704 1.141780536977453 -0.2526653217778341 -0.3829431720898772 0.4975554154293756 -0.2118411397605422 0.05520524475825952
0.705 1.142692964760000 -0.2525216471463911 -0.3883726695960152 0.4939653967926530 -0.2118326680461539 0.05553992651409893
0.706 1.143608081078513 -0.2523772554250121 -0.3937905586440058 0.4902980381366292 -0.2118236881121116 0.05587579000694542
0.707 1.144525901822494 -0.2522321416486133 -0.3991958180801306 0.4865527853864998 -0.2118142100305716 0.05621282563880111
0.708 1.145446443026630 -0.2520863008030406 -0.4045874314585602 0.4827290974534139 -0.2118042293421225 0.05655105103770571
0.709 1.146369720872604 -0.2519397278244273 -0.4099643126016034 0.4788264216167918 -0.2117936508762517 0.05689047560563070
0.71 1.147295751690930 -0.2517924175985423 -0.4153254421310036 0.4748442212501261 -0.2117826471138575 0.05723106392521705
0.711 1.148224551962826 -0.2516443649601275 -0.4206696817688767 0.4707819706881033 -0.2117711083844853 0.05757287861018435
0.712 1.149156138322107 -0.2514955646922227 -0.4259959337779241 0.4666391456840877 -0.2117590367962384 0.05791591995922495
0.713 1.150090527557119 -0.2513460115254813 -0.4313030523931822 0.4624152188008944 -0.2117464260887994 0.05826018225288960
0.714 1.151027736612693 -0.2511957001374737 -0.4365899218813217 0.4581097003233117 -0.2117332088410032 0.05860564373679650
0.715 1.151967782592139 -0.2510446251519785 -0.4418553430637679 0.4537220832432649 -0.2117195175265312 0.05895238425982666
0.716 1.152910682759267 -0.2508927811382638 -0.4470981036416688 0.4492518590780391 -0.2117052628564136 0.05930036849458727
0.717 1.153856454540449 -0.2507401626103540 -0.4523169984440133 0.4446985645362648 -0.2116904493600381 0.05964962068068504
0.718 1.154805115526699 -0.2505867640262858 -0.4575107909259017 0.4400617437165967 -0.2116750296600966 0.06000007738839860
0.719 1.155756683475805 -0.2504325797873517 -0.4626782122859519 0.4353408927526510 -0.2116590765065788 0.06035187511542284
0.72 1.156711176314484 -0.2502776042373298 -0.4678179690302963 0.4305355817601793 -0.2116425441361695 0.06070496860169495
0.721 1.157668612140578 -0.2501218316617008 -0.4729287601272366 0.4256453906531728 -0.2116254220364322 0.06105936381005009
0.722 1.158629009225281 -0.2499652562868527 -0.4780092696549371 0.4206698548118386 -0.2116077059036094 0.06141506365146657
0.723 1.159592386015413 -0.2498078722792698 -0.4830581154599747 0.4156085647719618 -0.2115893862448347 0.06177207610931038
0.724 1.160558761135716 -0.2496496737447102 -0.4880739397610878 0.4104611322378370 -0.2115704665658825 0.06213041609963393
0.725 1.161528153391207 -0.2494906547273667 -0.4930553278946542 0.4052271526658226 -0.2115508296779935 0.06249003665807905
0.726 1.162500581769556 -0.2493308092090151 -0.4980008524714712 0.3999062527179602 -0.2115306327833443 0.06285135930269485
0.727 1.163476065443510 -0.2491701311081469 -0.5029090761350465 0.3944980842023435 -0.2115099461991151 0.06321327124731031
0.728 1.164454623773357 -0.2490086142790866 -0.5077785314866076 0.3890022623292948 -0.2114885876940593 0.06357712234591491
0.729 1.165436276309434 -0.2488462525110945 -0.5126076892563994 0.3834184898663421 -0.2114665201020940 0.06394232259928803
0.73 1.166421042794671 -0.2486830395274527 -0.5173950678538406 0.3777464076871238 -0.2114437695734248 0.06430891431312152
0.731 1.167408943167188 -0.2485189689845355 -0.5221390873380530 0.3719857654869619 -0.2114204092449936 0.06467681825023449
0.732 1.168399997562928 -0.2483540344708640 -0.5268381892918944 0.3661362462812639 -0.2113962725581942 0.06504619182436895
0.733 1.169394226318342 -0.2481882295061425 -0.5314907708030324 0.3601975851660502 -0.2113715438226083 0.06541693303836866
0.734 1.170391649973112 -0.2480215475402789 -0.5360952062909404 0.3541695650527397 -0.2113460940118456 0.06578909380899792
0.735 1.171392289272932 -0.2478539819523876 -0.5406498571892540 0.3480519282624610 -0.2113199895483630 0.06616270662967830
0.736 1.172396165172327 -0.2476855260497735 -0.5451530485341123 0.3418444757244608 -0.2112931353358657 0.06653769668092902
0.737 1.173403298837530 -0.2475161730668990 -0.5496030682430820 0.3355470262954486 -0.2112656138226591 0.06691427670244618
0.738 1.174413711649400 -0.2473459161643310 -0.5539982097753321 0.3291594017218152 -0.2112373768119639 0.06729228337271846
0.739 1.175427425206404 -0.2471747484276706 -0.5583366892812381 0.3226814924941726 -0.2112083800632918 0.06767174294552654
0.74 1.176444461327635 -0.2470026628664614 -0.5626167640831853 0.3161131320316752 -0.2111786674642237 0.06805271394838060
0.741 1.177464842055903 -0.2468296524130792 -0.5668366032321797 0.3094542601734940 -0.2111482192765426 0.06843522854533355
0.742 1.178488589660861 -0.2466557099216007 -0.5709943814529989 0.3027047806616530 -0.2111170227904634 0.06881925560366195
0.743 1.179515726642201 -0.2464808281666515 -0.5750882444221624 0.2958646804761720 -0.2110850645563457 0.06920482927692809
0.744 1.180546275732905 -0.2463049998422334 -0.5791163152022238 0.2889338995783909 -0.2110523360192505 0.06959193425056358
0.745 1.181580259902549 -0.2461282175605284 -0.5830766624106689 0.2819124729456782 -0.2110188166998652 0.06998060530021389
0.746 1.182617702360668 -0.2459504738506834 -0.5869673702569401 0.2748004407060263 -0.2109845143129322 0.07037085341293069
0.747 1.183658626560191 -0.2457717611575679 -0.5907864599412505 0.2675978574648130 -0.2109494064666604 0.07076266372275744
0.748 1.184703056200923 -0.2455920718405132 -0.5945319429383185 0.2603048123732724 -0.2109134591624746 0.07115609639272839
0.749 1.185751015233105 -0.2454113981720235 -0.5982017876683119 0.2529214434983268 -0.2108767055077143 0.07155112923932727
0.75 1.186802527861033 -0.2452297323364662 -0.6017939679866034 0.2454479041942383 -0.2108391212626582 0.07194778935838111
0.751 1.187857618546740 -0.2450470664287353 -0.6053064086475666 0.2378843837508044 -0.2108006945460329 0.07234608256909454
0.752 1.188916312013753 -0.2448633924528889 -0.6087369929323526 0.2302311180555749 -0.2107614143312009 0.07274602685810470
0.753 1.189978633250917 -0.2446787023207634 -0.6120836105694620 0.2224883639713598 -0.2107212655838085 0.07314763372133560
0.754 1.191044607516291 -0.2444929878505580 -0.6153441002039727 0.2146563966738542 -0.2106802439650139 0.07355091523133558
0.755 1.192114260341114 -0.2443062407653938 -0.6185162855010377 0.2067355895104793 -0.2106383318185654 0.07395589217011400
0.756 1.193187617533845 -0.2441184526918448 -0.6215979535340105 0.1987262800415890 -0.2105955199305749 0.07436257174840635
0.757 1.194264705184290 -0.2439296151584391 -0.6245868771375395 0.1906288990467850 -0.2105517956002858 0.07477097105600798
0.758 1.195345549667791 -0.2437397195941334 -0.6274807935197090 0.1824438958615082 -0.2105071473204704 0.07518110972834971
0.759 1.196430177649504 -0.2435487573267546 -0.6302774174123245 0.1741717598412256 -0.2104615667749552 0.07559299246452127
0.76 1.197518616088762 -0.2433567195814130 -0.6329744333163941 0.1658130364578105 -0.2104150380857626 0.07600663525720494
0.761 1.198610892243509 -0.2431635974788839 -0.6355695123806537 0.1573682981338344 -0.2103675516480414 0.07642205307148003
0.762 1.199707033674837 -0.2429693820339563 -0.6380602889963924 0.1488381914370754 -0.2103190944468581 0.07683927239541311
0.763 1.200807068251590 -0.2427740641537493 -0.6404443621134059 0.1402233704170817 -0.2102696483419464 0.07725830480039719
0.764 1.201911024155079 -0.2425776346359947 -0.6427193255960315 0.1315245694353145 -0.2102191982298675 0.07767915035740007
0.765 1.203018929883868 -0.2423800841672853 -0.6448827445884355 0.1227425579621598 -0.2101677433291136 0.07810183852178576
0.766 1.204130814258672 -0.2421814033212885 -0.6469321626727281 0.1138781616891215 -0.2101152637335039 0.07852638291470817
0.767 1.205246706427339 -0.2419815825569225 -0.6488650623068944 0.1049322473151638 -0.2100617435204557 0.07895279268699465
0.768 1.206366635869935 -0.2417806122164958 -0.6506789730355830 0.09590576539453639 -0.2100071727979058 0.07938109627793608
0.769 1.207490632403931 -0.2415784825238109 -0.6523713388236310 0.08679968468108810 -0.2099515306581046 0.07981130288996266
0.77 1.208618726189490 -0.2413751835822258 -0.6539396018731276 0.07761505229066707 -0.2098948091772797 0.08024342900519765
0.771 1.209750947734859 -0.2411707053726774 -0.6553811979686087 0.06835297255316675 -0.2098369937918581 0.08067749505612541
0.772 1.210887327901877 -0.2409650377516654 -0.6566935182799170 0.05901459480714488 -0.2097780639532623 0.08111351368185722
0.773 1.212027897911583 -0.2407581704491915 -0.6578739426967193 0.04960115512640145 -0.2097180109634365 0.08155150763882583
0.774 1.213172689349947 -0.2405500930666579 -0.6589198269721305 0.04011392997970703 -0.2096568111872478 0.08199149213845346
0.775 1.214321734173713 -0.2403407950747211 -0.6598285286531642 0.03055426880561152 -0.2095944579402546 0.08243348274203513
0.776 1.215475064716358 -0.2401302658111011 -0.6605973536416803 0.02092359477093258 -0.2095309258789161 0.08287750313148299
0.777 1.216632713694185 -0.2399184944783436 -0.6612236074877311 0.01122338119593153 -0.2094662108070632 0.08332356643433523
0.778 1.217794714212526 -0.2397054701415351 -0.6617045746493394 0.001455185526930969 -0.2094002834656852 0.08377169179899373
0.779 1.218961099772085 -0.2394911817259703 -0.6620375318094696 -0.008379364661435070 -0.2093331377949977 0.08422189790392062
0.78 1.220131904275412 -0.2392756180147684 -0.6622197339203309 -0.01827857458039967 -0.2092647495620827 0.08467420791021464
0.781 1.221307162033504 -0.2390587676464386 -0.6622484139829829 -0.02824066972948497 -0.2091951044042533 0.08512863546044730
0.782 1.222486907772553 -0.2388406191123944 -0.6621208015823510 -0.03826379988513795 -0.2091241820165437 0.08558520598126062
0.783 1.223671176640833 -0.2386211607544113 -0.6618341131993848 -0.04834604377254164 -0.2090519653558051 0.08604393418141774
0.784 1.224860004215731 -0.2384003807620328 -0.6613855648507394 -0.05848538610889653 -0.2089784410334724 0.08650484246829600
0.785 1.226053426510933 -0.2381782671699165 -0.6607723391148781 -0.06867973516233233 -0.2089035722682976 0.08696796331901716
0.786 1.227251479983756 -0.2379548078551244 -0.6599916268200589 -0.07892692201332890 -0.2088273620947483 0.08743328215330855
0.787 1.228454201542647 -0.2377299905343521 -0.6590406012932142 -0.08922468171941590 -0.2087497946064626 0.08790085222085922
0.788 1.229661628554830 -0.2375038027610963 -0.6579164462220079 -0.09957067029035680 -0.2086708314557491 0.08837068725384563
0.789 1.230873798854133 -0.2372762319227618 -0.6566163323280181 -0.1099624420890326 -0.2085904522416497 0.08884280954778197
0.79 1.232090750748980 -0.2370472652377003 -0.6551374217339081 -0.1203974733334483 -0.2085084718256195 0.08931712307209752
0.791 1.233312523030552 -0.2368168897521857 -0.6534768886266402 -0.1308731321953582 -0.2084254172432534 0.08979384591979642
0.792 1.234539154981133 -0.2365850923373198 -0.6516319086586747 -0.1413867057003089 -0.2083407948806125 0.09027305139104752
0.793 1.235770686382644 -0.2363518596858676 -0.6495996407604057 -0.1519353692572388 -0.2082545666615546 0.09075462263032358
0.794 1.237007157525357 -0.2361171783090232 -0.6473772741896719 -0.1625162031024818 -0.2081668243477697 0.09123850748208888
0.795 1.238248609216810 -0.2358810345330969 -0.6449619857817384 -0.1731261931373015 -0.2080775529941431 0.09172481559187004
0.796 1.239495082790917 -0.2356434144961308 -0.6423509874815556 -0.1837622085142753 -0.2079866942883207 0.09221360837906241
0.797 1.240746620117292 -0.2354043041444350 -0.6395414668904364 -0.1944210237303739 -0.2078942465919519 0.09270485177919395
0.798 1.242003263610768 -0.2351636892290409 -0.6365306526495214 -0.2050992893087101 -0.2078002166874916 0.09319857196305490
0.799 1.243265056241150 -0.2349215553020765 -0.6333157819127171 -0.2157935614638641 -0.2077045242438993 0.09369481749773034
0.8 1.244532041543176 -0.2346778877130522 -0.6298941131814098 -0.2265002707640430 -0.2076072042452450 0.09419360105187027
0.801 1.245804263626717 -0.2344326716050625 -0.6262629189106944 -0.2372157480657724 -0.2075081735771217 0.09469495215792709
0.802 1.247081767187208 -0.2341858919108964 -0.6224195075416199 -0.2479361908018329 -0.2074074534372388 0.09519889876530881
0.803 1.248364597516316 -0.2339375333490560 -0.6183612111713982 -0.2586576866320136 -0.2073049851297674 0.09570547278838666
0.804 1.249652800512869 -0.2336875804196790 -0.6140853894340684 -0.2693762022428428 -0.2072007756425681 0.09621469700226941
0.805 1.250946422694024 -0.2334360174003651 -0.6095894298999079 -0.2800875799144258 -0.2070947739936790 0.09672660046911731
0.806 1.252245511206715 -0.2331828283419002 -0.6048707804479516 -0.2907875263791585 -0.2069869380992672 0.09724120059094917
0.807 1.253550113839358 -0.2329279970638777 -0.5999269053500450 -0.3014716434309875 -0.2068772776220125 0.09775854436604115
0.808 1.254860279033843 -0.2326715071502132 -0.5947553180601090 -0.3121353778117850 -0.2067657259928513 0.09827863748342897
0.809 1.256176055897805 -0.2324133419445495 -0.5893535917207736 -0.3227740627343877 -0.2066522834335425 0.09880153427531903
0.81 1.257497494217201 -0.2321534845455479 -0.5837193397422057 -0.3333828923069961 -0.2065369073624260 0.09932725273780157
0.811 1.258824644469174 -0.2318919178020644 -0.5778502355168953 -0.3439569236368416 -0.2064195568440756 0.09985580838005860
0.812 1.260157557835244 -0.2316286243082031 -0.5717440228603867 -0.3544910686317767 -0.2063002166444263 0.1003872637635308
0.813 1.261496286214819 -0.2313635863982519 -0.5653984912774001 -0.3649801255972763 -0.2061788497114378 0.1009216253533695
0.814 1.262840882239021 -0.2310967861414829 -0.5588115084376357 -0.3754187132795978 -0.2060554188520048 0.1014589360782814
0.815 1.264191399284881 -0.2308282053368292 -0.5519810216541492 -0.3858013419929396 -0.2059298880100334 0.1019992089194941
0.816 1.265547891489854 -0.2305578255074215 -0.5449050433898242 -0.3961223552901231 -0.2058022325145502 0.1025425034458244
0.817 1.266910413766726 -0.2302856278949883 -0.5375816875303581 -0.4063759561933801 -0.2056724107502510 0.1030888401515033
0.818 1.268279021818870 -0.2300115934541109 -0.5300091445277229 -0.4165562074329602 -0.2055403882523988 0.1036382399144870
0.819 1.269653772155901 -0.2297357028463306 -0.5221857113020723 -0.4266570047942410 -0.2054061289209551 0.1041907662488336
0.82 1.271034722109720 -0.2294579364341044 -0.5141097578524954 -0.4366721082333298 -0.2052695946284820 0.1047464298597703
0.821 1.272421929850971 -0.2291782742746011 -0.5057798019758768 -0.4465951168884297 -0.2051307486075896 0.1053052665308966
0.822 1.273815454405916 -0.2288966961133365 -0.4971944359021841 -0.4564194726449654 -0.2049895513985693 0.1058673254087945
0.823 1.275215355673747 -0.2286131813776408 -0.4883524060809616 -0.4661384743480812 -0.2048459591747035 0.1064326397832262
0.824 1.276621694444344 -0.2283277091699526 -0.4792525581501185 -0.4757452514281306 -0.2046999379155467 0.1070012443471283
0.825 1.278034532416496 -0.2280402582609341 -0.4698938632701672 -0.4852327804755062 -0.2045514446301099 0.1075731631998509
0.826 1.279453932216600 -0.2277508070824017 -0.4602754633464967 -0.4945938770689139 -0.2044004292360656 0.1081484622566593
0.827 1.280879957417850 -0.2274593337200684 -0.4503966203981891 -0.5038212041712056 -0.2042468544082631 0.1087271589565514
0.828 1.282312672559939 -0.2271658159060864 -0.4402567748871762 -0.5129072615593046 -0.2040906823938689 0.1093092952125944
0.829 1.283752143169277 -0.2268702310113905 -0.4298554949864297 -0.5218443869718756 -0.2039318493884216 0.1098949229605928
0.83 1.285198435779758 -0.2265725560378264 -0.4191925468814614 -0.5306247565931404 -0.2037703189207657 0.1104840746968840
0.831 1.286651617954087 -0.2262727676100685 -0.4082678719081080 -0.5392403944906677 -0.2036060538923363 0.1110767926671434
0.832 1.288111758305678 -0.2259708419673094 -0.3970815695653055 -0.5476831522328702 -0.2034389891326447 0.1116731165652825
0.833 1.289578926521153 -0.2256667549547194 -0.3856339796898824 -0.5559447362245054 -0.2032690777445292 0.1122731009250349
0.834 1.291053193383462 -0.2253604820146669 -0.3739255997170160 -0.5640166763465045 -0.2030962684040861 0.1128767775919957
0.835 1.292534630795631 -0.2250519981776905 -0.3619571865905942 -0.5718903691171711 -0.2029205150396336 0.1134842007113476
0.836 1.294023311805177 -0.2247412780532156 -0.3497296870798126 -0.5795570257897637 -0.2027417560084872 0.1140954107090268
0.837 1.295519310629202 -0.2244282958200074 -0.3372442939744293 -0.5870077252886132 -0.2025599454407673 0.1147104515179166
0.838 1.297022702680191 -0.2241130252163477 -0.3245024347503577 -0.5942333764457182 -0.2023750154494600 0.1153293717925911
0.839 1.298533564592540 -0.2237954395299302 -0.3115057977387496 -0.6012247475477906 -0.2021869171304386 0.1159522199146957
0.84 1.300051974249836 -0.2234755115874604 -0.2982563441543987 -0.6079724547704140 -0.2019955895412538 0.1165790480695165
0.841 1.301578010812918 -0.2231532137439544 -0.2847562959592754 -0.6144669733408906 -0.2018009741759723 0.1172099028252910
0.842 1.303111754748752 -0.2228285178717214 -0.2710081662398532 -0.6206986217253039 -0.2016030048936272 0.1178448368775375
0.843 1.304653287860129 -0.2225013953490194 -0.2570147623773233 -0.6266575863561976 -0.2014016182657732 0.1184838981514382
0.844 1.306202693316243 -0.2221718170483771 -0.2427792067508321 -0.6323339206350813 -0.2011967497126606 0.1191271431924201
0.845 1.307760055684153 -0.2218397533245603 -0.2283049393480226 -0.6377175399745994 -0.2009883309252870 0.1197746122925657
0.846 1.309325460961185 -0.2215051740021828 -0.2135957613077106 -0.6427982566415863 -0.2007762993370954 0.1204263820517232
0.847 1.310898996608288 -0.2211680483629360 -0.1986557727626242 -0.6475657285226095 -0.2005605771394396 0.1210824925259293
0.848 1.312480751584390 -0.2208283451324312 -0.1834894725674790 -0.6520095210401534 -0.2003410952982461 0.1217429925415568
0.849 1.314070816381791 -0.2204860324666380 -0.1681017263087875 -0.6561190926452274 -0.2001177784810947 0.1224079641967468
0.85 1.315669283062623 -0.2201410779379030 -0.1524977768774707 -0.6598837955542969 -0.1998905541104986 0.1230774526414675
0.851 1.317276245296422 -0.2197934485205341 -0.1366832776703213 -0.6632928843653523 -0.1996593397722539 0.1237515065283653
0.852 1.318891798398862 -0.2194431105759330 -0.1206642922711720 -0.6663355441343255 -0.1994240606365386 0.1244302079342759
0.853 1.320516039371672 -0.2190900298372599 -0.1044473141404349 -0.6690008694182186 -0.1991846120217237 0.1251135983725083
0.854 1.322149066943801 -0.2187341713936098 -0.08803929108819180 -0.6712779131960247 -0.1989409537840182 0.1258017656183595
0.855 1.323790981613879 -0.2183754996736878 -0.07144761781029196 -0.6731556404193029 -0.1986929634510438 0.1264947533335584
0.856 1.325441885694004 -0.2180139784289529 -0.05468017472711434 -0.6746230210100103 -0.1984405578529362 0.1271926337172383
0.857 1.327101883354930 -0.2176495707162243 -0.03774532565726574 -0.6756689532147115 -0.1981836605547842 0.1278954741248307
0.858 1.328771080672692 -0.2172822388797140 -0.02065193059899761 -0.6762823338805571 -0.1979221477626047 0.1286033355653488
0.859 1.330449585676732 -0.2169119445324726 -0.003409392486236285 -0.6764520753118859 -0.1976559594405676 0.1293162978235166
0.86 1.332137508399595 -0.2165386485372229 0.01397236159585946 -0.6761670816425816 -0.1973849635065700 0.1300344296479072
0.861 1.333834960928235 -0.2161623109865566 0.03148285955330904 -0.6754162994572259 -0.1971090922297080 0.1307577979488573
0.862 1.335542057457013 -0.2157828911824632 0.04911103923332477 -0.6741887337472329 -0.1968282056717078 0.1314864849558100
0.863 1.337258914342451 -0.2154003476151732 0.06684527830820508 -0.6724734256054543 -0.1965422310011315 0.1322205562740524
0.864 1.338985650159810 -0.2150146379412813 0.08467333858385610 -0.6702595349001705 -0.1962510134915963 0.1329600977153460
0.865 1.340722385761572 -0.2146257189611172 0.1025823644445156 -0.6675363262196062 -0.1959544721590464 0.1337051916541122
0.866 1.342469244337892 -0.2142335465953430 0.1205588831085441 -0.6642931738271006 -0.1956524837365057 0.1344559126442089
0.867 1.344226351479129 -0.2138380758607326 0.1385887503146933 -0.6605196394117920 -0.1953449348420505 0.1352123413550685
0.868 1.345993835240502 -0.2134392608451066 0.1566571821416081 -0.6562054443936185 -0.1950317286756271 0.1359746030877420
0.869 1.347771826209003 -0.2130370546813837 0.1747486933041128 -0.6513405342022414 -0.1947127664705765 0.1367427074617650
0.87 1.349560457572631 -0.2126314095207102 0.1928471233298376 -0.6459150711167125 -0.1943877343392947 0.1375165255344059
0.871 1.351359865192063 -0.2122222765046314 0.2109355879453113 -0.6399195035713367 -0.1940566293926232 0.1382965633994276
0.872 1.353170187674860 -0.2118096057362562 0.2289964915157811 -0.6333445729345144 -0.1937192945740602 0.1390827313353783
0.873 1.354991566452326 -0.2113933462503785 0.2470114902487725 -0.6261813624459216 -0.1933755888082767 0.1398751278245553
0.874 1.356824145859121 -0.2109734459825031 0.2649614916678326 -0.6184213087427343 -0.1930253575161053 0.1406738348445267
0.875 1.358668073215770 -0.2105498517367316 0.2828266513227077 -0.6100562637430836 -0.1926684516275175 0.1414789496593320
0.876 1.360523498914172 -0.2101225091524524 0.3005863342357806 -0.6010785489023069 -0.1923047130608159 0.1422905785994593
0.877 1.362390576506274 -0.2096913626697878 0.3182191390253675 -0.5914809291097020 -0.1919339813084815 0.1431088085122987
0.878 1.364269462796021 -0.2092563554937311 0.3357028446661818 -0.5812567276914388 -0.1915560782466577 0.1439337444685212
0.879 1.366160317934752 -0.2088174295569235 0.3530144533041870 -0.5703998707542909 -0.1911708438925475 0.1447654952449327
0.88 1.368063305520203 -0.2083745254810029 0.3701301306507357 -0.5589048499697008 -0.1907780883384935 0.1456041511764338
0.881 1.369978592699255 -0.2079275825364546 0.3870252465250897 -0.5467668914734053 -0.1903776338112707 0.1464498374016542
0.882 1.371906350274648 -0.2074765386009025 0.4036743373299629 -0.5339819073876118 -0.1899692884406567 0.1473026485089323
0.883 1.373846752815797 -0.2070213301157540 0.4200511214282932 -0.5205466573759098 -0.1895528549787289 0.1481627086393033
0.884 1.375799978773952 -0.2065618920411340 0.4361284885896925 -0.5064586713052930 -0.1891281303623865 0.1490301241239537
0.885 1.377766210601873 -0.2060981578090107 0.4518785169387886 -0.4917164460829216 -0.1886949064065123 0.1499050236503119
0.886 1.379745634878258 -0.2056300592744358 0.4672724518759664 -0.4763193935637251 -0.1882529652871428 0.1507875049047434
0.887 1.381738442437152 -0.2051575266648005 0.4822807376332721 -0.4602680081240077 -0.1878020796096867 0.1516777088383063
0.888 1.383744828502579 -0.2046804885270123 0.4968730201286685 -0.4435638521125565 -0.1873420222259989 0.1525757474417311
0.889 1.385764992828659 -0.2041988716724850 0.5110181457362861 -0.4262096758900479 -0.1868725495014133 0.1534817548808185
0.89 1.387799139845477 -0.2037126011198325 0.5246841915966270 -0.4082094668657297 -0.1863934132493504 0.1543958560087886
0.891 1.389847478811011 -0.2032216000351513 0.5378385050872581 -0.3895685916670819 -0.1859043656638565 0.1553181910538972
0.892 1.391910223969407 -0.2027257896697669 0.5504476609599902 -0.3702937286205938 -0.1854051300621687 0.1562488860509092
0.893 1.393987594715945 -0.2022250892953070 0.5624775741193734 -0.3503931303568297 -0.1848954333534838 0.1571880896611159
0.894 1.396079815769030 -0.2017194161359722 0.5738934769619593 -0.3298765632196046 -0.1843749945467359 0.1581359311444043
0.895 1.398187117349584 -0.2012086852978431 0.5846599765097070 -0.3087554969385569 -0.1838435165960650 0.1590925619172236
0.896 1.400309735368233 -0.2006928096950785 0.5947411061106093 -0.2870431305704333 -0.1833006957651877 0.1600581378728794
0.897 1.402447911620690 -0.2001716999728241 0.6041003411872047 -0.2647545084220743 -0.1827462071735277 0.1610327909405979
0.898 1.404601893991798 -0.1996452644266665 0.6127007054713037 -0.2419066240538675 -0.1821797241576620 0.1620166856340765
0.899 1.406771936668683 -0.1991134089184271 0.6205047942699801 -0.2185185027978692 -0.1816009229366115 0.1630099702656893
0.9 1.408958300363533 -0.1985760367881088 0.6274748718303935 -0.1946113143512193 -0.1810094304321120 0.1640128240639457
0.9001 1.409177844626778 -0.1985219923619697 0.6281245484337230 -0.1921929274059197 -0.1809495677538375 0.1641136433294879
0.9002 1.409397555040387 -0.1984678916783655 0.6287654628802026 -0.1897696064886090 -0.1808895776149587 0.1642145536264449
0.9003 1.409617431876325 -0.1984137346362840 0.6293975895973233 -0.1873413801917634 -0.1808294564346500 0.1643155693035769
0.9004 1.409837475407256 -0.1983595211344410 0.6300208711566395 -0.1849082625958073 -0.1807692008778995 0.1644166764913056
0.9005 1.410057685906557 -0.1983052510712763 0.6306352895954934 -0.1824702955514110 -0.1807088121832313 0.1645178877662567
0.9006 1.410278063648310 -0.1982509243449565 0.6312407911432216 -0.1800274884479779 -0.1806482948111598 0.1646191910574105
0.9007 1.410498608907313 -0.1981965408533719 0.6318373486337570 -0.1775798794245539 -0.1805876434189138 0.1647205958032502
0.9008 1.410719321959078 -0.1981421004941355 0.6324249067577359 -0.1751274789089849 -0.1805268571437158 0.1648220938656052
0.9009 1.410940203079835 -0.1980876031645818 0.6330034509275371 -0.1726703336417695 -0.1804659410353047 0.1649236928012135
0.901 1.411161252546532 -0.1980330487617674 0.6335729304261333 -0.1702084647035172 -0.1804048871400797 0.1650253969886163
0.9011 1.411382470636845 -0.1979784371824689 0.6341332987509572 -0.1677418801953962 -0.1803436986324516 0.1651271937938609
0.9012 1.411603857629170 -0.1979237683231806 0.6346845403849910 -0.1652706336895110 -0.1802823776211354 0.1652290933439699
0.9013 1.411825413802634 -0.1978690420801156 0.6352265963531507 -0.1627947337897466 -0.1802209189960371 0.1653310898501628
0.9014 1.412047139437095 -0.1978142583492041 0.6357594379515002 -0.1603142222456088 -0.1801593285782792 0.1654331886510766
0.9015 1.412269034813142 -0.1977594170260913 0.6362830193227845 -0.1578291108991090 -0.1800975980271225 0.1655353823078727
0.9016 1.412491100212103 -0.1977045180061379 0.6367973172910423 -0.1553394437406412 -0.1800357371919199 0.1656376782028215
0.9017 1.412713335916042 -0.1976495611844177 0.6373022761441747 -0.1528452352693726 -0.1799737344825414 0.1657400712092295
0.9018 1.412935742207766 -0.1975945464557179 0.6377978722689218 -0.1503465293807827 -0.1799115980618546 0.1658425699449809
0.9019 1.413158319370825 -0.1975394737145370 0.6382840519989019 -0.1478433342751480 -0.1798493179812353 0.1659451661596973
0.902 1.413381067689516 -0.1974843428550834 0.6387607872196583 -0.1453356998226738 -0.1797869054009980 0.1660478608686349
0.9021 1.413603987448886 -0.1974291537712757 0.6392280391956120 -0.1428236393593532 -0.1797243550241242 0.1661506569532110
0.9022 1.413827078934734 -0.1973739063567409 0.6396857679534125 -0.1403071895426360 -0.1796616622017459 0.1662535564096153
0.9023 1.414050342433614 -0.1973186005048127 0.6401339377206283 -0.1377863859047650 -0.1795988346831717 0.1663565527504771
0.9024 1.414273778232836 -0.1972632361085313 0.6405725074372866 -0.1352612487687151 -0.1795358635869297 0.1664596550714387
0.9025 1.414497386620473 -0.1972078130606425 0.6410014332929319 -0.1327318083891250 -0.1794727541122640 0.1665628517942097
0.9026 1.414721167885359 -0.1971523312535950 0.6414207007589123 -0.1301981121231589 -0.1794095071012050 0.1666661601775706
0.9027 1.414945122317095 -0.1970967905795416 0.6418302345138026 -0.1276601616970042 -0.1793461123623493 0.1667695638847330
0.9028 1.415169250206050 -0.1970411909303357 0.6422300250157544 -0.1251180126426179 -0.1792825828479528 0.1668730684911744
0.9029 1.415393551843367 -0.1969855321975326 0.6426200153800256 -0.1225716813706057 -0.1792189077618606 0.1669766721099523
0.903 1.415618027520959 -0.1969298142723853 0.6430001984934657 -0.1200212243392464 -0.1791550936135664 0.1670803923783486
0.9031 1.415842677531522 -0.1968740370458483 0.6433704970887273 -0.1174666400003418 -0.1790911370013200 0.1671842020993289
0.9032 1.416067502168526 -0.1968182004085703 0.6437308881380018 -0.1149079777221714 -0.1790270345175115 0.1672881138433545
0.9033 1.416292501726229 -0.1967623042508975 0.6440813451688299 -0.1123452699606704 -0.1789627938133649 0.1673921323004351
0.9034 1.416517676499671 -0.1967063484628710 0.6444218174739607 -0.1097785479992410 -0.1788984044374032 0.1674962552841878
0.9035 1.416743026784684 -0.1966503329342262 0.6447522625465552 -0.1072078414559575 -0.1788338731403040 0.1676004757133293
0.9036 1.416968552877889 -0.1965942575543897 0.6450726726200974 -0.1046331999027937 -0.1787691949410996 0.1677048121381806
0.9037 1.417194255076704 -0.1965381222124823 0.6453829604032572 -0.1020546227463608 -0.1787043768840604 0.1678092322269716
0.9038 1.417420133679342 -0.1964819267973122 0.6456831314904694 -0.09947218105352400 -0.1786394090691427 0.1679137711802593
0.9039 1.417646188984818 -0.1964256711973785 0.6459731264469014 -0.09688588805553200 -0.1785743005307304 0.1680184068514199
0.904 1.417872421292951 -0.1963693553008682 0.6462529063695078 -0.09429578072761299 -0.1785090378756056 0.1681231483250577
0.9041 1.418098830904365 -0.1963129789956550 0.6465224499699806 -0.09170190249284610 -0.1784436352458990 0.1682279959721582
0.9042 1.418325418120493 -0.1962565421692980 0.6467817051439491 -0.08910427870706160 -0.1783780790911116 0.1683329520406070
0.9043 1.418552183243583 -0.1962000447090416 0.6470306193242883 -0.08650293688854390 -0.1783123784173028 0.1684380018623875
0.9044 1.418779126576696 -0.1961434865018121 0.6472691890512198 -0.08389793356218310 -0.1782465331285274 0.1685431616028399
0.9045 1.419006248423712 -0.1960868674342189 0.6474973570290961 -0.08128929646728160 -0.1781805356306085 0.1686484298457704
0.9046 1.419233549089333 -0.1960301873925525 0.6477150844434874 -0.07867704995918317 -0.1781143911605754 0.1687537968637534
0.9047 1.419461028879086 -0.1959734462627824 0.6479223352612395 -0.07606124217363824 -0.1780480982455787 0.1688592706028445
0.9048 1.419688688099324 -0.1959166439305557 0.6481190796633719 -0.07344191375304860 -0.1779816513465773 0.1689648540416712
0.9049 1.419916527057232 -0.1958597802811993 0.6483052647506567 -0.07081908387047270 -0.1779150540204128 0.1690705406554930
0.905 1.420144546060829 -0.1958028551997138 0.6484808570243068 -0.06819279798405375 -0.1778483140589924 0.1691763234693661
0.9051 1.420372745418970 -0.1957458685707742 0.6486458448654199 -0.06556311226212275 -0.1777814165878946 0.1692822286090691
0.9052 1.420601125441350 -0.1956888202787312 0.6488001485617561 -0.06293003495112576 -0.1777143678760865 0.1693882305908793
0.9053 1.420829686438510 -0.1956317102076061 0.6489437601318225 -0.06029362167159114 -0.1776471677833383 0.1694943430715500
0.9054 1.421058428721831 -0.1955745382410906 0.6490766354441845 -0.05765391253623070 -0.1775798138543273 0.1696005623087576
0.9055 1.421287352603553 -0.1955173042625484 0.6491987323890695 -0.05501092971385546 -0.1775123097713360 0.1697068831907009
0.9056 1.421516458396762 -0.1954600081550097 0.6493100048962718 -0.05236472643357209 -0.1774446495546915 0.1698133111551358
0.9057 1.421745746415400 -0.1954026498011726 0.6494104344654255 -0.04971533957225777 -0.1773768350506177 0.1699198509227535
0.9058 1.421975216974273 -0.1953452290833999 0.6494999872693684 -0.04706281299179688 -0.1773088696896395 0.1700264991523084
0.9059 1.422204870389044 -0.1952877458837215 0.6495785929251791 -0.04440716342672502 -0.1772407467509338 0.1701332458046072
0.906 1.422434706976245 -0.1952302000838280 0.6496462387612468 -0.04174845319963127 -0.1771724671773306 0.1702401046314368
0.9061 1.422664727053276 -0.1951725915650730 0.6497029015679804 -0.03908672982423972 -0.1771040368927429 0.1703470747327029
0.9062 1.422894930938412 -0.1951149202084717 0.6497485083088903 -0.03642200612507818 -0.1770354453762165 0.1704541466875075
0.9063 1.423125318950797 -0.1950571858946964 0.6497830565487756 -0.03375435097923845 -0.1769666983634759 0.1705613373010702
0.9064 1.423355891410462 -0.1949993885040802 0.6498064883017363 -0.03108379009265877 -0.1768977956407480 0.1706686284023651
0.9065 1.423586648638315 -0.1949415279166106 0.6498187710821504 -0.02841036615285963 -0.1768287358618887 0.1707760306460365
0.9066 1.423817590956151 -0.1948836040119320 0.6498198596945192 -0.02573411750579496 -0.1767595166411024 0.1708835360023252
0.9067 1.424048718686655 -0.1948256166693420 0.6498097413624738 -0.02305510159526341 -0.1766901378726818 0.1709911587938334
0.9068 1.424280032153403 -0.1947675657677907 0.6497883558180413 -0.02037334716250638 -0.1766206039207510 0.1710988842284959
0.9069 1.424511531680869 -0.1947094511858810 0.6497556694868317 -0.01768889534501061 -0.1765509022724810 0.1712067228109002
0.907 1.424743217594421 -0.1946512728018634 0.6497116591929109 -0.01500180331538187 -0.1764810406574492 0.1713146718395907
0.9071 1.424975090220337 -0.1945930304936399 0.6496562785835787 -0.01231210012499973 -0.1764110297995834 0.1714227241381857
0.9072 1.425207149885795 -0.1945347241387572 0.6495894892329116 -0.009619835440738910 -0.1763408490170569 0.1715308904983047
0.9073 1.425439396918887 -0.1944763536144091 0.6495112697216456 -0.006925055920101286 -0.1762705132392903 0.1716391674547888
0.9074 1.425671831648616 -0.1944179187974333 0.6494215688895952 -0.004227809534806615 -0.1762000034733583 0.1717475619241254
0.9075 1.425904454404901 -0.1943594195643118 0.6493203484040611 -0.001528123637328405 -0.1761293433784741 0.1718560534468982
0.9076 1.426137265518582 -0.1943008557911669 0.6492075694047887 0.001173948890414778 -0.1760585142801242 0.1719646563351042
0.9077 1.426370265321423 -0.1942422273537612 0.6490832319751199 0.003878345513014636 -0.1759875247882245 0.1720733843715792
0.9078 1.426603454146115 -0.1941835341274974 0.6489472468473604 0.006585047149766988 -0.1759163675782668 0.1721822105328072
0.9079 1.426836832326279 -0.1941247759874141 0.6487996190994851 0.009293988116521320 -0.1758450498884057 0.1722911541401349
0.908 1.427070400196471 -0.1940659528081873 0.6486402907780913 0.01200513357187349 -0.1757735593047707 0.1724002107056520
0.9081 1.427304158092186 -0.1940070644641266 0.6484692438640945 0.01471842955071484 -0.1757019122196900 0.1725093775451183
0.9082 1.427538106349860 -0.1939481108291752 0.6482864065212720 0.01743384544185833 -0.1756300966324022 0.1726186478064814
0.9083 1.427772245306872 -0.1938890917769069 0.6480917891794671 0.02015130792309838 -0.1755581118763421 0.1727280403085487
0.9084 1.428006575301554 -0.1938300071805279 0.6478853350715317 0.02287078769122619 -0.1754859587760573 0.1728375445578004
0.9085 1.428241096673188 -0.1937708569128711 0.6476669929731468 0.02559223661839400 -0.1754136403431457 0.1729471525039856
0.9086 1.428475809762013 -0.1937116408463974 0.6474367597100208 0.02831559604230538 -0.1753411582295504 0.1730568780853040
0.9087 1.428710714909227 -0.1936523588531935 0.6471945845120072 0.03104082468045549 -0.1752685014036192 0.1731667192497294
0.9088 1.428945812456994 -0.1935930108049706 0.6469404222349456 0.03376788016630400 -0.1751956752797038 0.1732766703502488
0.9089 1.429181102748444 -0.1935335965730623 0.6466742503630996 0.03649670297391311 -0.1751226767808576 0.1733867366862127
0.909 1.429416586127679 -0.1934741160284240 0.6463960345264484 0.03922724636704950 -0.1750495172370617 0.1734969116361768
0.9091 1.429652262939774 -0.1934145690416299 0.6461057456611265 0.04195945532305457 -0.1749761827182926 0.1736072083805031
0.9092 1.429888133530788 -0.1933549554828741 0.6458033229334087 0.04469329673477629 -0.1749026698598375 0.1737176124551687
0.9093 1.430124198247756 -0.1932952752219656 0.6454887675738931 0.04742869935237065 -0.1748289931724498 0.1738281370477705
0.9094 1.430360457438706 -0.1932355281283300 0.6451620232746691 0.05016562435644401 -0.1747551438359767 0.1739387703859245
0.9095 1.430596911452652 -0.1931757140710062 0.6448230616834910 0.05290401805695934 -0.1746811189450633 0.1740495220682657
0.9096 1.430833560639606 -0.1931158329186454 0.6444718326771801 0.05564383800560922 -0.1746069223193148 0.1741603825134292
0.9097 1.431070405350574 -0.1930558845395081 0.6441083299699391 0.05838501504791291 -0.1745325484980220 0.1742713642119872
0.9098 1.431307445937568 -0.1929958688014654 0.6437324954705693 0.06112751140542039 -0.1744580030746214 0.1743824564515351
0.9099 1.431544682753604 -0.1929357855719950 0.6433443190059869 0.06387126498534526 -0.1743832837487470 0.1744936672263090
0.91 1.431782116152710 -0.1928756347181809 0.6429437488083845 0.06661622983818047 -0.1743083822957163 0.1746049941729942
0.9101 1.432019746489926 -0.1928154161067109 0.6425307375592042 0.06936235566244403 -0.1742333078856672 0.1747164283156793
0.9102 1.432257574121311 -0.1927551296038757 0.6421053073073284 0.07210957003744123 -0.1741580569908415 0.1748279943986385
0.9103 1.432495599403948 -0.1926947750755677 0.6416673520598985 0.07485784949901086 -0.1740826303789576 0.1749396590699484
0.9104 1.432733822695943 -0.1926343523872767 0.6412168984688265 0.07760711126052161 -0.1740070233455684 0.1750514514219864
0.9105 1.432972244356435 -0.1925738614040931 0.6407538799444389 0.08035732056164800 -0.1739312377136788 0.1751633556610477
0.9106 1.433210864745596 -0.1925133019907010 0.6402782864038246 0.08310840952989470 -0.1738552758859840 0.1752753821177573
0.9107 1.433449684224637 -0.1924526740113806 0.6397900679815171 0.08586033014015230 -0.1737791324620772 0.1753875234589126
0.9108 1.433688703155812 -0.1923919773300047 0.6392891802158468 0.08861303209795620 -0.1737028102903618 0.1754997745136859
0.9109 1.433927921902420 -0.1923312118100366 0.6387756203469720 0.09136644684349110 -0.1736263037403137 0.1756121496986767
0.911 1.434167340828813 -0.1922703773145307 0.6382493430716655 0.09412052415181330 -0.1735496166710043 0.1757246420365415
0.9111 1.434406960300396 -0.1922094737061269 0.6377103259219226 0.09687520960395950 -0.1734727525078885 0.1758372542849562
0.9112 1.434646780683639 -0.1921485008470545 0.6371585046515246 0.09963044608941770 -0.1733957014208942 0.1759499776548837
0.9113 1.434886802346067 -0.1920874585991245 0.6365938798550346 0.1023861745254704 -0.1733184702272798 0.1760628225305665
0.9114 1.435127025656279 -0.1920263468237323 0.6360164170847411 0.1051423385813568 -0.1732410480462028 0.1761757896682082
0.9115 1.435367450983945 -0.1919651653818536 0.6354260729427860 0.1078988801811720 -0.1731634537627834 0.1762888709719177
0.9116 1.435608078699811 -0.1919039141340446 0.6348228140539161 0.1106557395924141 -0.1730856636817607 0.1764020708298768
0.9117 1.435848909175703 -0.1918425929404376 0.6342066270603322 0.1134128580992785 -0.1730076905411303 0.1765153934637694
0.9118 1.436089942784535 -0.1917812016607428 0.6335774504567850 0.1161701859563737 -0.1729295332517478 0.1766288268469772
0.9119 1.436331179900306 -0.1917197401542427 0.6329353043335040 0.1189276456126350 -0.1728511904497536 0.1767423932246674
0.912 1.436572620898113 -0.1916582082797937 0.6322800996002554 0.1216851977200708 -0.1727726593091178 0.1768560671813958
0.9121 1.436814266154148 -0.1915966058958214 0.6316118575430854 0.1244427581696032 -0.1726939407725981 0.1769698709564462
0.9122 1.437056116045711 -0.1915349328603228 0.6309304987224927 0.1272002961879872 -0.1726150299266985 0.1770837854233488
0.9123 1.437298170951203 -0.1914731890308595 0.6302360210429246 0.1299577315421276 -0.1725359300435937 0.1771978224898475
0.9124 1.437540431250141 -0.1914113742645593 0.6295284090526313 0.1327150015794903 -0.1724566463313997 0.1773119849586303
0.9125 1.437782897323156 -0.1913494884181144 0.6288075978094482 0.1354720597334147 -0.1723771719957970 0.1774262604394879
0.9126 1.438025569552001 -0.1912875313477770 0.6280735843837384 0.1382288297262665 -0.1722974997851083 0.1775406632514443
0.9127 1.438268448319553 -0.1912255029093611 0.6273263343869892 0.1409852544696703 -0.1722176390240192 0.1776551882486134
0.9128 1.438511534009822 -0.1911634029582380 0.6265658165826229 0.1437412707560084 -0.1721375890633633 0.1777698333090574
0.9129 1.438754827007950 -0.1911012313493350 0.6257920042017149 0.1464968196002089 -0.1720573451620133 0.1778846031273389
0.913 1.438998327700217 -0.1910389879371343 0.6250048428471332 0.1492518389149398 -0.1719769052151239 0.1779994861623619
0.9131 1.439242036474049 -0.1909766725756697 0.6242043402320917 0.1520062548224210 -0.1718962737867358 0.1781144963045269
0.9132 1.439485953718021 -0.1909142851185277 0.6233904432760927 0.1547600187793360 -0.1718154472136220 0.1782296249919293
0.9133 1.439730079821860 -0.1908518254188414 0.6225631454475101 0.1575130520689869 -0.1717344255681338 0.1783448808460143
0.9134 1.439974415176450 -0.1907892933292925 0.6217224044555948 0.1602652991098475 -0.1716532114295255 0.1784602568202046
0.9135 1.440218960173837 -0.1907266887021055 0.6208681988705919 0.1630166859363052 -0.1715717952381358 0.1785757586213595
0.9136 1.440463715207240 -0.1906640113890515 0.6200004858993983 0.1657671609835617 -0.1714901823661773 0.1786913779733380
0.9137 1.440708680671044 -0.1906012612414396 0.6191192617685013 0.1685166467996219 -0.1714083728313252 0.1788071252162836
0.9138 1.440953856960813 -0.1905384381101198 0.6182244884047668 0.1712650798062999 -0.1713263633435561 0.1789229961229078
0.9139 1.441199244473295 -0.1904755418454791 0.6173161397176092 0.1740123952756241 -0.1712441560419528 0.1790389922752117
0.914 1.441444843606422 -0.1904125722974399 0.6163941763864417 0.1767585278529173 -0.1711617511633720 0.1791551051350700
0.9141 1.441690654759319 -0.1903495293154585 0.6154585949365980 0.1795034063546581 -0.1710791442427212 0.1792713490200364
0.9142 1.441936678332307 -0.1902864127485212 0.6145093583788528 0.1822469648319620 -0.1709963338626223 0.1793877174833278
0.9143 1.442182914726910 -0.1902232224451455 0.6135464336979908 0.1849891408904425 -0.1709133200969017 0.1795042065516499
0.9144 1.442429364345857 -0.1901599582533761 0.6125698034240219 0.1877298587353376 -0.1708301090989056 0.1796208204856680
0.9145 1.442676027593089 -0.1900966200207820 0.6115794399424993 0.1904690498562679 -0.1707466910842207 0.1797375618010828
0.9146 1.442922904873764 -0.1900332075944567 0.6105753233574993 0.1932066520304690 -0.1706630735267323 0.1798544275578137
0.9147 1.443169996594261 -0.1899697208210156 0.6095574194283833 0.1959425881929222 -0.1705792472870363 0.1799714178111002
0.9148 1.443417303162187 -0.1899061595465922 0.6085257199955654 0.1986767917444551 -0.1704952179230712 0.1800885378879289
0.9149 1.443664824986380 -0.1898425236168390 0.6074801665085376 0.2014091970873709 -0.1704109777801609 0.1802057758607319
0.915 1.443912562476914 -0.1897788128769220 0.6064207919057694 0.2041397206180775 -0.1703265370747185 0.1803231523187351
0.9151 1.444160516045108 -0.1897150271715223 0.6053475276205268 0.2068683065799554 -0.1702418909837499 0.1804406504864414
0.9152 1.444408686103524 -0.1896511663448308 0.6042603564076423 0.2095948746926765 -0.1701570342831050 0.1805582761957541
0.9153 1.444657073065982 -0.1895872302405486 0.6031592527808264 0.2123193590122802 -0.1700719691705980 0.1806760246188918
0.9154 1.444905677347556 -0.1895232187018834 0.6020441997027259 0.2150416811633164 -0.1699866895155886 0.1807939009692020
0.9155 1.445154499364585 -0.1894591315715475 0.6009151610961858 0.2177617801412989 -0.1699012050135083 0.1809118991451151
0.9156 1.445403539534674 -0.1893949686917556 0.5997721764047955 0.2204795648083861 -0.1698155110187221 0.1810300418945121
0.9157 1.445652798276704 -0.1893307299042247 0.5986151388473408 0.2231949772018878 -0.1697296056080217 0.1811482996520546
0.9158 1.445902276010836 -0.1892664150501686 0.5974440637496500 0.2259079365786684 -0.1696434817731322 0.1812666861996512
0.9159 1.446151973158514 -0.1892020239702985 0.5962589231817357 0.2286183751750614 -0.1695571456672637 0.1813851987508121
0.916 1.446401890142470 -0.1891375565048191 0.5950597185119832 0.2313262152934974 -0.1694706033157320 0.1815038471190938
0.9161 1.446652027386736 -0.1890730124934275 0.5938464018646089 0.2340313778603665 -0.1693838413329193 0.1816226207082580
0.9162 1.446902385316641 -0.1890083917753104 0.5926189635492271 0.2367337965311366 -0.1692968711899167 0.1817415220423662
0.9163 1.447152964358823 -0.1889436941891424 0.5913773895218004 0.2394333873806153 -0.1692096784540019 0.1818605576801737
0.9164 1.447403764941231 -0.1888789195730835 0.5901216391745835 0.2421300824759174 -0.1691222703306806 0.1819797179549620
0.9165 1.447654787493131 -0.1888140677647760 0.5888517114954842 0.2448238018958060 -0.1690346464276026 0.1820990084805364
0.9166 1.447906032445113 -0.1887491386013444 0.5875675721192133 0.2475144682797710 -0.1689468020743755 0.1822184281580433
0.9167 1.448157500229094 -0.1886841319193903 0.5862692244844379 0.2502020061861896 -0.1688587403297398 0.1823379816591665
0.9168 1.448409191278328 -0.1886190475549937 0.5849566175429127 0.2528863410812894 -0.1687704621522431 0.1824576588536213
0.9169 1.448661106027409 -0.1885538853437069 0.5836297697362445 0.2555673882397984 -0.1686819626669991 0.1825774739065328
0.917 1.448913244912274 -0.1884886451205547 0.5822886484123670 0.2582450715553763 -0.1685932387680447 0.1826974226109895
0.9171 1.449165608370216 -0.1884233267200326 0.5809332071028041 0.2609193209413978 -0.1685042948905651 0.1828174924265907
0.9172 1.449418196839881 -0.1883579299761013 0.5795634517542879 0.2635900516981520 -0.1684151306948978 0.1829376937625110
0.9173 1.449671010761281 -0.1882924547221868 0.5781793796279169 0.2662571786815462 -0.1683257434263378 0.1830580328087413
0.9174 1.449924050575796 -0.1882269007911788 0.5767809453258062 0.2689206320107932 -0.1682361312421759 0.1831784972308708
0.9175 1.450177316726181 -0.1881612680154262 0.5753681663941174 0.2715803271866406 -0.1681462962994475 0.1832991023226052
0.9176 1.450430809656572 -0.1880955562267360 0.5739410008158537 0.2742361821789018 -0.1680562324712928 0.1834198370443366
0.9177 1.450684529812494 -0.1880297652563711 0.5724994277161672 0.2768881233060466 -0.1679659446752416 0.1835406993539582
0.9178 1.450938477640862 -0.1879638949350463 0.5710434576148616 0.2795360644226454 -0.1678754275761323 0.1836617009448073
0.9179 1.451192653589990 -0.1878979450929278 0.5695730483541640 0.2821799221226295 -0.1677845662434440 0.1837826818862520
0.918 1.451447058109598 -0.1878319155596300 0.5680882044644590 0.2848196190250532 -0.1676937546692222 0.1839039695625020
0.9181 1.451701691650817 -0.1877658061642131 0.5665889003799053 0.2874550712262873 -0.1676025778308559 0.1840253955873838
0.9182 1.451956554666195 -0.1876996167351807 0.5650751154801945 0.2900861972357801 -0.1675111593431175 0.1841469532912443
0.9183 1.452211647609703 -0.1876333471004760 0.5635468610456121 0.2927129142574847 -0.1674195063977479 0.1842686481434578
0.9184 1.452466970936740 -0.1875669970874825 0.5620041056484779 0.2953351340318632 -0.1673276106479936 0.1843904733347569
0.9185 1.452722525104145 -0.1875005665230185 0.5604468360797449 0.2979527770397886 -0.1672354851721394 0.1845124076745033
0.9186 1.452978310570194 -0.1874340552333357 0.5588750401201810 0.3005657637484237 -0.1671431151781804 0.1846344940246902
0.9187 1.453234327794615 -0.1873674630441171 0.5572887152192304 0.3031740008238555 -0.1670505227993523 0.1847566986015251
0.9188 1.453490577238587 -0.1873007897804742 0.5556878265316845 0.3057774108545000 -0.1669576856036993 0.1848790471402134
0.9189 1.453747059364753 -0.1872340352669426 0.5540724062425562 0.3083759022533296 -0.1668646194750697 0.1850015266799190
0.919 1.454003774637222 -0.1871671993274836 0.5524424001731823 0.3109693932343418 -0.1667713093349374 0.1851241454555408
0.9191 1.454260723521575 -0.1871002817854772 0.5507978254682402 0.3135577960159139 -0.1666777758307233 0.1852468956001018
0.9192 1.454517906484878 -0.1870332824637231 0.5491386494243937 0.3161410272033184 -0.1665839856036214 0.1853697824173824
0.9193 1.454775323995679 -0.1869662011844349 0.5474648691008147 0.3187190005838376 -0.1664899689802160 0.1854927985679824
0.9194 1.455032976524022 -0.1868990377692402 0.5457764786355686 0.3212916213440380 -0.1663957172501942 0.1856159504791746
0.9195 1.455290864541447 -0.1868317920391755 0.5440734796120550 0.3238588112891807 -0.1663012068886957 0.1857392454817884
0.9196 1.455548988521006 -0.1867644638146862 0.5423558535576472 0.3264204794066035 -0.1662065119397889 0.1858626969367080
0.9197 1.455807348937260 -0.1866970529156222 0.5406235823221613 0.3289765373031260 -0.1661114850668140 0.1859862699003635
0.9198 1.456065946266292 -0.1866295591612352 0.5388766823816362 0.3315268947254384 -0.1660162523009448 0.1861099614351772
0.9199 1.456324780985709 -0.1865619823701768 0.5371151129723395 0.3340714623481978 -0.1659207748573577 0.1862337895298501
0.92 1.456583853574654 -0.1864943223604951 0.5353389085226539 0.3366101555743318 -0.1658250641986365 0.1863577725575336
0.9201 1.456843164513808 -0.1864265789496326 0.5335480345996601 0.3391428792680297 -0.1657291082456837 0.1864818851871637
0.9202 1.457102714285401 -0.1863587519544232 0.5317424888590275 0.3416695495806412 -0.1656328954589201 0.1866061326463450
0.9203 1.457362503373214 -0.1862908411910885 0.5299222615942884 0.3441900696510851 -0.1655364449466232 0.1867305260832705
0.9204 1.457622532262592 -0.1862228464752373 0.5280873557972027 0.3467043511414278 -0.1654397459171206 0.1868550581104420
0.9205 1.457882801440444 -0.1861547676218598 0.5262377741009781 0.3492123054028689 -0.1653427990806660 0.1869797280223444
0.9206 1.458143311395256 -0.1860866044453278 0.5243735011683795 0.3517138378687928 -0.1652455950244480 0.1871045378067843
0.9207 1.458404062617096 -0.1860183567593898 0.5224945336012482 0.3542088558322622 -0.1651481490109721 0.1872294863527844
0.9208 1.458665055597621 -0.1859500243771692 0.5206008837126745 0.3566972696746402 -0.1650504491636501 0.1873545817019828
0.9209 1.458926290830082 -0.1858816071111607 0.5186925227495957 0.3591789865865157 -0.1649524928218694 0.1874798117996059
0.921 1.459187768809333 -0.1858131047732273 0.5167694741043216 0.3616539142686981 -0.1648542806434596 0.1876051835354718
0.9211 1.459449490031841 -0.1857445171745999 0.5148317033622149 0.3641219513903597 -0.1647558190708632 0.1877306900141004
0.9212 1.459711454995688 -0.1856758441258699 0.5128792586532340 0.3665830172900517 -0.1646571002905200 0.1878563502599491
0.9213 1.459973664200581 -0.1856070854369906 0.5109121026863901 0.3690370087779415 -0.1645581282362937 0.1879821493879693
0.9214 1.460236118147861 -0.1855382409172712 0.5089302480677222 0.3714838338920000 -0.1644588926827493 0.1881080844047115
0.9215 1.460498817340507 -0.1854693103753770 0.5069336784942625 0.3739233974486828 -0.1643594075701835 0.1882341628989685
0.9216 1.460761762283146 -0.1854002936193228 0.5049223994652349 0.3763556043816391 -0.1642596579755809 0.1883603801951816
0.9217 1.461024953482058 -0.1853311904564717 0.5028964399421826 0.3787803607735647 -0.1641596461948207 0.1884867460824926
0.9218 1.461288391445184 -0.1852620006935325 0.5008557721682454 0.3811975658717659 -0.1640593778584108 0.1886132515318787
0.9219 1.461552076682138 -0.1851927241365565 0.4988004039338264 0.3836071285006288 -0.1639588444433973 0.1887398925956209
0.922 1.461816009704207 -0.1851233605909337 0.4967303502325823 0.3860089511003041 -0.1638580487376101 0.1888666841118598
0.9221 1.462080191024367 -0.1850539098613907 0.4946456063092610 0.3884029335642664 -0.1637569908657405 0.1889936199391078
0.9222 1.462344621157281 -0.1849843717519859 0.4925461793758569 0.3907889792083494 -0.1636556604896366 0.1891206975744472
0.9223 1.462609300619316 -0.1849147460661090 0.4904320709779143 0.3931669984743741 -0.1635540768207938 0.1892479286747334
0.9224 1.462874229928546 -0.1848450326064762 0.4883032716095218 0.3955368796795093 -0.1634522131099680 0.1893752857538729
0.9225 1.463139409604759 -0.1847752311751266 0.4861598318847930 0.3978985378097773 -0.1633500915827926 0.1895028033461196
0.9226 1.463404840169469 -0.1847053415734210 0.4840017043968920 0.4002518628902202 -0.1632477013609421 0.1896304575333707
0.9227 1.463670522145919 -0.1846353636020364 0.4818289282342048 0.4025967651923947 -0.1631450383811008 0.1897582578993323
0.9228 1.463936456059093 -0.1845652970609646 0.4796415071676774 0.4049331407348950 -0.1630421056313657 0.1898862028862021
0.9229 1.464202642435722 -0.1844951417495082 0.4774394482788687 0.4072608868306520 -0.1629389021972051 0.1900142974048234
0.923 1.464469081804289 -0.1844248974662776 0.4752227459394591 0.4095799120934296 -0.1628354262965373 0.1901425330446104
0.9231 1.464735774695047 -0.1843545640091873 0.4729914229476227 0.4118901041665128 -0.1627316266123157 0.1902709134981673
0.9232 1.465002721640016 -0.1842841411754543 0.4707454613062275 0.4141913624016028 -0.1626276538292019 0.1903994462980422
0.9233 1.465269923172994 -0.1842136287615911 0.4684849302121742 0.4164836034901485 -0.1625233549590816 0.1905281244679207
0.9234 1.465537379829572 -0.1841430265634068 0.4662098152785675 0.4187667127530055 -0.1624187755489449 0.1906569536876834
0.9235 1.465805092147136 -0.1840723343760020 0.4639200725321825 0.4210405819234177 -0.1623139188211848 0.1907859102567407
0.9236 1.466073060664872 -0.1840015519937630 0.4616157900199394 0.4233051221253163 -0.1622087860776054 0.1909150257528105
0.9237 1.466341285923785 -0.1839306792103631 0.4592969451937867 0.4255602221630863 -0.1621033747627063 0.1910442858379974
0.9238 1.466609768466698 -0.1838597158187555 0.4569635625756103 0.4278057860098508 -0.1619976786610154 0.1911736952611544
0.9239 1.466878508838265 -0.1837886616111712 0.4546156492268367 0.4300417042802950 -0.1618917018194632 0.1913032544859267
0.924 1.467147507584978 -0.1837175163791167 0.4522532130609621 0.4322678765358012 -0.1617854463544525 0.1914329581824922
0.9241 1.467416765255176 -0.1836462799133673 0.4498762999384328 0.4344842009495265 -0.1616789089034443 0.1915628217770781
0.9242 1.467686282399054 -0.1835749520039680 0.4474848704853537 0.4366905664188795 -0.1615720829213010 0.1916928178135643
0.9243 1.467956059568671 -0.1835035324402266 0.4450789796824487 0.4388868731616922 -0.1614649703845626 0.1918229651980305
0.9244 1.468226097317960 -0.1834320210107106 0.4426586559046730 0.4410730160135753 -0.1613575748335651 0.1919532720748888
0.9245 1.468496396202732 -0.1833604175032460 0.4402238818512425 0.4432488909393500 -0.1612498884654869 0.1920837189878843
0.9246 1.468766956780695 -0.1832887217049108 0.4377747117497735 0.4454143941775510 -0.1611419148451838 0.1922143231451209
0.9247 1.469037779611451 -0.1832169334020335 0.4353111488124157 0.4475694207058099 -0.1610336555534764 0.1923450781114849
0.9248 1.469308865256514 -0.1831450523801892 0.4328331896101726 0.4497138482858928 -0.1609250948396361 0.1924759734398116
0.9249 1.469580214279314 -0.1830730784241944 0.4303408891437245 0.4518475907230873 -0.1608162486367034 0.1926070268288533
0.925 1.469851827245208 -0.1830010113181050 0.4278342655874912 0.4539705386033754 -0.1607071095671083 0.1927382339120685
0.9251 1.470123704721489 -0.1829288508452128 0.4253133132346981 0.4560825725536782 -0.1605976740742670 0.1928695877418070
0.9252 1.470395847277393 -0.1828565967880401 0.4227780805449422 0.4581835964757222 -0.1604879413460226 0.1930010925524316
0.9253 1.470668255484113 -0.1827842489283379 0.4202285744786018 0.4602734945129171 -0.1603779133962323 0.1931327468318968
0.9254 1.470940929914803 -0.1827118070470809 0.4176648242995698 0.4623521662942251 -0.1602675894857733 0.1932645527286429
0.9255 1.471213871144590 -0.1826392709244640 0.4150868734888447 0.4644195041713576 -0.1601569644483844 0.1933965177466175
0.9256 1.471487079750586 -0.1825666403398991 0.4124947070349000 0.4664753896804149 -0.1600460407208112 0.1935286251797425
0.9257 1.471760556311890 -0.1824939150720110 0.4098883981715961 0.4685197281297441 -0.1599348197754384 0.1936608956170314
0.9258 1.472034301409605 -0.1824210948986327 0.4072679467323833 0.4705524009665308 -0.1598232932850196 0.1937933161900275
0.9259 1.472308315626845 -0.1823481795968033 0.4046333791200764 0.4725732994631842 -0.1597114625913631 0.1939258874967530
0.926 1.472582599548743 -0.1822751689427624 0.4019847244365170 0.4745823138008895 -0.1595993270501714 0.1940586102970491
0.9261 1.472857153762462 -0.1822020627119478 0.3993220200161391 0.4765793353993400 -0.1594868874645750 0.1941914911237121
0.9262 1.473131978857202 -0.1821288606789890 0.3966453030385004 0.4785642607636797 -0.1593741446369874 0.1943245294088918
0.9263 1.473407075424219 -0.1820555626177075 0.3939545853146123 0.4805369721309599 -0.1592610869171906 0.1944577175483364
0.9264 1.473682444056823 -0.1819821683011082 0.3912498895293388 0.4824973524861766 -0.1591477201378662 0.1945910541145115
0.9265 1.473958085350395 -0.1819086775013792 0.3885312801656124 0.4844453071248640 -0.1590340458222218 0.1947245519545608
0.9266 1.474233999902395 -0.1818350899898840 0.3857987692011377 0.4863807113446511 -0.1589200655447342 0.1948582073608242
0.9267 1.474510188312373 -0.1817614055371619 0.3830523847236016 0.4883034535549918 -0.1588057645835712 0.1949920086169787
0.9268 1.474786651181977 -0.1816876239129195 0.3802921816311011 0.4902134292314322 -0.1586911572902773 0.1951259743833753
0.9269 1.475063389114965 -0.1816137448860305 0.3775181932892886 0.4921105318690077 -0.1585762311000294 0.1952600978739354
0.927 1.475340402717218 -0.1815397682245295 0.3747304301012995 0.4939946308249606 -0.1584609863503702 0.1953943684849603
0.9271 1.475617692596741 -0.1814656936956065 0.3719289487243029 0.4958656273970134 -0.1583454274062874 0.1955287994154729
0.9272 1.475895259363684 -0.1813915210656066 0.3691137805169149 0.4977234041076382 -0.1582295503283140 0.1956633882571963
0.9273 1.476173103630347 -0.1813172501000219 0.3662849745891358 0.4995678488166980 -0.1581133531093345 0.1957981343439211
0.9274 1.476451226011190 -0.1812428805634896 0.3634425555197995 0.5013988466260986 -0.1579968292491075 0.1959330330930152
0.9275 1.476729627122847 -0.1811684122197873 0.3605865740487808 0.5032162866547559 -0.1578799905225933 0.1960680936922270
0.9276 1.477008307584132 -0.1810938448318286 0.3577170603367392 0.5050200513318965 -0.1577628231436469 0.1962033081061108
0.9277 1.477287268016056 -0.1810191781616579 0.3548340589791203 0.5068100277044608 -0.1576453332792380 0.1963386798426044
0.9278 1.477566509041830 -0.1809444119704475 0.3519376296677938 0.5085861136131353 -0.1575275218312217 0.1964742165509512
0.9279 1.477846031286882 -0.1808695460184928 0.3490278014904123 0.5103481811635412 -0.1574093794409383 0.1966099099294379
0.928 1.478125835378867 -0.1807945800652080 0.3461046160620156 0.5120961182822303 -0.1572909069856956 0.1967457609527283
0.9281 1.478405921947673 -0.1807195138691198 0.3431681180248503 0.5138298070969807 -0.1571721056504419 0.1968817695220127
0.9282 1.478686291625438 -0.1806443471878668 0.3402183478939631 0.5155491361615083 -0.1570529797473016 0.1970179359349511
0.9283 1.478966945046559 -0.1805690797781909 0.3372553828319478 0.5172539967587831 -0.1569335114990365 0.1971542667887803
0.9284 1.479247882847703 -0.1804937113959363 0.3342792428083738 0.5189442650452831 -0.1568137125199803 0.1972907571158551
0.9285 1.479529105667816 -0.1804182417960418 0.3312899813348396 0.5206198291253386 -0.1566935816113396 0.1974274084185015
0.9286 1.479810614148141 -0.1803426707325398 0.3282876433834562 0.5222805650155358 -0.1565731158276893 0.1975642172883814
0.9287 1.480092408932220 -0.1802669979585477 0.3252722923768045 0.5239263670863775 -0.1564523074220269 0.1977011860610598
0.9288 1.480374490665914 -0.1801912232262667 0.3222439680088351 0.5255571109087958 -0.1563311629562720 0.1978383160648268
0.9289 1.480656859997409 -0.1801153462869752 0.3192027385532792 0.5271726933130664 -0.1562096812086997 0.1979756137355396
0.929 1.480939517577230 -0.1800393668910251 0.3161486241680405 0.5287729779510939 -0.1560878537021636 0.1981130624748633
0.9291 1.481222464058252 -0.1799632847878360 0.3130817102279185 0.5303578642214450 -0.1559656831306759 0.1982506750952174
0.9292 1.481505700095712 -0.1798870997258919 0.3100020438547773 0.5319272270431100 -0.1558431709709775 0.1983884542991082
0.9293 1.481789226347222 -0.1798108114527354 0.3069096733021639 0.5334809532264158 -0.1557203155903903 0.1985263935125522
0.9294 1.482073043472778 -0.1797344197149631 0.3038046614315177 0.5350189235112500 -0.1555971075100748 0.1986644932579704
0.9295 1.482357152134774 -0.1796579242582213 0.3006870670064364 0.5365410223233079 -0.1554735541233759 0.1988027572157787
0.9296 1.482641552998014 -0.1795813248271998 0.2975569560458673 0.5380471371282108 -0.1553496528946673 0.1989411901850754
0.9297 1.482926246729725 -0.1795046211656294 0.2944143668216255 0.5395371399830891 -0.1552253939818854 0.1990797777748610
0.9298 1.483211233999564 -0.1794278130162731 0.2912593934451799 0.5410109266278999 -0.1551007907299799 0.1992185407123768
0.9299 1.483496515479641 -0.1793509001209269 0.2880920402630088 0.5424683535152319 -0.1549758296311267 0.1993574511700103
0.93 1.483782091844519 -0.1792738822204082 0.2849124312439907 0.5439093285563736 -0.1548505161673275 0.1994965382749129
0.9301 1.484067963771233 -0.1791967590545562 0.2817205950760986 0.5453337237836237 -0.1547248434765792 0.1996357833064063
0.9302 1.484354131939304 -0.1791195303622234 0.2785166132885560 0.5467414208568055 -0.1545988162820811 0.1997751994085236
0.9303 1.484640597030748 -0.1790421958812725 0.2753005460475498 0.5481323096148401 -0.1544724277264174 0.1999147795779374
0.9304 1.484927359730091 -0.1789647553485706 0.2720724444912204 0.5495062496207774 -0.1543456792505894 0.2000545212705737
0.9305 1.485214420724378 -0.1788872084999835 0.2688323975147683 0.5508631466246415 -0.1542185650665810 0.2001944293549883
0.9306 1.485501780703191 -0.1788095550703713 0.2655804503714951 0.5522028596776030 -0.1540910912736505 0.2003344973768621
0.9307 1.485789440358660 -0.1787317947935827 0.2623167069948826 0.5535252952379841 -0.1539632495943231 0.2004747392827885
0.9308 1.486077400385474 -0.1786539274024504 0.2590412171026258 0.5548303218964939 -0.1538350474330325 0.2006151522812361
0.9309 1.486365661480897 -0.1785759526287854 0.2557540334964983 0.5561178098269375 -0.1537064695098820 0.2007557158572487
0.931 1.486654224344779 -0.1784978702033704 0.2524552791944711 0.5573876658667648 -0.1535775255110809 0.2008964636179282
0.9311 1.486943089679570 -0.1784196798559576 0.2491449770436228 0.5586397430079978 -0.1534482073096294 0.2010373666509413
0.9312 1.487232258190335 -0.1783413813152599 0.2458232323494217 0.5598739431729917 -0.1533185239897347 0.2011784452010374
0.9313 1.487521730584766 -0.1782629743089477 0.2424901002946480 0.5610901284975807 -0.1531884604079149 0.2013196829639699
0.9314 1.487811507573192 -0.1781844585636417 0.2391456678329697 0.5622881932499661 -0.1530580261166059 0.2014610920035203
0.9315 1.488101589868602 -0.1781058338049097 0.2357900275792449 0.5634680261931983 -0.1529272125616424 0.2016026739413921
0.9316 1.488391978186649 -0.1780270997572588 0.2324232500085141 0.5646294953646547 -0.1527960210442225 0.2017444287786793
0.9317 1.488682673245670 -0.1779482561441312 0.2290453895557213 0.5657724710642866 -0.1526659813951179 0.2018868332049335
0.9318 1.488973675766695 -0.1778693026878977 0.2256565597020745 0.5668968556390697 -0.1525331061521120 0.2020294847963714
0.9319 1.489264986473465 -0.1777902391098523 0.2222568374626619 0.5680025268657682 -0.1524003593282590 0.2021717479376733
0.932 1.489556606092448 -0.1777110651302083 0.2188462780590031 0.5690893446044550 -0.1522673133875319 0.2023140566926819
0.9321 1.489848535352844 -0.1776317804680884 0.2154249938028844 0.5701572057433285 -0.1521339719779344 0.2024564715256226
0.9322 1.490140774986609 -0.1775523848415225 0.2119930817559913 0.5712060022056868 -0.1520003285281171 0.2025990388440775
0.9323 1.490433325728468 -0.1774728779674434 0.2085505924600584 0.5722355906566039 -0.1518658570698524 0.2027421142447092
0.9324 1.490726188315922 -0.1773932595616738 0.2050976389430764 0.5732458652855472 -0.1517316935259922 0.2028846595493210
0.9325 1.491019363489272 -0.1773135293389284 0.2016343048543328 0.5742367046189534 -0.1515972820806152 0.2030278318753876
0.9326 1.491312851991625 -0.1772336870128035 0.1981606711655880 0.5752079932715479 -0.1514622312224912 0.2031712783122138
0.9327 1.491606654568917 -0.1771537322957720 0.1946768445136530 0.5761596056914966 -0.1513268635062167 0.2033147317156131
0.9328 1.491900771969923 -0.1770736648991773 0.1911829124466139 0.5770914292058629 -0.1511910828571797 0.2034585729057248
0.9329 1.492195204946274 -0.1769934845332292 0.1876789523502002 0.5780033299597179 -0.1510548326984533 0.2036025155364524
0.933 1.492489954252469 -0.1769131909069941 0.1841650845519082 0.5788952104733322 -0.1509182699158988 0.2037465509373857
0.9331 1.492785020645894 -0.1768327837283914 0.1806413760648040 0.5797669244694560 -0.1507812094646649 0.2038908480228737
0.9332 1.493080404886833 -0.1767522627041862 0.1771079687789415 0.5806183980924393 -0.1506437866379114 0.2040353907870543
0.9333 1.493376107738491 -0.1766716275399858 0.1735649192711086 0.5814494739089397 -0.1505059232855640 0.2041800480560139
0.9334 1.493672129967000 -0.1765908779402289 0.1700123483909975 0.5822600511777311 -0.1503677068061713 0.2043247572669592
0.9335 1.493968472341440 -0.1765100136081834 0.1664503353844934 0.5830499900626292 -0.1502290447748653 0.2044698103273856
0.9336 1.494265135633856 -0.1764290342459373 0.1628789983327001 0.5838191924248780 -0.1500899477735657 0.2046149810637952
0.9337 1.494562120619268 -0.1763479395543932 0.1592984518616585 0.5845675426770112 -0.1499504414188416 0.2047603359199024
0.9338 1.494859428075693 -0.1762667292332633 0.1557087773448884 0.5852949096090505 -0.1498106000595575 0.2049058181402513
0.9339 1.495157058784159 -0.1761854029810608 0.1521100895091070 0.5860011818609445 -0.1496702632395060 0.2050515160015464
0.934 1.495455013528719 -0.1761039604950937 0.1485024941479290 0.5866862380303546 -0.1495295074139415 0.2051973859941871
0.9341 1.495753293096468 -0.1760224014714605 0.1448860990813820 0.5873499645073958 -0.1493883358687708 0.2053434311192270
0.9342 1.496051898277564 -0.1759407256050399 0.1412610107855536 0.5879922328941154 -0.1492467320185074 0.2054896925643194
0.9343 1.496350829865236 -0.1758589325894868 0.1376273528903140 0.5886129506952342 -0.1491047984949974 0.2056360358658688
0.9344 1.496650088655808 -0.1757770221172250 0.1339852348725860 0.5892119886004767 -0.1489623600524440 0.2057826176249656
0.9345 1.496949675448715 -0.1756949938794406 0.1303347574511898 0.5897892244420343 -0.1488194930040518 0.2059293689408883
0.9346 1.497249591046514 -0.1756128475660752 0.1266760396720943 0.5903445379760565 -0.1486761944177681 0.2060762950661898
0.9347 1.497549836254906 -0.1755305828658177 0.1230091901173738 0.5908778125625817 -0.1485324519608400 0.2062234291237670
0.9348 1.497850411882753 -0.1754481994660994 0.1193343386961687 0.5913889517474484 -0.1483882966256231 0.2063707113734286
0.9349 1.498151318742093 -0.1753656970530855 0.1156515948100992 0.5918778172542424 -0.1482437054163428 0.2065181662040255
0.935 1.498452557648158 -0.1752830753116691 0.1119610886416719 0.5923443125045351 -0.1480987644372077 0.2066657770413955
0.9351 1.498754129419391 -0.1752003339254639 0.1082629294872918 0.5927883086277661 -0.1479532985835157 0.2068135868927923
0.9352 1.499056034877467 -0.1751174725767970 0.1045572406584301 0.5932096865877106 -0.1478073927193058 0.2069615741892530
0.9353 1.499358274847305 -0.1750344909467015 0.1008441633715642 0.5936083589732537 -0.1476610298455005 0.2071097757459948
0.9354 1.499660850157088 -0.1749513887149092 0.09712380064309040 0.5939841824656726 -0.1475142450040886 0.2072581255478908
0.9355 1.499963761638287 -0.1748681655598456 0.09339628098560270 0.5943370507884767 -0.1473670143574961 0.2074066520307937
0.9356 1.500267010125667 -0.1747848211586192 0.08966174068813110 0.5946668563206979 -0.1472193359203157 0.2075553586803872
0.9357 1.500570596457315 -0.1747013551870158 0.08592029397955280 0.5949734704125886 -0.1470712872706904 0.2077042313129609
0.9358 1.500874521474654 -0.1746177673194910 0.08217209160395920 0.5952567969867650 -0.1469227079813979 0.2078532963260912
0.9359 1.501178786022462 -0.1745340572291626 0.07841725064215812 0.5955167168593717 -0.1467736590705687 0.2080025614609819
0.936 1.501483390948894 -0.1744502245878049 0.07465590107664188 0.5957531181117717 -0.1466241810678986 0.2081519883107820
0.9361 1.501788337105493 -0.1743662690658372 0.07088819619812902 0.5959658944075552 -0.1464742397227438 0.2083015955614823
0.9362 1.502093625347216 -0.1742821903323201 0.06711425103526791 0.5961549170650033 -0.1463238429595919 0.2084513814220365
0.9363 1.502399256532451 -0.1741979880549454 0.06333421178778485 0.5963200944462025 -0.1461729868586030 0.2086013513603871
0.9364 1.502705231523034 -0.1741136619000301 0.05954820411444361 0.5964612943012253 -0.1460216673635465 0.2087514933653691
0.9365 1.503011551184269 -0.1740292115325061 0.05575638911550604 0.5965784251884081 -0.1458699478268077 0.2089018300568787
0.9366 1.503318216384949 -0.1739446366159157 0.05195889342043428 0.5966713690607531 -0.1457176998049003 0.2090523426913265
0.9367 1.503625227997375 -0.1738599368124009 0.04815586496310814 0.5967400228933775 -0.1455649618911223 0.2092030487790230
0.9368 1.503932586897374 -0.1737751117826972 0.04434744368974208 0.5967842708287724 -0.1454117734697474 0.2093539216839327
0.9369 1.504240293964321 -0.1736901611861250 0.04053376884539542 0.5968039957442850 -0.1452581155348388 0.2095049790560460
0.937 1.504548350081155 -0.1736050846805807 0.03671500043018980 0.5967991060356934 -0.1451039778669791 0.2096562161993651
0.9371 1.504856756134406 -0.1735198819225303 0.03289128042526632 0.5967694899725964 -0.1449493714028664 0.2098076447159176
0.9372 1.505165513014207 -0.1734345525670001 0.02906275517780499 0.5967150317298894 -0.1447942823255794 0.2099592462813027
0.9373 1.505474621614319 -0.1733490962675676 0.02522957810010518 0.5966356310578043 -0.1446387136084456 0.2101110346061268
0.9374 1.505784082832155 -0.1732635126763561 0.02139190455161994 0.5965311833555065 -0.1444826634318784 0.2102630108122161
0.9375 1.506093897568790 -0.1731778014440234 0.01754988284023493 0.5964015807019067 -0.1443261604320235 0.2104151880678420
0.9376 1.506404066728992 -0.1730919622197535 0.01370367573042836 0.5962467268326246 -0.1441691401941328 0.2105675350739573
0.9377 1.506714591221240 -0.1730059946512519 0.009853425565790800 0.5960664968622755 -0.1440116297951077 0.2107200575223152
0.9378 1.507025471957741 -0.1729198983847319 0.005999305667354626 0.5958608059325452 -0.1438536257956032 0.2108727673201198
0.9379 1.507336709854456 -0.1728336730649083 0.002141465396986425 0.5956295387533061 -0.1436951276077613 0.2110256590414542
0.938 1.507648305831122 -0.1727473183349910 -0.001719936091397867 0.5953725889354483 -0.1435361409182966 0.2111787378376123
0.9381 1.507960260811267 -0.1726608338366713 -0.005584718818304108 0.5950898847692851 -0.1433766509912767 0.2113320070964253
0.9382 1.508272575722239 -0.1725742192101178 -0.009452744116408561 0.5947812774593260 -0.1432166604579487 0.2114854470569171
0.9383 1.508585251495225 -0.1724874740939645 -0.01332382204861360 0.5944467150340460 -0.1430561713515587 0.2116390870016492
0.9384 1.508898289065272 -0.1724005981253043 -0.01719780420452849 0.5940860626902086 -0.1428951796753198 0.2117929090861121
0.9385 1.509211689371311 -0.1723135909396769 -0.02107451432376775 0.5936992406291522 -0.1427337048017238 0.2119469461217401
0.9386 1.509525453356177 -0.1722264521710619 -0.02495378045215116 0.5932861430666324 -0.1425716985878858 0.2121011474640463
0.9387 1.509839581966637 -0.1721391814518715 -0.02883544336775601 0.5928466535844454 -0.1424091755226059 0.2122555178426742
0.9388 1.510154076153404 -0.1720517784129356 -0.03271931695105224 0.5923807100603506 -0.1422461412418373 0.2124100846936556
0.9389 1.510468936871165 -0.1719642426834983 -0.03660523228659451 0.5918881953745214 -0.1420825940946004 0.2125648417990068
0.939 1.510784165078609 -0.1718765738912059 -0.04049301085155968 0.5913690250278206 -0.1419185319007111 0.2127197905908836
0.9391 1.511099761738438 -0.1717887716620971 -0.04438248324181046 0.5908230784070446 -0.1417539434634312 0.2128749128647636
0.9392 1.511415727817402 -0.1717008356205957 -0.04827346659617687 0.5902502774940730 -0.1415888273520870 0.2130302181319310
0.9393 1.511732064286314 -0.1716127653894979 -0.05216577102330467 0.5896505462103860 -0.1414231957332002 0.2131857307248519
0.9394 1.512048772120080 -0.1715245605899658 -0.05605922431899105 0.5890237843889091 -0.1412570363846191 0.2133414267055572
0.9395 1.512365852297721 -0.1714362208415157 -0.05995364715236184 0.5883698767036365 -0.1410903453481332 0.2134973045342597
0.9396 1.512683305802396 -0.1713477457620098 -0.06384884987548006 0.5876887426724363 -0.1409231380616686 0.2136533944321938
0.9397 1.513001133621421 -0.1712591349676428 -0.06774463200132335 0.5869803321317619 -0.1407553819148701 0.2138096618858631
0.9398 1.513319336746309 -0.1711703880729399 -0.07164083209070496 0.5862444982225552 -0.1405870918095606 0.2139661116985482
0.9399 1.513637916172777 -0.1710815046907362 -0.07553724516406160 0.5854811740466247 -0.1404182620002430 0.2141227489059907
0.94 1.513956872900782 -0.1709924844321745 -0.07943368083627142 0.5846902805936700 -0.1402488860609555 0.2142795729359982
0.9401 1.514276207934542 -0.1709033269066938 -0.08332994919742751 0.5838717214526900 -0.1400789689635704 0.2144365863337385
0.9402 1.514595922282559 -0.1708140317220157 -0.08722585558086130 0.5830254256779154 -0.1399085060785385 0.2145937916835905
0.9403 1.514916016957652 -0.1707245984841385 -0.09112120723287010 0.5821512927050527 -0.1397374939000387 0.2147511868793454
0.9404 1.515236492976974 -0.1706350267973228 -0.09501579733908970 0.5812492525352250 -0.1395659270970945 0.2149087703343712
0.9405 1.515557351362041 -0.1705453162640838 -0.09890943201005270 0.5803192227140044 -0.1393938084192044 0.2150665500536320
0.9406 1.515878593138762 -0.1704554664851813 -0.1028019182208611 0.5793611020281856 -0.1392211339416724 0.2152245165341024
0.9407 1.516200219337458 -0.1703654770596055 -0.1066930510830941 0.5783748244544297 -0.1390479107155195 0.2153826981228173
0.9408 1.516522230992893 -0.1702753475845696 -0.1105826142601694 0.5773603299473814 -0.1388741134687837 0.2155410481897188
0.9409 1.516844629144299 -0.1701850776554984 -0.1144704210138624 0.5763175010565532 -0.1386997556230485 0.2156995873541512
0.941 1.517167414835406 -0.1700946668660167 -0.1183562541060758 0.5752462922699618 -0.1385248290448347 0.2158583178130892
0.9411 1.517490589114461 -0.1700041148079374 -0.1222399125865439 0.5741465998568066 -0.1383493329918584 0.2160172335594986
0.9412 1.517814153034264 -0.1699134210712536 -0.1261211783008739 0.5730183743701817 -0.1381732598718554 0.2161763398336835
0.9413 1.518138107652189 -0.1698225852441237 -0.1299998363645556 0.5718615685962494 -0.1379966195322956 0.2163356590810939
0.9414 1.518462454030219 -0.1697316069128649 -0.1338756906561751 0.5706760403108001 -0.1378194018198731 0.2164951561866320
0.9415 1.518787193234963 -0.1696404856619354 -0.1377485072297047 0.5694617711081913 -0.1376415965827881 0.2166548339619716
0.9416 1.519112326337695 -0.1695492210739298 -0.1416180910253862 0.5682186586646703 -0.1374632241502356 0.2168147143611143
0.9417 1.519437854414375 -0.1694578127295634 -0.1454842050975820 0.5669466607615229 -0.1372842583928581 0.2169747896822056
0.9418 1.519763778545680 -0.1693662602076611 -0.1493466457950282 0.5656456895125387 -0.1371047043918412 0.2171350593951818
0.9419 1.520090099817030 -0.1692745630851469 -0.1532051775867811 0.5643157105782634 -0.1369245625890258 0.2172955488054296
0.942 1.520416819318626 -0.1691827209370333 -0.1570595857289041 0.5629566284550376 -0.1367438220955856 0.2174562042420437
0.9421 1.520743938145467 -0.1690907333364053 -0.1609096504840781 0.5615683805793735 -0.1365624852070012 0.2176170510244535
0.9422 1.521071457397386 -0.1689985998544125 -0.1647551360351403 0.5601509370797541 -0.1363805503711637 0.2177780975444332
0.9423 1.521399378179078 -0.1689063200602557 -0.1685958273679494 0.5587041800584931 -0.1361980088574996 0.2179393192533897
0.9424 1.521727701600131 -0.1688138935211739 -0.1724314888503448 0.5572280858189961 -0.1360148651128273 0.2181007407656705
0.9425 1.522056428775055 -0.1687213198024330 -0.1762618856829277 0.5557226316951628 -0.1358311154320817 0.2182623738395393
0.9426 1.522385560823315 -0.1686285984673146 -0.1800867945039384 0.5541876926112511 -0.1356467540889349 0.2184241845392145
0.9427 1.522715098869353 -0.1685357290771008 -0.1839059758399727 0.5526232419463791 -0.1354617783721963 0.2185861862014858
0.9428 1.523045044042631 -0.1684427111910637 -0.1877191974120495 0.5510292666808679 -0.1352761909715523 0.2187483990010595
0.9429 1.523375397477654 -0.1683495443664532 -0.1915262225647225 0.5494056479662259 -0.1350899796122012 0.2189107920980804
0.943 1.523706160314001 -0.1682562281584824 -0.1953268139686421 0.5477523702722868 -0.1349031484077451 0.2190733832472173
0.9431 1.524037333696363 -0.1681627621203171 -0.1991207286763843 0.5460693782286002 -0.1347156914338419 0.2192361685316418
0.9432 1.524368918774564 -0.1680691458030597 -0.2029077257630294 0.5443566371170290 -0.1345276036845249 0.2193991716100565
0.9433 1.524700916703606 -0.1679753787557400 -0.2066875618384123 0.5426140920415619 -0.1343388873466185 0.2195623523385675
0.9434 1.525033328643690 -0.1678814605252996 -0.2104600010253210 0.5408416924514258 -0.1341495394601133 0.2197257248544593
0.9435 1.525366155760257 -0.1677873906565784 -0.2142247840945849 0.5390393950713662 -0.1339595522062295 0.2198892882712653
0.9436 1.525699399224013 -0.1676931686923036 -0.2179816744654608 0.5372071603122515 -0.1337689259325343 0.2200530484020685
0.9437 1.526033060210970 -0.1675987941730733 -0.2217304133747936 0.5353449650810082 -0.1335776544712626 0.2202170058633923
0.9438 1.526367139902472 -0.1675042666373463 -0.2254707575136683 0.5334527603029757 -0.1333857395231880 0.2203811600548305
0.9439 1.526701639485233 -0.1674095856214242 -0.2292024466298970 0.5315305035462726 -0.1331931713879330 0.2205455093865487
0.944 1.527036560151371 -0.1673147506594428 -0.2329252356238613 0.5295781690419900 -0.1329999538564762 0.2207100494128199
0.9441 1.527371903098442 -0.1672197612833533 -0.2366388621314032 0.5275957225881857 -0.1328060790672994 0.2208747901487693
0.9442 1.527707669529466 -0.1671246170229108 -0.2403430751778340 0.5255831400356793 -0.1326115473619990 0.2210397241367031
0.9443 1.528043860652979 -0.1670293174056607 -0.2440376102157929 0.5235403893407473 -0.1324163534616715 0.2212048579171828
0.9444 1.528380477683051 -0.1669338619569230 -0.2477222103228706 0.5214674305884842 -0.1322204891545055 0.2213701977092262
0.9445 1.528717521839332 -0.1668382501997787 -0.2513966121387108 0.5193642663344824 -0.1320239609782680 0.2215357260610588
0.9446 1.529054994347083 -0.1667424816550557 -0.2550605531408072 0.5172308332135862 -0.1318267613780225 0.2217014375236651
0.9447 1.529392896437207 -0.1666465558413119 -0.2587137672869782 0.5150671667076038 -0.1316293687883875 0.2218672675886434
0.9448 1.529731229346302 -0.1665504722748251 -0.2623559885092559 0.5128732088304125 -0.1314305381334494 0.2220337205373957
0.9449 1.530069994316676 -0.1664542304695735 -0.2659869540563292 0.5106489255858619 -0.1312311206070993 0.2222000239480751
0.945 1.530409192596396 -0.1663578299372225 -0.2696063864486329 0.5083943579349527 -0.1310311379494996 0.2223665032434976
0.9451 1.530748825439329 -0.1662612701871113 -0.2732140219299617 0.5061094347665776 -0.1308304880356428 0.2225331600293022
0.9452 1.531088894105166 -0.1661645507262352 -0.2768095802789842 0.5037941738639619 -0.1306291861991804 0.2227000564597097
0.9453 1.531429399859467 -0.1660676710592300 -0.2803927954457533 0.5014485980897559 -0.1304271678276419 0.2228671172923459
0.9454 1.531770343973705 -0.1659706306883617 -0.2839633849533871 0.4990726471871185 -0.1302244602978506 0.2230344251875615
0.9455 1.532111727725293 -0.1658734291135032 -0.2875210770518552 0.4966663153698432 -0.1300210512848103 0.2232018486878402
0.9456 1.532453552397627 -0.1657760658321239 -0.2910655936889043 0.4942296510478506 -0.1298169597788312 0.2233695336258152
0.9457 1.532795819280130 -0.1656785403392729 -0.2945966484905416 0.4917625973124606 -0.1296121465975078 0.2235373831962326
0.9458 1.533138529668282 -0.1655808521275613 -0.2981139647235981 0.4892652114653032 -0.1294066239275857 0.2237054650335114
0.9459 1.533481684863667 -0.1654830006871494 -0.3016172599822797 0.4867374590530840 -0.1292003897676938 0.2238737417709674
0.946 1.533825286174008 -0.1653849855057254 -0.3051062489805974 0.4841793616429804 -0.1289934432226960 0.2240421873662413
0.9461 1.534169334913214 -0.1652868060684952 -0.3085806467054177 0.4815909065973639 -0.1287857658782604 0.2242108500796738
0.9462 1.534513832401408 -0.1651884618581601 -0.3120401645079109 0.4789721484226510 -0.1285773610253772 0.2243797247484757
0.9463 1.534858779964983 -0.1650899523549047 -0.3154845150262524 0.4763230663513165 -0.1283682267888874 0.2245487899024780
0.9464 1.535204178936634 -0.1649912770363764 -0.3189134047229418 0.4736436867443216 -0.1281583801701366 0.2247180297507797
0.9465 1.535550030655401 -0.1648924353776723 -0.3223265461958105 0.4709340101445912 -0.1279477642684658 0.2248874898149129
0.9466 1.535896336466710 -0.1647934268513179 -0.3257236475028543 0.4681940891520120 -0.1277364156896493 0.2250571446942993
0.9467 1.536243097722421 -0.1646942509272530 -0.3291044119985242 0.4654239329314334 -0.1275243131890308 0.2252269879156255
0.9468 1.536590315780862 -0.1645949070728134 -0.3324685446486458 0.4626235624939639 -0.1273114946336468 0.2253970191565927
0.9469 1.536937992006881 -0.1644953947527130 -0.3358157435920673 0.4597930059096203 -0.1270978957491589 0.2255672724919884
0.947 1.537286127771881 -0.1643957134290264 -0.3391457172714397 0.4569323019862147 -0.1268835466452513 0.2257377179740372
0.9471 1.537634724453870 -0.1642958625611713 -0.3424581662499637 0.4540414920775127 -0.1266684404836253 0.2259083616473298
0.9472 1.537983783437501 -0.1641958416058898 -0.3457527845638260 0.4511205848195398 -0.1264525664632012 0.2260791967004046
0.9473 1.538333306114121 -0.1640956500172318 -0.3490292688800168 0.4481696326589486 -0.1262359434637871 0.2262502124011169
0.9474 1.538683293881811 -0.1639952872465338 -0.3522873217555713 0.4451886854731420 -0.1260185314302566 0.2264214398831428
0.9475 1.539033748145434 -0.1638947527424037 -0.3555266360912988 0.4421778003277322 -0.1258003424846626 0.2265928761687447
0.9476 1.539384670316680 -0.1637940459507007 -0.3587469005898668 0.4391369805145561 -0.1255813749629706 0.2267644938342555
0.9477 1.539736061814114 -0.1636931663145157 -0.3619478168906415 0.4360663325702554 -0.1253616229486229 0.2269363243840813
0.9478 1.540087924063219 -0.1635921132741549 -0.3651290651117179 0.4329658516888037 -0.1251411024969614 0.2271083298328932
0.9479 1.540440258496443 -0.1634908862671170 -0.3682903466030986 0.4298356301374568 -0.1249197735654101 0.2272805440671971
0.948 1.540793066553252 -0.1633894847280776 -0.3714313383212459 0.4266757033260960 -0.1246976478287238 0.2274529478492953
0.9481 1.541146349680171 -0.1632879080888672 -0.3745517400178807 0.4234861589485140 -0.1244747152346942 0.2276255634263980
0.9482 1.541500109330834 -0.1631861557784529 -0.3776512260733388 0.4202670348630888 -0.1242509839210344 0.2277983608240706
0.9483 1.541854346966032 -0.1630842272229168 -0.3807294966761329 0.4170184442968173 -0.1240264495292730 0.2279713654009385
0.9484 1.542209064053769 -0.1629821218454408 -0.3837862190665434 0.4137404003505374 -0.1238010991617481 0.2281445602657741
0.9485 1.542564262069301 -0.1628798390662803 -0.3868210809599874 0.4104329837131819 -0.1235749496533631 0.2283179376955922
0.9486 1.542919942495186 -0.1627773783027466 -0.3898337701815494 0.4070963135778132 -0.1233479648537331 0.2284915243253049
0.9487 1.543276106821349 -0.1626747389691883 -0.3928239646070275 0.4037304292348818 -0.1231201549125159 0.2286653026672615
0.9488 1.543632756545113 -0.1625719204769670 -0.3957913351858946 0.4003354239865243 -0.1228915136543888 0.2288392727875875
0.9489 1.543989893171264 -0.1624689222344395 -0.3987355779718358 0.3969114056458283 -0.1226620417874514 0.2290134477159608
0.949 1.544347518212096 -0.1623657436469356 -0.4016563573908159 0.3934584377412817 -0.1224317324742632 0.2291878133382210
0.9491 1.544705633187466 -0.1622623841167353 -0.4045533520326236 0.3899766161256283 -0.1222005807719562 0.2293623724874898
0.9492 1.545064239624846 -0.1621588430430510 -0.4074262312217027 0.3864660182445525 -0.1219685587141671 0.2295370792397483
0.9493 1.545423339059373 -0.1620551198220017 -0.4102746823222930 0.3829267906045004 -0.1217357453015891 0.2297120398531318
0.9494 1.545782933033907 -0.1619512138465937 -0.4130983733594809 0.3793590059516970 -0.1215020529011193 0.2298871979718976
0.9495 1.546143023099082 -0.1618471245066991 -0.4158969709159032 0.3757627641364173 -0.1212674918725455 0.2300625358846886
0.9496 1.546503610813362 -0.1617428511890317 -0.4186701593702061 0.3721382078181454 -0.1210320621207434 0.2302380759275898
0.9497 1.546864697743095 -0.1616383932771259 -0.4214175913891083 0.3684853941701919 -0.1207957636799587 0.2304138018228271
0.9498 1.547226285462569 -0.1615337501513138 -0.4241389538098427 0.3648044785072045 -0.1205585907752023 0.2305897260931599
0.9499 1.547588375554065 -0.1614289211887010 -0.4268338986013298 0.3610955655853511 -0.1203205400733258 0.2307658344400238
0.95 1.547950969607919 -0.1613239057631462 -0.4295021077395279 0.3573587911484287 -0.1200816148573986 0.2309421467188728
0.9501 1.548314069222573 -0.1612187032452361 -0.4321432431762744 0.3535942700375121 -0.1198417965626824 0.2311186416012291
0.9502 1.548677676004638 -0.1611133130022622 -0.4347569723850222 0.3498021305251509 -0.1196010814620993 0.2312953313872468
0.9503 1.549041791568947 -0.1610077343981980 -0.4373429597520748 0.3459825183907382 -0.1193594649014794 0.2314722172632348
0.9504 1.549406417538616 -0.1609019667936737 -0.4399008694380493 0.3421355607693521 -0.1191169541248808 0.2316492867177080
0.9505 1.549771555545103 -0.1607960095459531 -0.4424303700022506 0.3382614093057196 -0.1188735334150584 0.2318265557481265
0.9506 1.550137207228269 -0.1606898620089102 -0.4449311203894679 0.3343601903964204 -0.1186292050212194 0.2320040097783839
0.9507 1.550503374236432 -0.1605835235330021 -0.4474027858527626 0.3304320676410678 -0.1183839608966033 0.2321816554465065
0.9508 1.550870058226435 -0.1604769934652453 -0.4498450214367907 0.3264771899892720 -0.1181377995575566 0.2323594950335381
0.9509 1.551237260863705 -0.1603702711491930 -0.4522574964172411 0.3224957053452588 -0.1178907071054865 0.2325375181840327
0.951 1.551604983822312 -0.1602633559249062 -0.4546398715044978 0.3184877824753997 -0.1176426843735815 0.2327157293564020
0.9511 1.551973228785032 -0.1601562471289305 -0.4569918150466657 0.3144536021246306 -0.1173937254867045 0.2328941400634130
0.9512 1.552341997443414 -0.1600489440942701 -0.4593129690774732 0.3103932998552668 -0.1171438205419986 0.2330727361600763
0.9513 1.552711291497840 -0.1599414461503610 -0.4616030100534858 0.3063070764207827 -0.1168929666101518 0.2332515269672250
0.9514 1.553081112657589 -0.1598337526230462 -0.4638615845784705 0.3021950801782235 -0.1166411690230648 0.2334304970476342
0.9515 1.553451462640902 -0.1597258628345476 -0.4660883536914481 0.2980575053135992 -0.1163884139170726 0.2336096536640529
0.9516 1.553822343175049 -0.1596177761034407 -0.4682829827247884 0.2938945473652145 -0.1161346959359060 0.2337890041262754
0.9517 1.554193755996394 -0.1595094917446275 -0.4704451216595487 0.2897063664507229 -0.1158800159813772 0.2339685406971928
0.9518 1.554565702850459 -0.1594010090693075 -0.4725744331713645 0.2854931793595049 -0.1156243582268306 0.2341482605715332
0.9519 1.554938185491995 -0.1592923273849539 -0.4746705855008017 0.2812551854744438 -0.1153677238293267 0.2343281763256803
0.952 1.555311205685049 -0.1591834459952821 -0.4767332152139012 0.2769925708834351 -0.1151101081813667 0.2345082686173097
0.9521 1.555684765203028 -0.1590743642002234 -0.4787619862436920 0.2727055345799721 -0.1148515010905446 0.2346885461332607
0.9522 1.556058865828777 -0.1589650812958976 -0.4807565626984585 0.2683943059746534 -0.1145918945485318 0.2348690118602108
0.9523 1.556433509354639 -0.1588555965745840 -0.4827165834469112 0.2640590723240421 -0.1143312953270648 0.2350496506677925
0.9524 1.556808697582527 -0.1587459093246889 -0.4846417426166546 0.2597001012890634 -0.1140696908843645 0.2352304934398604
0.9525 1.557184432324007 -0.1586360188307244 -0.4865316480749769 0.2553175527649263 -0.1138070746959163 0.2354115008630579
0.9526 1.557560715400352 -0.1585259243732719 -0.4883859991257560 0.2509117062184324 -0.1135434481130352 0.2355927100095567
0.9527 1.557937548642627 -0.1584156252289559 -0.4902044254459465 0.2464827606037549 -0.1132787826616877 0.2357740951153664
0.9528 1.558314933891754 -0.1583051206704125 -0.4919866031339428 0.2420309742567288 -0.1130131037125256 0.2359556542886914
0.9529 1.558692872998597 -0.1581944099662616 -0.4937321758007050 0.2375565688612495 -0.1127463968574837 0.2361373919766751
0.953 1.559071367824021 -0.1580834923810740 -0.4954408040568307 0.2330598038422723 -0.1124786428943182 0.2363193195936551
0.9531 1.559450420238983 -0.1579723671753416 -0.4971121417885398 0.2285409132475159 -0.1122098507159050 0.2365014177751532
0.9532 1.559830032124593 -0.1578610336054450 -0.4987458508536481 0.2240001659688713 -0.1119400006836824 0.2366837013704106
0.9533 1.560210205372203 -0.1577494909236258 -0.5003416055812212 0.2194378319358585 -0.1116690969788191 0.2368661715486175
0.9534 1.560590941883480 -0.1576377383779522 -0.5018990237852911 0.2148541328447088 -0.1113971273753112 0.2370488057400224
0.9535 1.560972243570480 -0.1575257752122841 -0.5034178125017324 0.2102493932580441 -0.1111240965324629 0.2372316357719782
0.9536 1.561354112355736 -0.1574136006662482 -0.5048975952385587 0.2056238383584152 -0.1108499883466565 0.2374146278128935
0.9537 1.561736550172326 -0.1573012139751981 -0.5063380416757967 0.2009777685325666 -0.1105747982494387 0.2375977989040134
0.9538 1.562119558963964 -0.1571886143701861 -0.5077388189171414 0.1963114736712779 -0.1102985184256352 0.2377811474525398
0.9539 1.562503140685079 -0.1570758010779282 -0.5090995801288244 0.1916252290380180 -0.1100211500790377 0.2379646654439757
0.954 1.562887297300888 -0.1569627733207691 -0.5104199989111762 0.1869193349393094 -0.1097426831389444 0.2381483609849069
0.9541 1.563272030787496 -0.1568495303166524 -0.5116997277916843 0.1821940903092197 -0.1094631071739316 0.2383322326440771
0.9542 1.563657343131961 -0.1567360712790807 -0.5129384352079873 0.1774497994453554 -0.1091824190560986 0.2385162773897567
0.9543 1.564043236332393 -0.1566223954170866 -0.5141357792872929 0.1726867623243618 -0.1089006165688353 0.2387004925182246
0.9544 1.564429712398031 -0.1565085019351936 -0.5152914233607508 0.1679052881916203 -0.1086176917511859 0.2388848718303198
0.9545 1.564816773349334 -0.1563943900333833 -0.5164050387008709 0.1631057054200487 -0.1083336365128765 0.2390694281495646
0.9546 1.565204421218064 -0.1562800589070579 -0.5174762868665247 0.1582883374891260 -0.1080484399703974 0.2392541475453988
0.9547 1.565592658047377 -0.1561655077470051 -0.5185048469366578 0.1534535161799946 -0.1077621005697921 0.2394390375270535
0.9548 1.565981485891911 -0.1560507357393626 -0.5194903915254470 0.1486015776344687 -0.1074746089679711 0.2396241036799617
0.9549 1.566370906817876 -0.1559357420655803 -0.5204325656984372 0.1437328460681718 -0.1071859600087311 0.2398093272693776
0.955 1.566760922903142 -0.1558205259023833 -0.5213310527863094 0.1388476664329421 -0.1068961500898280 0.2399947169035105
0.9551 1.567151536237334 -0.1557050864217330 -0.5221855422107839 0.1339464111907465 -0.1066051676713454 0.2401802741418880
0.9552 1.567542748921925 -0.1555894227907936 -0.5229956912753266 0.1290294150793002 -0.1063130114196979 0.2403659913547636
0.9553 1.567934563070324 -0.1554735341718890 -0.5237611709704780 0.1240970415315803 -0.1060196649068900 0.2405518710324609
0.9554 1.568326980807977 -0.1553574197224671 -0.5244816700759309 0.1191496603015149 -0.1057251328654077 0.2407379130484717
0.9555 1.568720004272456 -0.1552410785950589 -0.5251568701215787 0.1141876431033142 -0.1054294017053685 0.2409241189593883
0.9556 1.569113635613560 -0.1551245099372407 -0.5257864433739314 0.1092113709618270 -0.1051324651499181 0.2411104832669483
0.9557 1.569507876993411 -0.1550077128915932 -0.5263700740564382 0.1042212189098223 -0.1048343167573845 0.2412970062289502
0.9558 1.569902730586551 -0.1548906865956629 -0.5269074380608753 0.09921757181113740 -0.1045349486849955 0.2414836812304575
0.9559 1.570298198580043 -0.1547734301819181 -0.5273982442216159 0.09420083847805960 -0.1042343550785733 0.2416705236335390
0.956 1.570694283173568 -0.1546559427777117 -0.5278421451317249 0.08917139230012390 -0.1039325308867441 0.2418575072866494
0.9561 1.571090986579528 -0.1545382235052357 -0.5282388675847679 0.08412966771071770 -0.1036294593417850 0.2420446583294060
0.9562 1.571488311023157 -0.1544202714814855 -0.5285880693956411 0.07907605122827771 -0.1033268536242696 0.2422328548541892
0.9563 1.571886258742603 -0.1543020858182085 -0.5288894788309807 0.07401097755073236 -0.1030192652342604 0.2424204006087927
0.9564 1.572284831989057 -0.1541836656218704 -0.5291427433006892 0.06893484281237885 -0.1027121217741539 0.2426075032775668
0.9565 1.572684033026840 -0.1540650099936055 -0.5293476221706879 0.06384810534066190 -0.1024039913176174 0.2427950387194847
0.9566 1.573083864133521 -0.1539461180291757 -0.5295037851086441 0.05875118918657729 -0.1020946320999033 0.2429827608118648
0.9567 1.573484327600019 -0.1538269888189272 -0.5296109218345126 0.05364451564413666 -0.1017840257305828 0.2431706595375941
0.9568 1.573885425730713 -0.1537076214477433 -0.5296687529504269 0.04852854015098893 -0.1014720607483546 0.2433588469315242
0.9569 1.574287160843552 -0.1535880149950002 -0.5296769911162493 0.04340372063891837 -0.1011588740464056 0.2435470820916087
0.957 1.574689535270170 -0.1534681685345249 -0.5296353240933360 0.03827049445156780 -0.1008443020800820 0.2437355479831739
0.9571 1.575092551355990 -0.1533480811345417 -0.5295435099415064 0.03312935509414908 -0.1005285009719290 0.2439241052580917
0.9572 1.575496211460345 -0.1532277518576335 -0.5294012136426281 0.02798073699917622 -0.1002112805669309 0.2441128614960679
0.9573 1.575900517956590 -0.1531071797606899 -0.5292081994954180 0.02282513775866293 -0.09989273218036511 0.2443017620193192
0.9574 1.576305473232218 -0.1529863638948611 -0.5289641604306851 0.01766302876329173 -0.09957293056923307 0.2444907572371917
0.9575 1.576711079688977 -0.1528653033055101 -0.5286688286415230 0.01249489570890197 -0.09925168845190020 0.2446799262154227
0.9576 1.577117339742989 -0.1527439970321641 -0.5283219368347442 0.007321223024018330 -0.09892909656084005 0.2448692256174060
0.9577 1.577524255824868 -0.1526224441084649 -0.5279232143208827 0.002142521718979301 -0.09860521246929826 0.2450586463153273
0.9578 1.577931830379842 -0.1525006435621181 -0.5274724149365289 -0.003040704220916263 -0.09827987548535962 0.2452482205919962
0.9579 1.578340065867880 -0.1523785944148474 -0.5269692406772829 -0.008227958872317840 -0.09795316058104808 0.2454379091275783
0.958 1.578748964763805 -0.1522562956823392 -0.5264134523124515 -0.01341872162804655 -0.09762512231578210 0.2456277339590501
0.9581 1.579158529557428 -0.1521337463741923 -0.5258048112988273 -0.01861245912893397 -0.09729561313720855 0.2458176848142521
0.9582 1.579568762753670 -0.1520109454938681 -0.5251430542231077 -0.02380865000631438 -0.09696469656609491 0.2460077507444633
0.9583 1.579979666872692 -0.1518878920386362 -0.5244279406103349 -0.02900676144933481 -0.09663237376562689 0.2461979512387279
0.9584 1.580391244450021 -0.1517645849995235 -0.5236592184490454 -0.03420625315669578 -0.09629861598405160 0.2463882709305521
0.9585 1.580803498036686 -0.1516410233612593 -0.5228366369249027 -0.03940658826211468 -0.09596348395798378 0.2465787157930693
0.9586 1.581216430199339 -0.1515172061022185 -0.5219600157065106 -0.04460718637635500 -0.09562684944314266 0.2467692786142425
0.9587 1.581630043520401 -0.1513931321943735 -0.5210290786647288 -0.04980751243170664 -0.09528875894939403 0.2469599495228064
0.9588 1.582044340598190 -0.1512688006032345 -0.5200435926423063 -0.05500700369518819 -0.09494922362530905 0.2471507093255794
0.9589 1.582459324047056 -0.1511442102877921 -0.5190033805202711 -0.06020507157193724 -0.09460825649126418 0.2473416423947110
0.959 1.582874996497524 -0.1510193602004653 -0.5179081966363875 -0.06540114927957003 -0.09426575635425026 0.2475326518722076
0.9591 1.583291360596425 -0.1508942492870405 -0.5167578247001270 -0.07059465638933825 -0.09392176707844216 0.2477237617995296
0.9592 1.583708419007046 -0.1507688764866163 -0.5155520862211967 -0.07578499868288207 -0.09357628704605538 0.2479149850571457
0.9593 1.584126174409267 -0.1506432407315433 -0.5142907512651736 -0.08097158377841650 -0.09322929364566572 0.2481063042328202
0.9594 1.584544629499704 -0.1505173409473657 -0.5129736452430610 -0.08615380094371340 -0.09288078046099390 0.2482977297133444
0.9595 1.584963786991860 -0.1503911760527624 -0.5116005528827091 -0.09133105689470860 -0.09253078180797647 0.2484892767765351
0.9596 1.585383649616264 -0.1502647449594845 -0.5101713056223328 -0.09650272530968870 -0.09217921388491152 0.2486808909537117
0.9597 1.585804220120629 -0.1501380465722962 -0.5086857308450128 -0.1016681869342940 -0.09182609615860095 0.2488726074253241
0.9598 1.586225501269994 -0.1500110797889125 -0.5071436241675547 -0.1068268196991254 -0.09147142500962978 0.2490644068156362
0.9599 1.586647495846883 -0.1498838434999364 -0.5055448425736394 -0.1119779956612115 -0.09111519246919372 0.2492562992163487
0.96 1.587070206651450 -0.1497563365887943 -0.5038892080108731 -0.1171210609479711 -0.09075737991764957 0.2494482784982566
0.9601 1.587493636501648 -0.1496285579316763 -0.5021765736984447 -0.1222553806130131 -0.09039800569839526 0.2496403769299440
0.9602 1.587917788233374 -0.1495005063974668 -0.5004067765072603 -0.1273803054918167 -0.09003701527460298 0.2498325206788958
0.9603 1.588342664700631 -0.1493721808476818 -0.4985796720800068 -0.1324951731477902 -0.08967442220596768 0.2500247444825733
0.9604 1.588768268775694 -0.1492435801364009 -0.4966951571449986 -0.1375993147440195 -0.08931020386067313 0.2502170644196245
0.9605 1.589194603349269 -0.1491147031102045 -0.4947530306135620 -0.1426920749365886 -0.08894436780309563 0.2504094391451995
0.9606 1.589621671330660 -0.1489855486081014 -0.4927532089949938 -0.1477727652096251 -0.08857688955302867 0.2506018916148297
0.9607 1.590049475647927 -0.1488561154614622 -0.4906955682251690 -0.1528407121157730 -0.08820776444672929 0.2507944152765786
0.9608 1.590478019248067 -0.1487264024939502 -0.4885799988542610 -0.1578952223423941 -0.08783699851598509 0.2509870472684626
0.9609 1.590907305097177 -0.1485964085214515 -0.4864063698408566 -0.1629356049262505 -0.08746455510487904 0.2511796876745165
0.961 1.591337336180626 -0.1484661323520042 -0.4841746204942262 -0.1679611579811326 -0.08709042401878117 0.2513724104483702
0.9611 1.591768115503235 -0.1483355727857267 -0.4818846215904275 -0.1729711774161006 -0.08671460139163112 0.2515651830688808
0.9612 1.592199646089446 -0.1482047286147433 -0.4795363259460744 -0.1779649465684746 -0.08633707647201747 0.2517580211797268
0.9613 1.592631930983505 -0.1480735986231152 -0.4771296255298880 -0.1829417504888156 -0.08595784286387331 0.2519509071347467
0.9614 1.593064973249642 -0.1479421815867615 -0.4746644602228034 -0.1879008724481879 -0.08557688569217271 0.2521438425655061
0.9615 1.593498775972255 -0.1478104762733877 -0.4721407500619903 -0.1928415706481721 -0.08519419964879306 0.2523368434505684
0.9616 1.593933342256086 -0.1476784814424055 -0.4695584874392774 -0.1977631129385573 -0.08480975776402627 0.2525298753450284
0.9617 1.594368675226426 -0.1475461958448621 -0.4669175907116702 -0.2026647632144607 -0.08442355940314688 0.2527229418487647
0.9618 1.594804778029283 -0.1474136182233572 -0.4642180144299285 -0.2075457708574359 -0.08403559575413719 0.2529160591751653
0.9619 1.595241653831589 -0.1472807473119654 -0.4614597658457107 -0.2124053806589043 -0.08364583519172123 0.2531091940600796
0.962 1.595679305821388 -0.1471475818361593 -0.4586427882377960 -0.2172428368291700 -0.08325428576329713 0.2533023553843671
0.9621 1.596117737208030 -0.1470141205127250 -0.4557670762452988 -0.2220573724669922 -0.08286094159525188 0.2534955421241319
0.9622 1.596556951222373 -0.1468803620496818 -0.4528326431890820 -0.2268482185148842 -0.08246577162698670 0.2536887593457533
0.9623 1.596996951116982 -0.1467463051462025 -0.4498394773983424 -0.2316145998033107 -0.08206877467935614 0.2538820210760812
0.9624 1.597437740166331 -0.1466119484925250 -0.4467876021493998 -0.2363557388793956 -0.08166993927354002 0.2540752715691733
0.9625 1.597879321667014 -0.1464772907698717 -0.4436770397852986 -0.2410708394528420 -0.08126924949352720 0.2542685383550265
0.9626 1.598321698937943 -0.1463423306503616 -0.4405078257349251 -0.2457591195944151 -0.08086669232370415 0.2544618190793009
0.9627 1.598764875320570 -0.1462070667969253 -0.4372799954170230 -0.2504197781735273 -0.08046226017159729 0.2546551025520929
0.9628 1.599208854179092 -0.1460714978632165 -0.4339936080495596 -0.2550520082096229 -0.08005592913379438 0.2548483933790558
0.9629 1.599653638900669 -0.1459356224935223 -0.4306487043243650 -0.2596550069617228 -0.07964769791754297 0.2550416693169419
0.963 1.600099232895644 -0.1457994393226743 -0.4272453797873973 -0.2642279595772400 -0.07923754961634747 0.2552349439524916
0.9631 1.600545639597762 -0.1456629469759596 -0.4237837171265054 -0.2687700489624529 -0.07882545799862999 0.2554282115500768
0.9632 1.600992862464392 -0.1455261440690246 -0.4202637785362206 -0.2732804484487196 -0.07841145226562791 0.2556214759741356
0.9633 1.601440904976760 -0.1453890292077842 -0.4166857189925053 -0.2777583341792496 -0.07799546842838442 0.2558147184602899
0.9634 1.601889770640170 -0.1452516009883291 -0.4130496144627581 -0.2822028743175212 -0.07757751533670608 0.2560079318374475
0.9635 1.602339462984243 -0.1451138579968265 -0.4093555942399917 -0.2866132277951996 -0.07715758478060144 0.2562011157660629
0.9636 1.602789985563149 -0.1449757988094270 -0.4056037905309079 -0.2909885482809826 -0.07673565803607237 0.2563942631285002
0.9637 1.603241341955842 -0.1448374219921632 -0.4017943552224491 -0.2953279938855511 -0.07631171630861283 0.2565873749308100
0.9638 1.603693535766304 -0.1446987261008531 -0.3979274609117167 -0.2996307149124856 -0.07588575217462130 0.2567804528963156
0.9639 1.604146570623790 -0.1445597096809986 -0.3940032619995746 -0.3038958504552135 -0.07545774665231283 0.2569734842373336
0.964 1.604600450183074 -0.1444203712676852 -0.3900219332833462 -0.3081225400377598 -0.07502768014730317 0.2571664778466505
0.9641 1.605055178124698 -0.1442807093854774 -0.3859836820065290 -0.3123099244347721 -0.07459556005643045 0.2573594041976387
0.9642 1.605510758155223 -0.1441407225483143 -0.3818887240287367 -0.3164571321273868 -0.07416135063703251 0.2575522790746281
0.9643 1.605967194007491 -0.1440004092594064 -0.3777372259027048 -0.3205632828814548 -0.07372505090897394 0.2577450721187407
0.9644 1.606424489440878 -0.1438597680111262 -0.3735294636651230 -0.3246275083343648 -0.07328664617318663 0.2579378013088413
0.9645 1.606882648241562 -0.1437187972849004 -0.3692656839184050 -0.3286489294253770 -0.07284610714111762 0.2581304651245953
0.9646 1.607341674222790 -0.1435774955511020 -0.3649461086383635 -0.3326266569330992 -0.07240343192392340 0.2583230404309507
0.9647 1.607801571225140 -0.1434358612689365 -0.3605710290667568 -0.3365598060746601 -0.07195860530903909 0.2585155347444774
0.9648 1.608262343116802 -0.1432938928863321 -0.3561407117141095 -0.3404474790877451 -0.07151159600339392 0.2587079424781007
0.9649 1.608723993793851 -0.1431515888398230 -0.3516554740376734 -0.3442887954240024 -0.07106241447702813 0.2589002534552675
0.965 1.609186527180530 -0.1430089475544369 -0.3471155934435017 -0.3480828369719694 -0.07061102578752197 0.2590924526260936
0.9651 1.609649947229527 -0.1428659674435762 -0.3425214079224599 -0.3518287216943433 -0.07015742334294400 0.2592845475084056
0.9652 1.610114257922270 -0.1427226469088987 -0.3378732711023838 -0.3555255437504095 -0.06970159061153115 0.2594765404626093
0.9653 1.610579463269218 -0.1425789843402019 -0.3331714797432589 -0.3591723799522109 -0.06924350860036718 0.2596683950756055
0.9654 1.611045567310145 -0.1424349781152949 -0.3284164435357803 -0.3627683356535096 -0.06878316519299116 0.2598601315629664
0.9655 1.611512574114454 -0.1422906265998808 -0.3236085480713140 -0.3663125102819802 -0.06832053945224695 0.2600517509140617
0.9656 1.611980487781471 -0.1421459281474299 -0.3187481484302691 -0.3698039672385609 -0.06785560235317836 0.2602432301124781
0.9657 1.612449312440752 -0.1420008810990531 -0.3138356696772284 -0.3732418068448206 -0.06738836728349649 0.2604345587837135
0.9658 1.612919052252397 -0.1418554837833736 -0.3088715279427911 -0.3766250974462038 -0.06691880410569892 0.2606257327064894
0.9659 1.613389711407360 -0.1417097345163977 -0.3038561702166947 -0.3799529340097667 -0.06644689167099807 0.2608167591880056
0.966 1.613861294127774 -0.1415636316013831 -0.2987900405774017 -0.3832243879001749 -0.06597261969396650 0.2610076184107699
0.9661 1.614333804667272 -0.1414171733287063 -0.2936736116765228 -0.3864385407967876 -0.06549596640973842 0.2611983092975236
0.9662 1.614807247311309 -0.1412703579757250 -0.2885073670759406 -0.3895944632856013 -0.06501691679751259 0.2613888225406588
0.9663 1.615281626377504 -0.1411231838066450 -0.2832918010870733 -0.3926912326789849 -0.06453545269299643 0.2615791494194558
0.9664 1.615756946215968 -0.1409756490723787 -0.2780274350656415 -0.3957279309422272 -0.06405155212474835 0.2617692867951273
0.9665 1.616233211209648 -0.1408277520104043 -0.2727148123383691 -0.3987036287344393 -0.06356519695386806 0.2619592393762034
0.9666 1.616710425774675 -0.1406794908446265 -0.2673544589136501 -0.4016173957275551 -0.06307637705697241 0.2621489756007858
0.9667 1.617188594360712 -0.1405308637852281 -0.2619469538652005 -0.4044683080754041 -0.06258507284504014 0.2623385011223855
0.9668 1.617667721451307 -0.1403818690285264 -0.2564928623909059 -0.4072554352346285 -0.06209126587194716 0.2625278009786947
0.9669 1.618147811564255 -0.1402325047568222 -0.2509928057027544 -0.4099778561780886 -0.06159493282753953 0.2627168775957132
0.967 1.618628869251964 -0.1400827691382529 -0.2454473802909275 -0.4126346422534410 -0.06109606660886307 0.2629057157829874
0.9671 1.619110899101819 -0.1399326603266357 -0.2398572532877509 -0.4152248853701420 -0.06059461830498970 0.2630943699700098
0.9672 1.619593905736569 -0.1397821764613188 -0.2342230117576712 -0.4177476196692543 -0.06009059787985958 0.2632826847343840
0.9673 1.620077893814689 -0.1396313156670158 -0.2285453914806286 -0.4202019670658276 -0.05958397307015566 0.2634707585528578
0.9674 1.620562868030782 -0.1394800760536569 -0.2228250322149836 -0.4225869797495465 -0.05907474673165725 0.2636585601748371
0.9675 1.621048833115962 -0.1393284557162206 -0.2170626666138794 -0.4249017552956957 -0.05856288425555239 0.2638460976578083
0.9676 1.621535793838246 -0.1391764527345721 -0.2112590006811672 -0.4271453596439639 -0.05804836032714337 0.2640333478405080
0.9677 1.622023755002964 -0.1390240651732987 -0.2054147841564264 -0.4293168923459806 -0.05753116973226551 0.2642203051088200
0.9678 1.622512721453164 -0.1388712910815423 -0.1995307690354122 -0.4314154274944567 -0.05701127761576736 0.2644069650703378
0.9679 1.623002698070018 -0.1387181284928251 -0.1936077586417461 -0.4334400815617448 -0.05648865769481530 0.2645933082970655
0.968 1.623493689773252 -0.1385645754248826 -0.1876465023734966 -0.4353899043211683 -0.05596330723348945 0.2647793179076059
0.9681 1.623985701521557 -0.1384106298794827 -0.1816478572132441 -0.4372640289530374 -0.05543521069283933 0.2649650202343295
0.9682 1.624478738313031 -0.1382562898422515 -0.1756126489844586 -0.4390615458397036 -0.05490430625221604 0.2651503664722496
0.9683 1.624972805185612 -0.1381015532824921 -0.1695417378350464 -0.4407815694404315 -0.05437061372004237 0.2653353650537760
0.9684 1.625467907217521 -0.1379464181530024 -0.1634359704746214 -0.4424231773365782 -0.05383410035436135 0.2655199866179441
0.9685 1.625964049527708 -0.1377908823898870 -0.1572962751555148 -0.4439855188326160 -0.05329475263890660 0.2657042497328646
0.9686 1.626461237276312 -0.1376349439123722 -0.1511235530393007 -0.4454677029861742 -0.05275252664585766 0.2658881309766801
0.9687 1.626959475665123 -0.1374786006226135 -0.1449187375695161 -0.4468688461625239 -0.05220742046260504 0.2660716205426598
0.9688 1.627458769938047 -0.1373218504055024 -0.1386827896123390 -0.4481880898550200 -0.05165940458849145 0.2662547126145570
0.9689 1.627959125381587 -0.1371646911284687 -0.1324166765436361 -0.4494245571105954 -0.05110845891876329 0.2664373861592926
0.969 1.628460547325322 -0.1370071206412842 -0.1261214030239874 -0.4505774017116417 -0.05055455420857614 0.2666196389975124
0.9691 1.628963041142396 -0.1368491367758564 -0.1197979715305723 -0.4516457650588221 -0.04999767970548429 0.2668014501231352
0.9692 1.629466612250022 -0.1366907373460269 -0.1134474209213519 -0.4526287977878434 -0.04943780548988880 0.2669828078582506
0.9693 1.629971266109974 -0.1365319201473602 -0.1070708305415762 -0.4535256973460134 -0.04887490377777055 0.2671637180702519
0.9694 1.630477008229110 -0.1363726829569350 -0.1006692625469307 -0.4543356072301632 -0.04830894865144849 0.2673441532332533
0.9695 1.630983844159883 -0.1362130235331270 -0.09424382061241770 -0.4550577149503223 -0.04773993849230736 0.2675241079749658
0.9696 1.631491779500876 -0.1360529396153952 -0.08779562441862620 -0.4556912090658713 -0.04716781963154730 0.2677035607487437
0.9697 1.632000819897325 -0.1358924289240544 -0.08132582933763850 -0.4562353039227303 -0.04659258750408133 0.2678825159079835
0.9698 1.632510971041676 -0.1357314891600600 -0.07483557777719442 -0.4566891772228256 -0.04601421934844807 0.2680609379507298
0.9699 1.633022238674124 -0.1355701180047716 -0.06832608556284434 -0.4570520876594083 -0.04543267174978619 0.2682388379383576
0.97 1.633534628583174 -0.1354083131197275 -0.06179854748348030 -0.4573232488639669 -0.04484793395284885 0.2684161926365442
0.9701 1.634048146606216 -0.1352460721464088 -0.05525418330491662 -0.4575018812349666 -0.04425997774630987 0.2685929753919763
0.9702 1.634562798630095 -0.1350833927060012 -0.04869425898685570 -0.4575872580744058 -0.04366877813416586 0.2687691867625579
0.9703 1.635078590591690 -0.1349202723991512 -0.04212005614717188 -0.4575786482336373 -0.04307430694530181 0.2689448174061304
0.9704 1.635595528478520 -0.1347567088057256 -0.03553286063766056 -0.4574753240984862 -0.04247654227010727 0.2691198472730836
0.9705 1.636113618329339 -0.1345926994845575 -0.02893399143465455 -0.4572765648590999 -0.04187545514620521 0.2692942560660229
0.9706 1.636632866234751 -0.1344282419731965 -0.02232479041193787 -0.4569816744822778 -0.04127101643527790 0.2694680276081734
0.9707 1.637153278337825 -0.1342633337876495 -0.01570662743878674 -0.4565899825721545 -0.04066326643741355 0.2696410564292056
0.9708 1.637674860834738 -0.1340979724221222 -0.009080891011320800 -0.4561008174417437 -0.04005206853173636 0.2698135838866471
0.9709 1.638197619975403 -0.1339321553487517 -0.002448984224235465 -0.4555135193181776 -0.03943741246899752 0.2699854159048836
0.971 1.638721562064127 -0.1337658800173400 0.004187660831662651 -0.4548274555202083 -0.03881930838784593 0.2701565310726014
0.9711 1.639246693460268 -0.1335991438550779 0.01082757418251078 -0.4540420167899707 -0.03819770400717114 0.2703269365903780
0.9712 1.639773020578913 -0.1334319442662710 0.01746930622449156 -0.4531565632068763 -0.03757260284145466 0.2704965981994911
0.9713 1.640300549891549 -0.1332642786320541 0.02411133266774290 -0.4521705382502548 -0.03694395430901845 0.2706655344273774
0.9714 1.640829287926763 -0.1330961443101073 0.03075213875041729 -0.4510833608456513 -0.03631172432951350 0.2708337029842490
0.9715 1.641359241270943 -0.1329275386343646 0.03739017861398088 -0.4498944827321647 -0.03567590931766741 0.2710010969287732
0.9716 1.641890416568993 -0.1327584589147174 0.04402388555468598 -0.4486033679563049 -0.03503645396334342 0.2711676977762383
0.9717 1.642422820525060 -0.1325889024367160 0.05065166185770983 -0.4472095094041503 -0.03439334607713265 0.2713334897147500
0.9718 1.642956459903266 -0.1324188664612621 0.05727189808687023 -0.4457124095207878 -0.03374653468902924 0.2714984487082107
0.9719 1.643491341528465 -0.1322483482243017 0.06388296528167013 -0.4441115780389365 -0.03309602550728673 0.2716625562922266
0.972 1.644027472286997 -0.1320773449365072 0.07048318480328321 -0.4424066026149828 -0.03244174726467320 0.2718258033761754
0.9721 1.644564859127467 -0.1319058537829600 0.07707089099200479 -0.4405970362997849 -0.03178369237703243 0.2719881710829373
0.9722 1.645103509061530 -0.1317338719228234 0.08364437729275350 -0.4386824441344332 -0.03112180871275259 0.2721496139110655
0.9723 1.645643429164684 -0.1315613964890119 0.09020190720183040 -0.4366625036574191 -0.03045610788039562 0.2723101471607903
0.9724 1.646184626577092 -0.1313884245878577 0.09674174561616250 -0.4345367924766285 -0.02978651837228601 0.2724697226355834
0.9725 1.646727108504396 -0.1312149532987645 0.1032621060589264 -0.4323050268462121 -0.02911302218668187 0.2726283526670337
0.9726 1.647270882218570 -0.1310409796738670 0.1097612049661378 -0.4299668523863352 -0.02843558148786693 0.2727859776904016
0.9727 1.647815955058756 -0.1308665007376710 0.1162372249800160 -0.4275220244859797 -0.02775416172923919 0.2729425982005563
0.9728 1.648362334432142 -0.1306915134866986 0.1226883238942796 -0.4249702777058793 -0.02706873031616152 0.2730981938721703
0.9729 1.648910027814840 -0.1305160148891240 0.1291126497526226 -0.4223113686707747 -0.02637925897397906 0.2732527282879080
0.973 1.649459042752781 -0.1303400018843993 0.1355083153502110 -0.4195451017113403 -0.02568571358899376 0.2734061876062308
0.9731 1.650009386862626 -0.1301634713828808 0.1418734181376071 -0.4166713354132231 -0.02498804295761777 0.2735585551379044
0.9732 1.650561067832694 -0.1299864202654450 0.1482060379637695 -0.4136898850628284 -0.02428624256062333 0.2737098004530877
0.9733 1.651114093423899 -0.1298088453830945 0.1545042300577218 -0.4106006633199400 -0.02358025051555059 0.2738598982916815
0.9734 1.651668471470712 -0.1296307435565688 0.1607660262573567 -0.4074036053282023 -0.02287003790274401 0.2740088347619401
0.9735 1.652224209882137 -0.1294521115759361 0.1669894467095525 -0.4040986092577143 -0.02215558304224472 0.2741565652264271
0.9736 1.652781316642691 -0.1292729462001818 0.1731724778084959 -0.4006857193277921 -0.02143681887149789 0.2743030770333496
0.9737 1.653339799813422 -0.1290932441567956 0.1793131001042379 -0.3971649203004961 -0.02071373938305699 0.2744483470767961
0.9738 1.653899667532933 -0.1289130021413453 0.1854092644621992 -0.3935362621716409 -0.01998629427129549 0.2745923372269789
0.9739 1.654460928018412 -0.1287322168170422 0.1914589064165603 -0.3897998615733842 -0.01925444173581147 0.2747350365044436
0.974 1.655023589566714 -0.1285508848143080 0.1974599433203177 -0.3859558051695883 -0.01851815062401968 0.2748764031569595
0.9741 1.655587660555416 -0.1283690027303201 0.2034102709925623 -0.3820042759678510 -0.01777738229668485 0.2750164164851982
0.9742 1.656153149443934 -0.1281865671285640 0.2093077726723314 -0.3779454739306186 -0.01703209741852268 0.2751550532589704
0.9743 1.656720064774630 -0.1280035745383655 0.2151503084915621 -0.3737796396439510 -0.01628226053010645 0.2752922774672188
0.9744 1.657288415173948 -0.1278200214544241 0.2209357203620808 -0.3695070254720769 -0.01552781653431283 0.2754280602549258
0.9745 1.657858209353576 -0.1276359043363281 0.2266618354733106 -0.3651279615339917 -0.01476872972156722 0.2755623765945605
0.9746 1.658429456111620 -0.1274512196080729 0.2323264717260058 -0.3606428122627807 -0.01400497734410312 0.2756952058102157
0.9747 1.659002164333803 -0.1272659636575604 0.2379274087034059 -0.3560519459982281 -0.01323648966745198 0.2758264713289268
0.9748 1.659576342994679 -0.1270801328360943 0.2434624437658569 -0.3513558434870619 -0.01246324750524073 0.2759561902943091
0.9749 1.660152001158884 -0.1268937234578673 0.2489293285800423 -0.3465549692779067 -0.01168520014964643 0.2760843114850808
0.975 1.660729147982393 -0.1267067317994366 0.2543258149087003 -0.3416498445458942 -0.01090231685959410 0.2762108069107882
0.9751 1.661307792713807 -0.1265191540991887 0.2596496450232880 -0.3366410608523598 -0.01011453461254908 0.2763356332398409
0.9752 1.661887944695664 -0.1263309865567999 0.2648985378030974 -0.3315292374869355 -0.009321787968603231 0.2764587534432947
0.9753 1.662469613365774 -0.1261422253326808 0.2700702034252757 -0.3263150326786110 -0.008524126278050845 0.2765801498465496
0.9754 1.663052808258571 -0.1259528665474126 0.2751623482006712 -0.3209991781873110 -0.007721421508221690 0.2766997939212676
0.9755 1.663637539006503 -0.1257629062811776 0.2801726469370740 -0.3155824204160998 -0.006913642990591151 0.2768176202110978
0.9756 1.664223815341438 -0.1255723405731712 0.2850987849155402 -0.3100655846783056 -0.006100762181506847 0.2769336152192209
0.9757 1.664811647096096 -0.1253811654210092 0.2899384353135074 -0.3044495492688478 -0.005282689136848447 0.2770477459586115
0.9758 1.665401044205516 -0.1251893767801207 0.2946892446270036 -0.2987352040488438 -0.004459443955220792 0.2771599276104116
0.9759 1.665992016708538 -0.1249969705631316 0.2993488735950745 -0.2929235422364130 -0.003630941184342414 0.2772701586355238
0.976 1.666584574749321 -0.1248039426392354 0.3039149674422031 -0.2870155845924849 -0.002797142202332901 0.2773784084202021
0.9761 1.667178728578894 -0.1246102888335525 0.3083851489841928 -0.2810123882829234 -0.001957994701725783 0.2774845991623729
0.9762 1.667774488556717 -0.1244160049264758 0.3127570738856438 -0.2749151246238850 -0.001113448254239138 0.2775887361400912
0.9763 1.668371865152302 -0.1242210866530093 0.3170283503964182 -0.2687249499670728 -0.0002634622970528037 0.2776907412137768
0.9764 1.668970868946832 -0.1240255297020849 0.3211966198969329 -0.2624431347936802 0.0005920182232211892 0.2777905633863474
0.9765 1.669571510634837 -0.1238293297158761 0.3252594937242607 -0.2560709742907064 0.001453053994544813 0.2778882316917509
0.9766 1.670173801025887 -0.1236324822890888 0.3292145931262684 -0.2496098256113406 0.002319682925049494 0.2779836124858841
0.9767 1.670777751046323 -0.1234349829682470 0.3330595565466265 -0.2430611384839645 0.003191960512574709 0.2780767000547605
0.9768 1.671383371741027 -0.1232368272509604 0.3367919829775458 -0.2364263662946231 0.004069932840665097 0.2781674312837211
0.9769 1.671990674275207 -0.1230380105851750 0.3404095178143474 -0.2297070840086801 0.004953666278964486 0.2782557724944361
0.977 1.672599669936248 -0.1228385283684153 0.3439097811901749 -0.2229048947656626 0.005843202219757092 0.2783416766885308
0.9771 1.673210370135568 -0.1226383759470077 0.3472904074470658 -0.2160214648406050 0.006738600134915303 0.2784250874070837
0.9772 1.673822786410530 -0.1224375486152877 0.3505490383032015 -0.2090585396430793 0.007639907890321169 0.2785059575938353
0.9773 1.674436930426389 -0.1222360416147952 0.3536833198047004 -0.2020179170152450 0.008547186607024726 0.2785842237603578
0.9774 1.675052813978268 -0.1220338501334481 0.3566909082684373 -0.1949014742873558 0.009460490928462026 0.2786598463128742
0.9775 1.675670448993187 -0.1218309693047066 0.3595694730828880 -0.1877111515935120 0.01037988365574469 0.2787327664188645
0.9776 1.676289847532124 -0.1216273942067137 0.3623166901290534 -0.1804489412094578 0.01130541097229048 0.2788029379810977
0.9777 1.676911021792119 -0.1214231198614224 0.3649302585055632 -0.1731169285810717 0.01223713678352374 0.2788702841518551
0.9778 1.677533984108424 -0.1212181412337036 0.3674078732515104 -0.1657172460405405 0.01317511465137733 0.2789347683295268
0.9779 1.678158746956689 -0.1210124532304368 0.3697472671452995 -0.1582521148236760 0.01411940866319541 0.2789963081832326
0.978 1.678785322955205 -0.1208060506995808 0.3719461925164778 -0.1507238300785166 0.01507007901026036 0.2790548801126256
0.9781 1.679413724867183 -0.1205989284292286 0.3740023923699978 -0.1431347178644610 0.01602717898049095 0.2791103800762145
0.9782 1.680043965603077 -0.1203910811466352 0.3759136774380918 -0.1354872573907490 0.01699078306295160 0.2791627986475597
0.9783 1.680676058222975 -0.1201825035172363 0.3776778176056365 -0.1277838954387974 0.01796094041581607 0.2792120102392584
0.9784 1.681310015939011 -0.1199731901436360 0.3792926834070142 -0.1200272459726768 0.01893771939743628 0.2792579938650154
0.9785 1.681945852117848 -0.1197631355645791 0.3807561299429276 -0.1122199517686187 0.01992118264857789 0.2793006771097086
0.9786 1.682583580283213 -0.1195523342539011 0.3820660380148404 -0.1043647362284996 0.02091139549047432 0.2793399756060848
0.9787 1.683223214118474 -0.1193407806194551 0.3832203355329024 -0.09646440086783490 0.02190841863155944 0.2793758213560320
0.9788 1.683864767469277 -0.1191284690020141 0.3842169833592466 -0.08852182739119210 0.02291227256115812 0.2794081483327052
0.9789 1.684508254346241 -0.1189153936741539 0.3850539850566865 -0.08053998062207240 0.02392313004448340 0.2794369235960145
0.979 1.685153688927712 -0.1187015488391101 0.3857293585691566 -0.07252188284238059 0.02494098772401319 0.2794620358025026
0.9791 1.685801085562572 -0.1184869286296080 0.3862411903644081 -0.06447065751340713 0.02596594295978329 0.2794833840738005
0.9792 1.686450458773109 -0.1182715271066720 0.3865875773536506 -0.05638948144457247 0.02699803079432219 0.2795009256657434
0.9793 1.687101823257953 -0.1180553382584050 0.3867666861176491 -0.04828162483105146 0.02803733301213079 0.2795145671752766
0.9794 1.687755193895071 -0.1178383559987412 0.3867767531523800 -0.04015045239779780 0.02908392429758552 0.2795242546299516
0.9795 1.688410585744833 -0.1176205741661775 0.3866160038036485 -0.03199937596390971 0.03013787011271343 0.2795298666940511
0.9796 1.689068014053141 -0.1174019865224659 0.3862827903949236 -0.02383192147451509 0.03119926170769268 0.2795313660676890
0.9797 1.689727494254635 -0.1171825867512893 0.3857754241167656 -0.01565164603034972 0.03226813902335232 0.2795286108644170
0.9798 1.690389041975954 -0.1169623684568966 0.3850923852182050 -0.007462243154527474 0.03334459781908282 0.2795215615086176
0.9799 1.691052673039090 -0.1167413251627160 0.3842321333997422 0.0007325483880390344 0.03442870383327058 0.2795101015197299
0.98 1.691718403464805 -0.1165194503099311 0.3831932391907019 0.008928898169515850 0.03552053907711154 0.2794941479182579
0.9801 1.692386249476123 -0.1162967372560268 0.3819743208966604 0.01712289920587346 0.03662017603247564 0.2794736106520000
0.9802 1.693056227501916 -0.1160731792733047 0.3805740638830465 0.02531056433830811 0.03772769180499672 0.2794483946355720
0.9803 1.693728354180555 -0.1158487695473603 0.3789912405827769 0.03348782201919160 0.03884316633088873 0.2794184012963430
0.9804 1.694402646363652 -0.1156235011755254 0.3772246574129478 0.04165053729870255 0.03996666569079606 0.2793835146257236
0.9805 1.695079121119891 -0.1153973671652807 0.3752732626810036 0.04979447233630326 0.04109829583584633 0.2793436310740282
0.9806 1.695757795738941 -0.1151703604326219 0.3731360769687277 0.05791532096071595 0.04223811001794115 0.2792986900277800
0.9807 1.696438687735468 -0.1149424738003960 0.3708121617965120 0.06600870545900277 0.04338619979477105 0.2792485535618965
0.9808 1.697121814853238 -0.1147136999965960 0.3683006864192117 0.07407016535263713 0.04454264910922268 0.2791931058230409
0.9809 1.697807195069309 -0.1144840316526112 0.3656009201434826 0.08209516478372620 0.04570750834711220 0.2791322503084974
0.981 1.698494846598325 -0.1142534613014409 0.3627122690572320 0.09007908443684290 0.04688094819785040 0.2790658698696317
0.9811 1.699184787896934 -0.1140219813758676 0.3596341538164800 0.09801723899065830 0.04806298293189595 0.2789938188102803
0.9812 1.699877037668273 -0.1137895842065774 0.3563661547448239 0.1059048638292467 0.04925370532865658 0.2789160112048386
0.9813 1.700571614866586 -0.1135562620202442 0.3529079720807815 0.1137371243842352 0.05045322081100615 0.2788323096940994
0.9814 1.701268538701959 -0.1133220069375640 0.3492593584465325 0.1215091114530223 0.05166159721245523 0.2787425898061565
0.9815 1.701967828645141 -0.1130868109712403 0.3454202411782591 0.1292158453582328 0.05287893623628023 0.2786467360599205
0.9816 1.702669504432519 -0.1128506660239216 0.3413906383984415 0.1368522808098154 0.05410532611351718 0.2785445940443355
0.9817 1.703373586071185 -0.1126135638860887 0.3371706782112987 0.1444133029350750 0.05534085100559766 0.2784360555438767
0.9818 1.704080093844142 -0.1123754962338869 0.3327606396387993 0.1518937287061097 0.05658560767962903 0.2783209668209148
0.9819 1.704789048315640 -0.1121364546269083 0.3281609250023077 0.1592883147252902 0.05783969003639585 0.2781991890257212
0.982 1.705500470336642 -0.1118964305059161 0.3233720617297017 0.1665917561943555 0.05910318825737854 0.2780705763462452
0.9821 1.706214381050425 -0.1116554151905111 0.3183947362723367 0.1737986853040741 0.06037620362983680 0.2779349833782525
0.9822 1.706930801898330 -0.1114133998767429 0.3132297469034686 0.1809036796494488 0.06165882336411579 0.2777922590017725
0.9823 1.707649754625642 -0.1111703756346539 0.3078780622168217 0.1879012626615031 0.06295114499313841 0.2776422488038708
0.9824 1.708371261287643 -0.1109263334057667 0.3023408159158120 0.1947859055914317 0.06425327699055979 0.2774848075925736
0.9825 1.709095344255801 -0.1106812640005059 0.2966192496878294 0.2015520265002678 0.06556530256659106 0.2773197388680852
0.9826 1.709822026224127 -0.1104351580955477 0.2907148208213050 0.2081940044800894 0.06688733664021194 0.2771469212777949
0.9827 1.710551330215697 -0.1101880062311096 0.2846290753777136 0.2147061626136976 0.06821945539658172 0.2769661247939124
0.9828 1.711283279589340 -0.1099397988081586 0.2783638273860859 0.2210828040187223 0.06956178703954044 0.2767772372098670
0.9829 1.712017898046505 -0.1096905260855564 0.2719210040077880 0.2273181901233230 0.07091442858398895 0.2765800492219122
0.983 1.712755209638317 -0.1094401781771230 0.2653026865544065 0.2334065278659923 0.07227747398429152 0.2763743669248849
0.9831 1.713495238772797 -0.1091887450486211 0.2585111896195484 0.2393420242482284 0.07365101681816139 0.2761600237282777
0.9832 1.714238010222304 -0.1089362165146650 0.2515489973721146 0.2451188521897314 0.07503518353918989 0.2759368270756113
0.9833 1.714983549131155 -0.1086825822355411 0.2444187635442315 0.2507311605889770 0.07643006727941375 0.2757045542017887
0.9834 1.715731881023464 -0.1084278317139445 0.2371234007610836 0.2561731073880964 0.07783580114014720 0.2754630482267399
0.9835 1.716483031811187 -0.1081719542916288 0.2296659189519999 0.2614387997206377 0.07925246138045048 0.2752120585646342
0.9836 1.717237027802389 -0.1079149391459585 0.2220496251040089 0.2665223804579189 0.08068017466158627 0.2749513936252043
0.9837 1.717993895709745 -0.1076567752863715 0.2142779717485374 0.2714179619081340 0.08211903002534397 0.2746808188359052
0.9838 1.718753662659263 -0.1073974515507397 0.2063546737344508 0.2761196936633671 0.08356917311672890 0.2744001246980801
0.9839 1.719516356199262 -0.1071369566016312 0.1982836299415877 0.2806217206739205 0.08503069024313281 0.2741090784716110
0.984 1.720282004309598 -0.1068752789224644 0.1900689590396746 0.2849182011215630 0.08650370204386482 0.2738074602746473
0.9841 1.721050635411154 -0.1066124068135568 0.1817150246829984 0.2890033368051908 0.08798831597877644 0.2734949985035199
0.9842 1.721822278375583 -0.1063483283880550 0.1732264267059937 0.2928713684035812 0.08948466007876364 0.2731714738762014
0.9843 1.722596962535362 -0.1060830315677587 0.1646079497754687 0.2965165335408013 0.09099282649342649 0.2728365883771220
0.9844 1.723374717694095 -0.1058165040788111 0.1558646631341670 0.2999331641190782 0.09251294309376352 0.2724901466831026
0.9845 1.724155574137144 -0.1055487334472758 0.1470018749135736 0.3031156420009548 0.09404514921885804 0.2721318402812463
0.9846 1.724939562642567 -0.1052797069945793 0.1380250974329031 0.3060583781415649 0.09558952125389701 0.2717613806638154
0.9847 1.725726714492361 -0.1050094118328193 0.1289401424643035 0.3087559020546933 0.09714620276639030 0.2713785175958420
0.9848 1.726517061484046 -0.1047378348599348 0.1197530391851996 0.3112027957865887 0.09871530257587661 0.2709829440795790
0.9849 1.727310635942596 -0.1044649627547332 0.1104700901801536 0.3133937475521345 0.1002969550573585 0.2705743939075231
0.985 1.728107470732729 -0.1041907819717705 0.1010978413618308 0.3153235336115389 0.1018912658428037 0.2701525328369436
0.9851 1.728907599271548 -0.1039152787360694 0.09164310052730130 0.3169870423505821 0.1034983481816012 0.2697170403361643
0.9852 1.729711055541591 -0.1036384390376866 0.08211295562328680 0.3183792963128701 0.1051183316991785 0.2692676040110470
0.9853 1.730517874104269 -0.1033602486261086 0.07251473376820778 0.3194954248710604 0.1067513438008639 0.2688039113407586
0.9854 1.731328090113701 -0.1030806930044732 0.06285605561135991 0.3203307354465724 0.1083974946487383 0.2683255922366242
0.9855 1.732141739331006 -0.1027997574236200 0.05314479485392813 0.3208806576305047 0.1100569602236621 0.2678323875604739
0.9856 1.732958858139014 -0.1025174268759432 0.04338910479975539 0.3211408106264273 0.1117297282000357 0.2673237217022247
0.9857 1.733779483557458 -0.1022336860890641 0.03359740286482940 0.3211069754538153 0.1134160363265047 0.2667994450312809
0.9858 1.734603653258630 -0.1019485195192924 0.02377838801875522 0.3207751427254140 0.1151159875595591 0.2662591155670129
0.9859 1.735431405583548 -0.1016619113448891 0.01394102118198530 0.3201414851025106 0.1168296949466084 0.2657023333940410
0.986 1.736262779558633 -0.1013738454591041 0.004094535501029059 0.3192023891403120 0.1185572506239418 0.2651286678796643
0.9861 1.737097814912920 -0.1010843054629930 -0.005751537370493484 0.3179545344706261 0.1202988291858111 0.2645377679345712
0.9862 1.737936552095842 -0.1007932746580022 -0.01558742463903937 0.3163947665154687 0.1220545153188261 0.2639291615616694
0.9863 1.738779032295582 -0.1005007360383070 -0.02540306735030345 0.3145202598521478 0.1238246260867156 0.2633023764785937
0.9864 1.739625297458045 -0.1002066722829001 -0.03518814314957749 0.3123284128996207 0.1256087695824399 0.2626570533879974
0.9865 1.740475390306435 -0.09991106574741310 -0.04493206253660095 0.3098169581429478 0.1274075006131114 0.2619927543028465
0.9866 1.741329354361517 -0.09961389845566660 -0.05462397948870765 0.3069838816998669 0.1292208227017192 0.2613089317600568
0.9867 1.742187233962540 -0.09931515209093440 -0.06425277331915797 0.3038275895323636 0.1310488875024038 0.2606051206455762
0.9868 1.743049074288884 -0.09901480798691201 -0.07380708608047360 0.3003467316471565 0.1328918545927009 0.2598807441953591
0.9869 1.743914921382433 -0.09871284711837210 -0.08327530103399510 0.2965403732294021 0.1347495865194014 0.2591354286738906
0.987 1.744784822170730 -0.09840925009149901 -0.09264555945009740 0.2924079485348421 0.1366224611082391 0.2583685673124135
0.9871 1.745658824490945 -0.09810399713389050 -0.1019057728858278 0.2879493083342759 0.1385105290204368 0.2575796291961231
0.9872 1.746536977114655 -0.09779706808420240 -0.1110436138005638 0.2831646431667510 0.1404138528272335 0.2567680066466057
0.9873 1.747419329773527 -0.09748844238143160 -0.1200465432859523 0.2780546544224662 0.1423325542769506 0.2559331498749425
0.9874 1.748305933185894 -0.09717809905381560 -0.1289018069549138 0.2726204686146235 0.1442667428978035 0.2550744590090466
0.9875 1.749196839084291 -0.09686601670733530 -0.1375964561976125 0.2668636923554283 0.1462165088505603 0.2541911035882862
0.9876 1.750092100243998 -0.09655217351380060 -0.1461173480477548 0.2607864046781891 0.1481818927509312 0.2532829958672776
0.9877 1.750991770512590 -0.09623654719849710 -0.1544511656841108 0.2543912074860863 0.1501631202426779 0.2523490663898672
0.9878 1.751895904840615 -0.09591911502738950 -0.1625844323758655 0.2476812368009971 0.1521602136910135 0.2513886969532173
0.9879 1.752804559313370 -0.09559985379383840 -0.1705035261240332 0.2406601921650432 0.1541732743901108 0.2504012228664183
0.988 1.753717791183881 -0.09527873980482750 -0.1781946953484130 0.2333323274506100 0.1562023560480664 0.2493859087900274
0.9881 1.754635658907128 -0.09495574886667020 -0.1856440730951088 0.2257024959306296 0.1582464088338190 0.2483424150526204
0.9882 1.755558222175557 -0.09463085627017190 -0.1928377017263950 0.2177761669392937 0.1603088801384699 0.2472693475137598
0.9883 1.756485541955951 -0.09430403677522340 -0.1997615540399032 0.2095594552445967 0.1623866676043663 0.2461658648803417
0.9884 1.757417680527746 -0.09397526459480210 -0.2064015529521655 0.2010591122671557 0.1644806346797568 0.2450314601172968
0.9885 1.758354701522807 -0.09364451337834280 -0.2127435963396776 0.1922825882512294 0.1665909115218593 0.2438653807163003
0.9886 1.759296669966787 -0.09331175619446210 -0.2187735817612650 0.1832380171579455 0.1687175790740735 0.2426666800066934
0.9887 1.760243652322124 -0.09297696551298990 -0.2244774347543492 0.1739342566391735 0.1708606950839021 0.2414345116163110
0.9888 1.761195716532744 -0.09264011318628760 -0.2298411424497504 0.1643808969851320 0.1730202242987630 0.2401678509278019
0.9889 1.762152932070585 -0.09230117042980840 -0.2348507640272268 0.1545882807304747 0.1751962435994821 0.2388658292980154
0.989 1.763115369983986 -0.09196010780186530 -0.2394925195449932 0.1445675585030959 0.1773887744159017 0.2375274687336617
0.9891 1.764083102948105 -0.09161689518257070 -0.2437527337545248 0.1343306241243947 0.1795977508196150 0.2361516896497423
0.9892 1.765056205317379 -0.09127150175189680 -0.2476179774302312 0.1238902358399754 0.1818232202455426 0.2347375048139099
0.9893 1.766034753180210 -0.09092389596682060 -0.2510750298900095 0.1132599515565845 0.1840651012782648 0.2332837997757616
0.9894 1.767018824415957 -0.09057404553750380 -0.2541109462495965 0.1024541728398221 0.1863233975321890 0.2317894816675202
0.9895 1.768008498754341 -0.09022191740245170 -0.2567131118107700 0.09148816884151501 0.1885980177619712 0.2302533620665842
0.9896 1.769003857837408 -0.08986747770260540 -0.2588692729670049 0.08037807635387580 0.1908888961423535 0.2286742640744549
0.9897 1.770004985284207 -0.08951069175430770 -0.2605675979952368 0.06914091801694640 0.1931959296936392 0.2270509518637069
0.9898 1.771011966758273 -0.08915152402107750 -0.2617967329070485 0.05779461530167922 0.1955190379792379 0.2253821514202168
0.9899 1.772024890038117 -0.08878993808413870 -0.2625458306580110 0.04635798091786270 0.1978580461920278 0.2236665437095697
0.99 1.773043845090864 -0.08842589661162360 -0.2628046392443323 0.03485074428853209 0.2002128560591057 0.2219027638738842
0.9901 1.774068924149213 -0.08805936132638640 -0.2625635333519550 0.02329353869951158 0.2025832279852622 0.2200893631280600
0.9902 1.775100221791919 -0.08769029297234540 -0.2618136115289880 0.01170791733497244 0.2049689866751852 0.2182249292300086
0.9903 1.776137835027974 -0.08731865127927101 -0.2605467297008346 0.0001163419703804659 0.2073699331827443 0.2163079198300600
0.9904 1.777181863384719 -0.08694439492593310 -0.2587555696033275 -0.01145782338148420 0.2097857557064490 0.2143367726960913
0.9905 1.778232409000088 -0.08656748150150950 -0.2564337396606585 -0.02299031409820983 0.2122161858742271 0.2123098781891974
0.9906 1.779289576719249 -0.08618786746516030 -0.2535758236852865 -0.03445598026805452 0.2146608926518597 0.2102254905678527
0.9907 1.780353474195895 -0.08580550810365370 -0.2501774491119879 -0.04582880298760728 0.2171195135444144 0.2080820216210231
0.9908 1.781424211998437 -0.08542035748693090 -0.2462354051498229 -0.05708191336941272 0.2195916905059665 0.2058775303139523
0.9909 1.782501903721433 -0.08503236842149020 -0.2417477041365523 -0.06818761953409995 0.2220769563951162 0.2036101965344846
0.991 1.783586666102531 -0.08464149240144930 -0.2367136010166138 -0.07911744087334803 0.2245752932262604 0.2012770400008768
0.9911 1.784678619145295 -0.08424767955714830 -0.2311338084776115 -0.08984213426938570 0.2270844128647988 0.1988792235324342
0.9912 1.785777886248256 -0.08385087860114360 -0.2250104774281321 -0.1003317456516211 0.2296058740146620 0.1964114941085524
0.9913 1.786884594340606 -0.08345103677142270 -0.2183473488030341 -0.1105556561860356 0.2321379121757472 0.1938725508207879
0.9914 1.787998874024910 -0.08304809977166540 -0.2111498154411480 -0.1204826366655400 0.2346802739282310 0.1912606613225440
0.9915 1.789120859727356 -0.08264201170836750 -0.2034250299665050 -0.1300809148078942 0.2372319471282069 0.1885730729846005
0.9916 1.790250689855948 -0.08223271502461360 -0.1951819777597240 -0.1393182390102247 0.2397920751369439 0.1858075035190274
0.9917 1.791388506967246 -0.08182015043028260 -0.1864316344989754 -0.1481619796395301 0.2423597969692637 0.1829614718803093
0.9918 1.792534457942162 -0.08140425682845310 -0.1771869741229527 -0.1565791873857115 0.2449340686276248 0.1800324021031714
0.9919 1.793688694171457 -0.08098497123774650 -0.1674631231940935 -0.1645367099355231 0.2475138025967422 0.1770175966441075
0.992 1.794851371751568 -0.08056222871032980 -0.1572774710860155 -0.1720013183731061 0.2500978434033573 0.1739142885360961
0.9921 1.796022651691520 -0.08013596224528760 -0.1466497160817406 -0.1789397987836489 0.2526848905542484 0.1707195915462945
0.9922 1.797202700131662 -0.07970610269702634 -0.1356019956285143 -0.1853191070703202 0.2552735379018845 0.1674305175961530
0.9923 1.798391688575073 -0.07927257867836919 -0.1241589569612198 -0.1911065018004764 0.2578623029665852 0.1640439250261047
0.9924 1.799589794132570 -0.07883531645795835 -0.1123478492158581 -0.1962697064953301 0.2604494848438468 0.1605566115811846
0.9925 1.800797199782255 -0.07839423985154227 -0.1001986259770121 -0.2007771017747242 0.2630333391721321 0.1569652170035082
0.9926 1.802014094644736 -0.07794927010671692 -0.08774398567134340 -0.2045978825796994 0.2656119230410954 0.1532662631404642
0.9927 1.803240674275143 -0.07750032578060449 -0.07501946518472518 -0.2077022781734075 0.2681831280899297 0.1494561372992705
0.9928 1.804477140973221 -0.07704732260996126 -0.06206348548107581 -0.2100617531833737 0.2707446445503597 0.1455310979155419
0.9929 1.805723704112904 -0.07659017337311709 -0.04891744138606717 -0.2116493045678935 0.2732940475663512 0.1414872497142360
0.993 1.806980580492866 -0.07612878774311779 -0.03562567503626418 -0.2124396119570968 0.2758287258403094 0.1373207483510138
0.9931 1.808247994709713 -0.07566307213137192 -0.02223555649717745 -0.2124093996137205 0.2783456341012231 0.1330268933686599
0.9932 1.809526179555631 -0.07519292952104514 -0.008797468497269250 -0.2115376787364544 0.2808417440659626 0.1286017220623883
0.9933 1.810815376442461 -0.07471825928936414 0.004635208749205761 -0.2098060464046502 0.2833136283008497 0.1240406515169762
0.9934 1.812115835854406 -0.07423895701791939 0.01800611206727288 -0.2071990445492091 0.2857575799660997 0.1193390004449568
0.9935 1.813427817831749 -0.07375491428995872 0.03125596113143815 -0.2037044606186850 0.2881696192519875 0.1144919110707156
0.9936 1.814751592488212 -0.07326601847356818 0.04432263901940683 -0.1993137279715215 0.2905451625569845 0.1094947488282966
0.9937 1.816087440564885 -0.07277215248951418 0.05714130252544257 -0.1940222790115625 0.2928803898514665 0.1043411746474753
0.9938 1.817435654023907 -0.07227319456240958 0.06964453644825572 -0.1878299579649352 0.2951692514246728 0.09902668055785115
0.9939 1.818796536685462 -0.07176901795371384 0.08176252772928240 -0.1807413672904990 0.2974065325754508 0.09354550819570415
0.994 1.820170404911995 -0.07125949067491213 0.09342330756701520 -0.1727664043994148 0.2995862926913166 0.08789182147591114
0.9941 1.821557588344021 -0.07074447517906223 0.1045530154573960 -0.1639205866321713 0.3017020131763364 0.08205964498949250
0.9942 1.822958430692330 -0.07022382802866382 0.1150762391367542 -0.1542255753099444 0.3037465769778311 0.07604281195423687
0.9943 1.824373290592008 -0.06969739953760879 0.1249163868667437 -0.1437095661371823 0.3057124758674577 0.06983479501709079
0.9944 1.825802542524208 -0.06916503338468416 0.1339961491974675 -0.1324077859297293 0.3075912260674974 0.06342911549848820
0.9945 1.827246577812424 -0.06862656619582577 0.1422380135471444 -0.1203629226971437 0.3093738061348282 0.05681894637659870
0.9946 1.828705805700707 -0.06808182709197970 0.1495648563535951 -0.1076255690303820 0.3110503549994562 0.04999732535519665
0.9947 1.830180654522243 -0.06753063719903620 0.1559006246620725 -0.09425465208701390 0.3126101522202635 0.04295708352303363
0.9948 1.831671572967718 -0.06697280911589867 0.1611710785625288 -0.08031780876628230 0.3140414838626004 0.03569093113874405
0.9949 1.833179031464060 -0.06640814633620701 0.1653046919453208 -0.06589179896297228 0.3153316471877794 0.02819137007478472
0.995 1.834703523675562 -0.06583644261870969 0.1682335718246087 -0.05106278033336421 0.3164667851486093 0.02045086152672624
0.9951 1.836245568140909 -0.06525748130058471 0.1698945387949393 -0.03592658519859790 0.3174317525120109 0.01246156803915111
0.9952 1.837805710061445 -0.06467103454727221 0.1702302999966314 -0.02058889854603867 0.3182100483498093 0.004215766049992109
0.9953 1.839384523258126 -0.06407686253149456 0.1691907716057250 -0.005165357604735181 0.3187835318490535 -0.004294311088258975
0.9954 1.840982612317027 -0.06347471253312737 0.1667344564911018 0.01021849546737709 0.3191325946452591 -0.01307640998267387
0.9955 1.842600614946059 -0.06286431795038720 0.1628299857836562 0.02542737593741692 0.3192356511166739 -0.02213824829945489
0.9956 1.844239204568901 -0.06224539721143198 0.1574577973405590 0.04031659041019328 0.3190685173979844 -0.03148808082601341
0.9957 1.845899093185982 -0.06161765257382773 0.1506119060149144 0.05473258079218766 0.3186066481710558 -0.04113061219913762
0.9958 1.847581034536905 -0.06098076879745368 0.1423017625253624 0.06851369540345395 0.3178210383463361 -0.05107520359781385
0.9959 1.849285827604033 -0.06033441167413821 0.1325542830378243 0.08149124700860290 0.3166807145049307 -0.06132751876146807
0.996 1.851014320503354 -0.05967822639467075 0.1214158606187143 0.09349087355948190 0.3151508533779751 -0.07189242405474040
0.9961 1.852767414816221 -0.05901183573066477 0.1089545187054455 0.1043342880616318 0.3131947128239170 -0.08277464612547175
0.9962 1.854546070424631 -0.05833483800495205 0.09526203024981970 0.1138414436916927 0.3107709567593838 -0.09397747065022845
0.9963 1.856351310923437 -0.05764680481966687 0.08045601055062620 0.1218331697956198 0.3078344478390561 -0.1055026228038003
0.9964 1.858184229695932 -0.05694727850570649 0.06468191845056060 0.1281343515462811 0.3043348393799533 -0.1173492470040851
0.9965 1.860045996754956 -0.05623576925065054 0.04811491714174934 0.1325777434971518 0.3002177200314750 -0.1295145808898187
0.9966 1.861937866470777 -0.05551175185418518 0.03096137539698874 0.1350083847954334 0.2954219621789294 -0.1419925691769316
0.9967 1.863861186330442 -0.05477466205023839 0.01346005257324540 0.1352888210782561 0.2898814944022063 -0.1547729770259308
0.9968 1.865817406901947 -0.05402389232298265 -0.004117364398583744 0.1333050113907978 0.2835223085461173 -0.1678407318953618
0.9969 1.867808093212168 -0.05325878712889175 -0.02146643640534363 0.1289731519682527 0.2762635209849507 -0.1811749790931590
0.997 1.869834937791716 -0.05247863741848566 -0.03825119686117020 0.1222472152165676 0.2680156352247398 -0.1947472895026827
0.9971 1.871899775695169 -0.05168267432809431 -0.05410665138988120 0.1131274495160662 0.2586800636988578 -0.2085199903441856
0.9972 1.874004601875096 -0.05087006188264666 -0.06864294340248921 0.1016694689086893 0.2481480766651655 -0.2224442076635764
0.9973 1.876151591376896 -0.05003988851316460 -0.08145157559052150 0.08799407458440160 0.2363004298220355 -0.2364568031733912
0.9974 1.878343122935207 -0.04919115714488028 -0.09211416730803670 0.07229738552923994 0.2230059355406541 -0.2504775055931519
0.9975 1.880581806699408 -0.04832277355017666 -0.1002143013148442 0.05486098764086384 0.2081212312635931 -0.2644044785459617
0.9976 1.882870517007115 -0.04743353258011292 -0.1053530128472037 0.03606147264045303 0.1914900216518244 -0.2781091379066079
0.9977 1.885212431376451 -0.04652210178236460 -0.1071686169844458 0.01637862509190058 0.1729429549254802 -0.2914299655097575
0.9978 1.887611077222972 -0.04558700177257061 -0.1053614519889669 -0.003598966269723967 0.1522989106775895 -0.3041637287510680
0.9979 1.890070388258047 -0.04462658253646393 -0.09972407814736540 -0.02317243892451861 0.1293651244150733 -0.3160561509108536
0.998 1.892594773139649 -0.04363899458193527 -0.09017731358421580 -0.04153748262093703 0.1039416357795480 -0.3267880685622092
0.9981 1.895189199794629 -0.04262215350359938 -0.07681194934509889 -0.05779831565538601 0.07582661218717743 -0.3359594819071738
0.9982 1.897859300019613 -0.04157369602283424 -0.05993543511354611 -0.07099451363253005 0.04482646190681499 -0.3430689987091464
0.9983 1.900611500659370 -0.04049092485493425 -0.04012138714323697 -0.08014534419145550 0.01077074968578529 -0.3474879322461883
0.9984 1.903453190113055 -0.03937073872410602 -0.01825792780857789 -0.08431725461673790 -0.02646014243915256 -0.3484271770608640
0.9985 1.906392932541926 -0.03820954232338943 0.004412354438220641 -0.08272094122229040 -0.06689624869712857 -0.3448988828794858
0.9986 1.909440747625102 -0.03700312871499412 0.02627280546115198 -0.07484451008864696 -0.1104169132916248 -0.3356639284542240
0.9987 1.912608482182025 -0.03574652310359859 0.04535251578687477 -0.06062764989589051 -0.1566400807816906 -0.3191833950849163
0.9988 1.915910313461917 -0.03443377124522208 0.05941465035394796 -0.04067664913636540 -0.2047729526064552 -0.2935542149397591
0.9989 1.919363446040212 -0.03305764644278608 0.06615570008330561 -0.01650776771389499 -0.2533528957992133 -0.2564674963560724
0.999 1.922989101957636 -0.03160923322485085 0.06357341927496617 0.009219159521667960 -0.2998429471419712 -0.2052139568491318