0.001 0.8094577799711949 -0.09416259293566680 0.06522506500623708 0.06535256355287235 0.1374819562109808 -0.1006473624802399
0.002 0.8097374743546150 -0.09416121023996930 0.06510178096089993 0.06546598192822848 0.1374318949528112 -0.1007496515662901
0.003 0.8100174612381050 -0.09415981286259099 0.06497811292269779 0.06557933671885561 0.1373816903745373 -0.1008520078183052
0.004 0.8102977411788430 -0.09415840076416250 0.06485402980494916 0.06569262853747743 0.1373313449842789 -0.1009543639396055
0.005 0.8105783147355901 -0.09415697390518379 0.06472956578165973 0.06580586726656885 0.1372809970575854 -0.1010568950212160
0.006 0.8108591824686880 -0.09415553224602410 0.06460468796073573 0.06591904898345758 0.1372305636320399 -0.1011594738016945
0.007 0.8111403449400750 -0.09415407574692090 0.06447940319780675 0.06603215411678283 0.1371797385241896 -0.1012621758120472
0.008 0.8114218027132830 -0.09415260436797999 0.06435372836311050 0.06614520713462195 0.1371289848318729 -0.1013647993662972
0.009 0.8117035563534500 -0.09415111806917430 0.06422764677313636 0.06625819316134263 0.1370781672802892 -0.1014675576955441
0.01 0.8119856064273210 -0.09414961681034360 0.06410115796620297 0.06637111189840722 0.1370272026732011 -0.1015703055188123
0.011 0.8122679535032600 -0.09414810055119439 0.06397426840800017 0.06648396460165671 0.1369760878668087 -0.1016731216640759
0.012 0.8125505981512510 -0.09414656925129830 0.06384697231945289 0.06659675485466645 0.1369248379650341 -0.1017762134904951
0.013 0.8128335409429071 -0.09414502287009270 0.06371927524028136 0.06670946437231727 0.1368736020123149 -0.1018793033273154
0.014 0.8131167824514760 -0.09414346136687909 0.06359116009513356 0.06682210895906166 0.1368221348670503 -0.1019823584931291
0.015 0.8134003232518440 -0.09414188470082360 0.06346263452753556 0.06693468618448106 0.1367705949158734 -0.1020854058822036
0.016 0.8136841639205480 -0.09414029283095530 0.06333368975753339 0.06704718646958449 0.1367189192828352 -0.1021885564738167
0.017 0.8139683050357760 -0.09413868571616631 0.06320435489455911 0.06715961933044347 0.1366673543684354 -0.1022918705701318
0.018 0.8142527471773749 -0.09413706331521110 0.06307458991992016 0.06727196863572847 0.1366154852537324 -0.1023951286588715
0.019 0.8145374909268610 -0.09413542558670621 0.06294443213245128 0.06738424490583618 0.1365634516110038 -0.1024985014547923
0.02 0.8148225368674180 -0.09413377248912880 0.06281383959317710 0.06749644946553788 0.1365113486958951 -0.1026019549180832
0.021 0.8151078855839140 -0.09413210398081710 0.06268283744332392 0.06760857046097312 0.1364591800449960 -0.1027052483596853
0.022 0.8153935376628990 -0.09413042001996889 0.06255143708556933 0.06772062010219038 0.1364068867860384 -0.1028086331821452
0.023 0.8156794936926161 -0.09412872056464180 0.06241958604927847 0.06783257589244673 0.1363544075971523 -0.1029121506088207
0.024 0.8159657542630060 -0.09412700557275190 0.06228733390936215 0.06794445993490246 0.1363020176152966 -0.1030156450552205
0.025 0.8162523199657160 -0.09412527500207370 0.06215467822249099 0.06805625389603865 0.1362494253828722 -0.1031193175636541
0.026 0.8165391913941030 -0.09412352881023919 0.06202158461906602 0.06816797125770099 0.1361967597396778 -0.1032231134589369
0.027 0.8168263691432430 -0.09412176695473740 0.06188808819190558 0.06827959397173908 0.1361438969379726 -0.1033269120414025
0.028 0.8171138538099390 -0.09411998939291370 0.06175413724284543 0.06839114284603555 0.1360908817447907 -0.1034307304663485
0.029 0.8174016459927210 -0.09411819608196960 0.06161978504564946 0.06850259114454273 0.1360376787306571 -0.1035346071133328
0.03 0.8176897462918620 -0.09411638697896120 0.06148500324050769 0.06861395778561236 0.1359843862779380 -0.1036385973976301
0.031 0.8179781553093770 -0.09411456204079960 0.06134981894346759 0.06872523253633689 0.1359310619239864 -0.1037426976633714
0.032 0.8182668736490351 -0.09411272122424960 0.06121417392225194 0.06883641411901145 0.1358774423260472 -0.1038468228840986
0.033 0.8185559019163620 -0.09411086448592949 0.06107813158780289 0.06894750326977940 0.1358237431665607 -0.1039510689806603
0.034 0.8188452407186499 -0.09410899178231021 0.06094163031800076 0.06905849822151505 0.1357699809470574 -0.1040552936133422
0.035 0.8191348906649650 -0.09410710306971470 0.06080471685841160 0.06916939616552630 0.1357161643744419 -0.1041595381163393
0.036 0.8194248523661510 -0.09410519830431720 0.06066738258481840 0.06928020410647568 0.1356621113619523 -0.1042640303662198
0.037 0.8197151264348370 -0.09410327744214310 0.06052960590652283 0.06939090883651491 0.1356079739053932 -0.1043683730126235
0.038 0.8200057134854500 -0.09410134043906759 0.06039138682424211 0.06950150843714580 0.1355536593001865 -0.1044729455412592
0.039 0.8202966141342110 -0.09409938725081560 0.06025275899222221 0.06961201200433818 0.1354993152817615 -0.1045774575576290
0.04 0.8205878289991549 -0.09409741783296070 0.06011369930533599 0.06972241298783187 0.1354448994935719 -0.1046820069318691
0.041 0.8208793587001260 -0.09409543214092500 0.05997418074446092 0.06983271981792311 0.1353901965587821 -0.1047865977055435
0.042 0.8211712038587941 -0.09409343012997780 0.05983424569253721 0.06994291467609393 0.1353354139929775 -0.1048914061474666
0.043 0.8214633650986550 -0.09409141175523550 0.05969385657042770 0.07005300222467824 0.1352805646520769 -0.1049961119230543
0.044 0.8217558430450430 -0.09408937697166091 0.05955305087160784 0.07016297854021280 0.1352256060173740 -0.1051009539923529
0.045 0.8220486383251340 -0.09408732573406189 0.05941180708308593 0.07027284720484019 0.1351705376681106 -0.1052058206754511
0.046 0.8223417515679560 -0.09408525799709180 0.05927012176592817 0.07038261113145011 0.1351153725903814 -0.1053107200404867
0.047 0.8226351834043940 -0.09408317371524789 0.05912798531833882 0.07049225548041655 0.1350600177359219 -0.1054156390151805
0.048 0.8229289344671969 -0.09408107284287121 0.05898539837492894 0.07060180034601351 0.1350043568585780 -0.1055207045438481
0.049 0.8232230053909900 -0.09407895533414549 0.05884237691808247 0.07071121903305855 0.1349488234222583 -0.1056257900040658
0.05 0.8235173968122760 -0.09407682114309671 0.05869892668917567 0.07082052917787875 0.1348930349758690 -0.1057310426672306
0.051 0.8238121093694450 -0.09407467022359260 0.05855504582770131 0.07092971695736930 0.1348372323642801 -0.1058363212669153
0.052 0.8241071437027840 -0.09407250252934141 0.05841065855420725 0.07103878916074056 0.1347813165382328 -0.1059414605754903
0.053 0.8244025004544810 -0.09407031801389169 0.05826586370358399 0.07114774347534436 0.1347252751343218 -0.1060468217443871
0.054 0.8246981802686359 -0.09406811663063140 0.05812065417103507 0.07125656958391781 0.1346690270738120 -0.1061522962063393
0.055 0.8249941837912630 -0.09406589833278750 0.05797494331227977 0.07136528236719625 0.1346126209998231 -0.1062576345612930
0.056 0.8252905116703070 -0.09406366307342449 0.05782881188581486 0.07147386069115811 0.1345562585791071 -0.1063631098928001
0.057 0.8255871645556410 -0.09406141080544470 0.05768220866350855 0.07158231949749823 0.1344996853703718 -0.1064685994675695
0.058 0.8258841430990820 -0.09405914148158689 0.05753516224068910 0.07169065040728948 0.1344430733120636 -0.1065741939534756
0.059 0.8261814479543960 -0.09405685505442560 0.05738766111528381 0.07179884231396772 0.1343861625367472 -0.1066799450145130
0.06 0.8264790797773020 -0.09405455147637090 0.05723971302819915 0.07190692083372139 0.1343292631741723 -0.1067857263924117
0.061 0.8267770392254870 -0.09405223069966701 0.05709130117727957 0.07201486319360040 0.1342722236132105 -0.1068915979735332
0.062 0.8270753269586100 -0.09404989267639199 0.05694247855530082 0.07212266269719497 0.1342149573426238 -0.1069974074306552
0.063 0.8273739436383060 -0.09404753735845719 0.05679314787073637 0.07223033738930620 0.1341577641020869 -0.1071032999445686
0.064 0.8276728899282030 -0.09404516469760590 0.05664338248636715 0.07233787307067844 0.1341002980908778 -0.1072093056009733
0.065 0.8279721664939220 -0.09404277464541309 0.05649315616447490 0.07244526358641556 0.1340428257794958 -0.1073153620932729
0.066 0.8282717740030900 -0.09404036715328450 0.05634246058309031 0.07255252880816336 0.1339851401837484 -0.1074215136331278
0.067 0.8285717131253461 -0.09403794217245620 0.05619131040250767 0.07265964491471867 0.1339273271298160 -0.1075277238093734
0.068 0.8288719845323480 -0.09403549965399299 0.05603970833846193 0.07276661941388667 0.1338693887856196 -0.1076339994350462
0.069 0.8291725888977830 -0.09403303954878890 0.05588764117830836 0.07287344729462150 0.1338112772386803 -0.1077403660719225
0.07 0.8294735268973760 -0.09403056180756530 0.05573510646158314 0.07298013297906230 0.1337530633334125 -0.1078466324434139
0.071 0.8297747992088950 -0.09402806638087080 0.05558209585983342 0.07308667195909058 0.1336947464664597 -0.1079529899659264
0.072 0.8300764065121640 -0.09402555321908020 0.05542862555285390 0.07319306218939431 0.1336363800950411 -0.1080595539989379
0.073 0.8303783494890670 -0.09402302227239390 0.05527471877027132 0.07329929392920769 0.1335777993665465 -0.1081661170634988
0.074 0.8306806288235560 -0.09402047349083691 0.05512031759152483 0.07340538866012203 0.1335190626001694 -0.1082728373299291
0.075 0.8309832452016650 -0.09401790682425830 0.05496544685342116 0.07351132569564487 0.1334602175615523 -0.1083795387618932
0.076 0.8312861993115130 -0.09401532222233031 0.05481011400409452 0.07361709671248335 0.1334012465467302 -0.1084862411514775
0.077 0.8315894918433160 -0.09401271963454740 0.05465430139651977 0.07372272450963830 0.1333421378719872 -0.1085930937856268
0.078 0.8318931234893910 -0.09401009901022590 0.05449803656072067 0.07382817763486860 0.1332830183451243 -0.1086998375800568
0.079 0.8321970949441700 -0.09400746029850260 0.05434130361097330 0.07393348267928543 0.1332236307761750 -0.1088068412986789
0.08 0.8325014069042060 -0.09400480344833470 0.05418408681158295 0.07403862633721959 0.1331641154642114 -0.1089138120274678
0.081 0.8328060600681810 -0.09400212840849810 0.05402638268148935 0.07414360422893723 0.1331045022726381 -0.1090208859776139
0.082 0.8331110551369160 -0.09399943512758760 0.05386821290422055 0.07424841712441865 0.1330447685074246 -0.1091280020630514
0.083 0.8334163928133800 -0.09399672355401510 0.05370957378497177 0.07435306153631238 0.1329848693825609 -0.1092352106079066
0.084 0.8337220738026970 -0.09399399363600960 0.05355045004078519 0.07445753957664865 0.1329248294861842 -0.1093424465915308
0.085 0.8340280988121570 -0.09399124532161580 0.05339085956904875 0.07456183948848882 0.1328646714972435 -0.1094497993513319
0.086 0.8343344685512250 -0.09398847855869370 0.05323077272478892 0.07466597417448051 0.1328044218264051 -0.1095572269815994
0.087 0.8346411837315461 -0.09398569329491760 0.05307020938248115 0.07476994002982595 0.1327438792412450 -0.1096645811257013
0.088 0.8349482450669590 -0.09398288947777481 0.05290918806245555 0.07487372112883456 0.1326832574302222 -0.1097720971726410
0.089 0.8352556532735040 -0.09398006705456570 0.05274765982079752 0.07497732806635369 0.1326225954938025 -0.1098796857803493
0.09 0.8355634090694311 -0.09397722597240230 0.05258567059506627 0.07508076314575227 0.1325617592947221 -0.1099873275473977
0.091 0.8358715131752090 -0.09397436617820761 0.05242318603340141 0.07518400360006296 0.1325007993011460 -0.1100949473387810
0.092 0.8361799663135360 -0.09397148761871420 0.05226021645895806 0.07528707262472292 0.1324397817654927 -0.1102027385798133
0.093 0.8364887692093470 -0.09396859024046450 0.05209676088325923 0.07538995311503936 0.1323787040689850 -0.1103104961347085
0.094 0.8367979225898230 -0.09396567398980890 0.05193280813255290 0.07549265031381464 0.1323173839879026 -0.1104181928259592
0.095 0.8371074271844050 -0.09396273881290521 0.05176839140269550 0.07559516133214920 0.1322560879702857 -0.1105261532313575
0.096 0.8374172837247950 -0.09395978465571810 0.05160346846016407 0.07569748031778784 0.1321944406891634 -0.1106341110636720
0.097 0.8377274929449730 -0.09395681146401751 0.05143806318024950 0.07579959805193543 0.1321326803710602 -0.1107421874833131
0.098 0.8380380555812050 -0.09395381918337870 0.05127216875708416 0.07590153488764950 0.1320707565334158 -0.1108503079623623
0.099 0.8383489723720470 -0.09395080775918070 0.05110578423212866 0.07600326213761455 0.1320087085957330 -0.1109585403652231
0.1 0.8386602440583620 -0.09394777713660520 0.05093889704634758 0.07610480703366926 0.1319464630797096 -0.1110669596380879
0.101 0.8389718713833250 -0.09394472726063670 0.05077153849447507 0.07620614777497179 0.1318841789317120 -0.1111753649562887
0.102 0.8392838550924340 -0.09394165807606050 0.05060367204573027 0.07630727870383324 0.1318216900393187 -0.1112837673448911
0.103 0.8395961959335220 -0.09393856952746230 0.05043529436484042 0.07640822148894635 0.1317592055522595 -0.1113922377131141
0.104 0.8399088946567620 -0.09393546155922730 0.05026645003634154 0.07650895042462885 0.1316964211030817 -0.1115007627186136
0.105 0.8402219520146800 -0.09393233411553920 0.05009709753192554 0.07660947081656387 0.1316335120478033 -0.1116093284758911
0.106 0.8405353687621649 -0.09392918714037921 0.04992725059034015 0.07670978372949955 0.1315704356125662 -0.1117180088724855
0.107 0.8408491456564789 -0.09392602057752530 0.04975689757097449 0.07680988842329186 0.1315072580212399 -0.1118267602742757
0.108 0.8411632834572640 -0.09392283437055120 0.04958604110968221 0.07690979046950819 0.1314439621779841 -0.1119355675310370
0.109 0.8414777829265560 -0.09391962846282510 0.04941468668827172 0.07700946947712093 0.1313805910893135 -0.1120443518238369
0.11 0.8417926448287940 -0.09391640279750950 0.04924281866690418 0.07710893610170702 0.1313170561218194 -0.1121531103114669
0.111 0.8421078699308280 -0.09391315731755930 0.04907047656636600 0.07720816794477264 0.1312532972632886 -0.1122620488012887
0.112 0.8424234590019321 -0.09390989196572180 0.04889761601499261 0.07730719620577307 0.1311895066684317 -0.1123711727341270
0.113 0.8427394128138110 -0.09390660668453500 0.04872426219100171 0.07740598584996166 0.1311254296033413 -0.1124802644602922
0.114 0.8430557321406170 -0.09390330141632690 0.04855037488589496 0.07750457020099471 0.1310612752260064 -0.1125893635010894
0.115 0.8433724177589540 -0.09389997610321470 0.04837601680003740 0.07760291102139326 0.1309969337111094 -0.1126985826546780
0.116 0.8436894704478880 -0.09389663068710349 0.04820113045571500 0.07770104172617542 0.1309325574402546 -0.1128078813899033
0.117 0.8440068909889640 -0.09389326510968560 0.04802574625112149 0.07779892093463527 0.1308679125343684 -0.1129171739932214
0.118 0.8443246801662080 -0.09388987931243931 0.04784986528860011 0.07789656906350167 0.1308031980971479 -0.1130266495968627
0.119 0.8446428387661450 -0.09388647323662810 0.04767344372979502 0.07799399386863069 0.1307383114762542 -0.1131361220844851
0.12 0.8449613675778060 -0.09388304682329950 0.04749651342683722 0.07809117636825041 0.1306733564955826 -0.1132457616436425
0.121 0.8452802673927370 -0.09387960001328401 0.04731907798367264 0.07818812274326823 0.1306082316511011 -0.1133552571890025
0.122 0.8455995390050139 -0.09387613274719460 0.04714112827154122 0.07828483672655206 0.1305430272180230 -0.1134648322630534
0.123 0.8459191832112520 -0.09387264496542490 0.04696268116630030 0.07838128945486146 0.1304775416543590 -0.1135745575925387
0.124 0.8462392008106150 -0.09386913660814880 0.04678369057311453 0.07847751506124832 0.1304119849339004 -0.1136842278681651
0.125 0.8465595926048280 -0.09386560761531910 0.04660421717013372 0.07857347210934156 0.1303461948476123 -0.1137941757544027
0.126 0.8468803593981860 -0.09386205792666670 0.04642421556471228 0.07866918124582501 0.1302803087352850 -0.1139041333649485
0.127 0.8472015019975701 -0.09385848748169941 0.04624367479757230 0.07876466371104041 0.1302143562716459 -0.1140140495350229
0.128 0.8475230212124520 -0.09385489621970090 0.04606264155401075 0.07885987551705420 0.1301481384318511 -0.1141242852966664
0.129 0.8478449178549110 -0.09385128407972960 0.04588108915877946 0.07895482068847537 0.1300817272853147 -0.1142343852614672
0.13 0.8481671927396400 -0.09384765100061809 0.04569900337264262 0.07904951787404899 0.1300152671327564 -0.1143444920408006
0.131 0.8484898466839620 -0.09384399692097110 0.04551640239816095 0.07914395644350304 0.1299487164420858 -0.1144546856555680
0.132 0.8488128805078370 -0.09384032177916569 0.04533328158488152 0.07923813288521786 0.1298819505113738 -0.1145649671269922
0.133 0.8491362950338780 -0.09383662551334900 0.04514963018887498 0.07933203673916317 0.1298149901904398 -0.1146753100965280
0.134 0.8494600910873570 -0.09383290806143781 0.04496546668258579 0.07942567264514576 0.1297478342677500 -0.1147857239236907
0.135 0.8497842694962200 -0.09382916936111750 0.04478076872580382 0.07951904834960559 0.1296806338972535 -0.1148963059594782
0.136 0.8501088310911010 -0.09382540934984029 0.04459553833008601 0.07961215036431073 0.1296132453509501 -0.1150068134486722
0.137 0.8504337767053270 -0.09382162796482529 0.04440981081841628 0.07970497111405967 0.1295456703640225 -0.1151174249610113
0.138 0.8507591071749350 -0.09381782514305620 0.04422353428172245 0.07979751167566601 0.1294779462689101 -0.1152280814532697
0.139 0.8510848233386830 -0.09381400082128090 0.04403671080803349 0.07988979767698732 0.1294101277825820 -0.1153387370536777
0.14 0.8514109260380600 -0.09381015493601010 0.04384938287221399 0.07998178295603267 0.1293421683481747 -0.1154495836914869
0.141 0.8517374161173010 -0.09380628742351640 0.04366153185471080 0.08007347796545280 0.1292740215154793 -0.1155604556419109
0.142 0.8520642944233950 -0.09380239821983261 0.04347312737678918 0.08016490866044990 0.1292056526969609 -0.1156715262858991
0.143 0.8523915618061000 -0.09379848726075160 0.04328423665767350 0.08025602132921880 0.1291372424648549 -0.1157825639889953
0.144 0.8527192191179540 -0.09379455448182430 0.04309476753992353 0.08034686604554260 0.1290684551909380 -0.1158936814762374
0.145 0.8530472672142880 -0.09379059981835861 0.04290477338156842 0.08043741895102750 0.1289997025572392 -0.1160047661840580
0.146 0.8533757069532401 -0.09378662320541860 0.04271425781551887 0.08052765947639000 0.1289307514710104 -0.1161159307008031
0.147 0.8537045391957599 -0.09378262457782360 0.04252321025501046 0.08061761969389410 0.1288616740818286 -0.1162272256069496
0.148 0.8540337648056330 -0.09377860387014569 0.04233161731126823 0.08070726185310610 0.1287924556792701 -0.1163383476846466
0.149 0.8543633846494830 -0.09377456101671040 0.04213948131546460 0.08079661526870110 0.1287230253266875 -0.1164498060543841
0.15 0.8546933995967890 -0.09377049595159390 0.04194683400795944 0.08088564982891260 0.1286534414311623 -0.1165614033106585
0.151 0.8550238105198970 -0.09376640860862290 0.04175360598268052 0.08097440038048740 0.1285837718315673 -0.1166729431387266
0.152 0.8553546182940350 -0.09376229892137281 0.04155987825976600 0.08106281491663250 0.1285138686550717 -0.1167845494111402
0.153 0.8556858237973221 -0.09375816682316671 0.04136558606649898 0.08115092732572410 0.1284438664984125 -0.1168961055361725
0.154 0.8560174279107819 -0.09375401224707440 0.04117076894444523 0.08123871822185070 0.1283736773627879 -0.1170078238826287
0.155 0.8563494315183590 -0.09374983512591049 0.04097540350947241 0.08132619715887990 0.1283032575681931 -0.1171196100909206
0.156 0.8566818355069280 -0.09374563539223420 0.04077948724698150 0.08141336192227010 0.1282327663673799 -0.1172314062932214
0.157 0.8570146407663060 -0.09374141297834709 0.04058303425752475 0.08150019365794640 0.1281620581773676 -0.1173432849275283
0.158 0.8573478481892710 -0.09373716781629260 0.04038605034794247 0.08158670293199480 0.1280912127398664 -0.1174553173109267
0.159 0.8576814586715710 -0.09373289983785410 0.04018851356826181 0.08167287688199850 0.1280202167580687 -0.1175673149488580
0.16 0.8580154731119370 -0.09372860897455440 0.03999043481881601 0.08175872108153670 0.1279490033067822 -0.1176794271543764
0.161 0.8583498924120980 -0.09372429515765381 0.03979180265053690 0.08184424490251640 0.1278777305636951 -0.1177915912327673
0.162 0.8586847174767930 -0.09371995831814919 0.03959261242069839 0.08192942592623350 0.1278063447019808 -0.1179038050095430
0.163 0.8590199492137860 -0.09371559838677269 0.03939289252913494 0.08201427590681820 0.1277346247193347 -0.1180160264241454
0.164 0.8593555885338801 -0.09371121529399040 0.03919261735071671 0.08209877041638680 0.1276628376828349 -0.1181283352278711
0.165 0.8596916363509270 -0.09370680897000090 0.03899179073996095 0.08218292869639570 0.1275908345603170 -0.1182407305450587
0.166 0.8600280935818460 -0.09370237934473410 0.03879043453740920 0.08226672837567760 0.1275186360633454 -0.1183532695851842
0.167 0.8603649611466340 -0.09369792634785010 0.03858850037759459 0.08235019308212610 0.1274463863493558 -0.1184657553462041
0.168 0.8607022399683830 -0.09369344990873760 0.03838602123198329 0.08243330475304840 0.1273739470111953 -0.1185783259898721
0.169 0.8610399309732900 -0.09368894995651260 0.03818299723237434 0.08251605105483940 0.1273012620323121 -0.1186909945861831
0.17 0.8613780350906720 -0.09368442642001699 0.03797941908127625 0.08259844832429350 0.1272285087812794 -0.1188036928632738
0.171 0.8617165532529830 -0.09367987922781770 0.03777527570414186 0.08268048321876140 0.1271555548281534 -0.1189165057659467
0.172 0.8620554863958270 -0.09367530830820479 0.03757059419081274 0.08276214977182980 0.1270824296048811 -0.1190293558824985
0.173 0.8623948354579680 -0.09367071358919020 0.03736535218208056 0.08284345553977960 0.1270090866418292 -0.1191421964414614
0.174 0.8627346013813511 -0.09366609499850660 0.03715954873446987 0.08292439768418880 0.1269356682877812 -0.1192552011846112
0.175 0.8630747851111120 -0.09366145246360580 0.03695319171208503 0.08300496423395540 0.1268620364447906 -0.1193682482109731
0.176 0.8634153875955940 -0.09365678591165739 0.03674628020442471 0.08308514191824710 0.1267882130151877 -0.1194813274015737
0.177 0.8637564097863620 -0.09365209526954740 0.03653881221229077 0.08316496270555330 0.1267142724903303 -0.1195944791322606
0.178 0.8640978526382160 -0.09364738046387730 0.03633078049679936 0.08324439688573340 0.1266400903608118 -0.1197077135924681
0.179 0.8644397171092080 -0.09364264142096131 0.03612218801154382 0.08332344814490760 0.1265658243431024 -0.1198209880681522
0.18 0.8647820041606560 -0.09363787806682670 0.03591303696248586 0.08340210947924280 0.1264914299797140 -0.1199343700409797
0.181 0.8651247147571570 -0.09363309032721120 0.03570332884503423 0.08348038254090150 0.1264167723670391 -0.1200478192086771
0.182 0.8654678498666060 -0.09362827812756171 0.03549305462828500 0.08355826662424040 0.1263419762030263 -0.1201612853457242
0.183 0.8658114104602060 -0.09362344139303320 0.03528221279875860 0.08363575987287810 0.1262670537793561 -0.1202748116694856
0.184 0.8661553975124900 -0.09361858004848690 0.03507082314019936 0.08371284019322010 0.1261918821745290 -0.1203884143703073
0.185 0.8664998120013290 -0.09361369401848950 0.03485885875379520 0.08378953509765200 0.1261165936925940 -0.1205020358254017
0.186 0.8668446549079520 -0.09360878322731039 0.03464633834339344 0.08386581646449610 0.1260410503974048 -0.1206157176383704
0.187 0.8671899272169600 -0.09360384759892169 0.03443325668244881 0.08394168749004440 0.1259653754322224 -0.1207294746953405
0.188 0.8675356299163430 -0.09359888705699550 0.03421958199003492 0.08401716683357420 0.1258896684705181 -0.1208432417715785
0.189 0.8678817639974929 -0.09359390152490350 0.03400537578999534 0.08409221205145330 0.1258136930041818 -0.1209571770136797
0.19 0.8682283304552220 -0.09358889092571430 0.03379059070132979 0.08416684898497960 0.1257374761745084 -0.1210711231679969
0.191 0.8685753302877760 -0.09358385518219289 0.03357522933000912 0.08424107414896570 0.1256611735318366 -0.1211851624208047
0.192 0.8689227644968530 -0.09357879421679870 0.03335930861924283 0.08431487189113100 0.1255846371369453 -0.1212993204654555
0.193 0.8692706340876180 -0.09357370795168379 0.03314281535274839 0.08438824937151950 0.1255078890207973 -0.1214135299670112
0.194 0.8696189400687180 -0.09356859630869201 0.03292575568935447 0.08446119542555960 0.1254310380037172 -0.1215277772869435
0.195 0.8699676834523010 -0.09356345920935660 0.03270811916881216 0.08453371661471690 0.1253538871244764 -0.1216420382849973
0.196 0.8703168652540290 -0.09355829657489950 0.03248993282302395 0.08460578854794940 0.1252766703503469 -0.1217564291898032
0.197 0.8706664864930980 -0.09355310832622890 0.03227114973192085 0.08467743288017210 0.1251992548010660 -0.1218708517449793
0.198 0.8710165481922501 -0.09354789438393850 0.03205182604857060 0.08474862281891650 0.1251216693349844 -0.1219853638646677
0.199 0.8713670513777930 -0.09354265466830530 0.03183190993908920 0.08481938035160140 0.1250438786914895 -0.1220999117721672
0.2 0.8717179970796189 -0.09353738909928801 0.03161141532508274 0.08488969364134160 0.1249659343613648 -0.1222144809831601
0.201 0.8720693863312150 -0.09353209759652591 0.03139036388169840 0.08495955392591980 0.1248878551173557 -0.1223291910817621
0.202 0.8724212201696860 -0.09352678007933690 0.03116871995790835 0.08502896329577520 0.1248096086383096 -0.1224439375488581
0.203 0.8727734996357690 -0.09352143646671560 0.03094651856382256 0.08509789960154670 0.1247311140635023 -0.1225586942363583
0.204 0.8731262257738500 -0.09351606667733250 0.03072374631422076 0.08516638868614460 0.1246524854605147 -0.1226736030671929
0.205 0.8734793996319820 -0.09351067062953120 0.03050038526113777 0.08523442359825780 0.1245737113880048 -0.1227885911177380
0.206 0.8738330222619020 -0.09350524824132800 0.03027645651241512 0.08530197328900201 0.1244947239603472 -0.1229035551234841
0.207 0.8741870947190480 -0.09349979943040899 0.03005195422500373 0.08536905711280860 0.1244156287646444 -0.1230186317398553
0.208 0.8745416180625790 -0.09349432411412940 0.02982687404818412 0.08543566753240710 0.1243359527345517 -0.1231338132191962
0.209 0.8748965933553871 -0.09348882220951100 0.02960121197259545 0.08550180842187380 0.1242565722008775 -0.1232486506902819
0.21 0.8752520216641220 -0.09348329363324109 0.02937497680510437 0.08556746102194530 0.1241770333386310 -0.1233638478495021
0.211 0.8756079040592030 -0.09347773830167080 0.02914815756447464 0.08563262905776290 0.1240972790056216 -0.1234792582072270
0.212 0.8759642416148420 -0.09347215613081250 0.02892076639956624 0.08569730867207050 0.1240172306815617 -0.1235947666343277
0.213 0.8763210354090550 -0.09346654703633900 0.02869279288747333 0.08576150476239580 0.1239369614928136 -0.1237102220050238
0.214 0.8766782865236880 -0.09346091093358140 0.02846425559348488 0.08582520289477320 0.1238565363322198 -0.1238259511555856
0.215 0.8770359960444301 -0.09345524773752729 0.02823512473297000 0.08588840267300200 0.1237757744119600 -0.1239416863367667
0.216 0.8773941650608320 -0.09344955736281910 0.02800541087572239 0.08595110492488910 0.1236949228160771 -0.1240573119794233
0.217 0.8777527946663261 -0.09344383972375229 0.02777512694946719 0.08601329418172760 0.1236137802013726 -0.1241731062089791
0.218 0.8781118859582470 -0.09343809473427360 0.02754425927263366 0.08607498160731650 0.1235327142577240 -0.1242888507334042
0.219 0.8784714400378431 -0.09343232230797879 0.02731281121208339 0.08613615266486130 0.1234511831920480 -0.1244047320759500
0.22 0.8788314580103050 -0.09342652235811180 0.02708077939312271 0.08619681400208010 0.1233696234467080 -0.1245206027899686
0.221 0.8791919409847750 -0.09342069479756170 0.02684816398782621 0.08625695289376970 0.1232877063156748 -0.1246365721883683
0.222 0.8795528900743750 -0.09341483953886190 0.02661498163331906 0.08631656003957830 0.1232058015885360 -0.1247526202427652
0.223 0.8799143063962190 -0.09340895649418771 0.02638119360141497 0.08637565591309030 0.1231235118765321 -0.1248685896393612
0.224 0.8802761910714330 -0.09340304557535439 0.02614683643818636 0.08643421676881780 0.1230411856084420 -0.1249847523846833
0.225 0.8806385452251790 -0.09339710669381610 0.02591190021472153 0.08649224123620360 0.1229586361915298 -0.1251010063589583
0.226 0.8810013699866690 -0.09339113976066270 0.02567637240438836 0.08654972973245190 0.1228759033906294 -0.1252172277000278
0.227 0.8813646664891900 -0.09338514468661900 0.02544027568778104 0.08660667144912220 0.1227929820723872 -0.1253336005514359
0.228 0.8817284358701180 -0.09337912138204239 0.02520357743882380 0.08666308033553150 0.1227098743780216 -0.1254498333908940
0.229 0.8820926792709430 -0.09337306975692060 0.02496630524385130 0.08671893132955930 0.1226265883295955 -0.1255663410436013
0.23 0.8824573978372841 -0.09336698972087050 0.02472844496302095 0.08677423406947870 0.1225430842302657 -0.1256829341827302
0.231 0.8828225927189139 -0.09336088118313519 0.02449000175723867 0.08682898328800320 0.1224594476875539 -0.1257993600563989
0.232 0.8831882650697770 -0.09335474405258309 0.02425097490571458 0.08688316975142590 0.1223755797243518 -0.1259160523422854
0.233 0.8835544160480100 -0.09334857823770530 0.02401136292886585 0.08693679586244450 0.1222916038063002 -0.1260327037696151
0.234 0.8839210468159620 -0.09334238364661360 0.02377117868250093 0.08698983980135780 0.1222073589816440 -0.1261495253629066
0.235 0.8842881585402170 -0.09333616018703850 0.02353038211746469 0.08704233325982901 0.1221229372982400 -0.1262663634040196
0.236 0.8846557523916100 -0.09332990776632780 0.02328902383598736 0.08709423458708830 0.1220383511545907 -0.1263831881844479
0.237 0.8850238295452530 -0.09332362629144340 0.02304706247973337 0.08714556371674680 0.1219534978760808 -0.1265001798161965
0.238 0.8853923911805560 -0.09331731566896059 0.02280452964263088 0.08719631169887240 0.1218684940333557 -0.1266171976186971
0.239 0.8857614384812410 -0.09331097580506489 0.02256140968130954 0.08724646971070710 0.1217831928788747 -0.1267343826065739
0.24 0.8861309726353730 -0.09330460660555059 0.02231769922969262 0.08729603901422830 0.1216978717044278 -0.1268515201306645
0.241 0.8865009948353750 -0.09329820797581850 0.02207339902300569 0.08734501904044010 0.1216122230074132 -0.1269687661131380
0.242 0.8868715062780490 -0.09329177982087380 0.02182852462860137 0.08739338620951280 0.1215264118799945 -0.1270861186417711
0.243 0.8872425081646040 -0.09328532204532390 0.02158304934494138 0.08744116543997640 0.1214403659241189 -0.1272035257165568
0.244 0.8876140017006700 -0.09327883455337670 0.02133701576506731 0.08748831761007520 0.1213541942164399 -0.1273209940246537
0.245 0.8879859880963250 -0.09327231724883780 0.02109037079197916 0.08753487550750380 0.1212677690749348 -0.1274384962335966
0.246 0.8883584685661160 -0.09326577003510880 0.02084314221530906 0.08758081507251300 0.1211811988215529 -0.1275560547244541
0.247 0.8887314443290800 -0.09325919281518510 0.02059533384917700 0.08762613236052330 0.1210943305483472 -0.1276738800399733
0.248 0.8891049166087670 -0.09325258549165370 0.02034693974055338 0.08767083118414680 0.1210072098967163 -0.1277915943895859
0.249 0.8894788866332610 -0.09324594796669060 0.02009796213828359 0.08771489996568890 0.1209199013371432 -0.1279093159902186
0.25 0.8898533556352080 -0.09323928014205930 0.01984839399934097 0.08775833414950250 0.1208325023335855 -0.1280270751302542
0.251 0.8902283248518310 -0.09323258191910810 0.01959823173268573 0.08780113798252790 0.1207448885911499 -0.1281448872205780
0.252 0.8906037955249601 -0.09322585319876781 0.01934750006496969 0.08784329430523110 0.1206570078253761 -0.1282628556074468
0.253 0.8909797689010470 -0.09321909388154970 0.01909615860596616 0.08788481923977010 0.1205690736115062 -0.1283808288492453
0.254 0.8913562462312000 -0.09321230386754360 0.01884426048347728 0.08792568273393650 0.1204808257214335 -0.1284989581077384
0.255 0.8917332287711950 -0.09320548305641450 0.01859175693013970 0.08796589828568720 0.1203923492483084 -0.1286170943994707
0.256 0.8921107177815080 -0.09319863134740140 0.01833869603547584 0.08800544338221220 0.1203036381410550 -0.1287353084714302
0.257 0.8924887145273340 -0.09319174863931450 0.01808501070346316 0.08804435096219950 0.1202148353223037 -0.1288536878045346
0.258 0.8928672202786120 -0.09318483483053271 0.01783075902141856 0.08808258169056040 0.1201257165988755 -0.1289720452666521
0.259 0.8932462363100490 -0.09317788981900180 0.01757592457256572 0.08812014508258070 0.1200363555858910 -0.1290906055214983
0.26 0.8936257639011450 -0.09317091350223140 0.01732050775123152 0.08815702894194730 0.1199466986122157 -0.1292090378570235
0.261 0.8940058043362160 -0.09316390577729310 0.01706448901586209 0.08819325418746180 0.1198570017167621 -0.1293275924243155
0.262 0.8943863589044180 -0.09315686654081810 0.01680789262942693 0.08822877204529820 0.1197669568840765 -0.1294463254976867
0.263 0.8947674288997720 -0.09314979568899420 0.01655071995730615 0.08826360822764540 0.1196767646549290 -0.1295649497086505
0.264 0.8951490156211910 -0.09314269311756410 0.01629296847216550 0.08829775675066630 0.1195863769455733 -0.1296836678294747
0.265 0.8955311203725000 -0.09313555872182259 0.01603463552649601 0.08833120347176530 0.1194957381766062 -0.1298024358607782
0.266 0.8959137444624660 -0.09312839239661420 0.01577569668418502 0.08836395793073780 0.1194047094526380 -0.1299212984292298
0.267 0.8962968892048200 -0.09312119403633040 0.01551617673314296 0.08839600237562730 0.1193137272553279 -0.1300401444921623
0.268 0.8966805559182820 -0.09311396353490770 0.01525609341567502 0.08842733355568550 0.1192224975315146 -0.1301591993739609
0.269 0.8970647459265900 -0.09310670078582450 0.01499543759331543 0.08845794405278300 0.1191310153773985 -0.1302782495697659
0.27 0.8974494605585230 -0.09309940568209921 0.01473416754515389 0.08848785225977010 0.1190392754428825 -0.1303972803935640
0.271 0.8978347011479250 -0.09309207811628700 0.01447233139573317 0.08851702785294510 0.1189471551446947 -0.1305165631433261
0.272 0.8982204690337370 -0.09308471798047790 0.01420991701745833 0.08854547773882150 0.1188540127172431 -0.1306361591538501
0.273 0.8986067655600160 -0.09307732516629370 0.01394691017068763 0.08857319483163160 0.1187629339670479 -0.1307549859088816
0.274 0.8989935920759660 -0.09306989956488590 0.01368333913055905 0.08860016697371330 0.1186690402000255 -0.1308744884327121
0.275 0.8993809499359630 -0.09306244106693240 0.01341917964752706 0.08862640738396390 0.1185762893058661 -0.1309939554198614
0.276 0.8997688404995829 -0.09305494956263551 0.01315445379037024 0.08865188855207740 0.1184826914694395 -0.1311132094699768
0.277 0.9001572651316260 -0.09304742494171900 0.01288912084451068 0.08867663350301530 0.1183895828414153 -0.1312326813575976
0.278 0.9005462252021460 -0.09303986709342510 0.01262323023899647 0.08870061022043240 0.1182961375909830 -0.1313521099295346
0.279 0.9009357220864750 -0.09303227590651281 0.01235675710401042 0.08872383139906399 0.1182019131387096 -0.1314714464810255
0.28 0.9013257571652560 -0.09302465126925410 0.01208971821388498 0.08874627816994860 0.1181084965056927 -0.1315912302775149
0.281 0.9017163318244620 -0.09301699306943170 0.01182209443993648 0.08876795625451160 0.1180141219223404 -0.1317106174687410
0.282 0.9021074474554330 -0.09300930119433640 0.01155389200664355 0.08878886495284190 0.1179198841620233 -0.1318303147336954
0.283 0.9024991054548970 -0.09300157553076439 0.01128511782332164 0.08880899210928020 0.1178255292747044 -0.1319500389343304
0.284 0.9028913072250010 -0.09299381596501380 0.01101577813220175 0.08882832301485230 0.1177307321180869 -0.1320700978910153
0.285 0.9032840541733390 -0.09298602238288280 0.01074584015881468 0.08884688449888040 0.1176361640614572 -0.1321897267353527
0.286 0.9036773477129800 -0.09297819466966610 0.01047535270226867 0.08886462840668430 0.1175409079125596 -0.1323099186208336
0.287 0.9040711892624980 -0.09297033271015240 0.01020429189216595 0.08888158300274030 0.1174455726084883 -0.1324298807804994
0.288 0.9044655802459980 -0.09296243638862189 0.009932625416656380 0.08889773627940460 0.1173501857109441 -0.1325500821238192
0.289 0.9048605220931480 -0.09295450558884230 0.009660423783912470 0.08891307562365020 0.1172544429547181 -0.1326702250274343
0.29 0.9052560162392080 -0.09294654019406730 0.009387645952663930 0.08892759601084460 0.1171585272733593 -0.1327905975680932
0.291 0.9056520641250561 -0.09293854008703260 0.009114285166609610 0.08894130105770900 0.1170621386000236 -0.1329106322386409
0.292 0.9060486671972220 -0.09293050514995360 0.008840363897448220 0.08895417154321550 0.1169657182173078 -0.1330310643628930
0.293 0.9064458269079160 -0.09292243526452190 0.008565880969290680 0.08896621656198630 0.1168690598962662 -0.1331516719501774
0.294 0.9068435447150570 -0.09291433031190301 0.008290850272357370 0.08897741689222840 0.1167720096923317 -0.1332722497946683
0.295 0.9072418220823030 -0.09290619017273280 0.008015223701050090 0.08898779678896320 0.1166749512375756 -0.1333933004151895
0.296 0.9076406604790860 -0.09289801472711440 0.007739048060795537 0.08899731258825730 0.1165775774979562 -0.1335142860288723
0.297 0.9080400613806360 -0.09288980385461580 0.007462288299840969 0.08900598852208720 0.1164800200988678 -0.1336353010715216
0.298 0.9084400262680160 -0.09288155743426620 0.007184985477877847 0.08901380699637050 0.1163822938698288 -0.1337565546859253
0.299 0.9088405566281520 -0.09287327534455300 0.006907120437455017 0.08902075813211190 0.1162840608638401 -0.1338774637038526
0.3 0.9092416539538640 -0.09286495746341880 0.006628684300565024 0.08902685150185650 0.1161860054957066 -0.1339993335065232
0.301 0.9096433197438970 -0.09285660366825850 0.006349691462314069 0.08903206137490440 0.1160874981332865 -0.1341203883979351
0.302 0.9100455555029560 -0.09284821383591579 0.006070153951677975 0.08903640028746000 0.1159886793369961 -0.1342416129265209
0.303 0.9104483627417310 -0.09283978784267991 0.005790027768674936 0.08903985865649270 0.1158895916543703 -0.1343627412049063
0.304 0.9108517429769371 -0.09283132556428300 0.005509368217927930 0.08904242843380050 0.1157902403749173 -0.1344840039624506
0.305 0.9112556977313400 -0.09282282687589601 0.005228181010442929 0.08904408144215670 0.1156905890414373 -0.1346053169898138
0.306 0.9116602285337940 -0.09281429165212650 0.004946379402783280 0.08904486929931910 0.1155910887636708 -0.1347263197285967
0.307 0.9120653369192701 -0.09280571976701450 0.004664092961715205 0.08904472626348120 0.1154911919764191 -0.1348474954879219
0.308 0.9124710244288921 -0.09279711109402949 0.004381178926976148 0.08904369695666330 0.1153906704674704 -0.1349696133062294
0.309 0.9128772926099680 -0.09278846550606749 0.004097772345479325 0.08904173913234240 0.1152904701931779 -0.1350905930829696
0.31 0.9132841430160250 -0.09277978287544721 0.003813776555358226 0.08903886937760720 0.1151898173581481 -0.1352123024590484
0.311 0.9136915772068410 -0.09277106307390660 0.003529274284177129 0.08903506036923830 0.1150886990072507 -0.1353338773458837
0.312 0.9140995967484820 -0.09276230597260020 0.003244210911326217 0.08903032907442510 0.1149877671523593 -0.1354551463073231
0.313 0.9145082032133320 -0.09275351144209500 0.002958608154464248 0.08902466862253840 0.1148862007683304 -0.1355773609431616
0.314 0.9149173981801290 -0.09274467935236699 0.002672436543933687 0.08901803979434640 0.1147846293158785 -0.1356991933111076
0.315 0.9153271832340010 -0.09273580957279860 0.002385774984094868 0.08901047752006260 0.1146825486698882 -0.1358211275614865
0.316 0.9157375599664990 -0.09272690197217411 0.002098547961643857 0.08900195587634630 0.1145802442734963 -0.1359430566191833
0.317 0.9161485299756330 -0.09271795641867681 0.001810744816937548 0.08899248582199950 0.1144777456911149 -0.1360650901436776
0.318 0.9165600948659069 -0.09270897277988489 0.001522461375562143 0.08898203626647910 0.1143750638617339 -0.1361871526350727
0.319 0.9169722562483540 -0.09269995092276891 0.001233584141923639 0.08897061669758950 0.1142722487773436 -0.1363092521561740
0.32 0.9173850157405720 -0.09269089071368730 0.0009442143737886590 0.08895822911570860 0.1141688853502565 -0.1364317465634177
0.321 0.9177983749667620 -0.09268179201838270 0.0006543099533321932 0.08894485449391000 0.1140652785048469 -0.1365540869253942
0.322 0.9182123355577591 -0.09267265470197890 0.0003638557182193102 0.08893047380802070 0.1139613981738425 -0.1366765463637376
0.323 0.9186268991510760 -0.09266347862897691 0.00007290400631055488 0.08891511354203120 0.1138574890484788 -0.1367988300795606
0.324 0.9190420673909350 -0.09265426366325140 -0.0002185811249746303 0.08889876808648030 0.1137533768907929 -0.1369212761942494
0.325 0.9194578419283050 -0.09264500966804649 -0.0005105679459824833 0.08888141094588830 0.1136485857308239 -0.1370439824644725
0.326 0.9198742244209410 -0.09263571650597260 -0.0008031298640097070 0.08886304864310350 0.1135440047086060 -0.1371665399612215
0.327 0.9202912165334211 -0.09262638403900240 -0.001096226923018695 0.08884362576390070 0.1134388173679288 -0.1372892184101577
0.328 0.9207088199371830 -0.09261701212846710 -0.001389817736666913 0.08882320021175490 0.1133338679783605 -0.1374119022165750
0.329 0.9211270363105630 -0.09260760063505249 -0.001683905321730392 0.08880176411595240 0.1132279928035071 -0.1375347423121709
0.33 0.9215458673388360 -0.09259814941879500 -0.001978512126199206 0.08877928863073440 0.1131219648776404 -0.1376576328567839
0.331 0.9219653147142490 -0.09258865833907839 -0.002273630254286174 0.08875572924465160 0.1130156609966355 -0.1377804783609630
0.332 0.9223853801360670 -0.09257912725462890 -0.002569294524608835 0.08873119938956090 0.1129095239260534 -0.1379035015356896
0.333 0.9228060653106051 -0.09256955602351230 -0.002865468169827335 0.08870559263581240 0.1128032656165256 -0.1380266332522866
0.334 0.9232273719512740 -0.09255994450312920 -0.003162081841241174 0.08867883358607780 0.1126960539867436 -0.1381495807022758
0.335 0.9236493017786160 -0.09255029255021111 -0.003459244953020992 0.08865109726079220 0.1125887789518255 -0.1382727178917032
0.336 0.9240718565203450 -0.09254060002081700 -0.003756908109477347 0.08862228307762230 0.1124814680838151 -0.1383959316623864
0.337 0.9244950379113900 -0.09253086677032860 -0.004055062094925999 0.08859236134261870 0.1123738143726157 -0.1385191673125847
0.338 0.9249188476939320 -0.09252109265344639 -0.004353747366659132 0.08856141407705930 0.1122662399290119 -0.1386428407340254
0.339 0.9253432876174450 -0.09251127752418591 -0.004652913417334020 0.08852932033576960 0.1121581084002962 -0.1387661251071853
0.34 0.9257683594387420 -0.09250142123587300 -0.004952556713058460 0.08849613124656480 0.1120496432364774 -0.1388894909668698
0.341 0.9261940649220090 -0.09249152364114030 -0.005252673518198668 0.08846184743578740 0.1119403702726563 -0.1390128616940536
0.342 0.9266204058388530 -0.09248158459192241 -0.005553334486338885 0.08842646741406930 0.1118316711140484 -0.1391365086375503
0.343 0.9270473839683400 -0.09247160393945179 -0.005854434122515070 0.08838994920752050 0.1117222573308808 -0.1392602269152617
0.344 0.9274750010970400 -0.09246158153425491 -0.006156039710279834 0.08835231884234710 0.1116124935612763 -0.1393837844674365
0.345 0.9279032590190680 -0.09245151722614731 -0.006458119852112477 0.08831356697250060 0.1115032679955359 -0.1395079771424133
0.346 0.9283321595361270 -0.09244141086422970 -0.006760667178312245 0.08827367072477850 0.1113927340902384 -0.1396315764296622
0.347 0.9287617044575530 -0.09243126229688360 -0.007063713795979483 0.08823263659414100 0.1112815259765345 -0.1397545826121269
0.348 0.9291918956003560 -0.09242107137176631 -0.007367231758176787 0.08819046026129040 0.1111717045452303 -0.1398792588298936
0.349 0.9296227347892640 -0.09241083793580740 -0.007671202287120396 0.08814712704769240 0.1110609199906788 -0.1400033392162817
0.35 0.9300542238567709 -0.09240056183520361 -0.007975653599571810 0.08810262762950330 0.1109499361276717 -0.1401277002922315
0.351 0.9304863646431760 -0.09239024291541430 -0.008280569227615140 0.08805696771473640 0.1108385233616914 -0.1402517460710824
0.352 0.9309191589966310 -0.09237988102115720 -0.008585933792052460 0.08801012355475570 0.1107265424791472 -0.1403756988174970
0.353 0.9313526087731890 -0.09236947599640410 -0.008891765034220540 0.08796210273751540 0.1106142454095825 -0.1404995892829372
0.354 0.9317867158368400 -0.09235902768437509 -0.009198055574473391 0.08791290206632500 0.1105020064214707 -0.1406237776389556
0.355 0.9322214820595690 -0.09234853592753529 -0.009504796879618140 0.08786249993671770 0.1103893944842965 -0.1407481502032244
0.356 0.9326569093213910 -0.09233800056758951 -0.009811982972110580 0.08781090561318300 0.1102760731810480 -0.1408715788586941
0.357 0.9330929995104060 -0.09232742144547711 -0.01011963220980010 0.08775809670669990 0.1101628403522477 -0.1409959457468405
0.358 0.9335297545228400 -0.09231679840136819 -0.01042771079726360 0.08770408152148999 0.1100494727660137 -0.1411204012473014
0.359 0.9339671762630970 -0.09230613127465810 -0.01073622813909437 0.08764884369768899 0.1099358242526182 -0.1412448948896797
0.36 0.9344052666438010 -0.09229541990396289 -0.01104518928160545 0.08759237604228290 0.1098222570014005 -0.1413702781730726
0.361 0.9348440275858479 -0.09228466412711410 -0.01135458564534246 0.08753467943544250 0.1097079096474824 -0.1414950794348908
0.362 0.9352834610184541 -0.09227386378115469 -0.01166441377504402 0.08747574092873650 0.1095934348827411 -0.1416199723221108
0.363 0.9357235688792001 -0.09226301870233281 -0.01197466690918892 0.08741555214048199 0.1094786363777233 -0.1417446755715073
0.364 0.9361643531140860 -0.09225212872609800 -0.01228534838117898 0.08735411621786880 0.1093633622493646 -0.1418692334655993
0.365 0.9366058156775769 -0.09224119368709560 -0.01259643479159859 0.08729141284480940 0.1092479742031473 -0.1419940817832485
0.366 0.9370479585326520 -0.09223021341916179 -0.01290795759698686 0.08722744395560470 0.1091322275235087 -0.1421185887397065
0.367 0.9374907836508560 -0.09221918775531850 -0.01321988054932146 0.08716219929118280 0.1090162307299798 -0.1422438845667177
0.368 0.9379342930123490 -0.09220811652776820 -0.01353222170742339 0.08709567655472860 0.1088999654012530 -0.1423676695619283
0.369 0.9383784886059600 -0.09219699956788870 -0.01384496355055440 0.08702786314203490 0.1087834340611178 -0.1424927360253219
0.37 0.9388233724292310 -0.09218583670622831 -0.01415810485580713 0.08695875210410830 0.1086666823432803 -0.1426178582729457
0.371 0.9392689464884780 -0.09217462777250010 -0.01447165160747177 0.08688834581309200 0.1085495704144833 -0.1427430409665163
0.372 0.9397152127988340 -0.09216337259557650 -0.01478558945590555 0.08681662456588460 0.1084318583944970 -0.1428693154246678
0.373 0.9401621733843050 -0.09215207100348480 -0.01509992059334595 0.08674359060015280 0.1083141307678181 -0.1429946833060820
0.374 0.9406098302778270 -0.09214072282340090 -0.01541463200210050 0.08666922999675450 0.1081959854785110 -0.1431198603570109
0.375 0.9410581855213110 -0.09212932788164410 -0.01572973426629529 0.08659354222232210 0.1080776678948071 -0.1432451576646355
0.376 0.9415072411657009 -0.09211788600367191 -0.01604520835928480 0.08651651337231260 0.1079591574962321 -0.1433707650393843
0.377 0.9419569992710271 -0.09210639701407410 -0.01636106495112403 0.08643814442598010 0.1078403187972071 -0.1434962534134513
0.378 0.9424074619064600 -0.09209486073656770 -0.01667728617888861 0.08635841960607900 0.1077210178397701 -0.1436217817312375
0.379 0.9428586311503659 -0.09208327699399080 -0.01699387298501385 0.08627733685563900 0.1076020598187299 -0.1437465139778239
0.38 0.9433105090903610 -0.09207164560829741 -0.01731082434805104 0.08619488923292410 0.1074822351743393 -0.1438721720352921
0.381 0.9437630978233660 -0.09205996640055129 -0.01762813322351920 0.08611106594433540 0.1073621636457955 -0.1439978755803152
0.382 0.9442163994556650 -0.09204823919092060 -0.01794579185039955 0.08602586409013310 0.1072417614649067 -0.1441236659150834
0.383 0.9446704161029580 -0.09203646379867229 -0.01826379996443272 0.08593927367826280 0.1071210598989728 -0.1442494835621578
0.384 0.9451251498904210 -0.09202464004216550 -0.01858215244675935 0.08585128830976670 0.1070000563779162 -0.1443753576576900
0.385 0.9455806029527620 -0.09201276773884620 -0.01890085022520974 0.08576190179355480 0.1068783945833971 -0.1445017237359334
0.386 0.9460367774342761 -0.09200084670524170 -0.01921987356844497 0.08567110390019510 0.1067567700700909 -0.1446277060429213
0.387 0.9464936754889079 -0.09198887675695340 -0.01953923436823055 0.08557888995561770 0.1066347883750229 -0.1447536750856993
0.388 0.9469512992803090 -0.09197685770865260 -0.01985891917328433 0.08548525202051170 0.1065125606093630 -0.1448797769094713
0.389 0.9474096509818940 -0.09196478937407260 -0.02017892249030710 0.08539018151514950 0.1063900213498961 -0.1450059090812167
0.39 0.9478687327769030 -0.09195267156600380 -0.02049924022369535 0.08529367248397550 0.1062671513105360 -0.1451319592600916
0.391 0.9483285468584600 -0.09194050409628690 -0.02081987220276895 0.08519571346648110 0.1061443418830947 -0.1452577938563676
0.392 0.9487890954296340 -0.09192828677580710 -0.02114080600469983 0.08509630283936550 0.1060207820085415 -0.1453841132905527
0.393 0.9492503807034980 -0.09191601941448760 -0.02146204328327577 0.08499543404125930 0.1058969731486656 -0.1455104751087548
0.394 0.9497124049031950 -0.09190370182128350 -0.02178357311482672 0.08489309328025700 0.1057728444725007 -0.1456368742698472
0.395 0.9501751702619921 -0.09189133380417500 -0.02210539331994773 0.08478927533753620 0.1056484286126462 -0.1457633210785922
0.396 0.9506386790233510 -0.09187891517016150 -0.02242749866603825 0.08468397256566630 0.1055236611386600 -0.1458898333835889
0.397 0.9511029334409850 -0.09186644572525500 -0.02274988141802384 0.08457718263378170 0.1053985943814727 -0.1460164213666504
0.398 0.9515679357789230 -0.09185392527447300 -0.02307254107837406 0.08446888651802340 0.1052731662948426 -0.1461430088471813
0.399 0.9520336883115760 -0.09184135362183291 -0.02339547010838809 0.08435908995597960 0.1051474435210672 -0.1462696744443475
0.4 0.9525001933237990 -0.09182873057034480 -0.02371866141229989 0.08424777680292630 0.1050214349611774 -0.1463963996026379
0.401 0.9529674531109550 -0.09181605592200461 -0.02404210654697689 0.08413494138876780 0.1048951577100111 -0.1465230408653415
0.402 0.9534354699789820 -0.09180332947778780 -0.02436580700806888 0.08402057658745950 0.1047685124098855 -0.1466498669048654
0.403 0.9539042462444600 -0.09179055103764260 -0.02468975080194986 0.08390467630901850 0.1046414958181262 -0.1467767583973359
0.404 0.9543737842346710 -0.09177772040048250 -0.02501393319772338 0.08378722895588690 0.1045141036167999 -0.1469036793088501
0.405 0.9548440862876720 -0.09176483736418020 -0.02533835093874166 0.08366823033287330 0.1043864545985957 -0.1470306554331695
0.406 0.9553151547523629 -0.09175190172555990 -0.02566299596268617 0.08354766892656000 0.1042584343502439 -0.1471576709475935
0.407 0.9557869919885480 -0.09173891328039099 -0.02598786260387254 0.08342554227644010 0.1041300824319086 -0.1472846919639417
0.408 0.9562596003670080 -0.09172587182338041 -0.02631294633101299 0.08330183879678310 0.1040014134089378 -0.1474118049016847
0.409 0.9567329822695710 -0.09171277714816570 -0.02663823616839538 0.08317655123660910 0.1038723924160813 -0.1475389552023553
0.41 0.9572071400891780 -0.09169962904730790 -0.02696373322948329 0.08304967334921020 0.1037430505355329 -0.1476661658774379
0.411 0.9576820762299550 -0.09168642731228410 -0.02728942428617402 0.08292119803419220 0.1036133902945396 -0.1477934453579575
0.412 0.9581577931072840 -0.09167317173348020 -0.02761530446628214 0.08279111034422030 0.1034833722876933 -0.1479207492292212
0.413 0.9586342931478710 -0.09165986210018390 -0.02794136977279340 0.08265941137988770 0.1033530284818459 -0.1480481009605284
0.414 0.9591115787898220 -0.09164649820057660 -0.02826760933494668 0.08252608831658110 0.1032223526956942 -0.1481754919969352
0.415 0.9595896524827110 -0.09163307982172619 -0.02859402272719772 0.08239113737242830 0.1030913348845442 -0.1483029488587731
0.416 0.9600685166876570 -0.09161960674957979 -0.02892059978229400 0.08225454747072500 0.1029600334340687 -0.1484304740171183
0.417 0.9605481738773940 -0.09160607876895550 -0.02924732832327501 0.08211630947558800 0.1028283210978188 -0.1485582655932277
0.418 0.9610286265363450 -0.09159249566353550 -0.02957421100325288 0.08197641542588130 0.1026964304797420 -0.1486858412612726
0.419 0.9615098771607000 -0.09157885721585750 -0.02990123551935735 0.08183486162213160 0.1025640420107032 -0.1488134612248029
0.42 0.9619919282584870 -0.09156516320730740 -0.03022839497531142 0.08169164011705520 0.1024313094598520 -0.1489411480718252
0.421 0.9624747823496510 -0.09155141341811120 -0.03055568099071704 0.08154673878125280 0.1022982696139440 -0.1490689154701357
0.422 0.9629584419661280 -0.09153760762732720 -0.03088309061675477 0.08140015104389340 0.1021648430608030 -0.1491966548410507
0.423 0.9634429096519230 -0.09152374561283780 -0.03121061086272241 0.08125186880807750 0.1020308842532973 -0.1493245223647655
0.424 0.9639281879631900 -0.09150982715134159 -0.03153824126694799 0.08110188408948500 0.1018969610550628 -0.1494522926266574
0.425 0.9644142794683040 -0.09149585201834511 -0.03186596501114325 0.08095019204817710 0.1017625006146713 -0.1495802264909693
0.426 0.9649011867479470 -0.09148181998815440 -0.03219378484812582 0.08079678050848480 0.1016277289368829 -0.1497082859940793
0.427 0.9653889123951830 -0.09146773083386710 -0.03252168661802017 0.08064164243554101 0.1014925561507140 -0.1498362820190933
0.428 0.9658774590155390 -0.09145358432736390 -0.03284965833108580 0.08048476956833670 0.1013570308833722 -0.1499643161284779
0.429 0.9663668292270881 -0.09143938023930000 -0.03317770111590235 0.08032615741730090 0.1012211358539523 -0.1500924169158538
0.43 0.9668570256605270 -0.09142511833909660 -0.03350580400000363 0.08016579345237170 0.1010849168907297 -0.1502205831557904
0.431 0.9673480509592630 -0.09141079839493270 -0.03383395394633579 0.08000367175617420 0.1009481429640366 -0.1503488977478331
0.432 0.9678399077794920 -0.09139642017373560 -0.03416215397450663 0.07983978237529687 0.1008113600888792 -0.1504769972660188
0.433 0.9683325987902860 -0.09138198344117310 -0.03449038565600021 0.07967411923596639 0.1006740508744993 -0.1506052917221909
0.434 0.9688261266736750 -0.09136748796164421 -0.03481864151822189 0.07950667523312913 0.1005361969800635 -0.1507337410390110
0.435 0.9693204941247320 -0.09135293349827030 -0.03514691708241780 0.07933743780775764 0.1003982896679640 -0.1508619888263928
0.436 0.9698157038516600 -0.09133831981288590 -0.03547519984581788 0.07916640354276066 0.1002598603443223 -0.1509903517726200
0.437 0.9703117585758780 -0.09132364666603041 -0.03580348909771660 0.07899356140705547 0.1001210842956374 -0.1511187299919274
0.438 0.9708086610321049 -0.09130891381693790 -0.03613176054517350 0.07881890751786940 0.09998184597870903 -0.1512472882299372
0.439 0.9713064139684540 -0.09129412102352900 -0.03646001935916770 0.07864243008503933 0.09984234285271631 -0.1513757189829196
0.44 0.9718050201465140 -0.09127926804240070 -0.03678825783391519 0.07846411827192145 0.09970247992723380 -0.1515042825493451
0.441 0.9723044823414440 -0.09126435462881760 -0.03711645619907229 0.07828396889120492 0.09956220247764075 -0.1516329423711560
0.442 0.9728048033420590 -0.09124938053670220 -0.03744460709722547 0.07810197084209132 0.09942158900373470 -0.1517615603707956
0.443 0.9733059859509250 -0.09123434551862550 -0.03777270827891726 0.07791811804992142 0.09928059410134085 -0.1518902534060456
0.444 0.9738080329844460 -0.09121924932579710 -0.03810074738143707 0.07773240269909589 0.09913919501191998 -0.1520190716530803
0.445 0.9743109472729610 -0.09120409170805570 -0.03842871315394411 0.07754481419075631 0.09899745056589031 -0.1521477703699209
0.446 0.9748147316608340 -0.09118887241385960 -0.03875659697469558 0.07735534629904329 0.09885530610595934 -0.1522765918162475
0.447 0.9753193890065470 -0.09117359119027631 -0.03908438926916652 0.07716398496981841 0.09871277480970922 -0.1524054541471941
0.448 0.9758249221827980 -0.09115824778297300 -0.03941208007166444 0.07697073402495257 0.09856988772284921 -0.1525343347443247
0.449 0.9763313340765930 -0.09114284193620600 -0.03973966072698634 0.07677557397988544 0.09842658883806496 -0.1526632469155201
0.45 0.9768386275893450 -0.09112737339281130 -0.04006711714940693 0.07657850819156722 0.09828291066378592 -0.1527922119712001
0.451 0.9773468056369690 -0.09111184189419370 -0.04039443998363028 0.07637951720211216 0.09813884954488473 -0.1529211056523869
0.452 0.9778558711499820 -0.09109624718031691 -0.04072162529685694 0.07617859494345134 0.09799446560603572 -0.1530502272180329
0.453 0.9783658270735980 -0.09108058898969300 -0.04104865852955548 0.07597573331514114 0.09784961511499878 -0.1531792129665009
0.454 0.9788766763678330 -0.09106486705937170 -0.04137553016530231 0.07577093371204614 0.09770441656053598 -0.1533085803786785
0.455 0.9793884220076010 -0.09104908112493040 -0.04170222613371383 0.07556417758020345 0.09755876270777179 -0.1534376386664158
0.456 0.9799010669828160 -0.09103323092046270 -0.04202873786136889 0.07535546273727895 0.09741276187927338 -0.1535668272272259
0.457 0.9804146142984960 -0.09101731617856799 -0.04235505553640849 0.07514477411238081 0.09726637487390644 -0.1536960248272603
0.458 0.9809290669748650 -0.09100133663034070 -0.04268116639659399 0.07493210765767415 0.09711955381280256 -0.1538252723067477
0.459 0.9814444280474560 -0.09098529200535931 -0.04300706417162961 0.07471745388346617 0.09697241418226005 -0.1539545490792343
0.46 0.9819607005672170 -0.09096918203167470 -0.04333272922531288 0.07450080892596555 0.09682483557542719 -0.1540838768100280
0.461 0.9824778876006171 -0.09095300643579980 -0.04365816028488564 0.07428216104065147 0.09667691566625540 -0.1542133142252078
0.462 0.9829959922297510 -0.09093676494269770 -0.04398333813852368 0.07406150285189316 0.09652854053574714 -0.1543427048363364
0.463 0.9835150175524490 -0.09092045727577060 -0.04430825321180205 0.07383882553018689 0.09637972528619533 -0.1544721158522542
0.464 0.9840349666823830 -0.09090408315684791 -0.04463289485563934 0.07361412254949274 0.09623053908155446 -0.1546015748399925
0.465 0.9845558427491800 -0.09088764230617530 -0.04495725170365917 0.07338738195763260 0.09608094134788693 -0.1547310600930617
0.466 0.9850776488985280 -0.09087113444240230 -0.04528131535189938 0.07315860300233402 0.09593088102268747 -0.1548605062217916
0.467 0.9856003882922900 -0.09085455928257120 -0.04560506240786068 0.07292776742302967 0.09578053403923084 -0.1549901436205059
0.468 0.9861240641086150 -0.09083791654210420 -0.04592849117734896 0.07269487639549759 0.09562964649516874 -0.1551197148353620
0.469 0.9866486795420510 -0.09082120593479250 -0.04625158730610865 0.07245991946260023 0.09547833984178784 -0.1552493535155999
0.47 0.9871742378036640 -0.09080442717278341 -0.04657433642289845 0.07222288928323035 0.09532679169778750 -0.1553790423368432
0.471 0.9877007421211450 -0.09078757996656810 -0.04689672754939748 0.07198377277654306 0.09517474389146950 -0.1555087237147669
0.472 0.9882281957389349 -0.09077066402496960 -0.04721874586086823 0.07174256523648897 0.09502229866970237 -0.1556384372638598
0.473 0.9887566019183350 -0.09075367905513010 -0.04754038037513020 0.07149926377218579 0.09486931006530920 -0.1557681294611271
0.474 0.9892859639376300 -0.09073662476249850 -0.04786161769333994 0.07125384572430326 0.09471596736006536 -0.1558979277279248
0.475 0.9898162850922050 -0.09071950085081761 -0.04818244863048651 0.07100632520317324 0.09456234031439556 -0.1560278055976658
0.476 0.9903475686946670 -0.09070230702211110 -0.04850285253325970 0.07075667453452681 0.09440809653395561 -0.1561575791276322
0.477 0.9908798180749681 -0.09068504297667110 -0.04882281903748743 0.07050489360353723 0.09425358381352958 -0.1562874901715237
0.478 0.9914130365805240 -0.09066770841304460 -0.04914233198358819 0.07025097378418792 0.09409861974013341 -0.1564173064392626
0.479 0.9919472275763410 -0.09065030302802050 -0.04946139095289452 0.06999491114641882 0.09394310466300400 -0.1565471692091558
0.48 0.9924823944451400 -0.09063282651661640 -0.04977996578377813 0.06973669335486071 0.09378722152604793 -0.1566770943891214
0.481 0.9930185405874850 -0.09061527857206490 -0.05009805196041555 0.06947631446294627 0.09363094480725691 -0.1568070382159591
0.482 0.9935556694219050 -0.09059765888580000 -0.05041563228641373 0.06921376539184676 0.09347417503939517 -0.1569370390074933
0.483 0.9940937843850260 -0.09057996714744400 -0.05073269017595587 0.06894903990847073 0.09331702553229482 -0.1570670724774798
0.484 0.9946328889317020 -0.09056220304479290 -0.05104921887073194 0.06868212897978589 0.09315932182947868 -0.1571971148985269
0.485 0.9951729865351390 -0.09054436626380290 -0.05136519705121987 0.06841302626514672 0.09300127974771320 -0.1573271637809296
0.486 0.9957140806870360 -0.09052645648857641 -0.05168061102771819 0.06814171966872261 0.09284293696200800 -0.1574572803547550
0.487 0.9962561748977090 -0.09050847340134700 -0.05199544754663620 0.06786820771519679 0.09268390720556791 -0.1575873980203153
0.488 0.9967992726962330 -0.09049041668246660 -0.05230969309110220 0.06759248017294826 0.09252467361477591 -0.1577175448811195
0.489 0.9973433776305700 -0.09047228601038920 -0.05262332942750935 0.06731453233877525 0.09236488275721760 -0.1578477039093516
0.49 0.9978884932677140 -0.09045408106165770 -0.05293634671576956 0.06703435090627419 0.09220468402964978 -0.1579778917153941
0.491 0.9984346231938220 -0.09043580151088840 -0.05324872085494412 0.06675193069298937 0.09204381640664834 -0.1581080570051550
0.492 0.9989817710143540 -0.09041744703075610 -0.05356044338630607 0.06646726744619331 0.09188274343316766 -0.1582382850930287
0.493 0.9995299403542200 -0.09039901729197920 -0.05387149929792274 0.06618035161158118 0.09172127064161506 -0.1583685208357999
0.494 1.000079134857912 -0.09038051196330480 -0.05418186663541240 0.06589117301759453 0.09155910567136695 -0.1584987955054884
0.495 1.000629358189655 -0.09036193071149250 -0.05449153475656177 0.06559973023283195 0.09139659721113048 -0.1586291127913277
0.496 1.001180614033547 -0.09034327320129990 -0.05480048580287794 0.06530601102596506 0.09123363435462909 -0.1587594011317073
0.497 1.001732906093707 -0.09032453909546640 -0.05510870406645849 0.06501001181620372 0.09107027496146855 -0.1588896834456006
0.498 1.002286238094421 -0.09030572805469730 -0.05541616823565940 0.06471172056533864 0.09090636161777101 -0.1590199951361759
0.499 1.002840613780291 -0.09028683973764820 -0.05572287058777167 0.06441113595478964 0.09074219858200933 -0.1591503505803313
0.5 1.003396036916384 -0.09026787380090890 -0.05602878740334660 0.06410824636760780 0.09057741689810104 -0.1592807146220504
0.501 1.003952511288384 -0.09024882989898680 -0.05633390498095863 0.06380304804086827 0.09041213644825319 -0.1594111523552577
0.502 1.004510040702745 -0.09022970768429060 -0.05663820457674595 0.06349553241017405 0.09024640729167127 -0.1595415827923619
0.503 1.005068628986844 -0.09021050680711410 -0.05694167083022456 0.06318569249375219 0.09008021554505058 -0.1596720189499008
0.504 1.005628279989137 -0.09019122691561880 -0.05724428374888025 0.06287352060645870 0.08991355151420693 -0.1598024575321377
0.505 1.006188997579317 -0.09017186765581760 -0.05754602874239300 0.06255901328863901 0.08974642518426247 -0.1599329385543276
0.506 1.006750785648469 -0.09015242867155740 -0.05784688668369227 0.06224216007721823 0.08957882147577616 -0.1600634079167435
0.507 1.007313648109236 -0.09013290960450190 -0.05814683859452422 0.06192295700007932 0.08941064068462791 -0.1601939426421000
0.508 1.007877588895974 -0.09011331009411430 -0.05844586582650847 0.06160139267793899 0.08924208852914937 -0.1603244147021246
0.509 1.008442611964921 -0.09009362977763920 -0.05874395530621546 0.06127747020386697 0.08907303606015651 -0.1604549397298246
0.51 1.009008721294355 -0.09007386829008610 -0.05904108019424044 0.06095117257309792 0.08890350062040867 -0.1605854555802703
0.511 1.009575920884765 -0.09005402526420990 -0.05933723017512133 0.06062249816775760 0.08873346608076983 -0.1607159596096775
0.512 1.010144214759020 -0.09003410033049380 -0.05963238058692662 0.06029144279608099 0.08856291522443736 -0.1608465342934757
0.513 1.010713606962532 -0.09001409311713080 -0.05992651659064297 0.05995799591204964 0.08839191726295532 -0.1609770931568035
0.514 1.011284101563432 -0.08999400325000510 -0.06021961688891002 0.05962215408370470 0.08822043808930851 -0.1611076642277975
0.515 1.011855702652742 -0.08997383035267320 -0.06051166132896839 0.05928390947283928 0.08804844719076872 -0.1612382396500085
0.516 1.012428414344547 -0.08995357404634590 -0.06080263333335325 0.05894325760686346 0.08787598967494032 -0.1613688323108791
0.517 1.013002240776173 -0.08993323394986801 -0.06109251097526032 0.05860019142161712 0.08770304600283509 -0.1614993991477159
0.518 1.013577186108365 -0.08991280967970060 -0.06138127281624778 0.05825470472621719 0.08752955730550141 -0.1616299766430820
0.519 1.014153254525463 -0.08989230084990010 -0.06166890069754125 0.05790679221406530 0.08735554794963601 -0.1617605142010172
0.52 1.014730450235586 -0.08987170707209950 -0.06195537534328615 0.05755644886637594 0.08718110955575520 -0.1618911360383193
0.521 1.015308777470816 -0.08985102795548880 -0.06224067778069687 0.05720367114237625 0.08700612427990791 -0.1620217070896583
0.522 1.015888240487379 -0.08983026310679390 -0.06252478311138299 0.05684845043784587 0.08683048793583835 -0.1621523118057297
0.523 1.016468843565832 -0.08980941213025770 -0.06280767107234961 0.05649077719093607 0.08665450841949210 -0.1622829192980175
0.524 1.017050591011256 -0.08978847462761860 -0.06308932514609065 0.05613065596922953 0.08647803534964188 -0.1624135594375646
0.525 1.017633487153438 -0.08976745019809030 -0.06336971910228549 0.05576807357336699 0.08630101900211613 -0.1625441855052379
0.526 1.018217536347072 -0.08974633843834120 -0.06364883586715983 0.05540302969600046 0.08612349137713225 -0.1626748261180214
0.527 1.018802742971942 -0.08972513894247280 -0.06392664769857648 0.05503551283325341 0.08594546203265599 -0.1628054611161811
0.528 1.019389111433131 -0.08970385130199850 -0.06420313867115729 0.05466552585400000 0.08576689398099102 -0.1629360290558469
0.529 1.019976646161205 -0.08968247510582270 -0.06447828570703757 0.05429305932677121 0.08558780926749383 -0.1630666651016935
0.53 1.020565351612424 -0.08966100994021840 -0.06475206593638019 0.05391811092450411 0.08540821661614555 -0.1631972699919071
0.531 1.021155232268935 -0.08963945538880560 -0.06502445485440933 0.05354067300865099 0.08522807984007856 -0.1633279037318963
0.532 1.021746292638983 -0.08961781103252870 -0.06529543282641271 0.05316074246374455 0.08504742776573531 -0.1634585191074257
0.533 1.022338537257109 -0.08959607644963480 -0.06556497748050489 0.05277831817019480 0.08486625167654033 -0.1635891357207244
0.534 1.022931970684364 -0.08957425121565050 -0.06583306337460892 0.05239338950599288 0.08468454902347349 -0.1637197406820041
0.535 1.023526597508517 -0.08955233490335920 -0.06609966883716263 0.05200595798091571 0.08450247067851113 -0.1638503623136015
0.536 1.024122422344262 -0.08953032708277790 -0.06636476823614973 0.05161601359022963 0.08431971248450043 -0.1639808991335896
0.537 1.024719449833442 -0.08950822732113410 -0.06662834300606435 0.05122355965569812 0.08413638311537792 -0.1641114786790017
0.538 1.025317684645253 -0.08948603518284180 -0.06689036592408726 0.05082858870009246 0.08395250957953582 -0.1642420517344767
0.539 1.025917131476475 -0.08946375022947820 -0.06715081227581926 0.05043109587733102 0.08376808975777361 -0.1643726189350890
0.54 1.026517795051680 -0.08944137201975860 -0.06740965913660193 0.05003107889385003 0.08358313886000346 -0.1645032150593559
0.541 1.027119680123464 -0.08941890010951360 -0.06766688366908863 0.04962853710981153 0.08339764288052058 -0.1646337548941393
0.542 1.027722791472669 -0.08939633405166300 -0.06792245747640154 0.04922346177230425 0.08321157888927705 -0.1647643301819893
0.543 1.028327133908609 -0.08937367339619140 -0.06817635856469289 0.04881585334304260 0.08302498952217514 -0.1648948805195403
0.544 1.028932712269300 -0.08935091769012379 -0.06842856091669576 0.04840570831839490 0.08283779434223754 -0.1650254349889745
0.545 1.029539531421693 -0.08932806647749900 -0.06867904068256411 0.04799302468608189 0.08265006263195475 -0.1651558712776348
0.546 1.030147596261910 -0.08930511929934480 -0.06892777020360636 0.04757779783619921 0.08246182733009369 -0.1652863082984861
0.547 1.030756911715475 -0.08928207569365170 -0.06917472404094484 0.04716002581434418 0.08227298500465874 -0.1654168008077697
0.548 1.031367482737560 -0.08925893519534650 -0.06941987923085904 0.04673970819234042 0.08208357092377233 -0.1655472807170355
0.549 1.031979314313221 -0.08923569733626630 -0.06966320606985588 0.04631684076389268 0.08189359710442127 -0.1656777320568118
0.55 1.032592411457645 -0.08921236164513120 -0.06990467858794023 0.04589142176965673 0.08170307103050301 -0.1658082283981681
0.551 1.033206779216398 -0.08918892764751740 -0.07014427362000908 0.04546345019150937 0.08151195687785734 -0.1659386483009100
0.552 1.033822422665669 -0.08916539486583010 -0.07038196159293085 0.04503292402612617 0.08132026529475449 -0.1660690556925127
0.553 1.034439346912527 -0.08914176281927520 -0.07061771621458299 0.04459984290317370 0.08112797061537511 -0.1661994816801534
0.554 1.035057557095174 -0.08911803102383220 -0.07085150921668975 0.04416420211078767 0.08093503434148918 -0.1663304573900377
0.555 1.035677058383200 -0.08909419899222470 -0.07108331311034672 0.04372600237406335 0.08074163401250449 -0.1664607945524059
0.556 1.036297855977845 -0.08907026623389300 -0.07131310240528679 0.04328524461543481 0.08054765018730289 -0.1665911121628258
0.557 1.036919955112261 -0.08904623225496470 -0.07154084679903674 0.04284192484791644 0.08035305807736628 -0.1667214371637834
0.558 1.037543361051776 -0.08902209655822540 -0.07176651920204476 0.04239604524173044 0.08015787556324637 -0.1668517350740256
0.559 1.038168079094163 -0.08899785864308930 -0.07199009231036411 0.04194760454132151 0.07996211271712383 -0.1669820666014389
0.56 1.038794114569911 -0.08897351800556940 -0.07221153568964576 0.04149660158178780 0.07976574220206952 -0.1671123107759274
0.561 1.039421472842500 -0.08894907413824681 -0.07243082118796107 0.04104303695020395 0.07956879217495924 -0.1672424841097464
0.562 1.040050159308672 -0.08892452653024120 -0.07264792042313099 0.04058691136959835 0.07937130010942348 -0.1673726815154893
0.563 1.040680179398720 -0.08889987466717890 -0.07286280302907433 0.04012822425270163 0.07917309895263502 -0.1675021470782168
0.564 1.041311538576760 -0.08887511803116260 -0.07307543948866747 0.03966697715808066 0.07897430659034803 -0.1676322859501252
0.565 1.041944242341024 -0.08885025610073890 -0.07328579978657064 0.03920317001588868 0.07877497822132810 -0.1677630607760649
0.566 1.042578296224147 -0.08882528835086720 -0.07349385828873244 0.03873680683730708 0.07857501426002102 -0.1678931108134298
0.567 1.043213705793456 -0.08880021425288701 -0.07369957754547460 0.03826788402710901 0.07837426995475495 -0.1680224230849328
0.568 1.043850476651268 -0.08877503327448540 -0.07390293208441343 0.03779640749912467 0.07817322185923896 -0.1681530617869225
0.569 1.044488614435185 -0.08874974487966430 -0.07410388996697169 0.03732237628845506 0.07797123007891533 -0.1682823513428914
0.57 1.045128124818399 -0.08872434852870630 -0.07430241984746567 0.03684579427054527 0.07776900458553032 -0.1684129338517127
0.571 1.045769013509992 -0.08869884367814220 -0.07449849121675266 0.03636666247737981 0.07756591816372975 -0.1685427985031834
0.572 1.046411286255248 -0.08867322978071590 -0.07469207225793218 0.03588498453048686 0.07736215557452354 -0.1686725922910675
0.573 1.047054948835960 -0.08864750628534999 -0.07488312964896780 0.03540076049801578 0.07715751531270808 -0.1688017284376190
0.574 1.047700007070749 -0.08862167263711170 -0.07507163474084350 0.03491399695328445 0.07695286095328226 -0.1689321041433221
0.575 1.048346466815377 -0.08859572827717640 -0.07525755428023922 0.03442469455447994 0.07674732629305411 -0.1690618122044244
0.576 1.048994333963073 -0.08856967264279270 -0.07544085555068650 0.03393285950078875 0.07654109260111631 -0.1691914535060370
0.577 1.049643614444855 -0.08854350516724650 -0.07562150504327535 0.03343849313491277 0.07633380999237326 -0.1693204539316065
0.578 1.050294314229858 -0.08851722527982350 -0.07579947131131219 0.03294160120426328 0.07612629955350594 -0.1694500601341381
0.579 1.050946439325668 -0.08849083240577370 -0.07597472020759394 0.03244218557322001 0.07591809503524779 -0.1695795779257599
0.58 1.051599995778659 -0.08846432596627260 -0.07614721875328705 0.03194025414634376 0.07570926700655459 -0.1697090589862122
0.581 1.052254989674328 -0.08843770537838470 -0.07631693271105013 0.03143580933433787 0.07550023064644840 -0.1698389796385462
0.582 1.052911427137641 -0.08841097005502410 -0.07648383154797612 0.03092885846839375 0.07529009232890986 -0.1699683435089603
0.583 1.053569314333383 -0.08838411940491660 -0.07664787774632460 0.03041940607291234 0.07507929192386359 -0.1700976432153891
0.584 1.054228657466501 -0.08835715283256090 -0.07680903659416282 0.02990745702907241 0.07486784737682571 -0.1702268878038780
0.585 1.054889462782467 -0.08833006973818810 -0.07696727541419181 0.02939301935203154 0.07465569098283902 -0.1703560599274938
0.586 1.055551736567633 -0.08830286951772210 -0.07712255914401299 0.02887609881835608 0.07444287341611650 -0.1704852292489799
0.587 1.056215485149594 -0.08827555156273930 -0.07727485262936251 0.02835670172417542 0.07422938745739038 -0.1706143230263587
0.588 1.056880714897553 -0.08824811526042740 -0.07742412084212892 0.02783483566136215 0.07401521076587946 -0.1707433485016161
0.589 1.057547432222699 -0.08822055999354440 -0.07757032724945323 0.02731050829984161 0.07379973239257202 -0.1708719154883501
0.59 1.058215643578573 -0.08819288514037560 -0.07771343799976059 0.02678372795388618 0.07358487630219404 -0.1710011958978205
0.591 1.058885355461455 -0.08816509007469260 -0.07785341263330135 0.02625450031176649 0.07336795172575116 -0.1711296673306550
0.592 1.059556574410742 -0.08813717416570930 -0.07799022101725855 0.02572283712424706 0.07315103512630629 -0.1712584840313858
0.593 1.060229307009343 -0.08810913677803890 -0.07812382241712874 0.02518874476434641 0.07293347156384944 -0.1713872109116189
0.594 1.060903559884064 -0.08808097727164970 -0.07825418112447608 0.02465223359604201 0.07271515991885976 -0.1715158704041518
0.595 1.061579339706010 -0.08805269500182110 -0.07838126147155280 0.02411331393862274 0.07249693924608576 -0.1716447335071259
0.596 1.062256653190987 -0.08802428931909810 -0.07850502458739884 0.02357199502144225 0.07227648887651579 -0.1717730456264329
0.597 1.062935507099905 -0.08799575956924610 -0.07862543251308376 0.02302828629625796 0.07205603772933453 -0.1719014268145730
0.598 1.063615908239190 -0.08796710509320450 -0.07874244853467474 0.02248219950974851 0.07183564918502035 -0.1720300073378468
0.599 1.064297863461202 -0.08793832522704030 -0.07885603544117835 0.02193374581445611 0.07161385956613950 -0.1721582875577105
0.6 1.064981379664654 -0.08790941930190090 -0.07896615512704022 0.02138293678907062 0.07139055060544428 -0.1722863165481061
0.601 1.065666463795035 -0.08788038664396610 -0.07907276645168309 0.02082978400131302 0.07116726358289342 -0.1724144508292419
0.602 1.066353122845046 -0.08785122657440010 -0.07917583363473253 0.02027429996018530 0.07094420975705972 -0.1725425624403963
0.603 1.067041363855028 -0.08782193840930220 -0.07927531653129948 0.01971649790807763 0.07071869330064082 -0.1726705144567822
0.604 1.067731193913411 -0.08779252145965740 -0.07937117587363060 0.01915639018808534 0.07049326889327755 -0.1727984270272133
0.605 1.068422620157152 -0.08776297503128660 -0.07946337284982993 0.01859399115839086 0.07026709822297992 -0.1729262649975622
0.606 1.069115649772189 -0.08773329842479520 -0.07955186654191282 0.01802931414574400 0.07004019194185141 -0.1730539616077499
0.607 1.069810289993898 -0.08770349093552230 -0.07963661797711346 0.01746237435807088 0.06981255728707160 -0.1731816089397762
0.608 1.070506548107555 -0.08767355185348840 -0.07971758855068090 0.01689318739110028 0.06958419525396300 -0.1733091834293280
0.609 1.071204431448798 -0.08764348046334300 -0.07979473518842990 0.01632176681456673 0.06935503405869337 -0.1734366570587969
0.61 1.071903947404107 -0.08761327604431070 -0.07986801967360959 0.01574813023886768 0.06912516450166314 -0.1735640835080860
0.611 1.072605103411276 -0.08758293787013840 -0.07993739932246937 0.01517229382466350 0.06889455761745662 -0.1736913511170090
0.612 1.073307906959901 -0.08755246520903950 -0.08000283545251460 0.01459427479270179 0.06866315240795852 -0.1738185604383696
0.613 1.074012365591866 -0.08752185732363930 -0.08006428360890560 0.01401408853405827 0.06843098363720025 -0.1739456907552552
0.614 1.074718486901844 -0.08749111347091870 -0.08012170467865720 0.01343175528908861 0.06819806131001163 -0.1740727149878179
0.615 1.075426278537790 -0.08746023290215781 -0.08017505691307190 0.01284729255623296 0.06796436035670139 -0.1741996421984869
0.616 1.076135748201459 -0.08742921486287830 -0.08022429684458450 0.01226071888878370 0.06772988088527600 -0.1743264551642294
0.617 1.076846903648910 -0.08739805859278529 -0.08026938392792540 0.01167205403410833 0.06749463558887976 -0.1744531819691843
0.618 1.077559752691033 -0.08736676332570880 -0.08031027550465500 0.01108131793640500 0.06725865914280671 -0.1745797690544500
0.619 1.078274303194070 -0.08733532828954380 -0.08034692877527280 0.01048853122345595 0.06702182916532307 -0.1747062576899852
0.62 1.078990563080152 -0.08730375270618990 -0.08037930009770380 0.009893714910169690 0.06678420110829275 -0.1748326499825131
0.621 1.079708540327836 -0.08727203579149080 -0.08040734843731530 0.009296890974671630 0.06654579611370885 -0.1749589461456729
0.622 1.080428242972650 -0.08724017675517159 -0.08043102835975600 0.008698081000435570 0.06630662888973164 -0.1750851328798110
0.623 1.081149679107646 -0.08720817480077670 -0.08045029793718800 0.008097307834045660 0.06606656988781022 -0.1752111871016159
0.624 1.081872856883960 -0.08717602912560600 -0.08046511402493750 0.007494594787915410 0.06582588116304006 -0.1753371006541382
0.625 1.082597784511378 -0.08714373892065100 -0.08047543056136560 0.006889966426826186 0.06558436380102582 -0.1754630590220576
0.626 1.083324470258908 -0.08711130337052940 -0.08048120572957120 0.006283447181419083 0.06534182311284983 -0.1755889121858568
0.627 1.084052922455360 -0.08707872165341900 -0.08048239446706610 0.005675061066714261 0.06509859530296699 -0.1757145339766785
0.628 1.084783149489936 -0.08704599294099130 -0.08047895307601370 0.005064835047034797 0.06485435904083101 -0.1758399884300504
0.629 1.085515159812824 -0.08701311639834380 -0.08047083616229930 0.004452795465412426 0.06460944472257004 -0.1759652948613894
0.63 1.086248961935794 -0.08698009118393110 -0.08045799953278040 0.003838968595004602 0.06436358822328844 -0.1760903462915024
0.631 1.086984564432820 -0.08694691644949570 -0.08044039817835870 0.003223382885006530 0.06411701687280057 -0.1762154337148895
0.632 1.087721975940684 -0.08691359133999780 -0.08041798616990640 0.002606066316734379 0.06386959152888964 -0.1763403834649485
0.633 1.088461205159611 -0.08688011499354370 -0.08039071872817380 0.001987048390169034 0.06362139698277550 -0.1764652408631740
0.634 1.089202260853898 -0.08684648654131430 -0.08035855218739470 0.001366357884348354 0.06337233496797535 -0.1765897090617091
0.635 1.089945151852554 -0.08681270510749090 -0.08032143749778560 0.0007440257558439731 0.06312238893914827 -0.1767142627208379
0.636 1.090689887049952 -0.08677876980918200 -0.08027933153716690 0.0001200830940640690 0.06287148270976882 -0.1768386731506367
0.637 1.091436475406485 -0.08674467975634800 -0.08023218769500740 -0.0005054383465824507 0.06261978223466558 -0.1769628506980792
0.638 1.092184925949232 -0.08671043405172470 -0.08017995913627900 -0.001132505769839465 0.06236740282178184 -0.1770867789096296
0.639 1.092935247772633 -0.08667603179074680 -0.08012260140654580 -0.001761086688130985 0.06211397719931652 -0.1772107518622179
0.64 1.093687450039169 -0.08664147206146950 -0.08006006653226990 -0.002391146796354024 0.06185960402623235 -0.1773345875946031
0.641 1.094441541980059 -0.08660675394448960 -0.07999230951727403 -0.003022651024925782 0.06160443476762836 -0.1774582495614735
0.642 1.095197532895957 -0.08657187651286470 -0.07991928200384510 -0.003655564099553761 0.06134833473613350 -0.1775817465641602
0.643 1.095955432157662 -0.08653683883203240 -0.07984093834629620 -0.004289849951653252 0.06109161479005696 -0.1777050454311419
0.644 1.096715249206840 -0.08650163995972800 -0.07975723176508984 -0.004925471500803170 0.06083370274845303 -0.1778281960568562
0.645 1.097476993556748 -0.08646627894590070 -0.07966811475268678 -0.005562390835117133 0.06057495632480652 -0.1779512078632814
0.646 1.098240674792976 -0.08643075483262920 -0.07957354112399253 -0.006200569135641675 0.06031528505946514 -0.1780741027570117
0.647 1.099006302574189 -0.08639506665403560 -0.07947346267711954 -0.006839967340961108 0.06005472862214446 -0.1781968475149240
0.648 1.099773886632894 -0.08635921343619880 -0.07936783278635470 -0.007480545527627681 0.05979307700664052 -0.1783194605737450
0.649 1.100543436776196 -0.08632319419706640 -0.07925660428956393 -0.008122262020992950 0.05953091632505737 -0.1784419031146912
0.65 1.101314962886583 -0.08628700794636500 -0.07913972896614670 -0.008765074373595650 0.05926763954204847 -0.1785640251075726
0.651 1.102088474922712 -0.08625065368551010 -0.07901716049574730 -0.009408940677536180 0.05900338980117232 -0.1786860364191081
0.652 1.102863982920204 -0.08621413040751390 -0.07888885023663614 -0.01005381690115595 0.05873824177721783 -0.1788077510618124
0.653 1.103641496992459 -0.08617743709689250 -0.07875475173056319 -0.01069965864437564 0.05847212106042566 -0.1789293975129870
0.654 1.104421027331470 -0.08614057272957140 -0.07861481699107898 -0.01134642087272512 0.05820503586557304 -0.1790508052146479
0.655 1.105202584208655 -0.08610353627278999 -0.07846899741907325 -0.01199405624962688 0.05793716612724324 -0.1791722436159221
0.656 1.105986177975702 -0.08606632668500440 -0.07831724711283993 -0.01264251792039088 0.05766830319885047 -0.1792932565799998
0.657 1.106771819065415 -0.08602894291578910 -0.07815951695532506 -0.01329175789819971 0.05739838828041431 -0.1794141392153904
0.658 1.107559517992587 -0.08599138390573750 -0.07799575899440550 -0.01394172656606101 0.05712750859932154 -0.1795348395033093
0.659 1.108349285354869 -0.08595364858636060 -0.07782592693998227 -0.01459237427247693 0.05685567222408861 -0.1796552402646561
0.66 1.109141131833663 -0.08591573587998430 -0.07764997164912280 -0.01524364981996950 0.05658283553180894 -0.1797755356989707
0.661 1.109935068195020 -0.08587764469964571 -0.07746784712426989 -0.01589550111329939 0.05630910767682420 -0.1798958065762200
0.662 1.110731105290552 -0.08583937394898750 -0.07727950389542492 -0.01654787491166417 0.05603438528586748 -0.1800156720957920
0.663 1.111529254058358 -0.08580092252215130 -0.07708489534811232 -0.01720071751431053 0.05575864308895290 -0.1801353648521964
0.664 1.112329525523963 -0.08576228930366850 -0.07688397348735776 -0.01785397328045421 0.05548186074824710 -0.1802547816605966
0.665 1.113131930801266 -0.08572347316835090 -0.07667669178581824 -0.01850758689985306 0.05520408585916309 -0.1803740139952310
0.666 1.113936481093505 -0.08568447298117910 -0.07646300136653284 -0.01916150037958611 0.05492528362634632 -0.1804929357194462
0.667 1.114743187694233 -0.08564528759718840 -0.07624285621233580 -0.01981565589050804 0.05464547461715833 -0.1806117627872149
0.668 1.115552061988312 -0.08560591586135550 -0.07601620843966716 -0.02046999461299402 0.05436450739775421 -0.1807303494421392
0.669 1.116363115452913 -0.08556635660848060 -0.07578301190863913 -0.02112445561518606 0.05408262376008964 -0.1808486776622371
0.67 1.117176359658536 -0.08552660866307001 -0.07554321769337089 -0.02177897712847595 0.05379969751006985 -0.1809666654720758
0.671 1.117991806270047 -0.08548667083921610 -0.07529678012198199 -0.02243349711859571 0.05351579053776744 -0.1810845166624203
0.672 1.118809467047718 -0.08544654194047550 -0.07504365297668154 -0.02308795148477368 0.05323083412574222 -0.1812020397244354
0.673 1.119629353848294 -0.08540622075974590 -0.07478378916488443 -0.02374227571552170 0.05294482281848689 -0.1813194396543909
0.674 1.120451478626069 -0.08536570607914090 -0.07451714207101928 -0.02439640375064126 0.05265777674563620 -0.1814363389743417
0.675 1.121275853433977 -0.08532499666986250 -0.07424366633346122 -0.02505026840360924 0.05236969053125588 -0.1815531542027149
0.676 1.122102490424702 -0.08528409129207300 -0.07396331497390356 -0.02570380118155439 0.05208046883490387 -0.1816697435563705
0.677 1.122931401851802 -0.08524298869476310 -0.07367604273432492 -0.02635693236843314 0.05179018002082850 -0.1817860822342688
0.678 1.123762600070845 -0.08520168761562020 -0.07338180450655043 -0.02700959158950795 0.05149878947172648 -0.1819021543712548
0.679 1.124596097540569 -0.08516018678089310 -0.07308055511934181 -0.02766170688590300 0.05120641999016776 -0.1820179725979853
0.68 1.125431906824053 -0.08511848490525510 -0.07277224857879655 -0.02831320459623052 0.05091284771407923 -0.1821335514067135
0.681 1.126270040589909 -0.08507658069166560 -0.07245684225338635 -0.02896401087001551 0.05061843295870050 -0.1822489702162301
0.682 1.127110511613484 -0.08503447283122920 -0.07213428958550418 -0.02961404947948990 0.05032268070659313 -0.1823639504843698
0.683 1.127953332778090 -0.08499216000305250 -0.07180454809374037 -0.03026324351098877 0.05002564333236224 -0.1824784538537397
0.684 1.128798517076245 -0.08494964087409910 -0.07146757363533942 -0.03091151465659754 0.04972763534220034 -0.1825929437501210
0.685 1.129646077610931 -0.08490691409904210 -0.07112332259557343 -0.03155878344957156 0.04942851569485984 -0.1827070600131627
0.686 1.130496027596875 -0.08486397832011460 -0.07077175313824888 -0.03220496875921548 0.04912825856185927 -0.1828208720373490
0.687 1.131348380361846 -0.08482083216695830 -0.07041282168850821 -0.03284998869770550 0.04882685815788075 -0.1829343940871172
0.688 1.132203149347976 -0.08477747425646850 -0.07004648646960070 -0.03349375866462234 0.04852429579261008 -0.1830476029592188
0.689 1.133060348113089 -0.08473390319263790 -0.06967270663550283 -0.03413619510088981 0.04822044882955034 -0.1831606322033479
0.69 1.133919990332065 -0.08469011756639820 -0.06929144015782508 -0.03477721096447474 0.04791562431116685 -0.1832731759053675
0.691 1.134782089798211 -0.08464611595545790 -0.06890264663876422 -0.03541671780476416 0.04760964281619128 -0.1833854546156071
0.692 1.135646660424662 -0.08460189692413880 -0.06850628634992718 -0.03605462767049592 0.04730248412615089 -0.1834974985348846
0.693 1.136513716245797 -0.08455745902320980 -0.06810231953288222 -0.03669084863285800 0.04699396127992304 -0.1836091109420323
0.694 1.137383271418678 -0.08451280078971730 -0.06769070761259814 -0.03732529059507023 0.04668411242589973 -0.1837203371526239
0.695 1.138255340224515 -0.08446792074681410 -0.06727141102331259 -0.03795785838372962 0.04637328961264604 -0.1838312505750794
0.696 1.139129937070144 -0.08442281740358480 -0.06684439353510687 -0.03858845720751337 0.04606109977683470 -0.1839420702944962
0.697 1.140007076489538 -0.08437748925486880 -0.06640961632734406 -0.03921699100687752 0.04574789533819001 -0.1840524150891997
0.698 1.140886773145331 -0.08433193478108030 -0.06596704437896486 -0.03984336238065496 0.04543353219662471 -0.1841622419211134
0.699 1.141769041830375 -0.08428615244802580 -0.06551664191810788 -0.04046747159766293 0.04511780639356417 -0.1842716963727922
0.7 1.142653897469311 -0.08424014070671840 -0.06505837266095746 -0.04108921717453874 0.04480114373952135 -0.1843808600864709
0.701 1.143541355120175 -0.08419389799318920 -0.06459220381420058 -0.04170849741485626 0.04448300364608554 -0.1844897643370460
0.702 1.144431429976018 -0.08414742272829580 -0.06411810139674295 -0.04232520774144021 0.04416364848713135 -0.1845982372190049
0.703 1.145324137366557 -0.08410071331752770 -0.06363603169649855 -0.04293924275307576 0.04384313456129705 -0.1847066260708869
0.704 1.146219492759856 -0.08405376815080820 -0.06314596450659820 -0.04355049516232504 0.04352138087825620 -0.1848143618956152
0.705 1.147117511764020 -0.08400658560229410 -0.06264786765761778 -0.04415885621531298 0.04319824732375213 -0.1849216907048511
0.706 1.148018210128929 -0.08395916403017120 -0.06214171170631209 -0.04476421663489996 0.04287378524698374 -0.1850286697830228
0.707 1.148921603747993 -0.08391150177644630 -0.06162746821134312 -0.04536646327826733 0.04254798647106301 -0.1851352359513461
0.708 1.149827708659932 -0.08386359716673720 -0.06110510799357778 -0.04596548282135740 0.04222092620996399 -0.1852413407867148
0.709 1.150736541050594 -0.08381544851005770 -0.06057460432471683 -0.04656115998379468 0.04189262754712034 -0.1853471127761060
0.71 1.151648117254788 -0.08376705409860020 -0.06003593110858595 -0.04715337844456094 0.04156294223432966 -0.1854523979195020
0.711 1.152562453758159 -0.08371841220751410 -0.05948906346115028 -0.04774201921302828 0.04123188187426647 -0.1855573574740623
0.712 1.153479567199085 -0.08366952109468050 -0.05893397756728268 -0.04832696227440311 0.04089962863144915 -0.1856618187165528
0.713 1.154399474370609 -0.08362037900048410 -0.05837065125102345 -0.04890808595543649 0.04056598371674058 -0.1857660047072835
0.714 1.155322192222395 -0.08357098414757980 -0.05779906157855362 -0.04948526559252848 0.04023091931519160 -0.1858696403231711
0.715 1.156247737862727 -0.08352133474065670 -0.05721919043442963 -0.05005837769207107 0.03989452553414664 -0.1859728578970395
0.716 1.157176128560529 -0.08347142896619790 -0.05663101692752337 -0.05062729382490271 0.03955672598055780 -0.1860756220483738
0.717 1.158107381747423 -0.08342126499223560 -0.05603452411911097 -0.05119188572742207 0.03921756048173504 -0.1861781203158623
0.718 1.159041515019826 -0.08337084096810250 -0.05542969593561463 -0.05175202281633293 0.03887702863544740 -0.1862798465086773
0.719 1.159978546141067 -0.08332015502417990 -0.05481651761723842 -0.05230757346981065 0.03853511982064545 -0.1863812407929283
0.72 1.160918493043551 -0.08326920527163940 -0.05419497551274888 -0.05285840280558812 0.03819174687580577 -0.1864821815515844
0.721 1.161861373830959 -0.08321798980218270 -0.05356505797335082 -0.05340437604094772 0.03784697239080835 -0.1865826460763672
0.722 1.162807206780471 -0.08316650668777500 -0.05292675399725479 -0.05394535499387894 0.03750078173021636 -0.1866826456827199
0.723 1.163756010345046 -0.08311475398037490 -0.05228005566669296 -0.05448120081363561 0.03715318902184480 -0.1867820481862310
0.724 1.164707803155720 -0.08306272971165940 -0.05162495507823666 -0.05501177162412551 0.03680410912622838 -0.1868810479105432
0.725 1.165662604023954 -0.08301043189274360 -0.05096144739827720 -0.05553692494509922 0.03645357852065467 -0.1869795316251066
0.726 1.166620431944025 -0.08295785851389700 -0.05028952874672090 -0.05605651729422298 0.03610159604580992 -0.1870775192984682
0.727 1.167581306095440 -0.08290500754425310 -0.04960919693671956 -0.05657040009491738 0.03574811218634354 -0.1871749662981762
0.728 1.168545245845412 -0.08285187693151530 -0.04892045228515680 -0.05707842680246726 0.03539319633881235 -0.1872719439354734
0.729 1.169512270751361 -0.08279846460165680 -0.04822329626779950 -0.05758044675627371 0.03503662292802276 -0.1873682593450322
0.73 1.170482400563468 -0.08274476845861580 -0.04751773351880279 -0.05807630797514075 0.03467871819604396 -0.1874640829023541
0.731 1.171455655227269 -0.08269078638398510 -0.04680376883724038 -0.05856585622855606 0.03431924421815805 -0.1875593888908044
0.732 1.172432054886289 -0.08263651623669630 -0.04608141014518536 -0.05904893649195410 0.03395833549213675 -0.1876542357821347
0.733 1.173411619884732 -0.08258195585269810 -0.04535066751217578 -0.05952539040858080 0.03359582858495280 -0.1877484364675919
0.734 1.174394370770205 -0.08252710304462940 -0.04461155396891467 -0.05999506059287290 0.03323179200064235 -0.1878421941867878
0.735 1.175380328296502 -0.08247195560148590 -0.04386408330373618 -0.06045778499491306 0.03286622504950601 -0.1879351475487574
0.736 1.176369513426422 -0.08241651128828160 -0.04310827239622491 -0.06091340032879099 0.03249891704463480 -0.1880277142111985
0.737 1.177361947334650 -0.08236076784570340 -0.04234413966962831 -0.06136174216091893 0.03213012633567212 -0.1881195845722878
0.738 1.178357651410680 -0.08230472298975970 -0.04157170805603107 -0.06180264414759515 0.03175975010830215 -0.1882108195941688
0.739 1.179356647261792 -0.08224837441142280 -0.04079099987078794 -0.06223593818202908 0.03138763074767361 -0.1883015266356883
0.74 1.180358956716081 -0.08219171977626530 -0.04000204330751542 -0.06266145285627002 0.03101401000911323 -0.1883915462888996
0.741 1.181364601825538 -0.08213475672408790 -0.03920486660283199 -0.06307901731221057 0.03063877769439621 -0.1884809254499726
0.742 1.182373604869194 -0.08207748286854330 -0.03839950213152197 -0.06348845736347800 0.03026210567432590 -0.1885695584966831
0.743 1.183385988356306 -0.08201989579675040 -0.03758598516413714 -0.06388959799310523 0.02988347431407805 -0.1886577398529942
0.744 1.184401775029614 -0.08196199306890360 -0.03676435245334528 -0.06428226055137953 0.02950328377049035 -0.1887453195254681
0.745 1.185420987868647 -0.08190377221787280 -0.03593464456014672 -0.06466626739225008 0.02912143926248286 -0.1888320882358913
0.746 1.186443650093095 -0.08184523074879800 -0.03509690591182554 -0.06504143723259106 0.02873783866725079 -0.1889182639404882
0.747 1.187469785166235 -0.08178636613867520 -0.03425118195184113 -0.06540758605965303 0.02835259271677611 -0.1890036854406029
0.748 1.188499416798431 -0.08172717583593400 -0.03339752297071443 -0.06576453138630032 0.02796534787481660 -0.1890883885723902
0.749 1.189532568950683 -0.08166765726000890 -0.03253598305082784 -0.06611208659798385 0.02757667720261733 -0.1891724229872832
0.75 1.190569265838252 -0.08160780780090090 -0.03166661682824634 -0.06645006354508586 0.02718626197327578 -0.1892557360697385
0.751 1.191609531934350 -0.08154762481873180 -0.03078948459432316 -0.06677827167640775 0.02679410284601844 -0.1893383116556551
0.752 1.192653391973896 -0.08148710564328920 -0.02990465007700304 -0.06709652248703378 0.02640007838937871 -0.1894201752420752
0.753 1.193700870957339 -0.08142624757356440 -0.02901217931924281 -0.06740462154248386 0.02600430921106952 -0.1895011734020243
0.754 1.194751994154563 -0.08136504787727870 -0.02811214433464873 -0.06770237475331731 0.02560681279447983 -0.1895815219266606
0.755 1.195806787108848 -0.08130350379040360 -0.02720461700496934 -0.06798958545021273 0.02520751705370093 -0.1896611097002405
0.756 1.196865275640924 -0.08124161251666950 -0.02628967696921156 -0.06826605724422272 0.02480646342449634 -0.1897398285990147
0.757 1.197927485853089 -0.08117937122706610 -0.02536740597414057 -0.06853159022426693 0.02440345993794394 -0.1898176981090688
0.758 1.198993444133406 -0.08111677705933250 -0.02443788912169992 -0.06878598429788749 0.02399867835673143 -0.1898949158054325
0.759 1.200063177159989 -0.08105382711743740 -0.02350121796025550 -0.06902903803373039 0.02359206939803989 -0.1899711998987535
0.76 1.201136711905356 -0.08099051847104910 -0.02255748599712075 -0.06926054770394985 0.02318348293767350 -0.1900468154531595
0.761 1.202214075640880 -0.08092684815499571 -0.02160679166185543 -0.06948030759996620 0.02277310540251447 -0.1901214527998097
0.762 1.203295295941319 -0.08086281316871330 -0.02064923833557558 -0.06968811265163900 0.02236083587534410 -0.1901952738317820
0.763 1.204380400689429 -0.08079841047568430 -0.01968493379916044 -0.06988375535603470 0.02194661127021650 -0.1902683052965899
0.764 1.205469418080675 -0.08073363700286420 -0.01871399028532775 -0.07006702719650693 0.02153952704543670 -0.1903190063372531
0.765 1.206562376628033 -0.08066848964009670 -0.01773652364608643 -0.07023771690287537 0.02111239947432000 -0.1904115894212498
0.766 1.207659305166875 -0.08060296523951730 -0.01675265663806749 -0.07039561528091260 0.02069235531785528 -0.1904819332277275
0.767 1.208760232859967 -0.08053706061494490 -0.01576251603505807 -0.07054050962793336 0.02027031175182157 -0.1905513886061060
0.768 1.209865189202553 -0.08047077254126040 -0.01476623281387594 -0.07067218606452895 0.01985517167936943 -0.1905979335101886
0.769 1.210974204027541 -0.08040409775377380 -0.01376394428590950 -0.07079043219541628 0.01942906175508530 -0.1906655376661033
0.77 1.212087307510801 -0.08033703294757710 -0.01275579261982690 -0.07089503200559744 0.01899525336232030 -0.1907465001994169
0.771 1.213204530176554 -0.08026957477688490 -0.01174192476741690 -0.07098576981117445 0.01857068408180265 -0.1907979485865232
0.772 1.214325902902891 -0.08020171985436070 -0.01072249438993370 -0.07106242845393727 0.01812994458751239 -0.1908844449017085
0.773 1.215451456927374 -0.08013346475042990 -0.009697659587491160 -0.07112479204363078 0.01769571278259775 -0.1909480929856547
0.774 1.216581223852783 -0.08006480599257780 -0.008667584887674580 -0.07117264249081655 0.01725943358762864 -0.1910107783459895
0.775 1.217715235652950 -0.07999574006463321 -0.007632440339021272 -0.07120576089446295 0.01682248001567623 -0.1910684961220136
0.776 1.218853524678733 -0.07992626340603742 -0.006592401901939169 -0.07122392847546630 0.01638044162115487 -0.1911330096707810
0.777 1.219996123664106 -0.07985637241109727 -0.005547652191277099 -0.07122692573014421 0.01594203697453959 -0.1911811489761207
0.778 1.221143065732368 -0.07978606342822258 -0.004498379192879827 -0.07121453496515029 0.01549293991175235 -0.1912510272521420
0.779 1.222294384402492 -0.07971533275914711 -0.003444778149028287 -0.07118653530409389 0.01504590491355220 -0.1913084586781175
0.78 1.223450113595598 -0.07964417665813370 -0.002387049710372708 -0.07114270810296003 0.01459673362233555 -0.1913647236200627
0.781 1.224610287641561 -0.07957259133116103 -0.001325401609785830 -0.07108283250216565 0.01414538432397205 -0.1914199481180064
0.782 1.225774941285767 -0.07950057293509436 -0.0002600487640077587 -0.07100669089110887 0.01369165931248838 -0.1914738919662380
0.783 1.226944109695997 -0.07942811757683703 0.0008087873080857690 -0.07091406367418767 0.01323839903219091 -0.1915193710742026
0.784 1.228117828469467 -0.07935522131246443 0.001880879066385317 -0.07080473289917188 0.01277738155058645 -0.1915786488818118
0.785 1.229296133640020 -0.07928188014633857 0.002955990833254693 -0.07067847911671850 0.01231835427723413 -0.1916254486509100
0.786 1.230479061685458 -0.07920809003020342 0.004033879757729951 -0.07053508613989168 0.01185453733031074 -0.1916774307542245
0.787 1.231666649535044 -0.07913384686226013 0.005114296252825646 -0.07037433755649922 0.01138903584211871 -0.1917266078932606
0.788 1.232858934577164 -0.07905914648622230 0.006196982730870987 -0.07019601777225906 0.01092379502120104 -0.1917666470845773
0.789 1.234055954667150 -0.07898398469034923 0.007281673884099354 -0.06999991259583231 0.01045159642503126 -0.1918190313573699
0.79 1.235257748135275 -0.07890835720645906 0.008368096552859780 -0.06978580924873844 0.009982582387446234 -0.1918534882991898
0.791 1.236464353794926 -0.07883225970891836 0.009455970851328420 -0.06955349598712130 0.009504937381702779 -0.1919058420415406
0.792 1.237675810950955 -0.07875568781360976 0.01054500698694147 -0.06930276376320331 0.009027996789574909 -0.1919473505210278
0.793 1.238892159408211 -0.07867863707687595 0.01163490925216266 -0.06903340291327088 0.008548254528135963 -0.1919881805942059
0.794 1.240113439480265 -0.07860110299443957 0.01272537187192884 -0.06874520969917366 0.008066092258564684 -0.1920273375863487
0.795 1.241339691998329 -0.07852308100029870 0.01381608031868184 -0.06843797851795380 0.007581647842027233 -0.1920648207061851
0.796 1.242570958320373 -0.07844456646559697 0.01490671356477181 -0.06811150837607459 0.007094608758260457 -0.1921009564471376
0.797 1.243807280340450 -0.07836555469746687 0.01599694000148629 -0.06776560096392349 0.006604973227738573 -0.1921356400735723
0.798 1.245048700498226 -0.07828604093784736 0.01708642011048175 -0.06740005999262200 0.006113530699603486 -0.1921671412849473
0.799 1.246295261788735 -0.07820602036227343 0.01817480490130954 -0.06701469297795748 0.005618039171778979 -0.1922007445399335
0.8 1.247547007772351 -0.07812548807863690 0.01926173653113689 -0.06660931032989427 0.005120673944791607 -0.1922310786536077
0.801 1.248803982584988 -0.07804443912591887 0.02034684848215852 -0.06618372588069576 0.004620602297895607 -0.1922599088675395
0.802 1.250066230948539 -0.07796286847289156 0.02142976342294525 -0.06573775765838180 0.004118086573738603 -0.1922871598036069
0.803 1.251333798181555 -0.07788077101678985 0.02251009618978150 -0.06527122753264990 0.003612749167583746 -0.1923127198436840
0.804 1.252606730210172 -0.07779814158195051 0.02358745138156587 -0.06478396210755091 0.003104839241074558 -0.1923369352570995
0.805 1.253885073579296 -0.07771497491841944 0.02466142311855307 -0.06427579103238060 0.002594060948766395 -0.1923594401219024
0.806 1.255168875464047 -0.07763126570052514 0.02573159690407484 -0.06374655165152078 0.002080505109151848 -0.1923800904964759
0.807 1.256458183681480 -0.07754700852541711 0.02679754760725070 -0.06319608468124256 0.001564190191133743 -0.1923992663836848
0.808 1.257753046702577 -0.07746219791156934 0.02785883910735710 -0.06262423400648611 0.001047264777357704 -0.1924085297157415
0.809 1.259053513664532 -0.07737682829724710 0.02891502761782632 -0.06203085552622174 0.0005231819254689472 -0.1924323775777677
0.81 1.260359634383328 -0.07729089403893546 0.02996565641879557 -0.06141580584033823 "                     -6
-1.621091182883174 10" -0.1924460624426862
0.811 1.261671459366615 -0.07720438940972969 0.03101025997325562 -0.06077895156984342 -0.0005247002853894396 -0.1924418816789090
0.812 1.262989039826907 -0.07711730859768544 0.03204836158212079 -0.06012016284143141 -0.001059781536198118 -0.1924683563040342
0.813 1.264312427695094 -0.07702964570412712 0.03307947392738534 -0.05943931964721180 -0.001593235928072170 -0.1924769324400266
0.814 1.265641675634291 -0.07694139474191485 0.03410309992877089 -0.05873630981137962 -0.002129584484536757 -0.1924829814948453
0.815 1.266976837054024 -0.07685254963366704 0.03511872999724020 -0.05801102650291159 -0.002669128930199195 -0.1924879784788757
0.816 1.268317966124770 -0.07676310420993818 0.03612584577195808 -0.05726337431308376 -0.003210828893060247 -0.1924878813022621
0.817 1.269665117792857 -0.07667305220734931 0.03712391560714146 -0.05649326364697171 -0.003757073371894916 -0.1924915236196355
0.818 1.271018347795740 -0.07658238726667212 0.03811239935912347 -0.05570061967566168 -0.004305742557338227 -0.1924903084181908
0.819 1.272377712677660 -0.07649110293086241 0.03909074410271815 -0.05488537039333540 -0.004857527493051635 -0.1924870552878417
0.82 1.273743269805702 -0.07639919264304313 0.04005838595822738 -0.05404745802241877 -0.005412439212233105 -0.1924817133169597
0.821 1.275115077386254 -0.07630664974443466 0.04101475127935098 -0.05318683591123835 -0.005970466473799635 -0.1924742131831835
0.822 1.276493194481899 -0.07621346747223125 0.04195925379055378 -0.05230346604131162 -0.006531723391781682 -0.1924646635618087
0.823 1.277877681028733 -0.07611963895742090 0.04289129712078949 -0.05139732530572259 -0.007096319361337600 -0.1924528452390220
0.824 1.279268597854135 -0.07602515722254857 0.04381027229941184 -0.05046839919170920 -0.007664161149937086 -0.1924388081398979
0.825 1.280666006694995 -0.07593001517941829 0.04471556146992862 -0.04951668933231611 -0.008235218768304121 -0.1924223389201117
0.826 1.282069970216431 -0.07583420562673559 0.04560653246315861 -0.04854220726518505 -0.008809752171671876 -0.1924039966579899
0.827 1.283480552030982 -0.07573772124768523 0.04648254514393797 -0.04754498176434677 -0.009387504637274518 -0.1923831199174686
0.828 1.284897816718322 -0.07564055460744319 0.04734294568769202 -0.04652505361936098 -0.009968671071022291 -0.1923598609135873
0.829 1.286321829845495 -0.07554269815062225 0.04818707243683718 -0.04548248128861089 -0.01055329286207609 -0.1923340772295901
0.83 1.287752657987691 -0.07544414419864609 0.04901424937440427 -0.04441733550050486 -0.01114147865300656 -0.1923061084801246
0.831 1.289190368749582 -0.07534488494705260 0.04982379053451122 -0.04332970519868064 -0.01173310972507043 -0.1922755452454546
0.832 1.290635030787234 -0.07524491246272074 0.05061500211218170 -0.04221969832033727 -0.01232837433554489 -0.1922423211164327
0.833 1.292086713830626 -0.07514421868102227 0.05138717480106997 -0.04108743570276538 -0.01292718971069849 -0.1922065295230565
0.834 1.293545488706770 -0.07504279540289174 0.05213959304090170 -0.03993306063094648 -0.01352963294901671 -0.1921680599510088
0.835 1.295011427363487 -0.07494063429181494 0.05287152918652881 -0.03875673451257835 -0.01413428028166795 -0.1921187810374507
0.836 1.296484602893825 -0.07483772687073259 0.05358224479578876 -0.03755863699686160 -0.01474573150957672 -0.1920831918485187
0.837 1.297965089561172 -0.07473406451885372 0.05427099257320295 -0.03633897000884742 -0.01535934886535935 -0.1920365575606571
0.838 1.299452962825067 -0.07462963846837982 0.05493701617646090 -0.03509795576804525 -0.01597660938667573 -0.1919870834299202
0.839 1.300948299367747 -0.07452443980113339 0.05557954884619597 -0.03383583895773245 -0.01659779453522287 -0.1919347685889338
0.84 1.302451177121436 -0.07441845944508881 0.05619781524598457 -0.03255288736627697 -0.01722291109772742 -0.1918794825297047
0.841 1.303961675296431 -0.07431168817080190 0.05679103034332861 -0.03124939206887404 -0.01785037767022122 -0.1918121719185220
0.842 1.305479874409983 -0.07420411658773424 0.05735840262175386 -0.02992566890769798 -0.01848480447480605 -0.1917597799058552
0.843 1.307005856316022 -0.07409573514047006 0.05789913090617258 -0.02858205930272941 -0.01912169644503683 -0.1916954037842349
0.844 1.308539704235743 -0.07398653410481876 0.05841240681799047 -0.02721892946216503 -0.01976265369467004 -0.1916275634411964
0.845 1.310081502789096 -0.07387650358380232 0.05889741627462620 -0.02583667620544063 -0.02040779181953783 -0.1915567859615600
0.846 1.311631338027197 -0.07376563350352101 0.05935333749948488 -0.02443572032798071 -0.02105699183816280 -0.1914825980326765
0.847 1.313189297465708 -0.07365391360889423 0.05977934105060552 -0.02301651301932028 -0.02171026623783101 -0.1914050258732501
0.848 1.314755470119215 -0.07354133345927103 0.06017459497362619 -0.02157953755699445 -0.02236771658837669 -0.1913243278900100
0.849 1.316329946536635 -0.07342788242390625 0.06053826159409056 -0.02012530585500353 -0.02302830443936204 -0.1912317015226563
0.85 1.317912818837700 -0.07331354967729688 0.06086949880782572 -0.01865436099679757 -0.02369596546866265 -0.1911520615631795
0.851 1.319504180750554 -0.07319832419437310 0.06116745993280328 -0.01716728136828670 -0.02436670043290633 -0.1910602764699112
0.852 1.321104127650500 -0.07308219474553893 0.06143129904475728 -0.01566467767680628 -0.02504165168570291 -0.1909650244468600
0.853 1.322712756599949 -0.07296514989155685 0.06166016418757940 -0.01414719523197952 -0.02572107798293705 -0.1908659744259959
0.854 1.324330166389607 -0.07284717797827014 0.06185320615199894 -0.01261551568260495 -0.02640501153283513 -0.1907631031896083
0.855 1.325956457580955 -0.07272826713115633 0.06200957347374643 -0.01107035759431954 -0.02709339473914911 -0.1906560186246813
0.856 1.327591732550066 -0.07260840524970614 0.06212841795695983 -0.009512478095766440 -0.02778571695345989 -0.1905392054889489
0.857 1.329236095532815 -0.07248758000162003 0.06220889124865348 -0.007942671767960833 -0.02848324255793176 -0.1904229287668519
0.858 1.330889652671535 -0.07236577881681633 0.06225015051231612 -0.006361774364354322 -0.02918665863499421 -0.1903113635807995
0.859 1.332552512063172 -0.07224298888124228 0.06225135609685829 -0.004770663141870447 -0.02989389073438256 -0.1901881704335928
0.86 1.334224783809000 -0.07211919713048077 0.06221167374470784 -0.003170256129753141 -0.03060590703660988 -0.1900605696568112
0.861 1.335906580065966 -0.07199439024314463 0.06213028013031271 -0.001561516004383440 -0.03132282248668455 -0.1899284956383329
0.862 1.337598015099716 -0.07186855463404939 0.06200635572148626 0.00005455120028480600 -0.03204488589086173 -0.1897919765140166
0.863 1.339299205339378 -0.07174167644715652 0.06183909386320662 0.001676893264423757 -0.03277195918386340 -0.1896510367326708
0.864 1.341010269434175 -0.07161374154827569 0.06162770078305866 0.003304412900676180 -0.03350387777618392 -0.1895052011054021
0.865 1.342731328311938 -0.07148473551751854 0.06137139624467944 0.004935963178297815 -0.03424113780423137 -0.1893547004450057
0.866 1.344462505239602 -0.07135464364149215 0.06106941041909748 0.006570350985666524 -0.03498158257371340 -0.1891823245129144
0.867 1.346203925885757 -0.07122345090522080 0.06072099857604789 0.008206332443062090 -0.03573115461766867 -0.1890387790654535
0.868 1.347955718385356 -0.07109114198378618 0.06032543128367561 0.009842613468868830 -0.03648404445671130 -0.1888733069314909
0.869 1.349718013406661 -0.07095770123367304 0.05988200258124445 0.01147784797400867 -0.03724191181911716 -0.1886981724930871
0.87 1.351490944220514 -0.07082311268380723 0.05939002642100650 0.01311063900313380 -0.03800637102670531 -0.1885265743665415
0.871 1.353274646772055 -0.07068736002627384 0.05884884925848989 0.01473953484090262 -0.03877282192886400 -0.1883180190754606
0.872 1.355069259754975 -0.07055042660670013 0.05825784153341754 0.01636302963503601 -0.03955078077041207 -0.1881581664410770
0.873 1.356874924688401 -0.07041229541429137 0.05761640634050096 0.01797956410322060 -0.04033137692443393 -0.1879656350623111
0.874 1.358691785996579 -0.07027294907149956 0.05692398384476915 0.01958752221983244 -0.04111792638300858 -0.1877671330433003
0.875 1.360519991091413 -0.07013236982331337 0.05618004533740653 0.02118523150827142 -0.04191016409143707 -0.1875627637780278
0.876 1.362359690458036 -0.06999053952614943 0.05538411030485904 0.02277096300348845 -0.04270833700593738 -0.1873523547836932
0.877 1.364211037743530 -0.06984743963632799 0.05453573362682103 0.02434293014338259 -0.04351261714445548 -0.1871358085006154
0.878 1.366074189848928 -0.06970305119811288 0.05363452265056422 0.02589928842959047 -0.04432285141053869 -0.1869130146421520
0.879 1.367949307024673 -0.06955735483129799 0.05268013133023431 0.02743813458606381 -0.04513918996085689 -0.1866835975879300
0.88 1.369836552969668 -0.06941033071831621 0.05167226942749460 0.02895750722477923 -0.04596184379767455 -0.1864475050506001
0.881 1.371736094934098 -0.06926195859085105 0.05061070349938256 0.03045538666835323 -0.04679068295514080 -0.1862046105207238
0.882 1.373648103826195 -0.06911221771592570 0.04949526297363914 0.03192969405343076 -0.04762592609400531 -0.1859548073901458
0.883 1.375572754323127 -0.06896108688144564 0.04832584120837458 0.03337829226445128 -0.04846747632807989 -0.1856979183499412
0.884 1.377510224986221 -0.06880854438116914 0.04710240299323480 0.03479898530133449 -0.04931576719468657 -0.1854337314128294
0.885 1.379460698380711 -0.06865456799907498 0.04582498723236843 0.03618952090704845 -0.05017076047181969 -0.1851620422891642
0.886 1.381424361200240 -0.06849913499310295 0.04449371252947887 0.03754758772505600 -0.05103257298477807 -0.1848827323767698
0.887 1.383401404396345 -0.06834222207823057 0.04310878122017038 0.03887082023362462 -0.05190103359920913 -0.1845955325895833
0.888 1.385392023313168 -0.06818380540885878 0.04167048277686129 0.04015679522321608 -0.05277633211394174 -0.1843003573180736
0.889 1.387396417827656 -0.06802386056046577 0.04017920629410557 0.04140303903396881 -0.05365868340822135 -0.1839967782434926
0.89 1.389414792495521 -0.06786236251049910 0.03863543526114330 0.04260702222793745 -0.05454809944252273 -0.1836850515807875
0.891 1.391447356703253 -0.06769928561845980 0.03703976142323860 0.04376616701759804 -0.05544464390486949 -0.1833639477677296
0.892 1.393494324826493 -0.06753460360514305 0.03539288845089508 0.04487784797266706 -0.05634852900134840 -0.1830352719077151
0.893 1.395555916395095 -0.06736828953098819 0.03369563385357250 0.04593939155268264 -0.05725968968060707 -0.1826969323721005
0.894 1.397632356265223 -0.06720031577349238 0.03194894058426685 0.04694808256376618 -0.05817850775346290 -0.1823494355001337
0.895 1.399723874798849 -0.06703065400363782 0.03015388261489778 0.04790116661441432 -0.05910461715815281 -0.1819922692057463
0.896 1.401830708051051 -0.06685927516128115 0.02831166665745020 0.04879585296904208 -0.06003846258199789 -0.1816254412634088
0.897 1.403953097965515 -0.06668614942944771 0.02642364450324908 0.04962931830022430 -0.06098030490422710 -0.1812485825563867
0.898 1.406091292578703 -0.06651124620747234 0.02449131677553989 0.05039871263866220 -0.06192995797582482 -0.1808614986846138
0.899 1.408245546233128 -0.06633453408292061 0.02251634149079773 0.05110116428955190 -0.06288754991884098 -0.1804639385294388
0.9 1.410416119800276 -0.06615598080222808 0.02050053797991363 0.05173378226660740 -0.06385354995905142 -0.1800553171188335
0.9001 1.410634084996216 -0.06613802294296520 0.02029678761564184 0.05179309213112264 -0.06395060596482781 -0.1800138519536762
0.9002 1.410852216333263 -0.06612004630801776 0.02009265063402582 0.05185167141636235 -0.06404774000062922 -0.1799722654331126
0.9003 1.411070514083547 -0.06610205086368102 0.01988812890688739 0.05190951711798823 -0.06414489574841946 -0.1799305896383951
0.9004 1.411288978519901 -0.06608403657615836 0.01968322531411455 0.05196662698062933 -0.06424208800102210 -0.1798887633706179
0.9005 1.411507609915867 -0.06606600341156232 0.01947794171850412 0.05202299864437213 -0.06433944811996494 -0.1798468914020618
0.9006 1.411726408545694 -0.06604795133591369 0.01927228019493362 0.05207862760813376 -0.06443685172617316 -0.1798048821584844
0.9007 1.411945374684350 -0.06602988031514118 0.01906624321448946 0.05213351229484844 -0.06453439337681795 -0.1797627495012424
0.9008 1.412164508607513 -0.06601179031508102 0.01885983259472918 0.05218765001111759 -0.06463188586777518 -0.1797205311822028
0.9009 1.412383810591582 -0.06599368130147693 0.01865304975866552 0.05224103500775675 -0.06472960195959978 -0.1796781438600560
0.901 1.412603280913676 -0.06597555323997916 0.01844589868202429 0.05229366816214269 -0.06482741810563354 -0.1796357410385334
0.9011 1.412822919851637 -0.06595740609614513 0.01823838155098026 0.05234554445897739 -0.06492529479593026 -0.1795931465908651
0.9012 1.413042727684034 -0.06593923983543820 0.01803049815590527 0.05239666132810884 -0.06502310796197917 -0.1795469183593296
0.9013 1.413262704690163 -0.06592105442322760 0.01782225377857259 0.05244701653928125 -0.06512127298430755 -0.1795076249086128
0.9014 1.413482851150052 -0.06590284982478821 0.01761364928310327 0.05249660609628815 -0.06521939817520226 -0.1794646902632759
0.9015 1.413703167344462 -0.06588462600530015 0.01740468677851137 0.05254542867799218 -0.06531760913896927 -0.1794216391517299
0.9016 1.413923653554893 -0.06586638292984839 0.01719536897900055 0.05259347945232491 -0.06541593327463843 -0.1793784741412164
0.9017 1.414144310063581 -0.06584812056342251 0.01698569746820483 0.05264075595259664 -0.06551433514805954 -0.1793352027073581
0.9018 1.414365137153504 -0.06582983887091592 0.01677567741511821 0.05268725738093001 -0.06561280111865946 -0.1792917933918619
0.9019 1.414586135108388 -0.06581153781712636 0.01656530776957053 0.05273297744903060 -0.06571131011672210 -0.1792482996276832
0.902 1.414807304212701 -0.06579321736675441 0.01635459283293982 0.05277791661600418 -0.06580993675011246 -0.1792046524713847
0.9021 1.415028644751665 -0.06577487748440447 0.01614353477575940 0.05282206969550939 -0.06590865399660730 -0.1791609064591264
0.9022 1.415250157011253 -0.06575651813458303 0.01593213535851644 0.05286543433703085 -0.06600744021866894 -0.1791170583062608
0.9023 1.415471841278193 -0.06573813928169908 0.01572039827596077 0.05290800802261969 -0.06610633077702558 -0.1790730686046654
0.9024 1.415693697839971 -0.06571974089006399 0.01550832507672961 0.05294978755161035 -0.06620530031668423 -0.1790289771220705
0.9025 1.415915726984835 -0.06570132292389035 0.01529591869857398 0.05299077105241803 -0.06630435576245440 -0.1789847599582476
0.9026 1.416137929001797 -0.06568288534729241 0.01508318134902633 0.05303095379722232 -0.06640349253273534 -0.1789404109185802
0.9027 1.416360304180633 -0.06566442812428493 0.01487011592260582 0.05307033400977348 -0.06650257345897017 -0.1788912666174943
0.9028 1.416582852811890 -0.06564595121878326 0.01465672442152702 0.05310890807334014 -0.06660202829583432 -0.1788511954257319
0.9029 1.416805575186887 -0.06562745459460324 0.01444301004742171 0.05314667409229621 -0.06670141305265885 -0.1788066808976746
0.903 1.417028471597717 -0.06560893821546026 0.01422897512964477 0.05318362852582737 -0.06680078303324089 -0.1787581356390976
0.9031 1.417251542337252 -0.06559040204496913 0.01401462287841613 0.05321976928470798 -0.06690046891335219 -0.1787168172001779
0.9032 1.417474787699143 -0.06557184604664386 0.01379995476314541 0.05325509245865067 -0.06700012772988110 -0.1786718372373156
0.9033 1.417698207977827 -0.06555327018389690 0.01358497502647233 0.05328959574260518 -0.06709993033110975 -0.1786265921483619
0.9034 1.417921803468524 -0.06553467442003896 0.01336968536277048 0.05332327634482099 -0.06719976598948650 -0.1785812831817348
0.9035 1.418145574467245 -0.06551605871827906 0.01315408823646955 0.05335613109880622 -0.06729967210807392 -0.1785358613169200
0.9036 1.418369521270794 -0.06549742304172305 0.01293818684498181 0.05338815676523244 -0.06739965035798574 -0.1784903037919111
0.9037 1.418593644176768 -0.06547876735337472 0.01272198423388608 0.05341935097303213 -0.06749974743313404 -0.1784446279730421
0.9038 1.418817943483564 -0.06546009161613365 0.01250548206927708 0.05344971098538282 -0.06759985130193298 -0.1783989688418339
0.9039 1.419042419490378 -0.06544139579279664 0.01228868476482627 0.05347923421740037 -0.06770012022137296 -0.1783530431318168
0.904 1.419267072497211 -0.06542267984605596 0.01207159360067755 0.05350791682417649 -0.06780049356284573 -0.1783070075089903
0.9041 1.419491902804872 -0.06540394373849958 0.01185421174745780 0.05353575555440013 -0.06790099764464517 -0.1782608909738343
0.9042 1.419716910714977 -0.06538518743261056 0.01163654388745328 0.05356274991181288 -0.06800150180039469 -0.1782137688558270
0.9043 1.419942096529958 -0.06536641089076676 0.01141859068612398 0.05358889577430451 -0.06810213460460884 -0.1781681730677314
0.9044 1.420167460553061 -0.06534761407524049 0.01120035598693195 0.05361418982272116 -0.06820281893743882 -0.1781214746805259
0.9045 1.420393003088350 -0.06532879694819799 0.01098184157090633 0.05363862872314760 -0.06830362372044108 -0.1780750115900783
0.9046 1.420618724440715 -0.06530995947169887 0.01076305209921427 0.05366221127484879 -0.06840450008396797 -0.1780282135223607
0.9047 1.420844624915866 -0.06529110160769611 0.01054398909470076 0.05368493344117504 -0.06850546096650011 -0.1779812841239930
0.9048 1.421070704820346 -0.06527222331803539 0.01032465702209162 0.05370679256281616 -0.06860651637596884 -0.1779341471490190
0.9049 1.421296964461524 -0.06525332456445464 0.01010505791104904 0.05372778662677351 -0.06870765897080781 -0.1778870563343891
0.905 1.421523404147609 -0.06523440530858402 0.009885194957176820 0.05374791206888572 -0.06880888908712391 -0.1778396723545625
0.9051 1.421750024187643 -0.06521546551194457 0.009665070772555760 0.05376716517837319 -0.06891006042224038 -0.1777868177844383
0.9052 1.421976824891511 -0.06519650513594911 0.009444689583604780 0.05378554589938026 -0.06901161479791234 -0.1777447625965356
0.9053 1.422203806569941 -0.06517752414190086 0.009224052814640240 0.05380304822576608 -0.06911311180892474 -0.1776970743347967
0.9054 1.422430969534507 -0.06515852249099320 0.009003165800343010 0.05381967155602092 -0.06921470681604405 -0.1776492912698149
0.9055 1.422658314097636 -0.06513950014430953 0.008782029556819110 0.05383541206098795 -0.06931636961060996 -0.1776013428837556
0.9056 1.422885840572605 -0.06512045706282247 0.008560647970552200 0.05385026795410482 -0.06941813255512532 -0.1775532679404077
0.9057 1.423113549273550 -0.06510139320739396 0.008339024261719510 0.05386423359293961 -0.06951992696891439 -0.1775045871272432
0.9058 1.423341440515465 -0.06508230853877388 0.008117162868699120 0.05387731122348894 -0.06962188082389615 -0.1774567669252657
0.9059 1.423569514614208 -0.06506320301760128 0.007895064191531337 0.05388949222210842 -0.06972366346126982 -0.1773987470142065
0.906 1.423797771886503 -0.06504407660440162 0.007672734210375200 0.05390077904120320 -0.06982603243449585 -0.1773596904605096
0.9061 1.424026212649944 -0.06502492925958874 0.007450175231727490 0.05391116473476494 -0.06992823920402082 -0.1773109603636462
0.9062 1.424254837222997 -0.06500576094346266 0.007227390038272421 0.05392064917662865 -0.07003053511295565 -0.1772620185570639
0.9063 1.424483645925004 -0.06498657161620988 0.007004381786922411 0.05392922917410544 -0.07013292018409669 -0.1772131114530253
0.9064 1.424712639076189 -0.06496736123790324 0.006781155730958027 0.05393690161819732 -0.07023542063857278 -0.1771639910514479
0.9065 1.424941816997655 -0.06494812976850060 0.006557713204357331 0.05394366360333781 -0.07033799127336557 -0.1771147346851692
0.9066 1.425171180011395 -0.06492887716784544 0.006334058183133257 0.05394951174358818 -0.07044068339326277 -0.1770653228842174
0.9067 1.425400728440287 -0.06490960339566493 0.006110193822080749 0.05395444448174818 -0.07054346347880598 -0.1770158198165696
0.9068 1.425630462608108 -0.06489030841157141 0.005886124515128809 0.05395845933532879 -0.07064628210076780 -0.1769663153569803
0.9069 1.425860382839525 -0.06487099217506041 0.005661852752562972 0.05396155211108046 -0.07074921778973056 -0.1769165138581715
0.907 1.426090489460110 -0.06485165464551100 0.005437381854944419 0.05396372076982274 -0.07085224387585694 -0.1768665743295502
0.9071 1.426320782796334 -0.06483229578218452 0.005212717144402246 0.05396496461499113 -0.07095536617696826 -0.1768165168782816
0.9072 1.426551263175579 -0.06481291554422537 0.004987859343365989 0.05396527692825558 -0.07105827321615693 -0.1767530186274823
0.9073 1.426781930926133 -0.06479351389065947 0.004762814020585738 0.05396465721861738 -0.07116186735113529 -0.1767159455726909
0.9074 1.427012786377199 -0.06477409078039392 0.004537583908646697 0.05396310370792667 -0.07126509143546135 -0.1766598918266614
0.9075 1.427243829858900 -0.06475464617221721 0.004312172852778394 0.05396061224175117 -0.07136873410680857 -0.1766149017546623
0.9076 1.427475061702276 -0.06473518002479832 0.004086584126483658 0.05395717950129809 -0.07147224576930217 -0.1765642148518082
0.9077 1.427706482239293 -0.06471569229668615 0.003860821947168753 0.05395280446981545 -0.07157590852038414 -0.1765133200616791
0.9078 1.427938091802843 -0.06469618294630872 0.003634889803907101 0.05394748456886215 -0.07167967770658016 -0.1764622888943516
0.9079 1.428169890726752 -0.06467665193197375 0.003408791167321679 0.05394121591971737 -0.07178351894427496 -0.1764111365767447
0.908 1.428401879345779 -0.06465709921186744 0.003182530103216260 0.05393399761049022 -0.07188743960972317 -0.1763596512260263
0.9081 1.428634057995624 -0.06463752474405393 0.002956109177574397 0.05392582383274248 -0.07199146661893780 -0.1763082987844321
0.9082 1.428866427012925 -0.06461792848647489 0.002729533801339840 0.05391669454528359 -0.07209558829452764 -0.1762565951152821
0.9083 1.429098986735270 -0.06459831039694970 0.002502806546599040 0.05390660685171415 -0.07219980501839575 -0.1762050105221331
0.9084 1.429331737501194 -0.06457867043317385 0.002275932263082178 0.05389555756994441 -0.07230410307420399 -0.1761531592108145
0.9085 1.429564679650186 -0.06455900855271892 0.002048913435633134 0.05388354383102430 -0.07240851879475654 -0.1761009909370897
0.9086 1.429797813522693 -0.06453932471303291 0.001821754487427957 0.05387056361906726 -0.07251301222619216 -0.1760489449754673
0.9087 1.430031139460120 -0.06451961887143837 0.001594460084653479 0.05385661499954361 -0.07261759984559737 -0.1759966671301479
0.9088 1.430264657804840 -0.06449989098513269 0.001367033418808455 0.05384169439504406 -0.07272228437536814 -0.1759442356281948
0.9089 1.430498368900192 -0.06448014101118790 0.001139477606584428 0.05382579867750998 -0.07282702163138007 -0.1758916858085354
0.909 1.430732273090484 -0.06446036890654884 0.0009117978068820840 0.05380892654613392 -0.07293191836247873 -0.1758389853364161
0.9091 1.430966370721007 -0.06444057462803450 0.0006839978656437482 0.05379107439406904 -0.07303687923316388 -0.1757861355283084
0.9092 1.431200662138023 -0.06442075813233584 0.0004560819828441690 0.05377224184957468 -0.07314194231851020 -0.1757331468261870
0.9093 1.431435147688786 -0.06440091937601665 0.0002280522993328071 0.05375242207083785 -0.07324694118347946 -0.1756708966492399
0.9094 1.431669827721529 -0.06438105831551157 "                     -8
-8.443399235249370 10" 0.05373161747133257 -0.07335231907869585 -0.1756266687071020
0.9095 1.431904702585483 -0.06436117490712729 -0.0002283266845785922 0.05370982111410995 -0.07345764458038209 -0.1755732377198002
0.9096 1.432139772630870 -0.06434126910704036 -0.0004566687827569824 0.05368703362896392 -0.07356307821444243 -0.1755196789739901
0.9097 1.432375038208911 -0.06432134087129810 -0.0006851065692246864 0.05366325224711252 -0.07366860650234520 -0.1754659681416596
0.9098 1.432610499671832 -0.06430139015581702 -0.0009136366531608720 0.05363847247333493 -0.07377422048850572 -0.1754104147239480
0.9099 1.432846157372864 -0.06428141691638276 -0.001142254546746244 0.05361269376871316 -0.07387998644918512 -0.1753582283163632
0.91 1.433082011666249 -0.06426142110864976 -0.001370956142175373 0.05358591235342795 -0.07398577933270983 -0.1753040943522959
0.9101 1.433318062907244 -0.06424140268814009 -0.001599737003407351 0.05355812615897706 -0.07409166761270432 -0.1752497866885590
0.9102 1.433554311452126 -0.06422136161024367 -0.001828593292117752 0.05352933342976238 -0.07419763382379841 -0.1751953546957066
0.9103 1.433790757658192 -0.06420129783021720 -0.002057520589503027 0.05349953040171128 -0.07430371385770554 -0.1751408411816349
0.9104 1.434027401883768 -0.06418121130318361 -0.002286514243038759 0.05346871740762738 -0.07440989683846712 -0.1750860934119397
0.9105 1.434264244488210 -0.06416110198413200 -0.002515570482181502 0.05343688907138350 -0.07451617880864941 -0.1750312047436280
0.9106 1.434501285831911 -0.06414096982791686 -0.002744684655164638 0.05340404325763226 -0.07462256399100085 -0.1749761490988894
0.9107 1.434738526276300 -0.06412081478925707 -0.002973852508209699 0.05337017919664850 -0.07472904066033732 -0.1749209663549632
0.9108 1.434975966183852 -0.06410063682273615 -0.003203069397496408 0.05333529232025191 -0.07483561457583839 -0.1748656171893396
0.9109 1.435213605918087 -0.06408043588280093 -0.003432331319005299 0.05329938275970074 -0.07494220588108057 -0.1748048715979730
0.911 1.435451445843578 -0.06406021192376156 -0.003661633626464536 0.05326244728235626 -0.07504908111519870 -0.1747544839982281
0.9111 1.435689486325954 -0.06403996489979098 -0.003890971927139923 0.05322448282886779 -0.07515595091750367 -0.1746986912286699
0.9112 1.435927727731904 -0.06401969476492373 -0.004120341669793748 0.05318548764999811 -0.07526291668791728 -0.1746427415048876
0.9113 1.436166170429180 -0.06399940147305597 -0.004349738643425971 0.05314545839185176 -0.07536996384852682 -0.1745865526673322
0.9114 1.436404814786605 -0.06397908497794491 -0.004579157887360312 0.05310439366992117 -0.07547702566064150 -0.1745242927173390
0.9115 1.436643661174073 -0.06395874523320767 -0.004808594831159350 0.05306229013294789 -0.07558435636190004 -0.1744739654525906
0.9116 1.436882709962554 -0.06393838219232149 -0.005038045347313012 0.05301914874266641 -0.07569170044059779 -0.1744173257899718
0.9117 1.437121961524102 -0.06391799580862246 -0.005267504412105728 0.05297496400668203 -0.07579916726304509 -0.1743606865333202
0.9118 1.437361416231856 -0.06389758603530548 -0.005496967513479439 0.05292973473142154 -0.07590668310574285 -0.1743038584290054
0.9119 1.437601074460044 -0.06387715282542340 -0.005726429941028297 0.05288345864516678 -0.07601428237107136 -0.1742422075424305
0.912 1.437840936583991 -0.06385669613188648 -0.005955886874500475 0.05283613334856430 -0.07612208866902527 -0.1741895500192263
0.9121 1.438081002980118 -0.06383621590746187 -0.006185334025878588 0.05278775684333042 -0.07622992581376124 -0.1741322857735588
0.9122 1.438321274025952 -0.06381571210477269 -0.006414766701049458 0.05273832598337563 -0.07633785930244776 -0.1740748041311984
0.9123 1.438561750100126 -0.06379518467629794 -0.006644178707554743 0.05268784161792053 -0.07644579257196246 -0.1740079353560819
0.9124 1.438802431582388 -0.06377463357437173 -0.006873567377841261 0.05263629694336053 -0.07655401865914836 -0.1739593691171835
0.9125 1.439043318853600 -0.06375405875118252 -0.007102925926197814 0.05258369247934539 -0.07666213731418439 -0.1738938592495919
0.9126 1.439284412295746 -0.06373346015877241 -0.007332251666376699 0.05253002695484779 -0.07677060332466302 -0.1738434371002996
0.9127 1.439525712291938 -0.06371283774903723 -0.007561537834077683 0.05247529566996159 -0.07687901934567666 -0.1737851511960338
0.9128 1.439767219226417 -0.06369219147372478 -0.007790780005889082 0.05241949973497540 -0.07698753814190193 -0.1737267108679964
0.9129 1.440008933484561 -0.06367152128443553 -0.008019973700345460 0.05236263474090620 -0.07709607885130812 -0.1736620584522966
0.913 1.440250855452882 -0.06365082713262082 -0.008249113533729870 0.05230469959134184 -0.07720486988387755 -0.1736092478599069
0.9131 1.440492985519043 -0.06363010896958349 -0.008478195186487290 0.05224569086409891 -0.07731337844260790 -0.1735253012444195
0.9132 1.440735324071858 -0.06360936674647553 -0.008707212296147830 0.05218560728009165 -0.07742227981718144 -0.1734661819938716
0.9133 1.440977871501287 -0.06358860041429914 -0.008936161469631820 0.05212444735301368 -0.07753129704755501 -0.1734069543029667
0.9134 1.441220628198454 -0.06356780992390545 -0.009165036950662220 0.05206220984465975 -0.07764041373702526 -0.1733475608963446
0.9135 1.441463594555647 -0.06354699522599352 -0.009393833104624040 0.05199888919338051 -0.07774991582488324 -0.1733130102974342
0.9136 1.441706770966314 -0.06352615627111025 -0.009622545279809060 0.05193448779579263 -0.07785924178076598 -0.1732533684748880
0.9137 1.441950157825086 -0.06350529300964962 -0.009851168588215290 0.05186900119917417 -0.07796864999366036 -0.1731935008874824
0.9138 1.442193755527767 -0.06348440539185195 -0.01007969753362542 0.05180242845325031 -0.07807814331897449 -0.1731334356173343
0.9139 1.442437564471345 -0.06346349336780285 -0.01030812682929013 0.05173476739982281 -0.07818776025124262 -0.1730732052978236
0.914 1.442681585053996 -0.06344255688743374 -0.01053645203375226 0.05166601347141146 -0.07829739328218051 -0.1730059994042016
0.9141 1.442925817675082 -0.06342159590051986 -0.01076466682510320 0.05159617075544286 -0.07840701568448864 -0.1729272890064293
0.9142 1.443170262735174 -0.06340061035668009 -0.01099276647065021 0.05152523191342389 -0.07851693021453697 -0.1728665703976244
0.9143 1.443414920636040 -0.06337960020537690 -0.01122074571886411 0.05145319726207024 -0.07862720818681621 -0.1728305927497479
0.9144 1.443659791780649 -0.06335856539591507 -0.01144859948337760 0.05138006411595144 -0.07873731781514592 -0.1727695281207472
0.9145 1.443904876573190 -0.06333750587744093 -0.01167632130707661 0.05130583253026221 -0.07884753561795836 -0.1727083035803350
0.9146 1.444150175419066 -0.06331642159894210 -0.01190390712008920 0.05123050002704790 -0.07895771392850949 -0.1726354099147707
0.9147 1.444395688724905 -0.06329531250924660 -0.01213135029066483 0.05115406296521026 -0.07906824348029728 -0.1725852116496224
0.9148 1.444641416898560 -0.06327417855702193 -0.01235864732674934 0.05107652090555134 -0.07917878093254974 -0.1725234657145967
0.9149 1.444887360349118 -0.06325301969077496 -0.01258579057182472 0.05099787217286096 -0.07928937813358068 -0.1724615703154149
0.915 1.445133519486902 -0.06323183585885083 -0.01281277545648774 0.05091811575802144 -0.07940014193183132 -0.1723983985064770
0.9151 1.445379894723478 -0.06321062700943266 -0.01303959687008909 0.05083724785020765 -0.07951075228895203 -0.1723124718036301
0.9152 1.445626486471666 -0.06318939309053954 -0.01326624864471074 0.05075526874784886 -0.07962169292283724 -0.1722500518979216
0.9153 1.445873295145532 -0.06316813405002804 -0.01349272523688515 0.05067217650117938 -0.07973272445568272 -0.1721874731046399
0.9154 1.446120321160403 -0.06314684983558982 -0.01371902157965610 0.05058796828741490 -0.07984385006960145 -0.1721247226752046
0.9155 1.446367564932871 -0.06312554039475142 -0.01394513117728018 0.05050264519317769 -0.07995507480977894 -0.1720617874074157
0.9156 1.446615026880797 -0.06310420567487372 -0.01417104992813349 0.05041620261522834 -0.08006641144182429 -0.1719986905970264
0.9157 1.446862707423317 -0.06308284562315060 -0.01439677026192414 0.05032864037302903 -0.08017802425820891 -0.1719570864655066
0.9158 1.447110606980841 -0.06306146018660973 -0.01462228720489843 0.05023995642433000 -0.08028959539136411 -0.1718967415845652
0.9159 1.447358725975074 -0.06304004931210988 -0.01484759600907369 0.05015014964754910 -0.08040123666408709 -0.1718328726115599
0.916 1.447607064829004 -0.06301861294634126 -0.01507268974079447 0.05005921914145483 -0.08051294917272986 -0.1717645065494545
0.9161 1.447855623966920 -0.06299715103582491 -0.01529756276287724 0.04996716201685639 -0.08062482715592807 -0.1717048930096301
0.9162 1.448104403814411 -0.06297566352691177 -0.01552221002364085 0.04987397685499651 -0.08073677909478082 -0.1716411443280876
0.9163 1.448353404798373 -0.06295415036578175 -0.01574662404936836 0.04977966244474309 -0.08084877268806721 -0.1715681894628271
0.9164 1.448602627347015 -0.06293261149844311 -0.01597080026338118 0.04968421996277283 -0.08096099776559834 -0.1715122619569385
0.9165 1.448852071889863 -0.06291104687073172 -0.01619473314643631 0.04958764463690763 -0.08107324912636994 -0.1714475865810720
0.9166 1.449101738857770 -0.06288945642831067 -0.01641841542087849 0.04948993661975583 -0.08118561710024735 -0.1713827083248527
0.9167 1.449351628682916 -0.06286784011666890 -0.01664184252834078 0.04939109465883377 -0.08129809097099215 -0.1713176527820293
0.9168 1.449601741798818 -0.06284619788112087 -0.01686500765282160 0.04929111528106475 -0.08141066583658921 -0.1712524124165967
0.9169 1.449852078640332 -0.06282452966680538 -0.01708790500269677 0.04919000081499539 -0.08152334991862188 -0.1711870068377237
0.917 1.450102639643662 -0.06280283541868536 -0.01731052808443121 0.04908774845112863 -0.08163613801353077 -0.1711214382867406
0.9171 1.450353425246362 -0.06278111508154721 -0.01753287157436008 0.04898435536800111 -0.08174895309376601 -0.1710311209405851
0.9172 1.450604435887351 -0.06275936859999866 -0.01775492888261834 0.04887982093326209 -0.08186196833704690 -0.1709652428521416
0.9173 1.450855672006906 -0.06273759591846989 -0.01797669402405589 0.04877414697823756 -0.08197504587087563 -0.1708990378408514
0.9174 1.451107134046675 -0.06271579698121133 -0.01819816129750693 0.04866732914658152 -0.08208825040090774 -0.1708327220341521
0.9175 1.451358822449681 -0.06269397173229359 -0.01841932393958685 0.04855936916814590 -0.08220156014871460 -0.1707662368073652
0.9176 1.451610737660333 -0.06267212011560681 -0.01864017565923007 0.04845025981142699 -0.08231497161979098 -0.1706995462542429
0.9177 1.451862880124423 -0.06265024207485909 -0.01886071060431765 0.04834000461747724 -0.08242849281822038 -0.1706326721594229
0.9178 1.452115250289137 -0.06262833755357565 -0.01908092249055149 0.04822860567194585 -0.08254212505067839 -0.1705656192127602
0.9179 1.452367848603065 -0.06260640649509964 -0.01930080512520221 0.04811605550166897 -0.08265585265811258 -0.1704983724436130
0.918 1.452620675516198 -0.06258444884258953 -0.01952035186786734 0.04800235718050882 -0.08276969249361254 -0.1704309283035345
0.9181 1.452873731479942 -0.06256246453901908 -0.01973955625628109 0.04788750706338448 -0.08288365502169473 -0.1703633256267256
0.9182 1.453127016947119 -0.06254045352717631 -0.01995841250446184 0.04777150705588983 -0.08299770786567538 -0.1702955037171331
0.9183 1.453380532371975 -0.06251841574966281 -0.02017691432517879 0.04765435392783854 -0.08311186411718558 -0.1702275065190702
0.9184 1.453634278210189 -0.06249635114889300 -0.02039505407479862 0.04753604898217899 -0.08322613511492512 -0.1701593235694531
0.9185 1.453888254918874 -0.06247425966709333 -0.02061282684313904 0.04741658867555853 -0.08334050804203754 -0.1700909469466369
0.9186 1.454142462956586 -0.06245214124630075 -0.02083022475949407 0.04729597406467585 -0.08345503114000100 -0.1700224125408569
0.9187 1.454396902783330 -0.06242999582836301 -0.02104724282634403 0.04717420318209749 -0.08356960815376062 -0.1699536464512204
0.9188 1.454651574860570 -0.06240782335493700 -0.02126387337805633 0.04705127660272035 -0.08368428608314006 -0.1698847094006382
0.9189 1.454906479651226 -0.06238562376748772 -0.02148010999247562 0.04692719245383064 -0.08379908394959999 -0.1698155634096708
0.919 1.455161617619690 -0.06236339700728864 -0.02169594555225759 0.04680195048930805 -0.08391398930575633 -0.1697462240075389
0.9191 1.455416989231827 -0.06234114301541953 -0.02191137519014188 0.04667555107211067 -0.08402899782362097 -0.1696766863912468
0.9192 1.455672594954984 -0.06231886173276600 -0.02212639100240531 0.04654799217205225 -0.08414411914508282 -0.1696069728271216
0.9193 1.455928435257997 -0.06229655310001910 -0.02234098657522919 0.04641927234022996 -0.08425934392667090 -0.1695370522593682
0.9194 1.456184510611192 -0.06227421705767375 -0.02255515542709396 0.04628939255092218 -0.08437467647321174 -0.1694669274438937
0.9195 1.456440821486398 -0.06225185354602813 -0.02276889254481969 0.04615835534375702 -0.08449011624791295 -0.1693966214979601
0.9196 1.456697368356955 -0.06222946250518353 -0.02298218700043587 0.04602615393154231 -0.08460567495243188 -0.1693261307621158
0.9197 1.456954151697710 -0.06220704387504179 -0.02319503459170669 0.04589279089728645 -0.08472133292487107 -0.1692554231642748
0.9198 1.457211171985035 -0.06218459759530627 -0.02340742751789982 0.04575826469875556 -0.08483714065862604 -0.1691845361724775
0.9199 1.457468429696831 -0.06216212360547964 -0.02361936030792416 0.04562257557698685 -0.08495300887254681 -0.1691134374797709
0.92 1.457725925312527 -0.06213962184486323 -0.02383082512722491 0.04548572398727934 -0.08506900848324262 -0.1690421457902074
0.9201 1.457983659313100 -0.06211709225255705 -0.02404181604081518 0.04534770493910923 -0.08518508966071776 -0.1689706197021692
0.9202 1.458241632181071 -0.06209453476745724 -0.02425232468774113 0.04520852546246095 -0.08530130381306189 -0.1688989110583047
0.9203 1.458499844400515 -0.06207194932825663 -0.02446234557634509 0.04506818221214002 -0.08541763930088251 -0.1688270136199117
0.9204 1.458758296457071 -0.06204933587344317 -0.02467187070272220 0.04492667419900467 -0.08553407307310044 -0.1687549015335736
0.9205 1.459016988837946 -0.06202669434129884 -0.02488089354914636 0.04478400102288943 -0.08565059240998258 -0.1686825809791456
0.9206 1.459275922031922 -0.06200402466989909 -0.02508940790639011 0.04464016473478835 -0.08576726097972514 -0.1686100891513935
0.9207 1.459535096529365 -0.06198132679711192 -0.02529740434969725 0.04449516015685381 -0.08588400847634549 -0.1685373662212483
0.9208 1.459794512822228 -0.06195860066059597 -0.02550487813729147 0.04434899300317062 -0.08600094598568823 -0.1684644829240433
0.9209 1.460054171404065 -0.06193584619780160 -0.02571182086093508 0.04420166045892250 -0.08611791890428760 -0.1683913553103578
0.921 1.460314072770029 -0.06191306334596777 -0.02591822618887687 0.04405316233928001 -0.08623499848370587 -0.1683180217204037
0.9211 1.460574217416888 -0.06189025204212211 -0.02612408706978743 0.04390350006428750 -0.08635217683525207 -0.1682444978746881
0.9212 1.460834605843028 -0.06186741222308023 -0.02632939542312942 0.04375267128507612 -0.08646949003294751 -0.1681707516267033
0.9213 1.461095238548460 -0.06184454382544407 -0.02653414466382922 0.04360067768770742 -0.08658690175114386 -0.1680967969979600
0.9214 1.461356116034828 -0.06182164678560095 -0.02673832766863906 0.04344752019205097 -0.08670443678474187 -0.1680226752478548
0.9215 1.461617238805417 -0.06179872103972355 -0.02694193681617424 0.04329319613505786 -0.08682207985540656 -0.1679483029810241
0.9216 1.461878607365161 -0.06177576652376749 -0.02714496458972660 0.04313770724726472 -0.08693982117238105 -0.1678737144249687
0.9217 1.462140222220646 -0.06175278317347139 -0.02734740445202501 0.04298105446795624 -0.08705769461107078 -0.1677989216195590
0.9218 1.462402083880124 -0.06172977092435548 -0.02754924867912290 0.04282323887702055 -0.08717566028081170 -0.1677239223564372
0.9219 1.462664192853517 -0.06170672971172073 -0.02775049004134766 0.04266425795574486 -0.08729373566755647 -0.1676487032825937
0.922 1.462926549652424 -0.06168365947064768 -0.02795112147013578 0.04250411486333388 -0.08741193034369024 -0.1675732757056003
0.9221 1.463189154790130 -0.06166056013599530 -0.02815113457285660 0.04234280681883838 -0.08753025540858111 -0.1674976275667399
0.9222 1.463452008781614 -0.06163743164240037 -0.02835052227697057 0.04218033684088854 -0.08764867013826751 -0.1674217680422832
0.9223 1.463715112143554 -0.06161427392427614 -0.02854927762002491 0.04201670554767653 -0.08776710095131499 -0.1673455901056885
0.9224 1.463978465394341 -0.06159108691581148 -0.02874739231332693 0.04185191032945434 -0.08788575527464934 -0.1672692962512884
0.9225 1.464242069054077 -0.06156787055096940 -0.02894486006921423 0.04168595571066785 -0.08800450763298682 -0.1671927903681021
0.9226 1.464505923644594 -0.06154462476348693 -0.02914167185128550 0.04151884036653420 -0.08812336911583713 -0.1671160653256015
0.9227 1.464770029689451 -0.06152134948687248 -0.02933782200694678 0.04135056488864030 -0.08824234559540236 -0.1670391265449861
0.9228 1.465034387713955 -0.06149804465440713 -0.02953330045920828 0.04118112842369271 -0.08836142023635483 -0.1669619382333097
0.9229 1.465298998245152 -0.06147471019914085 -0.02972810143789875 0.04101053443787873 -0.08848062630962519 -0.1668845738090563
0.923 1.465563861811850 -0.06145134605389355 -0.02992221686898928 0.04083878248476807 -0.08859993360037720 -0.1668069748120746
0.9231 1.465828978944621 -0.06142795215125295 -0.03011563875863457 0.04066587410229737 -0.08871935723490083 -0.1667291592924760
0.9232 1.466094350175810 -0.06140452842357385 -0.03030836040544366 0.04049180837497043 -0.08883896188174653 -0.1666511337588251
0.9233 1.466359976039541 -0.06138107480297680 -0.03050037294026501 0.04031658849711105 -0.08895861800048821 -0.1665728695731890
0.9234 1.466625857071728 -0.06135759122134704 -0.03069166915496538 0.04014021304220630 -0.08907835995241205 -0.1664943548338755
0.9235 1.466891993810082 -0.06133407761033373 -0.03088224168114058 0.03996268654489193 -0.08919817142076774 -0.1664156178020720
0.9236 1.467158386794121 -0.06131053390134889 -0.03107208103803742 0.03978400402696507 -0.08931816444370280 -0.1663366738003614
0.9237 1.467425036565176 -0.06128696002556503 -0.03126118133541575 0.03960417129850157 -0.08943828161040881 -0.1662575137870111
0.9238 1.467691943666400 -0.06126335591391562 -0.03144953457268454 0.03942319135594566 -0.08955852659678436 -0.1661781198788689
0.9239 1.467959108642779 -0.06123972149709335 -0.03163713194000962 0.03924105851109905 -0.08967886240345714 -0.1660985128751710
0.924 1.468226532041134 -0.06121605670554859 -0.03182396593147039 0.03905778036325389 -0.08979931748990198 -0.1660186705722757
0.9241 1.468494214410142 -0.06119236146948904 -0.03201002885290671 0.03887335463559251 -0.08991988448192311 -0.1659385995022317
0.9242 1.468762156300329 -0.06116863571887764 -0.03219531235476553 0.03868778371511858 -0.09004063009214765 -0.1658583290954599
0.9243 1.469030358264089 -0.06114487938343198 -0.03237980858365916 0.03850106817184924 -0.09016144707935915 -0.1657777932131242
0.9244 1.469298820855694 -0.06112109239262347 -0.03256350965390160 0.03831320947592698 -0.09028235636730866 -0.1656970294832698
0.9245 1.469567544631292 -0.06109727467567501 -0.03274640875101669 0.03812421216394891 -0.09040338962679710 -0.1656160333125835
0.9246 1.469836530148927 -0.06107342616156104 -0.03292849611704136 0.03793407387286917 -0.09052452663880819 -0.1655348079599891
0.9247 1.470105777968546 -0.06104954677900588 -0.03310976447027223 0.03774279791409068 -0.09064578562255342 -0.1654533406998214
0.9248 1.470375288652001 -0.06102563645648220 -0.03329020574886757 0.03755038544137279 -0.09076715992426608 -0.1653716515446402
0.9249 1.470645062763067 -0.06100169512221017 -0.03346981114119810 0.03735683772733994 -0.09088862725071968 -0.1652897252040815
0.925 1.470915100867440 -0.06097772270415608 -0.03364857397408008 0.03716215776296614 -0.09101023417223185 -0.1652075712245825
0.9251 1.471185403532761 -0.06095371913003161 -0.03382648465752650 0.03696634591873544 -0.09113195254115194 -0.1651251701166742
0.9252 1.471455971328612 -0.06092968432729185 -0.03400353540518635 0.03676940359120112 -0.09125377561714548 -0.1650425225569465
0.9253 1.471726804826532 -0.06090561822313434 -0.03417971899467883 0.03657133439219169 -0.09137573104279299 -0.1649596509990691
0.9254 1.471997904600024 -0.06088152074449798 -0.03435502642925718 0.03637213887909419 -0.09149790228015710 -0.1648765455181719
0.9255 1.472269271224565 -0.06085739181806197 -0.03452944978094599 0.03617181982589389 -0.09162008980908721 -0.1647932015246925
0.9256 1.472540905277617 -0.06083323137024401 -0.03470298040968630 0.03597037958861655 -0.09174239626971728 -0.1647096114478772
0.9257 1.472812807338631 -0.06080903932719935 -0.03487561079519353 0.03576781941310150 -0.09186481660467010 -0.1646257841383550
0.9258 1.473084977989063 -0.06078481561481946 -0.03504733117066771 0.03556414104449562 -0.09198737207946413 -0.1645417000437041
0.9259 1.473357417812382 -0.06076056015873091 -0.03521813517365586 0.03535934806597949 -0.09211003122412023 -0.1644573750594865
0.926 1.473630127394075 -0.06073627288429354 -0.03538801326531407 0.03515344157910564 -0.09223280545456773 -0.1643728157335949
0.9261 1.473903107321662 -0.06071195371659986 -0.03555695764286390 0.03494642294691201 -0.09235568831267873 -0.1642880090799575
0.9262 1.474176358184707 -0.06068760258047375 -0.03572495913423235 0.03473829683239481 -0.09247869865284318 -0.1642029587988386
0.9263 1.474449880574817 -0.06066321940046812 -0.03589201018399373 0.03452906344650045 -0.09260181695507556 -0.1641176783124940
0.9264 1.474723675085668 -0.06063880410086457 -0.03605810161932899 0.03431872644070470 -0.09272506066068285 -0.1640321325705416
0.9265 1.474997742313000 -0.06061435660567190 -0.03622322562663145 0.03410728750150446 -0.09284842193191692 -0.1639463399371467
0.9266 1.475272082854639 -0.06058987683862467 -0.03638737457420087 0.03389475137895860 -0.09297188161051509 -0.1638603213583780
0.9267 1.475546697310496 -0.06056536472318150 -0.03655053872438812 0.03368111835476373 -0.09309547766701891 -0.1637740347203246
0.9268 1.475821586282587 -0.06054082018252450 -0.03671270975463838 0.03346639190047473 -0.09321919035535116 -0.1636874942443148
0.9269 1.476096750375038 -0.06051624313955721 -0.03687387952087115 0.03325057512916010 -0.09334302780902176 -0.1636006992239925
0.927 1.476372190194095 -0.06049163351690368 -0.03703403906690283 0.03303366984988848 -0.09346699003395156 -0.1635136445458831
0.9271 1.476647906348135 -0.06046699123690623 -0.03719318109927847 0.03281568055993383 -0.09359111694288268 -0.1634263646328714
0.9272 1.476923899447678 -0.06044231622162543 -0.03735129568004243 0.03259660813458449 -0.09371530502793852 -0.1633388188148263
0.9273 1.477200170105397 -0.06041760839283789 -0.03750837442649249 0.03237645658206809 -0.09383961518959960 -0.1632510172058534
0.9274 1.477476718936126 -0.06039286767203453 -0.03766440946588760 0.03215522906453510 -0.09396404356637698 -0.1631629539312333
0.9275 1.477753546556871 -0.06036809398041974 -0.03781939137139764 0.03193292805911901 -0.09408866757575766 -0.1630746950431911
0.9276 1.478030653586827 -0.06034328723891026 -0.03797331266502416 0.03170955735326508 -0.09421331969319298 -0.1629860844400300
0.9277 1.478308040647378 -0.06031844736813254 -0.03812616356053841 0.03148512013425964 -0.09433809091994878 -0.1628972268326943
0.9278 1.478585708362116 -0.06029357428842229 -0.03827793612332996 0.03125961889307544 -0.09446298668319391 -0.1628081215703709
0.9279 1.478863657356849 -0.06026866791982313 -0.03842862152261628 0.03103305892392250 -0.09458800625856775 -0.1627187765478396
0.928 1.479141888259613 -0.06024372818208414 -0.03857821058998470 0.03080544081971324 -0.09471314742140930 -0.1626291520821346
0.9281 1.479420401700681 -0.06021875499465972 -0.03872669457439704 0.03057676934682771 -0.09483841512856487 -0.1625392714384198
0.9282 1.479699198312573 -0.06019374827670663 -0.03887406597585468 0.03034704976150897 -0.09496379157851693 -0.1624491437119400
0.9283 1.479978278730073 -0.06016870794708383 -0.03902031550613435 0.03011628362162231 -0.09508930757725971 -0.1623587477966320
0.9284 1.480257643590235 -0.06014363392435014 -0.03916543382391218 0.02988447340782297 -0.09521493263162979 -0.1622680790223334
0.9285 1.480537293532393 -0.06011852612676317 -0.03930941291174607 0.02965162598468296 -0.09534066420625820 -0.1621771588026766
0.9286 1.480817229198180 -0.06009338447227765 -0.03945224286286335 0.02941774330766954 -0.09546665249665923 -0.1620859612613295
0.9287 1.481097451231531 -0.06006820887854365 -0.03959391607499412 0.02918282894956778 -0.09559264178828093 -0.1619944918343106
0.9288 1.481377960278697 -0.06004299926290539 -0.03973442423799030 0.02894688929611270 -0.09571876781105427 -0.1619027466084943
0.9289 1.481658756988260 -0.06001775554239995 -0.03987375645372213 0.02870992450621058 -0.09584499819844775 -0.1618107373639095
0.929 1.481939842011140 -0.05999247763375452 -0.04001190642218427 0.02847194084951750 -0.09597135628066469 -0.1617184666532410
0.9291 1.482221216000610 -0.05996716545338668 -0.04014886263246550 0.02823294198511908 -0.09609784233245636 -0.1616259080610813
0.9292 1.482502879612305 -0.05994181891740107 -0.04028461740963900 0.02799293118943712 -0.09622447231550999 -0.1615331058897649
0.9293 1.482784833504236 -0.05991643794158838 -0.04041916466518900 0.02775191777146562 -0.09635120114807091 -0.1614400159362308
0.9294 1.483067078336801 -0.05989102244142483 -0.04055249079477626 0.02750989845524905 -0.09647803672189131 -0.1613466422966125
0.9295 1.483349614772797 -0.05986557233206856 -0.04068458989522616 0.02726688257918615 -0.09660500142741002 -0.1612529986575364
0.9296 1.483632443477433 -0.05984008752835994 -0.04081545153490794 0.02702287197293712 -0.09673210146475926 -0.1611590597785774
0.9297 1.483915565118340 -0.05981456794481844 -0.04094507195550783 0.02677787563223661 -0.09685932258632016 -0.1610648758021029
0.9298 1.484198980365584 -0.05978901349564171 -0.04107343499933366 0.02653189402154292 -0.09698665770185457 -0.1609704029628049
0.9299 1.484482689891683 -0.05976342409470430 -0.04120053456772240 0.02628493166973610 -0.09711411051761318 -0.1608756461027605
0.93 1.484766694371610 -0.05973779965555516 -0.04132636157036612 0.02603699533558878 -0.09724168868373073 -0.1607806077726739
0.9301 1.485050994482814 -0.05971214009141633 -0.04145090711630553 0.02578808924685332 -0.09736939014891242 -0.1606852869623753
0.9302 1.485335590905228 -0.05968644531518162 -0.04157416307660407 0.02553821796834927 -0.09749724171191575 -0.1605897130609935
0.9303 1.485620484321282 -0.05966071523941401 -0.04169612001295424 0.02528738607350702 -0.09762517244261195 -0.1604938077979810
0.9304 1.485905675415918 -0.05963494977634486 -0.04181676882549315 0.02503559975512567 -0.09775311229402264 -0.1603976111484096
0.9305 1.486191164876602 -0.05960914883787195 -0.04193609979271015 0.02478286209494380 -0.09788131024349269 -0.1603011512070958
0.9306 1.486476953393333 -0.05958331233555716 -0.04205410507109076 0.02452918105308715 -0.09800962010665053 -0.1602044291655223
0.9307 1.486763041658663 -0.05955744018062558 -0.04217077719652530 0.02427456136816680 -0.09813802896060426 -0.1601073914489958
0.9308 1.487049430367702 -0.05953153228396321 -0.04228610281486703 0.02401900501699012 -0.09826659313231978 -0.1600100950171933
0.9309 1.487336120218142 -0.05950558855611568 -0.04240007539212871 0.02376252049765222 -0.09839530404150078 -0.1599124787425113
0.931 1.487623111910255 -0.05947960890728554 -0.04251268810962310 0.02350511467015532 -0.09852411157793750 -0.1598145835581318
0.9311 1.487910406146920 -0.05945359324733169 -0.04262392814140207 0.02324678862145975 -0.09865304529393840 -0.1597163852794919
0.9312 1.488198003633631 -0.05942754148576659 -0.04273379199372165 0.02298755059485512 -0.09878209952346744 -0.1596179098186838
0.9313 1.488485905078509 -0.05940145353175503 -0.04284226577627086 0.02272740851630016 -0.09891128597569696 -0.1595191368798079
0.9314 1.488774111192320 -0.05937532929411223 -0.04294934065036085 0.02246636527875343 -0.09904063354075553 -0.1594200745953058
0.9315 1.489062622688481 -0.05934916868130138 -0.04305500773753659 0.02220442692294787 -0.09917006496908810 -0.1593207046914855
0.9316 1.489351440283084 -0.05932297160143268 -0.04315926019677040 0.02194160053156086 -0.09929959410517968 -0.1592209684417964
0.9317 1.489640564694901 -0.05929673796226140 -0.04326208677401945 0.02167789115610912 -0.09942927389648073 -0.1591210002626845
0.9318 1.489929996645403 -0.05927046767118518 -0.04336348042014131 0.02141330480800423 -0.09955907682231626 -0.1590207351982639
0.9319 1.490219736858772 -0.05924416063524265 -0.04346343037807005 0.02114784918880237 -0.09968900279305402 -0.1589201691760038
0.932 1.490509786061914 -0.05921781676111189 -0.04356192858756111 0.02088152963154132 -0.09981906594134198 -0.1588193035735030
0.9321 1.490800144984478 -0.05919143595510830 -0.04365896556652543 0.02061435105840373 -0.09994924067352291 -0.1587181326716774
0.9322 1.491090814358863 -0.05916501812318209 -0.04375453292933885 0.02034632237746123 -0.1000795546583604 -0.1586166408331061
0.9323 1.491381794920239 -0.05913856317091683 -0.04384862107503346 0.02007744843669554 -0.1002101072258304 -0.1585148041629241
0.9324 1.491673087406559 -0.05911207100352804 -0.04394122160066386 0.01980773708695096 -0.1003406625814381 -0.1584127191098200
0.9325 1.491964692558572 -0.05908554152586003 -0.04403232483328117 0.01953719442736662 -0.1004713398634986 -0.1583103285628321
0.9326 1.492256611119841 -0.05905897464238534 -0.04412192277206983 0.01926582685381113 -0.1006021512872397 -0.1582076428666240
0.9327 1.492548843836753 -0.05903237025720077 -0.04421000484515849 0.01899364101629633 -0.1007330829853077 -0.1581046309122192
0.9328 1.492841391458541 -0.05900572827402786 -0.04429656429536508 0.01872064632752086 -0.1008641451124802 -0.1580013114487396
0.9329 1.493134254737292 -0.05897904859620883 -0.04438158970469114 0.01844684520256299 -0.1009953350306995 -0.1578976802083687
0.933 1.493427434427964 -0.05895233112670554 -0.04446507327193496 0.01817224932802492 -0.1011266940542998 -0.1577937271917115
0.9331 1.493720931288406 -0.05892557576809719 -0.04454700508949210 0.01789686341605676 -0.1012581722883900 -0.1576894405800106
0.9332 1.494014746079363 -0.05889878242257821 -0.04462737878255941 0.01762069565902865 -0.1013897414778928 -0.1575848649910603
0.9333 1.494308879564505 -0.05887195099195649 -0.04470618163799505 0.01734375253192855 -0.1015214253209093 -0.1574799654663690
0.9334 1.494603332510432 -0.05884508137765096 -0.04478340796219781 0.01706604303914150 -0.1016532400413827 -0.1573747394455424
0.9335 1.494898105686690 -0.05881817348068939 -0.04485904691679909 0.01678757288174979 -0.1017851862681937 -0.1572692128203221
0.9336 1.495193199865796 -0.05879122720170695 -0.04493309044635957 0.01650835157222285 -0.1019172611773995 -0.1571633631569279
0.9337 1.495488615823240 -0.05876424244094304 -0.04500552841738170 0.01622838429971451 -0.1020494616022046 -0.1570571825351707
0.9338 1.495784354337516 -0.05873721909824043 -0.04507635427866980 0.01594768121552756 -0.1021817522327760 -0.1569506812754604
0.9339 1.496080416190124 -0.05871015707304151 -0.04514555737324757 0.01566625098021904 -0.1023141990738888 -0.1568438627926091
0.934 1.496376802165595 -0.05868305626438778 -0.04521312915920675 0.01538409849973233 -0.1024467710109649 -0.1567367386426847
0.9341 1.496673513051506 -0.05865591657091668 -0.04527905875213028 0.01510123275171609 -0.1025794765375580 -0.1566292625583049
0.9342 1.496970549638492 -0.05862873789085905 -0.04534334172070898 0.01481766417938711 -0.1027123185696618 -0.1565214641504320
0.9343 1.497267912720270 -0.05860152012203833 -0.04540596647730317 0.01453339956665815 -0.1028452919756699 -0.1564133535185328
0.9344 1.497565603093647 -0.05857426316186682 -0.04546692234031447 0.01424844574747934 -0.1029783940173512 -0.1563048880739144
0.9345 1.497863621558542 -0.05854696690734400 -0.04552620387687809 0.01396281336074507 -0.1031116158203267 -0.1561961126503114
0.9346 1.498161968918004 -0.05851963125505458 -0.04558380201723394 0.01367651162724628 -0.1032449726983437 -0.1560869731037830
0.9347 1.498460645978225 -0.05849225610116635 -0.04563970418485907 0.01338954550329558 -0.1033784525005749 -0.1559775282629490
0.9348 1.498759653548557 -0.05846484134142629 -0.04569390598850188 0.01310192709448301 -0.1035120575197516 -0.1558677383337922
0.9349 1.499058992441536 -0.05843738687116090 -0.04574639593506435 0.01281366359088062 -0.1036458308777469 -0.1557575988551368
0.935 1.499358663472888 -0.05840989258527114 -0.04579716693736944 0.01252476483342158 -0.1037796924284323 -0.1556471307590534
0.9351 1.499658667461556 -0.05838235837823197 -0.04584620968341568 0.01223523935402850 -0.1039136999136095 -0.1555362987421265
0.9352 1.499959005229714 -0.05835478414408954 -0.04589351459899387 0.01194509634360949 -0.1040478137715987 -0.1554251536795000
0.9353 1.500259677602784 -0.05832716977645809 -0.04593907494292613 0.01165434575349486 -0.1041821166914673 -0.1553136869871079
0.9354 1.500560685409457 -0.05829951516851876 -0.04598287915804289 0.01136299481821617 -0.1043164888417474 -0.1552018530591351
0.9355 1.500862029481705 -0.05827182021301609 -0.04602492108260828 0.01107105504832069 -0.1044510046423824 -0.1550896739859659
0.9356 1.501163710654804 -0.05824408480225577 -0.04606519158589610 0.01077853465278723 -0.1045856369070218 -0.1549771548730129
0.9357 1.501465729767353 -0.05821630882810317 -0.04610368290253276 0.01048544486019118 -0.1047204013632237 -0.1548642904606787
0.9358 1.501768087661286 -0.05818849218197960 -0.04614038502348190 0.01019179337346678 -0.1048552912357542 -0.1547510805807508
0.9359 1.502070785181898 -0.05816063475486054 -0.04617528905061214 0.009897590681176960 -0.1049903173545860 -0.1546375119599128
0.936 1.502373823177858 -0.05813273643727293 -0.04620838782151949 0.009602847609313820 -0.1051254683091157 -0.1545235961825716
0.9361 1.502677202501229 -0.05810479711929268 -0.04623966906674994 0.009307575979794080 -0.1052607700069961 -0.1544093069911629
0.9362 1.502980924007488 -0.05807681669054185 -0.04626912803323490 0.009011779918693750 -0.1053961796006704 -0.1542946896299819
0.9363 1.503284988555549 -0.05804879504018750 -0.04629675613037286 0.008715473301361510 -0.1055318289449060 -0.1541796180158652
0.9364 1.503589397007769 -0.05802073205693649 -0.04632254312901002 0.008418666001095520 -0.1056674859696447 -0.1540642835274822
0.9365 1.503894150229983 -0.05799262762903550 -0.04634648350290920 0.008121369685912140 -0.1058033136951291 -0.1539485917141080
0.9366 1.504199249091512 -0.05796448164426655 -0.04636856876980661 0.007823593795940985 -0.1059392224967607 -0.1538325367834265
0.9367 1.504504694465189 -0.05793629398994579 -0.04638878698525451 0.007525347898867634 -0.1060752719288686 -0.1537161137074426
0.9368 1.504810487227374 -0.05790806455291980 -0.04640713377749913 0.007226644799373170 -0.1062114605645227 -0.1535993380112180
0.9369 1.505116628257979 -0.05787979321956380 -0.04642359671146963 0.006927493190916207 -0.1063477763293600 -0.1534821597188741
0.937 1.505423118440481 -0.05785147987577757 -0.04643817159236346 0.006627904972515828 -0.1064842476094747 -0.1533646210072577
0.9371 1.505729958661950 -0.05782312440698480 -0.04645084601046586 0.006327890929744009 -0.1066208182072157 -0.1532467423510772
0.9372 1.506037149813060 -0.05779472669812796 -0.04646161866403948 0.006027463713553757 -0.1067575293206346 -0.1531285108457673
0.9373 1.506344692788122 -0.05776628663366817 -0.04647047395261364 0.005726631917001914 -0.1068943727505433 -0.1530098451878186
0.9374 1.506652588485089 -0.05773780409757991 -0.04647740825839053 0.005425409173899244 -0.1070314253350870 -0.1528908080921540
0.9375 1.506960837805591 -0.05770927897335025 -0.04648241170596821 0.005123805378484167 -0.1071685178254688 -0.1527714343486211
0.9376 1.507269441654946 -0.05768071114397461 -0.04648547672031032 0.004821832587708752 -0.1073057493576275 -0.1526517121233433
0.9377 1.507578400942186 -0.05765210049195497 -0.04648659627308018 0.004519502990540877 -0.1074431091368706 -0.1525316180457093
0.9378 1.507887716580073 -0.05762344689929603 -0.04648576059359017 0.004216827416791078 -0.1075805926077837 -0.1524111360052335
0.9379 1.508197389485130 -0.05759475024750341 -0.04648296339626258 0.003913817480901294 -0.1077181846765944 -0.1522902464850001
0.938 1.508507420577651 -0.05756601041758009 -0.04647819569726317 0.003610486614904940 -0.1078559333948025 -0.1521690050872595
0.9381 1.508817810781730 -0.05753722729002320 -0.04647145084902443 0.003306845650534058 -0.1079938165936577 -0.1520473839903016
0.9382 1.509128561025280 -0.05750840074482250 -0.04646271991808467 0.003002907529813217 -0.1081318510389236 -0.1519253630757120
0.9383 1.509439672240054 -0.05747953066145519 -0.04645199679476910 0.002698684382048091 -0.1082699944387400 -0.1518029767639048
0.9384 1.509751145361672 -0.05745061691888539 -0.04643927150295776 0.002394187703254817 -0.1084081478289133 -0.1516802423488583
0.9385 1.510062981329636 -0.05742165939555898 -0.04642453856021555 0.002089430971908316 -0.1085465628226842 -0.1515554811451322
0.9386 1.510375181087355 -0.05739265796940208 -0.04640779099706216 0.001784427244542322 -0.1086850796058535 -0.1514335383500644
0.9387 1.510687745582174 -0.05736361251781759 -0.04638901865878053 0.001479187542647239 -0.1088237723365573 -0.1513080041003321
0.9388 1.511000675765386 -0.05733452291768150 -0.04636821620678781 0.001173726985745438 -0.1089625363163836 -0.1511836347215291
0.9389 1.511313972592262 -0.05730538904534059 -0.04634537159725728 0.0008680526208780990 -0.1091013751851638 -0.1510604513618153
0.939 1.511627637022073 -0.05727621077660915 -0.04632048550179313 0.0005621863546187869 -0.1092404339223764 -0.1509353267220139
0.9391 1.511941670018110 -0.05724698798676546 -0.04629354352273562 0.0002561351967947013 -0.1093796405499073 -0.1508082112167962
0.9392 1.512256072547710 -0.05721772055054917 -0.04626454477819689 -0.00005008361174791231 -0.1095189782261296 -0.1506822560969355
0.9393 1.512570845582283 -0.05718840834215756 -0.04623347610400542 -0.0003564606677197812 -0.1096584041652894 -0.1505575269289925
0.9394 1.512885990097326 -0.05715905123524289 -0.04620033397175756 -0.0006629794927398218 -0.1097979772450789 -0.1504292185669566
0.9395 1.513201507072459 -0.05712964910290897 -0.04616510946916642 -0.0009696279878254420 -0.1099376918816445 -0.1503020980129811
0.9396 1.513517397491438 -0.05710020181770725 -0.04612779672712816 -0.001276391966366526 -0.1100775330995332 -0.1501745606008177
0.9397 1.513833662342186 -0.05707070925163464 -0.04608838884562542 -0.001583257471447705 -0.1102175098567695 -0.1500466240969831
0.9398 1.514150302616816 -0.05704117127612958 -0.04604687826492428 -0.001890210789643290 -0.1103575903428359 -0.1499198586954705
0.9399 1.514467319311656 -0.05701158776206893 -0.04600325713947495 -0.002197238541891034 -0.1104976999733736 -0.1497895284493468
0.94 1.514784713427270 -0.05698195857976424 -0.04595752610848174 -0.002504325633806912 -0.1106380914009855 -0.1496603471208896
0.9401 1.515102485968491 -0.05695228359895878 -0.04590966743722462 -0.002811457998134691 -0.1107785623880038 -0.1495323631430615
0.9402 1.515420637944436 -0.05692256268882396 -0.04585968210538709 -0.003118620331419669 -0.1109192791903785 -0.1494006664842056
0.9403 1.515739170368541 -0.05689279571795605 -0.04580755907067523 -0.003425799252272697 -0.1110600392992403 -0.1492702472416436
0.9404 1.516058084258582 -0.05686298255437242 -0.04575329521960556 -0.003732980072039378 -0.1112009379225740 -0.1491394216174192
0.9405 1.516377380636696 -0.05683312306550818 -0.04569688006947070 -0.004040148709860264 -0.1113419432885464 -0.1490081133722891
0.9406 1.516697060529419 -0.05680321711821322 -0.04563831348513874 -0.004347288195014975 -0.1114831015235014 -0.1488764202213641
0.9407 1.517017124967700 -0.05677326457874733 -0.04557758456284927 -0.004654385136543538 -0.1116243529281681 -0.1487458856968970
0.9408 1.517337574986934 -0.05674326531277805 -0.04551468862789364 -0.004961424384057819 -0.1117657727276325 -0.1486118079396980
0.9409 1.517658411626990 -0.05671321918537657 -0.04544961845975011 -0.005268390279212259 -0.1119073159711299 -0.1484788619174001
0.941 1.517979635932232 -0.05668312606101384 -0.04538237052733378 -0.005575267022800344 -0.1120489894091933 -0.1483454888971239
0.9411 1.518301248951548 -0.05665298580355684 -0.04531293611672302 -0.005882040872383744 -0.1121908038448732 -0.1482116846376049
0.9412 1.518623251738380 -0.05662279827626574 -0.04524131180150253 -0.006188694667390575 -0.1123327165844621 -0.1480775302634665
0.9413 1.518945645350750 -0.05659256334178940 -0.04516748844409001 -0.006495213887163988 -0.1124747804129634 -0.1479428993293641
0.9414 1.519268430851284 -0.05656228086216145 -0.04509146552642156 -0.006801581470722179 -0.1126170019677324 -0.1478077574888682
0.9415 1.519591609307248 -0.05653195069879777 -0.04501323180159384 -0.007107782173001289 -0.1127593341573312 -0.1476721939110736
0.9416 1.519915181790566 -0.05650157271249132 -0.04493278587096394 -0.007413800742530059 -0.1129018057072200 -0.1475362110081565
0.9417 1.520239149377855 -0.05647114676340895 -0.04485011963858240 -0.007719619799151167 -0.1130443971224782 -0.1474013568088914
0.9418 1.520563513150452 -0.05644067271108736 -0.04476523074990588 -0.008025223285376510 -0.1131871660885262 -0.1472629086904292
0.9419 1.520888274194444 -0.05641015041442968 -0.04467810999634557 -0.008330595495940020 -0.1133300530860221 -0.1471255695085372
0.942 1.521213433600690 -0.05637957973170078 -0.04458875613839978 -0.008635719786319650 -0.1134731037482557 -0.1469830485364052
0.9421 1.521538992464861 -0.05634896052052407 -0.04449716267423062 -0.008940579097204620 -0.1136162318992103 -0.1468448205066126
0.9422 1.521864951887462 -0.05631829263787705 -0.04440332396852574 -0.009245157139892350 -0.1137594913812500 -0.1467061520422782
0.9423 1.522191312973862 -0.05628757594008745 -0.04430723624610772 -0.009549436412363220 -0.1139028801414253 -0.1465670258418744
0.9424 1.522518076834327 -0.05625681028282921 -0.04420889365363362 -0.009853401295889820 -0.1140464150404065 -0.1464274369678720
0.9425 1.522845244584047 -0.05622599552111847 -0.04410829004490160 -0.01015703367854183 -0.1141900599178766 -0.1462873447707050
0.9426 1.523172817343169 -0.05619513150930921 -0.04400542632595657 -0.01046031645715077 -0.1143338478656522 -0.1461468436522632
0.9427 1.523500796236825 -0.05616421810108939 -0.04390029240129117 -0.01076323259070187 -0.1144777007687130 -0.1460058574161633
0.9428 1.523829182395164 -0.05613325514947672 -0.04379288837951523 -0.01106576436285118 -0.1146216852019675 -0.1458644882845772
0.9429 1.524157976953384 -0.05610224250681427 -0.04368320177164759 -0.01136789224214275 -0.1147658597119798 -0.1457226398486528
0.943 1.524487181051760 -0.05607118002476645 -0.04357123953344735 -0.01166960286033570 -0.1149101766975892 -0.1455802700527583
0.9431 1.524816795835683 -0.05604006755431521 -0.04345698951819446 -0.01197087623561429 -0.1150546516791705 -0.1454375725269235
0.9432 1.525146822455678 -0.05600890494575407 -0.04334045338479931 -0.01227169365352677 -0.1151992404853803 -0.1452942840259404
0.9433 1.525477262067452 -0.05597769204868589 -0.04322162376818389 -0.01257203820018576 -0.1153439326733679 -0.1451505166217759
0.9434 1.525808115831917 -0.05594642871201701 -0.04310049803147224 -0.01287189222478974 -0.1154887825876912 -0.1450062822527126
0.9435 1.526139384915224 -0.05591511478395388 -0.04297707260606127 -0.01317123629801128 -0.1156337454202136 -0.1448615315255096
0.9436 1.526471070488794 -0.05588375011199723 -0.04285134304659588 -0.01347005143828610 -0.1157789452795295 -0.1447163183836607
0.9437 1.526803173729356 -0.05585233454293922 -0.04272330701559391 -0.01376832145649915 -0.1159241539557117 -0.1445706287381273
0.9438 1.527135695818977 -0.05582086792285764 -0.04259296288576398 -0.01406602593712693 -0.1160695705803390 -0.1444243395554381
0.9439 1.527468637945097 -0.05578935009711238 -0.04246030361943526 -0.01436314731762345 -0.1162150687265038 -0.1442775722276159
0.944 1.527802001300560 -0.05575778091033992 -0.04232532888579762 -0.01465966586130936 -0.1163606825622407 -0.1441304508933494
0.9441 1.528135787083653 -0.05572616020644906 -0.04218803700373525 -0.01495556254815813 -0.1165064265336034 -0.1439828058642259
0.9442 1.528469996498134 -0.05569448782861657 -0.04204842212744136 -0.01525081966549842 -0.1166522824547727 -0.1438346774215673
0.9443 1.528804630753275 -0.05566276361928214 -0.04190648393280367 -0.01554541602367351 -0.1167984252417327 -0.1436860249254772
0.9444 1.529139691063887 -0.05563098742014354 -0.04176222019495379 -0.01583933371000333 -0.1169445543921475 -0.1435369090395932
0.9445 1.529475178650366 -0.05559915907215247 -0.04161562528710628 -0.01613255387929218 -0.1170907966803328 -0.1433872734700018
0.9446 1.529811094738720 -0.05556727841550869 -0.04146670233612921 -0.01642505513825476 -0.1172371252444652 -0.1432371025926085
0.9447 1.530147440560609 -0.05553534528965606 -0.04131544409316792 -0.01671681918235524 -0.1173836478140783 -0.1430864737468616
0.9448 1.530484217353379 -0.05550335953327755 -0.04116185308617565 -0.01700782554075593 -0.1175302490866421 -0.1429353471835595
0.9449 1.530821426360102 -0.05547132098428945 -0.04100592342716048 -0.01729805475887490 -0.1176770278848251 -0.1427837224591309
0.945 1.531159068829608 -0.05543922947983770 -0.04084765668196896 -0.01758748655158629 -0.1178239319443729 -0.1426316409496970
0.9451 1.531497146016526 -0.05540708485629162 -0.04068705027912008 -0.01787610060805871 -0.1179709683943123 -0.1424789875638918
0.9452 1.531835659181318 -0.05537488694924006 -0.04052410289179225 -0.01816387769403923 -0.1181181229464032 -0.1423258125626268
0.9453 1.532174609590321 -0.05534263559348485 -0.04035881434824476 -0.01845079573127748 -0.1182653848725725 -0.1421720991584312
0.9454 1.532513998515780 -0.05531033062303715 -0.04019118144810995 -0.01873683587794268 -0.1184128295616116 -0.1420179067363705
0.9455 1.532853827235890 -0.05527797187111137 -0.04002120519293429 -0.01902197709879988 -0.1185603565577008 -0.1418631591279002
0.9456 1.533194097034831 -0.05524555917011962 -0.03984888356179246 -0.01930619896683234 -0.1187080391985619 -0.1417078963656037
0.9457 1.533534809202815 -0.05521309235166781 -0.03967421627505385 -0.01958948023249705 -0.1188558426624648 -0.1415521126925228
0.9458 1.533875965036112 -0.05518057124654858 -0.03949720433731601 -0.01987179978827622 -0.1190039212794863 -0.1413957200911821
0.9459 1.534217565837102 -0.05514799568473726 -0.03931784483639768 -0.02015313781399872 -0.1191519569890064 -0.1412388749566981
0.946 1.534559612914309 -0.05511536549538615 -0.03913614057044124 -0.02043347201681435 -0.1193001299934487 -0.1410815371949322
0.9461 1.534902107582440 -0.05508268050681834 -0.03895209040404144 -0.02071278151430189 -0.1194484398531076 -0.1409251374266548
0.9462 1.535245051162431 -0.05504994054652340 -0.03876569498872580 -0.02099104539993519 -0.1195968939861673 -0.1407651727066275
0.9463 1.535588444981481 -0.05501714544115068 -0.03857694930667705 -0.02126824226155879 -0.1197454507405100 -0.1406061813457083
0.9464 1.535932290373100 -0.05498429501650430 -0.03838586285874498 -0.02154435002783270 -0.1198941215649603 -0.1404466589503790
0.9465 1.536276588677147 -0.05495138909753776 -0.03819243228654173 -0.02181934674818246 -0.1200429571833259 -0.1402881080307514
0.9466 1.536621341239870 -0.05491842750834770 -0.03799665625103116 -0.02209321131772800 -0.1201919111785440 -0.1401259785363807
0.9467 1.536966549413955 -0.05488541007216821 -0.03779854046111524 -0.02236592145633126 -0.1203409515560893 -0.1399648100595762
0.9468 1.537312214558561 -0.05485233661136545 -0.03759808388644208 -0.02263745557764371 -0.1204901269422960 -0.1398030772327031
0.9469 1.537658338039367 -0.05481920694743099 -0.03739528941610134 -0.02290779185024305 -0.1206394218543034 -0.1396407166244882
0.947 1.538004921228616 -0.05478602090097755 -0.03719015512882446 -0.02317690659827551 -0.1207888713376410 -0.1394779552653716
0.9471 1.538351965505161 -0.05475277829173111 -0.03698268516226067 -0.02344477949822926 -0.1209384607672839 -0.1393145782865113
0.9472 1.538699472254497 -0.05471947893852581 -0.03677288298745904 -0.02371138660543061 -0.1210882341655187 -0.1391506167299960
0.9473 1.539047442868823 -0.05468612265929828 -0.03656074819991657 -0.02397670631051569 -0.1212378358939078 -0.1389860282792461
0.9474 1.539395878747075 -0.05465270927108103 -0.03634628365348016 -0.02424071470639175 -0.1213876613487358 -0.1388208749247782
0.9475 1.539744781294972 -0.05461923858999578 -0.03612949561862627 -0.02450339125385720 -0.1215375759658340 -0.1386552353110263
0.9476 1.540094151925073 -0.05458571043124913 -0.03591037998018396 -0.02476471144395570 -0.1216877405364630 -0.1384889948956333
0.9477 1.540443992056802 -0.05455212460912369 -0.03568894717751459 -0.02502465312825344 -0.1218380756931748 -0.1383221913725491
0.9478 1.540794303116518 -0.05451848093697413 -0.03546519423187971 -0.02528319307751361 -0.1219884969419170 -0.1381547975757664
0.9479 1.541145086537543 -0.05448477922721917 -0.03523912919558824 -0.02554030865365798 -0.1221390509804093 -0.1379868230237313
0.948 1.541496343760223 -0.05445101929133625 -0.03501075320040687 -0.02579597558632530 -0.1222897011461612 -0.1378197699011985
0.9481 1.541848076231968 -0.05441720093985440 -0.03478006999360534 -0.02605017155789858 -0.1224404912576957 -0.1376491229923616
0.9482 1.542200285407298 -0.05438332398234746 -0.03454708429102403 -0.02630287290730167 -0.1225914136890398 -0.1374793699200312
0.9483 1.542552972747901 -0.05434938822742885 -0.03431180078381503 -0.02655405604336422 -0.1227424662559737 -0.1373090650688071
0.9484 1.542906139722673 -0.05431539348274294 -0.03407422330701068 -0.02680369850579922 -0.1228936422414136 -0.1371381584097282
0.9485 1.543259787807774 -0.05428133955496024 -0.03383435517238856 -0.02705177652396884 -0.1230449008762895 -0.1369666588603380
0.9486 1.543613918486671 -0.05424722624976940 -0.03359220400280610 -0.02729826277021064 -0.1231962591966051 -0.1367945512777949
0.9487 1.543968533250195 -0.05421305337187046 -0.03334777206140731 -0.02754313564426138 -0.1233477760380105 -0.1366218508971505
0.9488 1.544323633596586 -0.05417882072496864 -0.03310106871404553 -0.02778637285495010 -0.1234994154119885 -0.1364485289409634
0.9489 1.544679221031551 -0.05414452811176693 -0.03285209578707128 -0.02802794916747732 -0.1236511897975064 -0.1362746088573846
0.949 1.545035297068307 -0.05411017533395897 -0.03260086091649432 -0.02826784026020539 -0.1238030778983463 -0.1361000702752668
0.9491 1.545391863227640 -0.05407576219222200 -0.03234736844750088 -0.02850601962028125 -0.1239550810111306 -0.1359248589899254
0.9492 1.545748921037954 -0.05404128848621021 -0.03209162700140314 -0.02874247183618705 -0.1241072020134772 -0.1357491870967547
0.9493 1.546106472035328 -0.05400675401454720 -0.03183364095641922 -0.02897716348048262 -0.1242594474391940 -0.1355728128082894
0.9494 1.546464517763562 -0.05397215857481808 -0.03157341784052217 -0.02921007369561297 -0.1244117883740767 -0.1353958224204930
0.9495 1.546823059774240 -0.05393750196356334 -0.03131096455251689 -0.02944117614734160 -0.1245642659321728 -0.1352182179484206
0.9496 1.547182099626776 -0.05390278397627023 -0.03104628866951185 -0.02967044857465222 -0.1247168727838211 -0.1350399701055165
0.9497 1.547541638888477 -0.05386800440736687 -0.03077939594909141 -0.02989786411562569 -0.1248695856931409 -0.1348610717794005
0.9498 1.547901679134591 -0.05383316305021243 -0.03051029827196634 -0.03012339988805675 -0.1250224305856206 -0.1346815450494412
0.9499 1.548262221948370 -0.05379825969709213 -0.03023899828486689 -0.03034702995769121 -0.1251753804192949 -0.1345013861134410
0.95 1.548623268921117 -0.05376329413920715 -0.02996550817083510 -0.03056873034667385 -0.1253284244772569 -0.1343206276774635
0.9501 1.548984821652256 -0.05372826616666871 -0.02968983425989123 -0.03078847509849062 -0.1254816108210572 -0.1341391928678498
0.9502 1.549346881749377 -0.05369317556848920 -0.02941198594794394 -0.03100623957703350 -0.1256349130619769 -0.1339570525928289
0.9503 1.549709450828301 -0.05365802213257496 -0.02913197199692794 -0.03122199929145526 -0.1257882833607503 -0.1337743145870896
0.9504 1.550072530513134 -0.05362280564571741 -0.02884980274989881 -0.03143572912104867 -0.1259418143686903 -0.1335909335477826
0.9505 1.550436122436334 -0.05358752589358611 -0.02856548655361833 -0.03164740340760457 -0.1260954538184071 -0.1334068891796975
0.9506 1.550800228238761 -0.05355218266072010 -0.02827903479509881 -0.03185699654542091 -0.1262492474048542 -0.1332222070140025
0.9507 1.551164849569743 -0.05351677573051957 -0.02799045480868571 -0.03206448404294994 -0.1264030878070796 -0.1330368314158393
0.9508 1.551529988087135 -0.05348130488523763 -0.02769975984498028 -0.03226984052835760 -0.1265570444999123 -0.1328507618585923
0.9509 1.551895645457380 -0.05344576990597265 -0.02740695813860454 -0.03247304054795688 -0.1267111493948366 -0.1326640390956680
0.951 1.552261823355573 -0.05341017057265894 -0.02711206199586361 -0.03267405789923492 -0.1268653706618475 -0.1324766606222722
0.9511 1.552628523465518 -0.05337450666405864 -0.02681508139403956 -0.03287286727151279 -0.1270196794721153 -0.1322886656140134
0.9512 1.552995747479798 -0.05333877795775336 -0.02651602781864324 -0.03306944380707664 -0.1271741335045607 -0.1320999662277544
0.9513 1.553363497099833 -0.05330298423013522 -0.02621491487355748 -0.03326376081488152 -0.1273286717133850 -0.1319105586040098
0.9514 1.553731774035945 -0.05326712525639810 -0.02591175400270931 -0.03345579394871346 -0.1274833092978376 -0.1317204620308546
0.9515 1.554100580007430 -0.05323120081052942 -0.02560655575280293 -0.03364551705567168 -0.1276380811842847 -0.1315296765760839
0.9516 1.554469916742609 -0.05319521066530023 -0.02529933477048162 -0.03383290621012413 -0.1277929528134982 -0.1313382022436016
0.9517 1.554839785978908 -0.05315915459225712 -0.02499010210871063 -0.03401792909746036 -0.1279478952903508 -0.1311460225701693
0.9518 1.555210189462917 -0.05312303236171290 -0.02467887286854543 -0.03420056659647402 -0.1281030062953593 -0.1309531594933050
0.9519 1.555581128950458 -0.05308684374273688 -0.02436566046467991 -0.03438079128344549 -0.1282581996079051 -0.1307595998486163
0.952 1.555952606206655 -0.05305058850314667 -0.02405047811537150 -0.03455857341141829 -0.1284135113054784 -0.1305653141786720
0.9521 1.556324623006000 -0.05301426640949808 -0.02373333905037697 -0.03473389666257179 -0.1285689460422867 -0.1303703407822003
0.9522 1.556697181132427 -0.05297787722707604 -0.02341425870958263 -0.03490672749186376 -0.1287244722919401 -0.1301745020024983
0.9523 1.557070282379372 -0.05294142071988515 -0.02309325053848727 -0.03507703890565292 -0.1288800672303277 -0.1299780750459116
0.9524 1.557443928549854 -0.05290489665063936 -0.02277033190602568 -0.03524480832687558 -0.1290357888642603 -0.1297809360606838
0.9525 1.557818121456539 -0.05286830478075339 -0.02244551536559882 -0.03541000922179003 -0.1291916203714327 -0.1295830906202182
0.9526 1.558192862921818 -0.05283164487033245 -0.02211882088044991 -0.03557261702568526 -0.1293475597515180 -0.1293845760609426
0.9527 1.558568154777871 -0.05279491667816211 -0.02179026131117695 -0.03573260122590596 -0.1295035811093170 -0.1291852448256363
0.9528 1.558943998866749 -0.05275811996169861 -0.02145985113203295 -0.03588994086883963 -0.1296596996213681 -0.1289852080112528
0.9529 1.559320397040441 -0.05272125447705899 -0.02112761201432429 -0.03604460771156187 -0.1298159178028876 -0.1287844046470599
0.953 1.559697351160953 -0.05268431997901034 -0.02079355857284766 -0.03619657458625180 -0.1299722526478014 -0.1285828877084567
0.9531 1.560074863100382 -0.05264731622096046 -0.02045770674398050 -0.03634581562017583 -0.1301286171012599 -0.1283805183398359
0.9532 1.560452934740989 -0.05261024295494618 -0.02012007682553436 -0.03649230797020282 -0.1302851591178568 -0.1281774935932578
0.9533 1.560831567975280 -0.05257309993162425 -0.01978068555131640 -0.03663602346156187 -0.1304418075213351 -0.1279737038026944
0.9534 1.561210764706084 -0.05253588690026016 -0.01943955011638757 -0.03677693584141990 -0.1305985064261457 -0.1277691967332669
0.9535 1.561590526846625 -0.05249860360871748 -0.01909669466996646 -0.03691501764493128 -0.1307553340878103 -0.1275638763849569
0.9536 1.561970856320608 -0.05246124980344684 -0.01875212827247258 -0.03705024913824662 -0.1309122472985807 -0.1273578205427891
0.9537 1.562351755062294 -0.05242382522947580 -0.01840587758861717 -0.03718259640106448 -0.1310692532376204 -0.1271509643085458
0.9538 1.562733225016584 -0.05238632963039715 -0.01805796386114741 -0.03731204009276503 -0.1312263740258170 -0.1269433526418794
0.9539 1.563115268139097 -0.05234876274835798 -0.01770840267033850 -0.03743855022860992 -0.1313835797034125 -0.1267349591072346
0.954 1.563497886396255 -0.05231112432404904 -0.01735721640686010 -0.03756210227739431 -0.1315408886709484 -0.1265258288317793
0.9541 1.563881081765366 -0.05227341409669255 -0.01700442569880260 -0.03768267000113928 -0.1316982808459092 -0.1263158780627202
0.9542 1.564264856234703 -0.05223563180403138 -0.01665005227037969 -0.03780022820724243 -0.1318557733937999 -0.1261051327005378
0.9543 1.564649211803594 -0.05219777718231735 -0.01629411659204229 -0.03791475105263626 -0.1320133766160374 -0.1258936441067175
0.9544 1.565034150482506 -0.05215984996629944 -0.01593664221135044 -0.03802621411430472 -0.1321710483852280 -0.1256813202771986
0.9545 1.565419674293131 -0.05212184988921267 -0.01557764968473631 -0.03813458855531390 -0.1323288089261478 -0.1254681873067746
0.9546 1.565805785268471 -0.05208377668276507 -0.01521716280267238 -0.03823985091953933 -0.1324866423322135 -0.1252542718328128
0.9547 1.566192485452930 -0.05204563007712669 -0.01485520446734488 -0.03834197587903266 -0.1326445646695950 -0.1250395146181736
0.9548 1.566579776902399 -0.05200740980091681 -0.01449179945119741 -0.03844093785126124 -0.1328025756221074 -0.1248239536474257
0.9549 1.566967661684349 -0.05196911558119246 -0.01412697113648617 -0.03853671167612698 -0.1329606598098163 -0.1246076000293999
0.955 1.567356141877919 -0.05193074714343513 -0.01376073768933587 -0.03862926833398431 -0.1331187980443928 -0.1243903986705705
0.9551 1.567745219574010 -0.05189230421153904 -0.01339313358383115 -0.03871859015730416 -0.1332770632318385 -0.1241723817338742
0.9552 1.568134896875375 -0.05185378650779794 -0.01302417835439157 -0.03880464634432354 -0.1334353994360309 -0.1239535347555051
0.9553 1.568525175896715 -0.05181519375289287 -0.01265389782885763 -0.03888741322035856 -0.1335937760391444 -0.1237338796193137
0.9554 1.568916058764770 -0.05177652566587904 -0.01228231895280969 -0.03896686511579012 -0.1337522881679565 -0.1235133739640034
0.9555 1.569307547618420 -0.05173778196417271 -0.01190946675242536 -0.03904297735205975 -0.1339108545332689 -0.1232920086248755
0.9556 1.569699644608772 -0.05169896236353799 -0.01153537250703812 -0.03911572593746713 -0.1340695556166314 -0.1230697833556170
0.9557 1.570092351899269 -0.05166006657807388 -0.01116005363771548 -0.03918508617001718 -0.1342282913590754 -0.1228467335208062
0.9558 1.570485671665779 -0.05162109432020101 -0.01078354069225193 -0.03925103632594516 -0.1343870808009489 -0.1226228219574416
0.9559 1.570879606096699 -0.05158204530064760 -0.01040586813304937 -0.03931354192676699 -0.1345459569895328 -0.1223980403087180
0.956 1.571274157393051 -0.05154291922843544 -0.01002705839667868 -0.03937258663305965 -0.1347049075941395 -0.1221723959127212
0.9561 1.571669327768587 -0.05150371581086681 -0.009647142875687420 -0.03942814815049992 -0.1348639392610317 -0.1219458702777145
0.9562 1.572065119449898 -0.05146443475351131 -0.009266148379096170 -0.03948019805548989 -0.1350230063421058 -0.1217184811515673
0.9563 1.572461534676495 -0.05142507576018894 -0.008884105473958260 -0.03952871330544334 -0.1351821901902931 -0.1214902742879468
0.9564 1.572858575700946 -0.05138563853295923 -0.008501043732977810 -0.03957366969403087 -0.1353414204964476 -0.1212611072325149
0.9565 1.573256244788948 -0.05134612277210371 -0.008116993355604740 -0.03961504311344243 -0.1355007397638316 -0.1210310854528579
0.9566 1.573654544219461 -0.05130652817611372 -0.007731987439201003 -0.03965281040329376 -0.1356600996509026 -0.1208001671883981
0.9567 1.574053476284800 -0.05126685444167475 -0.007346053386944619 -0.03968695250356570 -0.1358195577695985 -0.1205683656677182
0.9568 1.574453043290748 -0.05122710126365090 -0.006959221256773485 -0.03971744121381109 -0.1359790478626442 -0.1203356561881923
0.9569 1.574853247556668 -0.05118726833507139 -0.006571527099066314 -0.03974425325495439 -0.1361385900095664 -0.1201020121409137
0.957 1.575254091415613 -0.05114735534711404 -0.006183004178572787 -0.03976736771380140 -0.1362982279097499 -0.1198674530034585
0.9571 1.575655577214438 -0.05110736198909023 -0.005793683629400219 -0.03978676081237943 -0.1364579172762206 -0.1196319583975885
0.9572 1.576057707313913 -0.05106728794842985 -0.005403598849967656 -0.03980241149345833 -0.1366176988385852 -0.1193955942397239
0.9573 1.576460484088838 -0.05102713291066527 -0.005012782063313805 -0.03981429505888245 -0.1367774692147515 -0.1191582829282661
0.9574 1.576863909928160 -0.05098689655941522 -0.004621270029435780 -0.03982239166434386 -0.1369371790497498 -0.1189199433715096
0.9575 1.577267987235091 -0.05094657857636955 -0.004229096112682126 -0.03982667760073616 -0.1370970830305604 -0.1186807715469222
0.9576 1.577672718427225 -0.05090617864127233 -0.003836296039782360 -0.03982713564429634 -0.1372570689591049 -0.1184406560388249
0.9577 1.578078105936655 -0.05086569643190537 -0.003442903710648129 -0.03982373484914703 -0.1374170644323220 -0.1181995848700254
0.9578 1.578484152210102 -0.05082513162407293 -0.003048956165892732 -0.03981646004072811 -0.1375771603992315 -0.1179575358849463
0.9579 1.578890859709027 -0.05078448389158309 -0.002654490888576260 -0.03980529330059738 -0.1377372466763414 -0.1177145716307521
0.958 1.579298230909766 -0.05074375290623281 -0.002259542245669273 -0.03979020650087153 -0.1378974007649380 -0.1174706221942316
0.9581 1.579706268303642 -0.05070293833778922 -0.001864149879674124 -0.03977118417915499 -0.1380576280488739 -0.1172257320771025
0.9582 1.580114974397102 -0.05066203985397303 -0.001468350239356681 -0.03974820450288016 -0.1382178674911538 -0.1169798309729621
0.9583 1.580524351711841 -0.05062105712044191 -0.001072181496245340 -0.03972124785134816 -0.1383781513323502 -0.1167329728699930
0.9584 1.580934402784931 -0.05057998980077123 -0.0006756842176605026 -0.03969029262710225 -0.1385384740834127 -0.1164850964448046
0.9585 1.581345130168948 -0.05053883755643708 -0.0002788946747727126 -0.03965532036369077 -0.1386988884731946 -0.1162362357520367
0.9586 1.581756536432112 -0.05049760004679849 0.0001181422585098233 -0.03961631449468163 -0.1388593122664519 -0.1159864083497699
0.9587 1.582168624158412 -0.05045627692907893 0.0005153938654890098 -0.03957325198186973 -0.1390197882137322 -0.1157355240209174
0.9588 1.582581395947748 -0.05041486785834756 0.0009128156130111690 -0.03952611561731953 -0.1391802532617825 -0.1154836907132348
0.9589 1.582994854416061 -0.05037337248750119 0.001310370650526927 -0.03947488623326629 -0.1393407354033916 -0.1152308360337378
0.959 1.583409002195472 -0.05033179046724468 0.001708009952940722 -0.03941954618609649 -0.1395012867455565 -0.1149769644797968
0.9591 1.583823841934425 -0.05029012144607261 0.002105696468182690 -0.03936007684292737 -0.1396618554814954 -0.1147220814366489
0.9592 1.584239376297828 -0.05024836507025009 0.002503388247850026 -0.03929645837392007 -0.1398224552277858 -0.1144661643237267
0.9593 1.584655607967187 -0.05020652098379198 0.002901038519181898 -0.03922868149105708 -0.1399830904595120 -0.1142092039359691
0.9594 1.585072539640759 -0.05016458882844514 0.003298607311328364 -0.03915672383064361 -0.1401437429769319 -0.1139512163524759
0.9595 1.585490174033695 -0.05012256824366710 0.003696050852149543 -0.03908056857686813 -0.1403043944617765 -0.1136921543147897
0.9596 1.585908513878186 -0.05008045886660621 0.004093323665045904 -0.03900020166578015 -0.1404650647502102 -0.1134320759808318
0.9597 1.586327561923612 -0.05003826033208146 0.004490381628498480 -0.03891560672721066 -0.1406257647995115 -0.1131708999849360
0.9598 1.586747320936695 -0.04999597227256245 0.004887179996868060 -0.03882676731573264 -0.1407864620212803 -0.1129087020903332
0.9599 1.587167793701644 -0.04995359431814669 0.005283672187949305 -0.03873366940516957 -0.1409471613766187 -0.1126454157539351
0.96 1.587588983020323 -0.04991112609654135 0.005679812299669347 -0.03863629795099641 -0.1411079420316511 -0.1123810292712365
0.9601 1.588010891712388 -0.04986856723303895 0.006075553897915292 -0.03853463854185737 -0.1412687173344192 -0.1121156078994092
0.9602 1.588433522615462 -0.04982591735049850 0.006470851021089362 -0.03842867817675672 -0.1414294457605535 -0.1118491116923908
0.9603 1.588856878585281 -0.04978317606932138 0.006865653929833643 -0.03831840334789456 -0.1415901964164784 -0.1115815020288361
0.9604 1.589280962495863 -0.04974034300743088 0.007259912663957644 -0.03820380112837227 -0.1417509675757331 -0.1113128003682870
0.9605 1.589705777239669 -0.04969741778024987 0.007653587846272238 -0.03808485420272483 -0.1419117086835956 -0.1110429815991342
0.9606 1.590131325727767 -0.04965440000067716 0.008046621720574600 -0.03796155954342792 -0.1420725280292127 -0.1107720898248956
0.9607 1.590557610889996 -0.04961128927906531 0.008438969442771080 -0.03783389974336680 -0.1422333558922619 -0.1105000170209210
0.9608 1.590984635675140 -0.04956808522319800 0.008830577974275100 -0.03770185887920153 -0.1423941097670624 -0.1102268311194493
0.9609 1.591412403051096 -0.04952478743826583 0.009221402079553700 -0.03756543542675387 -0.1425548641639647 -0.1099525404007145
0.961 1.591840916005045 -0.04948139552684357 0.009611383359775530 -0.03742461436878194 -0.1427155728226059 -0.1096770869659762
0.9611 1.592270177543625 -0.04943790908886512 0.01000047473404523 -0.03727938686926018 -0.1428763147857785 -0.1094004619968371
0.9612 1.592700190693118 -0.04939432772160108 0.01038862343794264 -0.03712974458698483 -0.1430370496626940 -0.1091227496126731
0.9613 1.593130958499613 -0.04935065101963231 0.01077577846929659 -0.03697567700566439 -0.1431977654052717 -0.1088439069809760
0.9614 1.593562484029197 -0.04930687857482667 0.01116188651662593 -0.03681717562443870 -0.1433584636482927 -0.1085638433493919
0.9615 1.593994770368135 -0.04926300997631301 0.01154689451740867 -0.03665423540786300 -0.1435191287801073 -0.1082825941694193
0.9616 1.594427820623057 -0.04921904481045702 0.01193075089553622 -0.03648684516778588 -0.1436797503418401 -0.1080001132078353
0.9617 1.594861637921139 -0.04917498266083392 0.01231339826076660 -0.03631500216138569 -0.1438403709923558 -0.1077165109076775
0.9618 1.595296225410302 -0.04913082310820474 0.01269478372310244 -0.03613869715876998 -0.1440009357180034 -0.1074316976978581
0.9619 1.595731586259391 -0.04908656573048725 0.01307485309264068 -0.03595792842808373 -0.1441615131059246 -0.1071457050062558
0.962 1.596167723658381 -0.04904221010273239 0.01345354862145168 -0.03577268743691780 -0.1443220156442743 -0.1068585182159022
0.9621 1.596604640818568 -0.04899775579709557 0.01383081519371646 -0.03558297175851468 -0.1444825058487882 -0.1065701081658201
0.9622 1.597042340972761 -0.04895320238280912 0.01420660239471438 -0.03538877625104510 -0.1446430054089097 -0.1062805612698087
0.9623 1.597480827375496 -0.04890854942615690 0.01458084219376060 -0.03519009691058190 -0.1448034141779340 -0.1059896689296552
0.9624 1.597920103303230 -0.04886379649044414 0.01495348455346365 -0.03498693286753223 -0.1449637668846467 -0.1056975669693938
0.9625 1.598360172054544 -0.04881894313597019 0.01532447255397178 -0.03477928293892558 -0.1451240483967685 -0.1054042142130485
0.9626 1.598801036950366 -0.04877398892000084 0.01569374857227938 -0.03456714427046434 -0.1452843174807113 -0.1051096400789252
0.9627 1.599242701334162 -0.04872893339673774 0.01606124630986719 -0.03435051733759946 -0.1454445314752494 -0.1048137873652252
0.9628 1.599685168572167 -0.04868377611729075 0.01642691355005654 -0.03412940087870836 -0.1456046763389921 -0.1045166783718484
0.9629 1.600128442053587 -0.04863851662964713 0.01679069336047274 -0.03390379594275373 -0.1457648177926982 -0.1042182408223701
0.963 1.600572525190825 -0.04859315447864231 0.01715251935453175 -0.03367370632448092 -0.1459248468484765 -0.1039185581240829
0.9631 1.601017421419699 -0.04854768920592933 0.01751233575506543 -0.03343913275301364 -0.1460848025147651 -0.1036175678302116
0.9632 1.601463134199670 -0.04850212034994828 0.01787007994217299 -0.03320007743729597 -0.1462446956777369 -0.1033153184614122
0.9633 1.601909667014064 -0.04845644744589508 0.01822569189469133 -0.03295654142570438 -0.1464044701246919 -0.1030117406376574
0.9634 1.602357023370302 -0.04841067002569057 0.01857910702630465 -0.03270854083608266 -0.1465642958737286 -0.1027068882243974
0.9635 1.602805206800137 -0.04836478761794759 0.01893027266343825 -0.03245607032640871 -0.1467239780273410 -0.1024007108641359
0.9636 1.603254220859879 -0.04831879974793946 0.01927911446791459 -0.03219912934574884 -0.1468834892090930 -0.1020931392056344
0.9637 1.603704069130644 -0.04827270593756753 0.01962557753408076 -0.03193773779070700 -0.1470426592560077 -0.1017840822940272
0.9638 1.604154755218591 -0.04822650570532772 0.01996959655366504 -0.03167189700574336 -0.1472020687298504 -0.1014739000400419
0.9639 1.604606282755163 -0.04818019856627709 0.02031110833771844 -0.03140161751899746 -0.1473613785049145 -0.1011623371970384
0.964 1.605058655397335 -0.04813378403200006 0.02065004966315573 -0.03112690720748113 -0.1475205873725980 -0.1008494090436275
0.9641 1.605511876827866 -0.04808726161057413 0.02098635742561669 -0.03084778126551695 -0.1476796821449937 -0.1005351622406863
0.9642 1.605965950755556 -0.04804063080653514 0.02131996280772493 -0.03056423646244392 -0.1478386604003872 -0.1002195049976186
0.9643 1.606420880915491 -0.04799389112084162 0.02165080529597903 -0.03027629533299990 -0.1479975337927156 -0.09990246528674216
0.9644 1.606876671069314 -0.04794704205084023 0.02197881963154827 -0.02998396909274476 -0.1481563126343257 -0.09958403839480491
0.9645 1.607333325005483 -0.04790008309022856 0.02230393600636656 -0.02968726985463115 -0.1483149712347050 -0.09926419276420258
0.9646 1.607790846539539 -0.04785301372901895 0.02262609459109703 -0.02938621531012043 -0.1484734919711236 -0.09894291813354946
0.9647 1.608249239514373 -0.04780583345350196 0.02294522308378701 -0.02908081432464624 -0.1486318177973543 -0.09861917948915897
0.9648 1.608708507800500 -0.04775854174620774 0.02326126216576159 -0.02877108859048547 -0.1487901054314167 -0.09829507965965671
0.9649 1.609168655296343 -0.04771113808586953 0.02357413630334619 -0.02845704921486852 -0.1489483166156250 -0.09797056919690884
0.965 1.609629685928500 -0.04766362194738358 0.02388378571551000 -0.02813872105775152 -0.1491062796195866 -0.09764253040521985
0.9651 1.610091603652039 -0.04761599280177208 0.02419014021388254 -0.02781611872902248 -0.1492642155082596 -0.09731408441280219
0.9652 1.610554412450782 -0.04756825011614180 0.02449312728270865 -0.02748926278007979 -0.1494219459514068 -0.09698415994366273
0.9653 1.611018116337592 -0.04752039335364477 0.02479269276688894 -0.02715817120724879 -0.1495794877853608 -0.09665281854281005
0.9654 1.611482719354674 -0.04747242197343845 0.02508875886485551 -0.02682287769200700 -0.1497369220247091 -0.09632001819060724
0.9655 1.611948225573876 -0.04742433543064399 0.02538125059923233 -0.02648339173066063 -0.1498941545326407 -0.09598563683023083
0.9656 1.612414639096981 -0.04737613317630450 0.02567011005933695 -0.02613974245661983 -0.1500513304394319 -0.09565083248294184
0.9657 1.612881964056027 -0.04732781465734350 0.02595526457825365 -0.02579195555803147 -0.1502081956032211 -0.09531238264827948
0.9658 1.613350204613607 -0.04727937931652149 0.02623664534483590 -0.02544005678682782 -0.1503650357011125 -0.09497453288363194
0.9659 1.613819364963192 -0.04723082659239362 0.02651418235888705 -0.02508407101395536 -0.1505215080104820 -0.09463305950356760
0.966 1.614289449329444 -0.04718215591926480 0.02678780980604883 -0.02472403236800366 -0.1506779077440948 -0.09429108525490833
0.9661 1.614760461968544 -0.04713336672714607 0.02705745263506630 -0.02435996175410624 -0.1508341085519550 -0.09394757516488724
0.9662 1.615232407168521 -0.04708445844170972 0.02732303792643342 -0.02399189395038061 -0.1509900766938591 -0.09360249406156879
0.9663 1.615705289249576 -0.04703543048424238 0.02758450368569467 -0.02361986365834258 -0.1511458884427892 -0.09325583286259104
0.9664 1.616179112564426 -0.04698628227160012 0.02784177716522139 -0.02324390104390874 -0.1513015220176078 -0.09290761361826154
0.9665 1.616653881498642 -0.04693701321616112 0.02809478884333450 -0.02286403824842159 -0.1514569319852723 -0.09255780241026972
0.9666 1.617129600471000 -0.04688762272577840 0.02834346365272949 -0.02248031315914202 -0.1516121162958038 -0.09220636868085882
0.9667 1.617606273933822 -0.04683811020373088 0.02858773455132458 -0.02209275850498180 -0.1517671322061310 -0.09185333281949174
0.9668 1.618083906373338 -0.04678847504867542 0.02882752976412937 -0.02170141633714826 -0.1519218812486107 -0.09149866502541015
0.9669 1.618562502310046 -0.04673871665459720 0.02906278033824425 -0.02130632366301764 -0.1520763785392506 -0.09114233721685528
0.967 1.619042066299072 -0.04668883441075916 0.02929341200827417 -0.02090751759188078 -0.1522306305581659 -0.09078439329763193
0.9671 1.619522602930545 -0.04663882770165148 0.02951935760395943 -0.02050504361535368 -0.1523846641778441 -0.09042476985911774
0.9672 1.620004116829970 -0.04658869590694011 0.02974054322597636 -0.02009894241255342 -0.1525385150683432 -0.09006348822042017
0.9673 1.620486612658611 -0.04653843840141461 0.02995689883218686 -0.01968925622677262 -0.1526920773631733 -0.08970055818482288
0.9674 1.620970095113864 -0.04648805455493402 0.03016835513933006 -0.01927603324142888 -0.1528453620608904 -0.08933594460904599
0.9675 1.621454568929668 -0.04643754373237510 0.03037483855196191 -0.01885931888034544 -0.1529983829415689 -0.08896960069057593
0.9676 1.621940038876887 -0.04638690529357670 0.03057628018830416 -0.01843915830366672 -0.1531511149992722 -0.08860158623516640
0.9677 1.622426509763715 -0.04633613859328422 0.03077260798945030 -0.01801560196158072 -0.1533035584314014 -0.08823184454728782
0.9678 1.622913986436083 -0.04628524298109423 0.03096375001326326 -0.01758870284792578 -0.1534557473015317 -0.08786036710359654
0.9679 1.623402473778072 -0.04623421780139722 0.03114963953504639 -0.01715850991179828 -0.1536076750732230 -0.08748712847613759
0.968 1.623891976712337 -0.04618306239332127 0.03133020212716384 -0.01672507663884160 -0.1537592904474173 -0.08711211942397025
0.9681 1.624382500200520 -0.04613177609067113 0.03150536848534404 -0.01628846017685742 -0.1539105612648815 -0.08673535759375137
0.9682 1.624874049243696 -0.04608035822187167 0.03167506963020664 -0.01584871139196588 -0.1540615483483570 -0.08635682371507571
0.9683 1.625366628882796 -0.04602880810990594 0.03183923508339337 -0.01540589294844471 -0.1542121957872770 -0.08597650365262644
0.9684 1.625860244199060 -0.04597712507225548 0.03199779263783482 -0.01496005808359611 -0.1543625259789034 -0.08559437770210809
0.9685 1.626354900314482 -0.04592530842083711 0.03215067912779518 -0.01451127314528966 -0.1545125272400858 -0.08521046943958416
0.9686 1.626850602392263 -0.04587335746194146 0.03229781338008564 -0.01405959471984044 -0.1546620985321271 -0.08482469073634395
0.9687 1.627347355637285 -0.04582127149616888 0.03243913385799208 -0.01360508887124573 -0.1548114348752545 -0.08443708653754401
0.9688 1.627845165296564 -0.04576904981836440 0.03257457290539328 -0.01314782133411534 -0.1549604071528654 -0.08404764105621411
0.9689 1.628344036659740 -0.04571669171755326 0.03270405886076572 -0.01268785186687773 -0.1551090137596906 -0.08365637353645743
0.969 1.628843975059552 -0.04566419647687363 0.03282752514824443 -0.01222526070060291 -0.1552572870241329 -0.08326320324121603
0.9691 1.629344985872329 -0.04561156337350924 0.03294490113050105 -0.01176010353397772 -0.1554051112880786 -0.08286813772659673
0.9692 1.629847074518493 -0.04555879167862181 0.03305612317436317 -0.01129245953073310 -0.1555525520432827 -0.08247116644486177
0.9693 1.630350246463052 -0.04550588065728030 0.03316112240326162 -0.01082239808835437 -0.1556995850726291 -0.08207226737903379
0.9694 1.630854507216123 -0.04545282956839173 0.03325983186724358 -0.01034999395710150 -0.1558462418038201 -0.08167143962995915
0.9695 1.631359862333446 -0.04539963766462884 0.03335218730942164 -0.009875321709639100 -0.1559924787271690 -0.08126871101329460
0.9696 1.631866317416913 -0.04534630419235825 0.03343812276367798 -0.009398460354320210 -0.1561383177704064 -0.08086403243049549
0.9697 1.632373878115100 -0.04529282839156598 0.03351756531331360 -0.008919487821377720 -0.1562838038609434 -0.08045832381171270
0.9698 1.632882550123812 -0.04523920949578337 0.03359046186410159 -0.008438481186047000 -0.1564287163875373 -0.08004861667617888
0.9699 1.633392339186635 -0.04518544673201084 0.03365674408338508 -0.007955527402924654 -0.1565732183817735 -0.07963796061324750
0.97 1.633903251095492 -0.04513153932064147 0.03371634343103738 -0.007470705985514225 -0.1567172498047461 -0.07922532695210921
0.9701 1.634415291691216 -0.04507748647538186 0.03376920652402793 -0.006984106365652492 -0.1568608564618359 -0.07881069340608863
0.9702 1.634928466864118 -0.04502328740317378 0.03381526432951153 -0.006495813010251771 -0.1570039827775155 -0.07839398960819462
0.9703 1.635442782554584 -0.04496894130411301 0.03385445806800942 -0.006005915308542673 -0.1571466190199960 -0.07797523249891850
0.9704 1.635958244753656 -0.04491444737136780 0.03388672875353031 -0.005514498100769705 -0.1572888139606375 -0.07755439865685693
0.9705 1.636474859503642 -0.04485980479109553 0.03391201167343153 -0.005021667358403484 -0.1574304255618111 -0.07713149055695973
0.9706 1.636992632898731 -0.04480501274235876 0.03393025019756916 -0.004527502099448410 -0.1575715453924198 -0.07670649856608036
0.9707 1.637511571085606 -0.04475007039703921 0.03394138965343153 -0.004032105376325004 -0.1577121587141140 -0.07627942005491853
0.9708 1.638031680264084 -0.04469497691975157 0.03394536803097822 -0.003535570185774964 -0.1578522378302256 -0.07585017581829277
0.9709 1.638552966687749 -0.04463973146775382 0.03394213437106177 -0.003038001593914983 -0.1579917698427374 -0.07541880861347630
0.971 1.639075436664612 -0.04458433319085927 0.03393162634443855 -0.002539491234416337 -0.1581307285221534 -0.07498531319664860
0.9711 1.639599096557763 -0.04452878123134400 0.03391379603099762 -0.002040149249672428 -0.1582691445394369 -0.07454963543611187
0.9712 1.640123952786047 -0.04447307472385514 0.03388858675279358 -0.001540076282160630 -0.1584068281183654 -0.07411198994058798
0.9713 1.640650011824750 -0.04441721279531690 0.03385594636993430 -0.001039378350332336 -0.1585440755826560 -0.07367194171493097
0.9714 1.641177280206282 -0.04436119456483476 0.03381582468761906 -0.0005381638521839309 -0.1586807021514700 -0.07322968778627215
0.9715 1.641705764520885 -0.04430501914359827 0.03376817191880222 -0.00003654142104182485 -0.1588166834114964 -0.07278513352105522
0.9716 1.642235471417352 -0.04424868563478378 0.03371294064890589 0.0004653773169334936 -0.1589520635943964 -0.07233839770652371
0.9717 1.642766407603753 -0.04419219313345327 0.03365007977428279 0.0009674790630315770 -0.1590868380606662 -0.07188939028009585
0.9718 1.643298579848159 -0.04413554072645215 0.03357955038381281 0.001469651048158107 -0.1592210042371833 -0.07143811963056496
0.9719 1.643831994979414 -0.04407872749230789 0.03350129373056492 0.001971774792644757 -0.1593544714202990 -0.07098452602309380
0.972 1.644366659887876 -0.04402175250112300 0.03341528170525839 0.002473732045005825 -0.1594873101084776 -0.07052862134958368
0.9721 1.644902581526204 -0.04396461481446959 0.03332146298921335 0.002975404574928286 -0.1596194339243471 -0.07007041702720215
0.9722 1.645439766910140 -0.04390731348528037 0.03321980015570850 0.003476669281292200 -0.1597508588083083 -0.06960985119061391
0.9723 1.645978223119308 -0.04384984755773886 0.03311025582545271 0.003977401635911199 -0.1598815766798760 -0.06914693539204200
0.9724 1.646517957298023 -0.04379221606716674 0.03299278893943177 0.004477482674448511 -0.1600115842334424 -0.06868160492005884
0.9725 1.647058976656125 -0.04373441803991080 0.03286736674953553 0.004976772580888870 -0.1601408795210499 -0.06821389497128246
0.9726 1.647601288469812 -0.04367645249322674 0.03273395502681780 0.005475153534070870 -0.1602693945457160 -0.06774379792203879
0.9727 1.648144900082494 -0.04361831843516181 0.03259252032301210 0.005972491433123310 -0.1603971295976482 -0.06727128965960080
0.9728 1.648689818905660 -0.04356001486443478 0.03244302793303669 0.006468651595515574 -0.1605240826391493 -0.06679630463613333
0.9729 1.649236052419761 -0.04350154077031499 0.03228545558372225 0.006963503617277413 -0.1606502504055349 -0.06631886516017915
0.973 1.649783608175104 -0.04344289513249800 0.03211977418472733 0.007456906403921910 -0.1607751563415279 -0.06583538128841446
0.9731 1.650332493792764 -0.04338407692098079 0.03194595671637491 0.007948729335517129 -0.1608996917522999 -0.06535288384256262
0.9732 1.650882716965509 -0.04332508509593284 0.03176398330218643 0.008438828347632620 -0.1610233864153115 -0.06486794448056046
0.9733 1.651434285458752 -0.04326591860756752 0.03157383188885703 0.008927060751386830 -0.1611462827010081 -0.06438043587367667
0.9734 1.651987207111490 -0.04320657639600892 0.03137548391652861 0.009413287068625950 -0.1612682528662507 -0.06389036732683748
0.9735 1.652541489837298 -0.04314705739115765 0.03116891877669788 0.009897361340986270 -0.1613893410238831 -0.06339773695904250
0.9736 1.653097141625303 -0.04308736051255377 0.03095413028902251 0.01037913698143097 -0.1615095490600395 -0.06290252194205755
0.9737 1.653654170541206 -0.04302748466923846 0.03073109579590245 0.01085846564562097 -0.1616288165009430 -0.06240470666974925
0.9738 1.654212584728301 -0.04296742875961245 0.03049981255037821 0.01133519772286582 -0.1617471767693654 -0.06190424310098729
0.9739 1.654772392408514 -0.04290719167129140 0.03026027231924030 0.01180918283766222 -0.1618645554126006 -0.06140113284548474
0.974 1.655333601883473 -0.04284677228096005 0.03001246875099303 0.01228026679214881 -0.1619809762200789 -0.06089534287838321
0.9741 1.655896221535579 -0.04278616945422308 0.02975639738921913 0.01274829548746726 -0.1620964412999863 -0.06038684367956433
0.9742 1.656460259829106 -0.04272538204545326 0.02949206306921199 0.01321311298182111 -0.1622108971701084 -0.05987560491218797
0.9743 1.657025725311325 -0.04266440889763809 0.02921946464494103 0.01367456082329827 -0.1623243142603992 -0.05936169822511136
0.9744 1.657592626613631 -0.04260324884222175 0.02893861019267654 0.01413248076718802 -0.1624366961978012 -0.05884500911565128
0.9745 1.658160972452707 -0.04254190069894593 0.02864950437306194 0.01458671009631982 -0.1625480003007643 -0.05832554029290350
0.9746 1.658730771631701 -0.04248036327568729 0.02835216166940852 0.01503708678894485 -0.1626582211812675 -0.05780330494185292
0.9747 1.659302033041422 -0.04241863536829168 0.02804659337059255 0.01548344865777391 -0.1627673519607459 -0.05727825030914190
0.9748 1.659874765661563 -0.04235671576040598 0.02773281554206069 0.01592562893273798 -0.1628753379596457 -0.05675034663778940
0.9749 1.660448978561933 -0.04229460322330561 0.02741085437335136 0.01636346202865490 -0.1629822373245855 -0.05621956909782481
0.975 1.661024680903741 -0.04223229651572239 0.02708072686391616 0.01679677757429904 -0.1630880746470545 -0.05568612384274994
0.9751 1.661601881940863 -0.04216979438366383 0.02674245976550539 0.01722540856736781 -0.1631926048881515 -0.05514956721271413
0.9752 1.662180591021166 -0.04210709556023431 0.02639608457710523 0.01764918312381650 -0.1632958912384924 -0.05461013079375743
0.9753 1.662760817587831 -0.04204419876544947 0.02604163242638577 0.01806792893517668 -0.1633980027030961 -0.05406768854426834
0.9754 1.663342571180720 -0.04198110270604935 0.02567914223402598 0.01848147440113583 -0.1634988739203309 -0.05352230184579043
0.9755 1.663925861437759 -0.04191780607530690 0.02530864806672906 0.01888964228738090 -0.1635984683876606 -0.05297389656784610
0.9756 1.664510698096344 -0.04185430755283387 0.02493019898291658 0.01929225888738668 -0.1636968012080264 -0.05242249037406018
0.9757 1.665097090994775 -0.04179060580438127 0.02454383534718618 0.01968914724961813 -0.1637937425641596 -0.05186804141003358
0.9758 1.665685050073720 -0.04172669948163822 0.02414961557469830 0.02008013061404502 -0.1638894142589049 -0.05131053346836172
0.9759 1.666274585377711 -0.04166258722202711 0.02374758668570323 0.02046502794450248 -0.1639836900445438 -0.05074991238698495
0.976 1.666865707056647 -0.04159826764849217 0.02333780964311117 0.02084366116801451 -0.1640765913568895 -0.05018616408457298
0.9761 1.667458425367349 -0.04153373936928669 0.02292034596218018 0.02121584912464578 -0.1641686687129083 -0.04962269577325961
0.9762 1.668052750675131 -0.04146900097775572 0.02249526297156618 0.02158141193391650 -0.1642587421447293 -0.04905265245996768
0.9763 1.668648693455411 -0.04140405105211384 0.02206263106598474 0.02194016629903308 -0.1643467149369421 -0.04847607727239539
0.9764 1.669246264295339 -0.04133888815521946 0.02162251904675089 0.02229192890210032 -0.1644338066211316 -0.04789969206801868
0.9765 1.669845473895466 -0.04127351083434427 0.02117500825690480 0.02263651608229347 -0.1645193645709129 -0.04732001602411905
0.9766 1.670446333071444 -0.04120791762093825 0.02072018086123876 0.02297374476092152 -0.1646034045681011 -0.04673714478998970
0.9767 1.671048852755752 -0.04114210703039030 0.02025812388464079 0.02330343020393267 -0.1646858566507657 -0.04615093898148524
0.9768 1.671653043999474 -0.04107607756178517 0.01978892913741973 0.02362538721182033 -0.1647667019411384 -0.04556141403286299
0.9769 1.672258917974081 -0.04100982769765330 0.01931269223689156 0.02393943114524719 -0.1648459342065034 -0.04496854887653437
0.977 1.672866485973278 -0.04094335590371800 0.01882951337277779 0.02424537632179826 -0.1649234801664690 -0.04437230794964277
0.9771 1.673475759414872 -0.04087666062863691 0.01833949485975357 0.02454303591803249 -0.1649993207490304 -0.04377270898831610
0.9772 1.674086749842673 -0.04080974030373733 0.01784275222997688 0.02483222645882787 -0.1650735218486565 -0.04316963839271938
0.9773 1.674699468928450 -0.04074259334274870 0.01733939362720474 0.02511275943474780 -0.1651459004315531 -0.04256314661042881
0.9774 1.675313928473907 -0.04067521814152680 0.01682954135301272 0.02538445080114789 -0.1652164878375948 -0.04195317018276467
0.9775 1.675930140412706 -0.04060761307777440 0.01631332004574733 0.02564711504550669 -0.1652852657005832 -0.04133971349826294
0.9776 1.676548116812538 -0.04053977651075622 0.01579085851723568 0.02590056651199509 -0.1653522784329154 -0.04072273793404156
0.9777 1.677167869877222 -0.04047170678100681 0.01526229118930042 0.02614462072427298 -0.1654172584218206 -0.04010216114594500
0.9778 1.677789411948860 -0.04040340221003407 0.01472775710702320 0.02637909285570173 -0.1654803587089273 -0.03947802883923689
0.9779 1.678412755510020 -0.04033486110001543 0.01418740194909052 0.02660379950683515 -0.1655415276249574 -0.03885027363877482
0.978 1.679037913185981 -0.04026608173348858 0.01364137635383920 0.02681855854506839 -0.1656006386718835 -0.03821882212772653
0.9781 1.679664897747013 -0.04019706237303570 0.01308983431550712 0.02702318777893862 -0.1656577630162363 -0.03758377411079839
0.9782 1.680293722110710 -0.04012780126096128 0.01253293758104085 0.02721750379554347 -0.1657127874578739 -0.03694503129654241
0.9783 1.680924399344361 -0.04005829661896253 0.01197085284271910 0.02740132870137880 -0.1657657541788150 -0.03630255730423973
0.9784 1.681556942667385 -0.03998854664779325 0.01140375230810358 0.02757448436014525 -0.1658165927394003 -0.03565630425855447
0.9785 1.682191365453803 -0.03991854952692198 0.01083181371031675 0.02773679185017221 -0.1658652631751169 -0.03500623444784445
0.9786 1.682827681234777 -0.03984830341418050 0.01025522082420907 0.02788807532696954 -0.1659116733882758 -0.03435235778985667
0.9787 1.683465903701187 -0.03977780644540691 0.009674162794246900 0.02802816136694156 -0.1659558477405016 -0.03369460867113667
0.9788 1.684106046706272 -0.03970705673408019 0.009088834443834910 0.02815687677591227 -0.1659977045627050 -0.03303301091582190
0.9789 1.684748124268323 -0.03963605237094682 0.008499438213000380 0.02827405286692048 -0.1660373259642416 -0.03236745844263348
0.979 1.685392150573443 -0.03956479142364046 0.007906179357614398 0.02837951816452712 -0.1660744358417173 -0.03169805884523050
0.9791 1.686038139978347 -0.03949327193629186 0.007309272162872141 0.02847310919767136 -0.1661091510608754 -0.03102461745316906
0.9792 1.686686107013245 -0.03942149192913196 0.006708936541291872 0.02855466135500282 -0.1661413759628813 -0.03034716196964464
0.9793 1.687336066384773 -0.03934944939808455 0.006105397275770050 0.02862401549708125 -0.1661711766584003 -0.02966567470864733
0.9794 1.687988032978989 -0.03927714231435174 0.005498885127164960 0.02868100967055245 -0.1661982931912195 -0.02898009922528729
0.9795 1.688642021864444 -0.03920456862398974 0.004889637613631446 0.02872548779091867 -0.1662227879801192 -0.02829041824681564
0.9796 1.689298048295310 -0.03913172624747443 0.004277899495296928 0.02875730216658961 -0.1662446389433075 -0.02759658930808474
0.9797 1.689956127714582 -0.03905861307925781 0.003663924261324015 0.02877630201844872 -0.1662638108707701 -0.02689857689786624
0.9798 1.690616275757351 -0.03898522698731568 0.003047964843944042 0.02878234330711930 -0.1662801820068281 -0.02619635524144204
0.9799 1.691278508254154 -0.03891156581268368 0.002430283869919817 0.02877528142210220 -0.1662937308228340 -0.02548991742034016
0.98 1.691942841234388 -0.03883762736898306 0.001811155313791764 0.02875498293726562 -0.1663044143698521 -0.02477920409006637
0.9801 1.692609290929815 -0.03876340944193652 0.001190849706635051 0.02872130944894766 -0.1663121562109213 -0.02406416418131724
0.9802 1.693277873778133 -0.03868890978887210 0.0005696540607699275 0.02867413809838446 -0.1663169590573650 -0.02334476328343520
0.9803 1.693948606426644 -0.03861412613821692 -0.00005214536190996551 0.02861334069343014 -0.1663187255140855 -0.02262100064393479
0.9804 1.694621505735991 -0.03853905618897780 -0.0006742516566022828 0.02853879044678009 -0.1663173493762776 -0.02189278624093463
0.9805 1.695296588783988 -0.03846369761021113 -0.001296362448343256 0.02845038564832321 -0.1663128408814459 -0.02116012541642282
0.9806 1.695973872869541 -0.03838804804047963 -0.001918171275120114 0.02834801049925900 -0.1663051215704819 -0.02042300566103686
0.9807 1.696653375516657 -0.03831210508729676 -0.002539360355978443 0.02823156263429252 -0.1662941935951485 -0.01968135695224370
0.9808 1.697335114478545 -0.03823586632655816 -0.003159610626325109 0.02810094376790229 -0.1662798707495964 -0.01893512118706860
0.9809 1.698019107741817 -0.03815932930195978 -0.003778592349997605 0.02795606213561840 -0.1662621754557065 -0.01818429090300738
0.981 1.698705373530786 -0.03808249152440123 -0.004395972187559601 0.02779683090416126 -0.1662410011050026 -0.01742882587447385
0.9811 1.699393930311872 -0.03800535047137702 -0.005011408798583787 0.02762317321615366 -0.1662162987073627 -0.01666868977426093
0.9812 1.700084796798104 -0.03792790358635101 -0.005624554308139674 0.02743501786622535 -0.1661880220769542 -0.01590381734830882
0.9813 1.700777991953734 -0.03785014827811619 -0.006235055178028821 0.02723229460496813 -0.1661560331883700 -0.01513420946415364
0.9814 1.701473534998966 -0.03777208192014095 -0.006842551711251687 0.02701495114571000 -0.1661203555583648 -0.01435987733869590
0.9815 1.702171445414793 -0.03769370184989658 -0.007446677341845747 0.02678293598484778 -0.1660806634203080 -0.01357999492184510
0.9816 1.702871742947963 -0.03761500536817066 -0.008047059773034290 0.02653620665953260 -0.1660375758805508 -0.01279654350305427
0.9817 1.703574447616052 -0.03753598973836159 -0.008643320401441310 0.02627473102718225 -0.1659902507097986 -0.01200755374230628
0.9818 1.704279579712674 -0.03745665218575753 -0.009235074830010740 0.02599848353213100 -0.1659389082314170 -0.01121356949442659
0.9819 1.704987159812818 -0.03737698989679612 -0.009821931934945050 0.02570744677091032 -0.1658832525602328 -0.01041399834066437
0.982 1.705697208778310 -0.03729700001830623 -0.01040349580232947 0.02540161662096128 -0.1658238228569122 -0.009610670532658513
0.9821 1.706409747763428 -0.03721667965673054 -0.01097936460662384 0.02508099409337893 -0.1657598504453110 -0.008801626621149247
0.9822 1.707124798220638 -0.03713602587732789 -0.01154912937138714 0.02474559324143624 -0.1656912751050260 -0.007987042571984371
0.9823 1.707842381906495 -0.03705503570335667 -0.01211237846275576 0.02439543445749647 -0.1656185913607560 -0.007167737513962462
0.9824 1.708562520887683 -0.03697370611523582 -0.01266869245581014 0.02403055623175261 -0.1655413746464829 -0.006343260496780039
0.9825 1.709285237547215 -0.03689203404968612 -0.01321764845630860 0.02365099954781159 -0.1654595281418220 -0.005513580544726128
0.9826 1.710010554590788 -0.03681001639884651 -0.01375881720972047 0.02325681931461873 -0.1653728938181405 -0.004678708986607713
0.9827 1.710738495053308 -0.03672765000937012 -0.01429176531013332 0.02284808712221060 -0.1652815580503426 -0.003838418764165119
0.9828 1.711469082305585 -0.03664493168149541 -0.01481605522481601 0.02242487867073139 -0.1651853487813495 -0.002992768997867115
0.9829 1.712202340061198 -0.03656185816809248 -0.01533124450850984 0.02198728773821101 -0.1650841629975351 -0.002141711158409470
0.983 1.712938292383548 -0.03647842617368544 -0.01583688605117907 0.02153541830378169 -0.1649778582724087 -0.001285220980727619
0.9831 1.713676963693094 -0.03639463235344729 -0.01633253153233261 0.02106938692363127 -0.1648663751039920 -0.0004232855751581068
0.9832 1.714418378774792 -0.03631047331216925 -0.01681772418345714 0.02058932630699017 -0.1647495949038479 0.0004442075108051116
0.9833 1.715162562785710 -0.03622594560320071 -0.01729200825639605 0.02009538246633877 -0.1646274843864221 0.001317258567100118
0.9834 1.715909541262884 -0.03614104572736274 -0.01775492265439241 0.01958771034629880 -0.1644998059754783 0.002195946368638335
0.9835 1.716659340131352 -0.03605577013182915 -0.01820600467064029 0.01906648641841807 -0.1643665061692941 0.003080256522850208
0.9836 1.717411985712433 -0.03597011520897919 -0.01864478980586063 0.01853190035802269 -0.1642274867657558 0.003970265843958810
0.9837 1.718167504732227 -0.03588407729521764 -0.01907080877071052 0.01798415616959399 -0.1640826138214025 0.004866036506541884
0.9838 1.718925924330343 -0.03579765266976186 -0.01948359361517539 0.01742346993690285 -0.1639317359549122 0.005767532366825970
0.9839 1.719687272068885 -0.03571083755339641 -0.01988267263496062 0.01685008009187435 -0.1637748067014104 0.006674871554336005
0.984 1.720451575941665 -0.03562362810718939 -0.02026757556031273 0.01626424148994157 -0.1636116926927529 0.007588107559887768
0.9841 1.721218864383714 -0.03553602043117738 -0.02063782958221019 0.01566622018135906 -0.1634421864110313 0.008507208225226765
0.9842 1.721989166281021 -0.03544801056300776 -0.02099296456095551 0.01505630329670199 -0.1632662983017875 0.009432328766628429
0.9843 1.722762510980586 -0.03535959447654682 -0.02133250761200812 0.01443479710152095 -0.1630836559638094 0.01036331392963087
0.9844 1.723538928300741 -0.03527076808044372 -0.02165598891088193 0.01380202133068399 -0.1628943762352112 0.01130043606619982
0.9845 1.724318448541767 -0.03518152721665524 -0.02196294154889410 0.01315831863519652 -0.1626982207152057 0.01224366609561805
0.9846 1.725101102496847 -0.03509186765892780 -0.02225289646068165 0.01250404679803037 -0.1624951418863596 0.01319301770668752
0.9847 1.725886921463306 -0.03500178511123219 -0.02252539347333140 0.01183958799782416 -0.1622848184521194 0.01414854475230272
0.9848 1.726675937254209 -0.03491127520615505 -0.02277996755535225 0.01116533572259415 -0.1620671127322486 0.01511027511177467
0.9849 1.727468182210285 -0.03482033350324047 -0.02301616676406451 0.01048171197293464 -0.1618419368629840 0.01607818814514057
0.985 1.728263689212223 -0.03472895548728297 -0.02323353792608981 0.009789160121349840 -0.1616091187023335 0.01705255363379240
0.9851 1.729062491693328 -0.03463713656656845 -0.02343163244951212 0.009088124322480780 -0.1613683856964193 0.01803312897751735
0.9852 1.729864623652562 -0.03454487207106174 -0.02361001240954775 0.008379093851894300 -0.1611198349571511 0.01902014901081849
0.9853 1.730670119667988 -0.03445215725053878 -0.02376824363920351 0.007662566087284829 -0.1608631650585632 0.02001362029738622
0.9854 1.731479014910620 -0.03435898727266141 -0.02390590141534611 0.006939066185956941 -0.1605982179119492 0.02101353081776281
0.9855 1.732291345158706 -0.03426535722099319 -0.02402256938832227 0.006209135147967072 -0.1603247533822982 0.02201993779861397
0.9856 1.733107146812459 -0.03417126209295156 -0.02411783742649948 0.005473339930500618 -0.1600412708832528 0.02303527509502708
0.9857 1.733926456909236 -0.03407669679769677 -0.02419131040395663 0.004732269241375735 -0.1597502430327424 0.02405471455270878
0.9858 1.734749313139216 -0.03398165615395492 -0.02424259933415201 0.003986531799775955 -0.1594501679757813 0.02508083636238882
0.9859 1.735575753861557 -0.03388613488776906 -0.02427133419136360 0.003236762980399546 -0.1591409005379992 0.02611363887348917
0.986 1.736405818121090 -0.03379012763018161 -0.02427715106160628 0.002483614676229464 -0.1588221016102756 0.02715316651096144
0.9861 1.737239545665531 -0.03369362891483807 -0.02425970480574950 0.001727768743244011 -0.1584936331744713 0.02819922932616159
0.9862 1.738076976963270 -0.03359663317551594 -0.02421866453425700 0.0009699269518605559 -0.1581553929869004 0.02925220565255107
0.9863 1.738918153221733 -0.03349913474357105 -0.02415371390168384 0.0002108112885381916 -0.1578070133594975 0.03031187085434804
0.9864 1.739763116406345 -0.03340112784529902 -0.02406455740951924 -0.0005488289176937182 -0.1574483581631633 0.03137843665965214
0.9865 1.740611909260134 -0.03330260659921119 -0.02395091697126523 -0.001308221216882601 -0.1570792142982818 0.03245180146714933
0.9866 1.741464575323990 -0.03320356501321688 -0.02381253334018249 -0.002066572729703166 -0.1566992792079130 0.03353212213224602
0.9867 1.742321158957588 -0.03310399698171115 -0.02364916994812869 -0.002823065925052448 -0.1563083116274274 0.03461937297475534
0.9868 1.743181705361045 -0.03300389628256468 -0.02346061412901626 -0.003576860795881227 -0.1559060473519827 0.03571360290001576
0.9869 1.744046260597310 -0.03290325657400937 -0.02324667374162793 -0.004327094929135810 -0.1554922751334080 0.03681473619258626
0.987 1.744914871615314 -0.03280207139141606 -0.02300718651232654 -0.005072880686387414 -0.1550667430470485 0.03792291225304046
0.9871 1.745787586273945 -0.03270033414396165 -0.02274201354173282 -0.005813311879039580 -0.1546303699867323 0.03903595298332557
0.9872 1.746664453366844 -0.03259803811117759 -0.02245104595120138 -0.006547458414087190 -0.1541792250167199 0.04016022820061237
0.9873 1.747545522648087 -0.03249517643937754 -0.02213420273256372 -0.007274368616217906 -0.1537167067781343 0.04128946074392940
0.9874 1.748430844858772 -0.03239174213795701 -0.02179144013046888 -0.007993069544460038 -0.1532413057820352 0.04242568057501248
0.9875 1.749320471754567 -0.03228772807556143 -0.02142273987829124 -0.008702570000767630 -0.1527527722738434 0.04356941140130394
0.9876 1.750214456134248 -0.03218312697611378 -0.02102812299284942 -0.009401854888258580 -0.1522506479480537 0.04472000375992876
0.9877 1.751112851869279 -0.03207793141469831 -0.02060764619795823 -0.01008989288451068 -0.1517346725617201 0.04587769710871687
0.9878 1.752015713934474 -0.03197213381329325 -0.02016140404608895 -0.01076563299879894 -0.1512046646849262 0.04704241550818893
0.9879 1.752923098439800 -0.03186572643634433 -0.01968952891986989 -0.01142800809056314 -0.1506599641688084 0.04821446342300827
0.988 1.753835062663359 -0.03175870138617328 -0.01919220058585297 -0.01207593141957511 -0.1501006802461361 0.04939350187825246
0.9881 1.754751665085622 -0.03165105059821363 -0.01866963420895274 -0.01270830351953087 -0.1495261884114882 0.05057953688228061
0.9882 1.755672965424948 -0.03154276583606426 -0.01812209795265811 -0.01332400915302547 -0.1489358480117195 0.05177359839216087
0.9883 1.756599024674484 -0.03143383868635529 -0.01754989970133376 -0.01392191749128052 -0.1483298600042617 0.05297371638549810
0.9884 1.757529905140454 -0.03132426055341271 -0.01695340052654359 -0.01450089473486083 -0.1477077040876960 0.05418096196288855
0.9885 1.758465670481984 -0.03121402265371768 -0.01633301569544163 -0.01505978716653927 -0.1470687848035291 0.05539521415988494
0.9886 1.759406385752451 -0.03110311601014655 -0.01568920728412752 -0.01559743683711259 -0.1464127936084987 0.05661647304638235
0.9887 1.760352117442492 -0.03099153144598189 -0.01502249444701485 -0.01611267814437294 -0.1457392735798083 0.05784482326515314
0.9888 1.761302933524728 -0.03087925957868483 -0.01433345355536319 -0.01660434250495610 -0.1450478653288101 0.05908008686133493
0.9889 1.762258903500286 -0.03076629081341544 -0.01362271688396167 -0.01707125641908826 -0.1443381026432182 0.06032228398761059
0.989 1.763220098447223 -0.03065261533628894 -0.01289097856289202 -0.01751224697115032 -0.1436095958810245 0.06157134695920161
0.9891 1.764186591070925 -0.03053822310735427 -0.01213899714734775 -0.01792614431941116 -0.1428617921224043 0.06282706070806543
0.9892 1.765158455756610 -0.03042310385328273 -0.01136759277712143 -0.01831178015348130 -0.1420940948367357 0.06408963046887398
0.9893 1.766135768624011 -0.03030724705974799 -0.01057765197924942 -0.01866799784839792 -0.1413061715307427 0.06535888541723258
0.9894 1.767118607584384 -0.03019064196348671 -0.009770127200410200 -0.01899364707880698 -0.1404975449904469 0.06663486146282695
0.9895 1.768107052399933 -0.03007327754401809 -0.008946047948108720 -0.01928759420906616 -0.1396674485957832 0.06791717596838501
0.9896 1.769101184745784 -0.02995514251500765 -0.008106505953353940 -0.01954871975703069 -0.1388155161923111 0.06920582320121084
0.9897 1.770101088274675 -0.02983622531525561 -0.007252668403625629 -0.01977592605793385 -0.1379413134555592 0.07050078386405569
0.9898 1.771106848684464 -0.02971651409928912 -0.006385775093559573 -0.01996814557657572 -0.1370444167639791 0.07180158256642264
0.9899 1.772118553788629 -0.02959599672753750 -0.005507150167163044 -0.02012432777381546 -0.1361235292636400 0.07310863792919762
0.99 1.773136293589922 -0.02947466075606701 -0.004618183380050455 -0.02024346141037935 -0.1351784377552444 0.07442158091083358
0.9901 1.774160160357356 -0.02935249342585220 -0.003720350209934891 -0.02032457077710310 -0.1342084441107328 0.07574023479736281
0.9902 1.775190248706692 -0.02922948165155558 -0.002815198345675587 -0.02036673082889643 -0.1332131056789361 0.07706445127307368
0.9903 1.776226655684649 -0.02910561200979118 -0.001904363930668254 -0.02036904622568754 -0.1321906185314666 0.07839521769522058
0.9904 1.777269480857033 -0.02898087072684006 -0.0009895568189132860 -0.02033068625646785 -0.1311421954015860 0.07972981648151626
0.9905 1.778318826400999 -0.02885524366578535 -0.00007257172062451016 -0.02025087687353823 -0.1300662412306278 0.08106933304983091
0.9906 1.779374797201716 -0.02872871631303801 0.0008447189737241770 -0.02012890573380096 -0.1289621339457112 0.08241354017511363
0.9907 1.780437500953681 -0.02860127376421140 0.001760357919398114 -0.01996413034637333 -0.1278285550139144 0.08376243839784233
0.9908 1.781507048266931 -0.02847290070930931 0.002672312382822101 -0.01975598432864428 -0.1266655522092818 0.08511517886894795
0.9909 1.782583552778497 -0.02834358141718773 0.003578463937824483 -0.01950398559507161 -0.1254719840947950 0.08647178449743792
0.991 1.783667131269373 -0.02821329971924064 0.004476622977006107 -0.01920773792960251 -0.1242470238131476 0.08783189341141344
0.9911 1.784757903787365 -0.02808203899226953 0.005364511714635149 -0.01886695375065847 -0.1229898635578895 0.08919537154571891
0.9912 1.785855993776174 -0.02794978214047918 0.006239790510712667 -0.01848142472597450 -0.1216994541897854 0.09056131762786533
0.9913 1.786961528211109 -0.02781651157655033 0.007100032536154556 -0.01805108890175445 -0.1203748783413449 0.09192983975534605
0.9914 1.788074637741837 -0.02768220920172566 0.007942750375435603 -0.01757598172967411 -0.1190149968365992 0.09330053528684858
0.9915 1.789195456842651 -0.02754685638485097 0.008765391245541320 -0.01705626701754621 -0.1176195255288032 0.09467251996659852
0.9916 1.790324123970705 -0.02741043394029905 0.009565335364786010 -0.01649225935377236 -0.1161870108686345 0.09604560206253504
0.9917 1.791460781732785 -0.02727292210470509 0.01033990574974312 -0.01588440796890850 -0.1147164859209144 0.09741929051031021
0.9918 1.792605577061131 -0.02713430051243363 0.01108637724815607 -0.01523332538151245 -0.1132072704998731 0.09879270510706524
0.9919 1.793758661398972 -0.02699454816969356 0.01180197265755394 -0.01453978005607731 -0.1116574452181756 0.1001656071795761
0.992 1.794920190896406 -0.02685364342720321 0.01248388012417121 -0.01380471699856274 -0.1100841979498686 0.1015221625904023
0.9921 1.796090326617304 -0.02671156395132029 0.01312925810079760 -0.01302926640589320 -0.1084501866626259 0.1028920601686806
0.9922 1.797269234758140 -0.02656828669350002 0.01373524400273875 -0.01221474938416767 -0.1067727219476427 0.1042588407180721
0.9923 1.798457086879419 -0.02642378785799975 0.01429895805788824 -0.01136268282921895 -0.1050503002683254 0.1056219744094897
0.9924 1.799654060150709 -0.02627804286767629 0.01481752668166795 -0.01047480801107296 -0.1032817214509188 0.1069805490154506
0.9925 1.800860337610249 -0.02613102632775135 0.01528807926902128 -0.009553066735579950 -0.1014517714825226 0.1083447100783705
0.9926 1.802076108440242 -0.02598271198738257 0.01570778280595427 -0.008599651918287530 -0.09958683418629999 0.1096910987768228
0.9927 1.803301568258865 -0.02583307269890040 0.01607383653609537 -0.007616979232125741 -0.09767093443550790 0.1110297500195353
0.9928 1.804536919430473 -0.02568208037450209 0.01638349427648668 -0.006607713488834977 -0.09571740203176802 0.1123494539813509
0.9929 1.805782371395148 -0.02552970594023729 0.01663409137933629 -0.005574778375018870 -0.09369679872976808 0.1136699434589242
0.993 1.807038141019409 -0.02537591928704683 0.01682305139371761 -0.004521353847390039 -0.09162134480795843 0.1149790620865273
0.9931 1.808304452969388 -0.02522068921864957 0.01694791488478199 -0.003450888993539778 -0.08948922282233383 0.1162753968867912
0.9932 1.809581540108567 -0.02506398339600497 0.01700636025213733 -0.002367108632246683 -0.08729878162919844 0.1175575157355938
0.9933 1.810869643921906 -0.02490576827808162 0.01699622543220245 -0.001274010060194373 -0.08503712745763133 0.1188303434867104
0.9934 1.812169014968665 -0.02474600905861802 0.01691553760974868 -0.0001758742242936820 -0.08272311749751440 0.1200800706068819
0.9935 1.813479913366118 -0.02458466959856142 0.01676254255055609 0.0009227381134883600 -0.08034788582443601 0.1213087919789440
0.9936 1.814802609307043 -0.02442171235378768 0.01653572759036378 0.002016981419868173 -0.07790749094627157 0.1225158977833061
0.9937 1.816137383613715 -0.02425709829771566 0.01623386823363069 0.003101737561116544 -0.07539303972870672 0.1237020422434951
0.9938 1.817484528331694 -0.02409078683836114 0.01585604094494381 0.004171611491737431 -0.07283687647640211 0.1248488888883044
0.9939 1.818844347366839 -0.02392273572933900 0.01540168054211506 0.005220945024392368 -0.07018937415920963 0.1259776420267839
0.994 1.820217157169715 -0.02375290097424827 0.01487060557609652 0.006243825000313405 -0.06746847222538970 0.1270746145935828
0.9941 1.821603287471444 -0.02358123672385763 0.01426305756353403 0.007234098479053270 -0.06467234521942399 0.1281372200017092
0.9942 1.823003082076014 -0.02340769516539416 0.01357975547369038 0.008185395270123240 -0.06178475539953214 0.1291692489970621
0.9943 1.824416899714460 -0.02323222640318529 0.01282192130933020 0.009091142158521420 -0.05883129381429987 0.1301529254413208
0.9944 1.825845114966684 -0.02305477832983483 0.01199133823919904 0.009944606547738360 -0.05579637553470931 0.1310920878064508
0.9945 1.827288119257899 -0.02287529648696577 0.01109038696155796 0.01073891852215503 -0.05267758510366493 0.1319828597775456
0.9946 1.828746321936971 -0.02269372391450609 0.01012210332613301 0.01146710894132785 -0.04946340879405791 0.1328223558857050
0.9947 1.830220151445136 -0.02251000098733392 0.009090210317062690 0.01212217309084315 -0.04616982758472076 0.1336021773500284
0.9948 1.831710056584509 -0.02232406523796202 0.007999178015888813 0.01269711090740657 -0.04278528283385851 0.1343193160720963
0.9949 1.833216507897001 -0.02213585116377944 0.006854257830098332 0.01318499803199044 -0.03930785863795781 0.1349689637375762
0.995 1.834739999165605 -0.02194529001717205 0.005661532547781305 0.01357905565327343 -0.03573487652897099 0.1355446459775456
0.9951 1.836281049051606 -0.02175230957662708 0.004427957743869354 0.01387273603650499 -0.03206452145702335 0.1360407291472602
0.9952 1.837840202883043 -0.02155683389667496 0.003161391499830332 0.01405981816390493 -0.02829430580226369 0.1364502601142827
0.9953 1.839418034611882 -0.02135878303422788 0.001870628674133791 0.01413450670336968 -0.02442204416982313 0.1367652303290731
0.9954 1.841015148959734 -0.02115807274853244 0.0005654280498339514 0.01409155710048941 -0.02044601656355918 0.1369788477342261
0.9955 1.842632183774825 -0.02095461417156408 -0.0007434792634915922 0.01392640433309701 -0.01636445483398902 0.1370818632172600
0.9956 1.844269812626179 -0.02074831344522390 -0.002044388291582565 0.01363530231031542 -0.01217158146128219 0.1370637575565590
0.9957 1.845928747664900 -0.02053907132115887 -0.003324625093614266 0.01321549102532302 -0.007873602017136275 0.1369167068316196
0.9958 1.847609742786878 -0.02032678271839279 -0.004570583718799558 0.01266536210495831 -0.003465359901664424 0.1366283681451754
0.9959 1.849313597136718 -0.02011133623320295 -0.005767775198983167 0.01198464693779282 0.001053715428223990 0.1361873181799349
0.996 1.851041158998955 -0.01989261359478767 -0.006900902918327311 0.01117462134019165 0.005683996404564551 0.1355809471339248
0.9961 1.852793330130191 -0.01967048905921777 -0.007953974730041073 0.01023830508848370 0.01042548876533394 0.1347928163954739
0.9962 1.854571070594790 -0.01944482873289842 -0.008910437955460150 0.009180696176331390 0.01527779818906629 0.1338094401270915
0.9963 1.856375404177545 -0.01921548981526097 -0.009753372382094760 0.008008995908038020 0.02023848341497539 0.1326147206457242
0.9964 1.858207424459786 -0.01898231974858138 -0.01046571987858911 0.006732834671223792 0.02530582001067395 0.1311887453233277
0.9965 1.860068301661023 -0.01874515526061688 -0.01103057166403125 0.005364511040646991 0.03047539517290472 0.1295138761539665
0.9966 1.861959290367452 -0.01850382128307938 -0.01143152261699700 0.003919203765983917 0.03574260306622969 0.1275669668215653
0.9967 1.863881738291969 -0.01825812972567868 -0.01165309677054728 0.002415173273056862 0.04110076289866114 0.1253250651176929
0.9968 1.865837096239094 -0.01800787808145597 -0.01168124596535693 0.0008739329336824290 0.04654077321753548 0.1227624843618403
0.9969 1.867826929483730 -0.01775284783413572 -0.01150394888906823 -0.0006796551281111562 0.05205232375059327 0.1198518668952542
0.997 1.869852930816931 -0.01749280263204057 -0.01111188826210102 -0.002217304527173944 0.05762066371645132 0.1165628306712836
0.9971 1.871916935567190 -0.01722748618534895 -0.01049924084152546 -0.003707378977818370 0.06323226388475206 0.1128622263681263
0.9972 1.874020938975600 -0.01695661983369280 -0.009664566041386030 -0.005115066294294927 0.06885767570699970 0.1087149012526752
0.9973 1.876167116392019 -0.01667989971866073 -0.008611789832528070 -0.006402730680277685 0.07447301256086212 0.1040831860845926
0.9974 1.878357846872950 -0.01639699347984297 -0.007351280365507417 -0.007530484555280854 0.08004591505716176 0.09892612233372962
0.9975 1.880595740908745 -0.01610753637248727 -0.005900992277727513 -0.008457027660796720 0.08553469653753937 0.09319918224081888
0.9976 1.882883673199010 -0.01581112667801737 -0.004287631240575648 -0.009140845393401060 0.09089124343616435 0.08685799713779385
0.9977 1.885224821647114 -0.01550732024336117 -0.002547797983620936 -0.009541808693263820 0.09605350580274023 0.07984897678780572
0.9978 1.887622714079670 -0.01519562393808313 -0.0007290086891089125 -0.009623292517765720 0.1009474392053008 0.07212262570169027
0.9979 1.890081284647900 -0.01487548775511625 0.001109552323489742 -0.009354876137507130 0.1054817937622572 0.06362753335999125
0.998 1.892604942481924 -0.01454629519480834 0.002896706871080386 -0.008715726019430550 0.1095444093630212 0.05431205111328828
0.9981 1.895198656017147 -0.01420735145314010 0.004549686699906568 -0.007698713837215609 0.1129997581847807 0.04412740718523119
0.9982 1.897868057600057 -0.01385786876843926 0.005975620561262449 -0.006315268537171925 0.1156809868919528 0.03303256984768167
0.9983 1.900619574672463 -0.01349694804380275 0.007074572940442283 -0.004600921146299500 0.1173858435819242 0.02099474793444303
0.9984 1.903460596284820 -0.01312355551880091 0.007744806046869829 -0.002621245711719098 0.1178616722482192 0.008018069225889716
0.9985 1.906399687312606 -0.01273649275615713 0.007891016529735881 -0.0004777025206645371 0.1168094102078810 -0.005872939360560350
0.9986 1.909446868222767 -0.01233435744189255 0.007436485746428422 0.001687616824270627 0.1138621837370986 -0.02059541860057016
0.9987 1.912613986709514 -0.01191549130977624 0.006340085457070849 0.003690076528287611 0.1085753603484591 -0.03598176272920507
0.9988 1.915915221000690 -0.01147790961093625 0.004618825894297858 0.005306242114797071 0.1004175458026365 -0.05172828542810382
0.9989 1.919367776775914 -0.01101920344564688 0.002375782048939809 0.006287763516941971 0.08878357560955238 -0.06733127723768942
0.999 1.922992877334158 -0.01053640098941274 -0.0001689524298487208 0.006392064003873204 0.07301144566312025 -0.08196228132603426