0.001 0.7968479434346066 -0.2843300419215002 0.2619559263821485 -0.2512888654137883 0.08136462679818316 -0.104799864650142
0.002 0.7970645780971451 -0.2843256908974651 0.262422985225333 -0.2510516660227734 0.08122525923572271 -0.1047936366881244
0.003 0.7972814364122743 -0.284321296232041 0.262891690408891 -0.2508131923321915 0.0810863031294064 -0.1047873664557551
0.004 0.797498518771209 -0.2843168578241731 0.2633623931860049 -0.250573096477611 0.08094791739822702 -0.1047809189605303
0.005 0.7977158255662257 -0.2843123755724453 0.2638328220488392 -0.2503323613699109 0.08080917582535551 -0.1047745289988423
0.006 0.7979333571906656 -0.2843078493750793 0.2643034291798578 -0.2500902246142441 0.0806703455905676 -0.1047679510249135
0.007 0.7981511140389403 -0.2843032791299322 0.264775221477131 -0.2498481061645965 0.08053164985087284 -0.1047617051364807
0.008 0.798369096506534 -0.2842986647344955 0.2652463781699839 -0.2496037835019694 0.08039252677414691 -0.1047550379212555
0.009 0.7985873049900084 -0.2842940060858936 0.2657206466378177 -0.2493598815604343 0.08025433349586705 -0.1047489820676668
0.01 0.7988057398870065 -0.2842893030808819 0.2661930240474812 -0.2491120959722194 0.08011538407121767 -0.1047417420148277
0.011 0.7990244015962565 -0.2842845556158458 0.2666651592830645 -0.2488623341705552 0.07997620437724157 -0.1047340944779274
0.012 0.7992432905175755 -0.2842797635867989 0.2671398816786559 -0.2486148063942214 0.07983754949569809 -0.1047277152209636
0.013 0.7994624070518737 -0.2842749268893817 0.2676172337542978 -0.2483646941468679 0.07969971164463138 -0.1047208997445055
0.014 0.7996817516011587 -0.2842700454188593 0.2680920110572517 -0.2481109552684468 0.07956091997263641 -0.1047129484412625
0.015 0.7999013245685393 -0.2842651190701213 0.268564793958016 -0.2478573112637056 0.07942114787701104 -0.1047052288271994
0.016 0.800121126358229 -0.2842601477376784 0.2690421486062303 -0.2476032099509468 0.07928275851780271 -0.1046979520465796
0.017 0.800341157375552 -0.2842551313156626 0.2695205155784011 -0.2473478531931106 0.07914453871694521 -0.1046906096049562
0.018 0.800561418026944 -0.2842500696978242 0.2699968213603487 -0.2470899669177332 0.07900548073559401 -0.1046825687611546
0.019 0.80078190871996 -0.2842449627775311 0.2704742736187737 -0.2468311150865955 0.07886662731846576 -0.1046745810302945
0.02 0.801002629863276 -0.2842398104477668 0.2709500652666956 -0.2465696304882001 0.07872708924844847 -0.1046658781895194
0.021 0.801223581866693 -0.2842346126011294 0.2714306383735714 -0.2463093316347441 0.07858888667922924 -0.1046582293325911
0.022 0.801444765141143 -0.284229369129829 0.2719099318873686 -0.2460468847457851 0.07845011057542872 -0.1046500596197242
0.023 0.8016661800986929 -0.2842240799256868 0.2723921096232358 -0.2457834238065621 0.07831212807546445 -0.1046420626844507
0.024 0.801887827152546 -0.2842187448801334 0.2728722309159237 -0.2455165953033153 0.07817339530047264 -0.1046330673576485
0.025 0.802109706717051 -0.2842133638842066 0.2733516386011245 -0.2452504492426753 0.07803408972318372 -0.1046245843657115
0.026 0.802331819207699 -0.2842079368285512 0.2738311469958027 -0.2449824462731394 0.0778946799442804 -0.1046157840546301
0.027 0.802554165041137 -0.2842024636034153 0.274316257540141 -0.2447133315614328 0.07775701752159346 -0.1046073240589984
0.028 0.802776744635164 -0.2841969440986501 0.2747974210792965 -0.2444407325131129 0.07761796500472228 -0.1045976983322126
0.029 0.802999558408743 -0.2841913782037082 0.2752823639336449 -0.2441699654141839 0.07747981107168879 -0.1045893052047025
0.03 0.803222606781995 -0.2841857658076409 0.2757665131975178 -0.2438972883559404 0.07734125147481832 -0.1045805173993236
0.031 0.803445890176215 -0.2841801067990978 0.2762489962264053 -0.2436211785688978 0.07720208446899753 -0.1045707570598937
0.032 0.803669409013868 -0.2841744010663239 0.2767362940456323 -0.2433452344964139 0.0770642954628611 -0.1045617336977421
0.033 0.803893163718597 -0.2841686484971591 0.2772200634085245 -0.2430673045931224 0.0769251551419184 -0.1045520979219153
0.034 0.804117154715225 -0.2841628489790351 0.2777041295601668 -0.2427873443232518 0.0767859973359382 -0.1045421163485547
0.035 0.8043413824297651 -0.2841570023989751 0.2781929146469716 -0.2425079667161041 0.07664812876828325 -0.1045330243188659
0.036 0.804565847289415 -0.2841511086435913 0.2786777986335791 -0.2422255243037408 0.07650888655336958 -0.1045229126918353
0.037 0.804790549722573 -0.2841451675990827 0.2791671495669329 -0.2419431246642295 0.07637088933843973 -0.1045134932944392
0.038 0.805015490158834 -0.2841391791512348 0.2796555345305721 -0.241657429574574 0.07623253237226203 -0.1045032118741854
0.039 0.805240669028997 -0.2841331431854164 0.2801438358574154 -0.2413717877934745 0.07609386199534501 -0.1044932741513588
0.04 0.80546608676507 -0.2841270595865782 0.2806318313811469 -0.2410825486163716 0.07595509408703931 -0.1044824243933028
0.041 0.805691743800275 -0.2841209282392519 0.2811219364133597 -0.240793896347181 0.07581671473643792 -0.104472277802335
0.042 0.805917640569049 -0.2841147490275471 0.281611518288214 -0.2405030075497642 0.07567805488262763 -0.1044616672040578
0.043 0.806143777507053 -0.2841085218351504 0.2821023473108516 -0.2402111890747026 0.07553960839990656 -0.1044511806519644
0.044 0.806370155051177 -0.2841022465453233 0.2825943263802507 -0.2399171952880729 0.07540144415938319 -0.1044403932119296
0.045 0.806596773639539 -0.2840959230409005 0.283084471709831 -0.2396241040886247 0.07526230056026766 -0.1044300956077912
0.046 0.806823633711494 -0.2840895512042876 0.2835743553242516 -0.2393261928214641 0.07512318608898223 -0.1044184880512281
0.047 0.807050735707641 -0.2840831309174601 0.2840701260286512 -0.2390290896941517 0.07498569759591221 -0.1044079908467635
0.048 0.807278080069819 -0.284076662061961 0.2845628573543708 -0.2387303603078437 0.07484704147944199 -0.1043970293247483
0.049 0.807505667241123 -0.2840701445188989 0.2850580174858239 -0.2384284871727438 0.07470917667863239 -0.1043855673080489
0.05 0.807733497665901 -0.284063578168946 0.2855539763394695 -0.2381268018267142 0.07457126872916157 -0.1043745828267
0.051 0.807961571789759 -0.2840569628923372 0.2860447831085024 -0.2378216225799755 0.07443166394494834 -0.104362323421225
0.052 0.80818989005957 -0.2840502985688671 0.2865392619017083 -0.2375154054663663 0.07429308452815905 -0.1043503817355511
0.053 0.808418452923477 -0.2840435850778883 0.2870366629246143 -0.2372092120195424 0.07415517933814278 -0.1043390555838499
0.054 0.808647260830895 -0.2840368222983102 0.2875346135415277 -0.2369013512666714 0.07401732006346608 -0.1043275681673855
0.055 0.808876314232521 -0.2840300101085963 0.2880266391631159 -0.2365905036680372 0.07387746845118268 -0.1043149054586518
0.056 0.8091056135803339 -0.2840231483867628 0.2885272913614307 -0.2362795322665117 0.07374019190525517 -0.1043033281930008
0.057 0.809335159327603 -0.2840162370103761 0.2890221103877249 -0.2359678227260027 0.07360075647501653 -0.1042913181364862
0.058 0.809564951928893 -0.2840092758565515 0.2895210673012865 -0.2356526387136493 0.07346271197488223 -0.104278900087162
0.059 0.809794991840063 -0.2840022648019506 0.2900222477706052 -0.2353357103896478 0.07332527132375528 -0.1042664558153856
0.06 0.810025279518282 -0.2839952037227799 0.2905189886154433 -0.2350184900493554 0.0731861053885277 -0.1042538540745548
0.061 0.810255815422023 -0.2839880924947888 0.2910198734424503 -0.2347001084059479 0.07304809846827312 -0.1042416118421555
0.062 0.810486600011077 -0.2839809309932667 0.2915220180542425 -0.2343793636858805 0.07291043810013872 -0.1042290712537303
0.063 0.810717633746552 -0.2839737190930425 0.2920182616321977 -0.234055455094384 0.07277085028540059 -0.1042152837309246
0.064 0.810948917090881 -0.2839664566684811 0.2925180998680705 -0.2337326383919454 0.07263203635616053 -0.1042025428999775
0.065 0.8111804505078249 -0.2839591435934823 0.2930219080417075 -0.2334053300198831 0.07249464658561604 -0.1041890806760508
0.066 0.811412234462482 -0.2839517797414787 0.2935235692238014 -0.233080231223382 0.07235604629457731 -0.1041764861007223
0.067 0.811644269421288 -0.2839443649854335 0.2940267404435338 -0.2327514411633933 0.07221799372098471 -0.1041631968558588
0.068 0.811876555852024 -0.2839368991978379 0.2945294038680082 -0.2324215011521217 0.07207958854449875 -0.1041498399422758
0.069 0.812109094223821 -0.2839293822507102 0.295033930706731 -0.2320897151257937 0.07194166477957696 -0.1041364302143262
0.07 0.812341885007167 -0.2839218140155924 0.295536543493577 -0.2317549691208613 0.07180312077565473 -0.1041222373175434
0.071 0.812574928673909 -0.2839141943635493 0.2960400261743169 -0.2314196296474098 0.07166461050394832 -0.1041082913708322
0.072 0.81280822569726 -0.2839065231651658 0.2965460591049309 -0.2310843850179876 0.07152660035429173 -0.1040949919940222
0.073 0.813041776551805 -0.2838988002905447 0.2970481315910006 -0.2307459074655845 0.07138735482951555 -0.1040806194455796
0.074 0.813275581713504 -0.2838910256093048 0.2975577687463686 -0.230405648160618 0.07125039974194912 -0.1040668070712878
0.075 0.813509641659701 -0.2838831989905789 0.2980622789142813 -0.2300636457070847 0.07111168261941005 -0.1040522777692442
0.076 0.813743956869127 -0.2838753203030108 0.2985711140207874 -0.2297214731105048 0.07097405392073246 -0.1040385013975192
0.077 0.8139785278219051 -0.2838673894147549 0.299075093098819 -0.2293753181514417 0.07083498514815967 -0.1040233168223456
0.078 0.8142133549995551 -0.2838594061934719 0.2995852675216062 -0.2290290089824202 0.07069759270636664 -0.1040090976149083
0.079 0.814448438885005 -0.2838513705063279 0.3000922146471767 -0.2286815103659538 0.0705589950539398 -0.1039945282995082
0.08 0.814683779962588 -0.2838432822199922 0.300600035622265 -0.2283305510350444 0.07042073192890698 -0.103979320779202
0.081 0.814919378718053 -0.2838351412006348 0.3011062859690812 -0.2279789274944475 0.07028173186250024 -0.1039641008392385
0.082 0.81515523563857 -0.283826947313924 0.3016182345101429 -0.2276260195376258 0.07014435691857177 -0.1039494559275731
0.083 0.815391351212736 -0.2838187004250245 0.3021262394838293 -0.2272714184167608 0.07000561008580754 -0.103934221351076
0.084 0.815627725930576 -0.2838104003985949 0.3026375746364436 -0.2269141089604735 0.06986789223590451 -0.103918871398023
0.085 0.815864360283556 -0.2838020470987859 0.3031485321451717 -0.2265567730098152 0.06972974128500604 -0.1039038389097226
0.086 0.816101254764583 -0.2837936403892371 0.3036608818763958 -0.2261959322142647 0.06959209420660423 -0.1038882330927283
0.087 0.816338409868013 -0.2837851801330759 0.3041695597331397 -0.2258339271730062 0.06945312171000467 -0.10387223791142
0.088 0.816575826089656 -0.2837766661929144 0.3046786667034431 -0.2254696368085985 0.06931422441793977 -0.1038559476122535
0.089 0.816813503926782 -0.2837680984308473 0.3051946466183066 -0.225106060956533 0.069177059329893 -0.1038410149502444
0.09 0.817051443878128 -0.2837594767084497 0.305705847066662 -0.2247379898624617 0.06903860244611489 -0.1038245319961747
0.091 0.817289646443902 -0.2837508008867744 0.3062207110730073 -0.2243691121451492 0.06890105053914351 -0.1038085899217557
0.092 0.817528112125788 -0.2837420708263502 0.3067353378206816 -0.2239985188967304 0.06876329910358429 -0.1037924659686668
0.093 0.817766841426956 -0.2837332863871786 0.3072470973967043 -0.2236270897110515 0.06862444264495207 -0.1037761341527814
0.094 0.818005834852064 -0.2837244474287324 0.3077588379744749 -0.223252848889941 0.06848559059262659 -0.1037593172864045
0.095 0.818245092907266 -0.2837155538099529 0.3082761962782144 -0.2228776844688848 0.06834824028056441 -0.1037432347286961
0.096 0.8184846161002149 -0.2837066053892474 0.3087944359242185 -0.2224991703017769 0.06821121998710442 -0.1037266143367879
0.097 0.818724404940075 -0.2836976020244864 0.3093086285019209 -0.2221204174551469 0.06807267054985922 -0.1037098308704529
0.098 0.81896445993752 -0.2836885435730021 0.3098247766848452 -0.2217393906873904 0.06793466430685537 -0.1036929678163528
0.099 0.819204781604745 -0.2836794298915859 0.310340148400986 -0.2213562975206984 0.0677963379942139 -0.1036757576878994
0.1 0.8194453704554699 -0.2836702608364849 0.3108573133382465 -0.2209705256158261 0.06765855398225536 -0.1036583386650705
0.101 0.819686227004946 -0.2836610362634003 0.3113741760627233 -0.2205839611555756 0.06752044769534545 -0.1036410291170017
0.102 0.819927351769962 -0.2836517560274843 0.3118920502632319 -0.2201966139768317 0.06738240957600099 -0.1036239810843896
0.103 0.820168745268851 -0.2836424199833386 0.3124071197480434 -0.2198067241429207 0.0672435108939366 -0.1036062173627471
0.104 0.820410408021497 -0.283633027985011 0.3129279639582675 -0.2194130751906665 0.06710647082787446 -0.1035884071536276
0.105 0.820652340549339 -0.2836235798859932 0.3134452528300207 -0.2190198519524938 0.06696798518147119 -0.1035706826332257
0.106 0.820894543375377 -0.283614075539218 0.31396668354377 -0.2186240623637952 0.06683071698409179 -0.1035530836731135
0.107 0.821137017024185 -0.2836045147970572 0.3144874359599194 -0.2182264776754796 0.06669314754653931 -0.103535255006845
0.108 0.821379762021907 -0.2835948975113188 0.3150043867021616 -0.2178280158915974 0.06655420609757319 -0.1035170881272801
0.109 0.821622778896271 -0.2835852235332443 0.3155249578541757 -0.2174262669120969 0.06641642238627243 -0.1034987704498736
0.11 0.821866068176592 -0.2835754927135059 0.3160455092131991 -0.2170226490398175 0.06627853669486503 -0.1034802974603686
0.111 0.822109630393782 -0.2835657049022048 0.3165659528218222 -0.2166172603770113 0.06614051077166568 -0.1034616778880369
0.112 0.822353466080351 -0.2835558599488675 0.3170863002847061 -0.2162114158501253 0.06600217944401446 -0.1034433028905438
0.113 0.822597575770418 -0.2835459577024438 0.3176102153245657 -0.2158019971066969 0.06586500890579271 -0.1034247213108292
0.114 0.822841959999715 -0.283535998011304 0.3181293305283707 -0.2153916026304509 0.06572621839880211 -0.1034056417134401
0.115 0.823086619305595 -0.283525980723236 0.3186573005898339 -0.2149780007360718 0.06559009043702826 -0.103387148119486
0.116 0.823331554227038 -0.2835159056854431 0.3191793003337655 -0.2145627828095029 0.06545208502779941 -0.1033678131344878
0.117 0.823576765304659 -0.2835057727445405 0.3196988607262112 -0.2141472665341669 0.06531307289108958 -0.1033484773494931
0.118 0.823822253080711 -0.2834955817465534 0.320222656716857 -0.2137289903933637 0.06517530865506667 -0.1033292776167369
0.119 0.824068018099096 -0.283485332536914 0.320745773480636 -0.2133073730276862 0.0650374375295127 -0.103309425361812
0.12 0.82431406090537 -0.2834750249604585 0.3212669431964965 -0.2128862492381646 0.06489860565285582 -0.1032898523915584
0.121 0.824560382046749 -0.2834646588614244 0.3217932508013857 -0.2124618045195535 0.06476135022512279 -0.1032703989376829
0.122 0.824806982072117 -0.2834542340834481 0.3223220040745576 -0.2120363629112027 0.06462457725414746 -0.103251377667584
0.123 0.825053861532031 -0.2834437504695619 0.3228439396151646 -0.2116079355984514 0.06448590100235226 -0.1032310093914506
0.124 0.825301020978731 -0.2834332078621906 0.3233692874236415 -0.2111785046266112 0.06434799431702388 -0.1032112012233104
0.125 0.825548460966144 -0.2834226061031496 0.3238952274554902 -0.2107446965965832 0.06421049317183258 -0.1031906294844097
0.126 0.825796182049893 -0.2834119450336416 0.3244216937401516 -0.2103110621535238 0.06407277070824799 -0.1031705803663325
0.127 0.826044184787302 -0.2834012244942536 0.3249488514437463 -0.2098745810794116 0.06393528189043547 -0.1031502209402307
0.128 0.826292469737405 -0.2833904443249542 0.3254763635667804 -0.2094361746153394 0.06379780322882507 -0.1031297760493792
0.129 0.826541037460952 -0.2833796043650909 0.3260009879893041 -0.2089958510138041 0.06365942420698455 -0.1031087974595734
0.13 0.826789888520416 -0.2833687044533868 0.3265286381820778 -0.2085540174321451 0.06352175208798447 -0.103088215636006
0.131 0.827039023480001 -0.2833577444279376 0.3270547420446486 -0.208109396783555 0.06338367401910894 -0.1030670548933779
0.132 0.827288442905648 -0.2833467241262093 0.3275832574901811 -0.2076631248517801 0.06324615370847461 -0.1030461624303811
0.133 0.8275381473650421 -0.2833356433850347 0.3281111644256781 -0.2072165499281271 0.0631081518265702 -0.1030255115715808
0.134 0.827788137427623 -0.2833245020406102 0.328639531120954 -0.2067640787477538 0.06297073705355659 -0.1030036936244749
0.135 0.828038413664587 -0.2833132999284937 0.3291669895167386 -0.2063125620280819 0.06283258692171546 -0.1029824258088877
0.136 0.828288976648899 -0.2833020368836004 0.3296973153033229 -0.2058598816384771 0.06269503999688782 -0.1029616502592801
0.137 0.828539826955298 -0.2832907127402007 0.3302261149902777 -0.2054017097108774 0.06255748281653255 -0.1029395458385229
0.138 0.828790965160301 -0.283279327331917 0.330755502919475 -0.2049431705867189 0.06241978150417573 -0.1029178508696972
0.139 0.829042391842219 -0.2832678804917201 0.3312854190079971 -0.2044818425266083 0.06228226174504504 -0.1028958723410187
0.14 0.829294107581157 -0.2832563720519266 0.3318148784098357 -0.204019527925452 0.06214440158688656 -0.1028739743331039
0.141 0.829546112959022 -0.2832448018441953 0.3323455104004896 -0.2035543222186568 0.06200691332095154 -0.1028518736656206
0.142 0.829798408559537 -0.2832331696995251 0.3328751967883717 -0.2030875379964869 0.06186904154896787 -0.1028296227987556
0.143 0.830050994968239 -0.2832214754482508 0.3334064684615747 -0.202618324175903 0.06173155728180897 -0.1028073570477302
0.144 0.830303872772495 -0.28320971892004 0.3339374942219578 -0.2021469311444378 0.06159398951720428 -0.1027848788086764
0.145 0.830557042561507 -0.2831978999438906 0.3344681858665393 -0.2016735513782574 0.06145625228890046 -0.1027622566386872
0.146 0.830810504926315 -0.2831860183481272 0.3349995301944007 -0.2011980753593794 0.06131862360155287 -0.1027395732784728
0.147 0.831064260459815 -0.2831740739603978 0.3355310659021025 -0.2007204337406221 0.0611809927929276 -0.1027167585136062
0.148 0.831318309756754 -0.2831620666076708 0.336062859262703 -0.2002402984778397 0.06104342674014426 -0.1026937366433192
0.149 0.831572653413751 -0.2831499961162309 0.336594542575459 -0.199758691191395 0.06090568561649906 -0.1026707257236596
0.15 0.831827292029293 -0.283137862311678 0.3371266472733705 -0.1992744624765483 0.06076808096410661 -0.1026475019978693
0.151 0.8320822262037521 -0.2831256650189205 0.337658786773473 -0.1987882463221567 0.06063040702304073 -0.1026241823218136
0.152 0.832337456539388 -0.2831134040621755 0.3381919148490165 -0.1982996559198613 0.06049297463739464 -0.1026008025863622
0.153 0.8325929836403581 -0.2831010792649632 0.3387246042388759 -0.1978089180664413 0.06035537653731064 -0.1025772224437326
0.154 0.832848808112726 -0.2830886904501038 0.3392572197215701 -0.1973162920974836 0.06021767525027357 -0.1025535560172904
0.155 0.833104930564468 -0.2830762374397155 0.3397907733976622 -0.1968205704432918 0.06008030617535405 -0.1025296525339554
0.156 0.833361351605482 -0.2830637200552093 0.3403249620812901 -0.196322570035691 0.05994307385980668 -0.1025056777002022
0.157 0.833618071847596 -0.2830511381172867 0.3408580260791957 -0.1958233439167546 0.05980536491315707 -0.1024816420613344
0.158 0.833875091904576 -0.2830384914459359 0.3413917670169133 -0.1953214815377065 0.05966784663383227 -0.1024574601883158
0.159 0.834132412392136 -0.2830257798604285 0.3419251976217828 -0.1948175022736155 0.05953019874328421 -0.102433111377053
0.16 0.834390033927943 -0.2830130031793159 0.3424599171480166 -0.1943109041567627 0.05939290868756534 -0.1024087161692074
0.161 0.834647957131627 -0.2830001612204259 0.3429941246420538 -0.1938022029931812 0.05925542800981053 -0.1023841334071131
0.162 0.83490618262479 -0.2829872538008586 0.3435280444929885 -0.1932915782901462 0.05911777926262046 -0.102359454325317
0.163 0.835164711031015 -0.2829742807369843 0.3440627092871454 -0.1927784145013929 0.05898034287305667 -0.1023346643186084
0.164 0.835423542975872 -0.2829612418444379 0.3445978543514802 -0.1922626420757127 0.05884305404353669 -0.1023097274480732
0.165 0.8356826790869279 -0.2829481369381172 0.3451321094073015 -0.1917451073127022 0.05870542078652414 -0.1022846406834062
0.166 0.835942119993758 -0.282934965832178 0.3456669859400183 -0.1912249407216782 0.05856797029656024 -0.1022594220589319
0.167 0.836201866327948 -0.2829217283400316 0.3462020149647412 -0.1907028968985852 0.05843047495585585 -0.1022341878859057
0.168 0.83646191872311 -0.2829084242743395 0.3467372034080916 -0.1901779237790181 0.05829308543965643 -0.102208682876872
0.169 0.836722277814886 -0.2828950534470118 0.3472727040875883 -0.189650483581838 0.05815577950696637 -0.1021830476353731
0.17 0.836982944240958 -0.2828816156692018 0.3478083134120107 -0.1891212649527104 0.05801839439866965 -0.1021574297437384
0.171 0.837243918641059 -0.282868110751303 0.3483432587643228 -0.1885897058790713 0.05788082236008767 -0.1021315651752522
0.172 0.8375052016569809 -0.2828545385029453 0.3488790850456401 -0.1880555179426631 0.05774349780792189 -0.1021056267909989
0.173 0.83776679393258 -0.2828408987329912 0.3494152217786477 -0.187519010363274 0.05760623079846476 -0.1020796063107475
0.174 0.8380286961137901 -0.2828271912495323 0.34995074107893 -0.1869805186692871 0.05746872882087435 -0.1020534436915713
0.175 0.838290908848632 -0.2828134158598847 0.3504862931915006 -0.1864389381542244 0.05733134440160047 -0.1020269771068722
0.176 0.8385534327872179 -0.2827995723705858 0.3510218553617401 -0.18589569157674 0.05719383374366551 -0.1020005490171889
0.177 0.8388162685817659 -0.2827856605873908 0.3515587506273681 -0.1853490527820675 0.05705680702262784 -0.1019739476744883
0.178 0.839079416886604 -0.2827716803152678 0.3520947323956114 -0.1848009933929498 0.05691938368704895 -0.1019473094771458
0.179 0.839342878358186 -0.2827576313583947 0.352630369464598 -0.1842502306259275 0.05678191659837974 -0.101920405346834
0.18 0.839606653655094 -0.2827435135201545 0.3531664032137757 -0.1836967890023688 0.05664458711078959 -0.1018933676945949
0.181 0.83987074343805 -0.2827293266031327 0.3537031762247829 -0.1831410276859849 0.05650741337327692 -0.1018663455119567
0.182 0.840135148369928 -0.2827150704091115 0.3542393359032703 -0.1825830953061292 0.05637004664630004 -0.1018391532585409
0.183 0.840399869115761 -0.2827007447390677 0.3547756509709791 -0.1820222389199761 0.05623279528900049 -0.1018117387398624
0.184 0.84066490634275 -0.282686349393167 0.3553124435278999 -0.181459354309181 0.05609558838525329 -0.1017843744491093
0.185 0.840930260720275 -0.2826718841707612 0.3558484572375859 -0.1808938407586068 0.05595821676858956 -0.1017567281402829
0.186 0.841195932919903 -0.2826573488703827 0.3563846081809193 -0.1803261538539962 0.05582086486943012 -0.1017290113508634
0.187 0.841461923615399 -0.2826427432897423 0.356921387303112 -0.1797551806015962 0.0556837748289423 -0.1017011093106994
0.188 0.841728233482737 -0.2826280672257239 0.3574570609213437 -0.1791825603004529 0.05554627691426942 -0.101673083562646
0.189 0.841994863200107 -0.2826133204743803 0.3579941658895205 -0.1786070324498279 0.05540921118836485 -0.1016450605122449
0.19 0.8422618134479239 -0.2825985028309288 0.3585299288431557 -0.1780288086889158 0.05527187078481466 -0.1016166412626815
0.191 0.842529084908843 -0.2825836140897481 0.3590666783419822 -0.1774485026117996 0.05513470909684966 -0.1015883720852968
0.192 0.8427966782677631 -0.2825686540443733 0.3596035334333259 -0.1768650224813545 0.05499768656110882 -0.1015598461148332
0.193 0.843064594211844 -0.2825536224874912 0.3601394748577512 -0.1762796129251905 0.05486037525709193 -0.1015311896016685
0.194 0.843332833430506 -0.2825385192109374 0.3606757186273937 -0.1756915031821735 0.05472317102174242 -0.1015024231430756
0.195 0.843601396615452 -0.2825233440056902 0.3612119372739459 -0.1751008944848154 0.05458597047675333 -0.101473549401017
0.196 0.84387028446067 -0.282508096661868 0.3617477975779327 -0.1745075091217086 0.05444874059570458 -0.1014444384620585
0.197 0.844139497662444 -0.2824927769687235 0.362283786882632 -0.1739120073713514 0.05431148780830485 -0.1014153376101845
0.198 0.844409036919366 -0.2824773847146403 0.3628198056541506 -0.1733133843007002 0.05417435127822001 -0.101386002294084
0.199 0.844678902932348 -0.2824619196871283 0.3633560416262012 -0.1727125522079087 0.05403722652187118 -0.1013566644906449
0.2 0.844949096404627 -0.2824463816728184 0.3638925073564639 -0.1721086021439557 0.05390026639308499 -0.1013271370023369
0.201 0.845219618041781 -0.2824307704574593 0.3644278443331738 -0.1715022075233013 0.05376304935214449 -0.1012973404846286
0.202 0.845490468551736 -0.282415085825912 0.3649633209417104 -0.17089377624568 0.05362579170110818 -0.1012675835427557
0.203 0.845761648644778 -0.2823993275621462 0.3654994720776151 -0.1702821245957868 0.0534888211257763 -0.1012376906372783
0.204 0.846033159033564 -0.2823834954492343 0.3660348205267719 -0.1696680431618914 0.05335166135461013 -0.1012076032567255
0.205 0.8463050004331309 -0.2823675892693484 0.3665703611217383 -0.1690511343502466 0.05321460761210144 -0.1011773914116196
0.206 0.846577173560908 -0.2823516088037547 0.3671058919407941 -0.1684311642330791 0.05307765758651997 -0.1011469846881622
0.207 0.846849679136728 -0.2823355538328091 0.3676403426626355 -0.1678099912707812 0.05294026131644314 -0.1011166148520934
0.208 0.847122517882835 -0.2823194241359527 0.3681751259547855 -0.1671849154878378 0.05280320528700505 -0.1010859205379488
0.209 0.8473956905239 -0.282303219491707 0.3687106792100662 -0.1665571686594573 0.05266633822035637 -0.1010552261646137
0.21 0.847669197787028 -0.2822869396776687 0.369244628366902 -0.1659273110874051 0.0525290566619866 -0.101024312194247
0.211 0.84794304040177 -0.2822705844705056 0.3697797404742266 -0.1652940015136686 0.05239220989267031 -0.1009933175829481
0.212 0.848217219100136 -0.2822541536459513 0.3703139235333551 -0.1646586722696039 0.05225508639029715 -0.1009622143869589
0.213 0.848491734616603 -0.2822376469788011 0.3708485525687007 -0.1640201360914105 0.05211819073482412 -0.1009309816221807
0.214 0.84876658768813 -0.2822210642429062 0.3713825362047753 -0.1633788568112502 0.05198120546344599 -0.1008995301815471
0.215 0.849041779054166 -0.2822044052111691 0.3719164193988385 -0.1627350914557214 0.05184420016998931 -0.1008680178110593
0.216 0.8493173094566639 -0.2821876696555395 0.3724501493339552 -0.1620888465590055 0.05170717146065895 -0.1008364469126751
0.217 0.849593179640088 -0.2821708573470076 0.3729830551974072 -0.1614391223981113 0.0515701446527386 -0.1008044763049302
0.218 0.8498693903514321 -0.2821539680556011 0.3735166206735576 -0.1607870646938911 0.05143323867513258 -0.1007726247937629
0.219 0.850145942340224 -0.2821370015503793 0.3740490078895757 -0.1601325600462954 0.05129607502639433 -0.1007405343669015
0.22 0.850422836358543 -0.2821199575994269 0.3745828106508406 -0.1594741916547586 0.05115946526892046 -0.1007083798834968
0.221 0.850700073161027 -0.282102835969851 0.375115078717191 -0.1588136656047159 0.05102247663737141 -0.1006760049777335
0.222 0.850977653504888 -0.2820856364277752 0.3756466932935601 -0.1581506062521135 0.05088536436742466 -0.1006434804956155
0.223 0.851255578149921 -0.2820683587383329 0.3761787663401553 -0.1574845913373093 0.05074843541860423 -0.1006109199381922
0.224 0.851533847858516 -0.2820510026656649 0.3767105005386728 -0.1568157649861513 0.05061149435070508 -0.1005782164213029
0.225 0.851812463395675 -0.282033567972912 0.3772424382428409 -0.1561437418108895 0.05047473126167249 -0.100545386606235
0.226 0.852091425529017 -0.2820160544222108 0.3777733696633898 -0.1554689825828989 0.0503378035428582 -0.1005123202765446
0.227 0.852370735028795 -0.2819984617746878 0.3783042073759302 -0.154791471225471 0.05020090891791756 -0.1004791783101951
0.228 0.852650392667905 -0.2819807897904548 0.3788348237844244 -0.1541112264876363 0.05006401803429575 -0.100445946727716
0.229 0.8529303992218999 -0.2819630382286027 0.3793646085234195 -0.1534280782751054 0.04992702968925606 -0.1004124765504099
0.23 0.853210755469005 -0.2819452068471969 0.379895052049787 -0.1527416020954377 0.04979033811015915 -0.1003789668272568
0.231 0.853491462190124 -0.2819272954032711 0.3804242007845282 -0.1520526571232419 0.04965337336224895 -0.1003452249040151
0.232 0.853772520168854 -0.2819093036528227 0.3809539907974708 -0.1513603253627025 0.0495167112039825 -0.1003114323442518
0.233 0.854053930191502 -0.2818912313508066 0.3814821236778752 -0.1506655314596594 0.04937970891130536 -0.1002773633744597
0.234 0.854335693047093 -0.2818730782511301 0.382010955950753 -0.1499678743468528 0.04924291696528667 -0.1002433643549987
0.235 0.854617809527382 -0.2818548441066469 0.3825390093466504 -0.1492671281893094 0.04910607707690554 -0.100209117018921
0.236 0.8549002804268711 -0.2818365286691521 0.3830667103717201 -0.1485634217234895 0.0489692522407229 -0.1001747434352658
0.237 0.855183106542821 -0.2818181316893761 0.3835940668893335 -0.14785695255496 0.04883241532542023 -0.1001402773967052
0.238 0.855466288675259 -0.2817996529169787 0.3841207913831793 -0.1471472625104962 0.04869558985891204 -0.1001055831600543
0.239 0.855749827627 -0.2817810921005442 0.3846482410591543 -0.1464343411659825 0.0485590473237622 -0.1000709165444618
0.24 0.856033724203655 -0.2817624489875751 0.3851740874681148 -0.1457187877651572 0.04842220019791015 -0.1000359521938039
0.241 0.8563179792136421 -0.281743723324486 0.3856995258199298 -0.1450001301096379 0.04828539761148572 -0.1000008395603464
0.242 0.856602593468207 -0.2817249148565984 0.3862250841909479 -0.1442783558672008 0.04814873363209016 -0.09996567772508759
0.243 0.8568875677814271 -0.2817060233281349 0.3867496323039038 -0.143553713548687 0.04801193589299275 -0.09993029424389695
0.244 0.857172902970234 -0.2816870484822123 0.3872747954737956 -0.142825810308403 0.0478754017365283 -0.09989493932720735
0.245 0.857458599854421 -0.2816679900608368 0.3877978346667528 -0.1420956721093763 0.04773840512792121 -0.09985928750843157
0.246 0.857744659256657 -0.2816488478048976 0.38832137901294 -0.1413614712496891 0.04760179785007051 -0.09982348506360871
0.247 0.858031082002504 -0.2816296214541603 0.388844387795465 -0.1406245996219709 0.04746512249689406 -0.09978761227937957
0.248 0.8583178689204271 -0.2816103107472616 0.3893672364647811 -0.1398844730783123 0.04732854988296907 -0.09975163122070757
0.249 0.85860502084181 -0.2815909154217035 0.3898885226001175 -0.139141679883847 0.04719171361257881 -0.09971539180065392
0.25 0.858892538600969 -0.2815714352138455 0.3904100014175264 -0.1383955452446046 0.04705506765739813 -0.09967910038673443
0.251 0.859180423035164 -0.2815518698589007 0.3909308731369859 -0.1376463225859853 0.0469184168507389 -0.09964265874659155
0.252 0.859468674984619 -0.2815322190909272 0.3914512754664645 -0.1368939184753417 0.04678180312378692 -0.09960607612971809
0.253 0.859757295292529 -0.2815124826428239 0.3919713154387483 -0.1361384846962898 0.04664521770254839 -0.09956941492698022
0.254 0.8600462848050801 -0.2814926602463228 0.3924901086660411 -0.1353798829260794 0.0465085213651899 -0.09953247596168516
0.255 0.860335644371459 -0.2814727516319834 0.393008374480649 -0.1346181642348921 0.04637184325192906 -0.09949540717250403
0.256 0.860625374843873 -0.281452756529186 0.3935270755841806 -0.1338531379733257 0.0462353881393955 -0.09945836626489592
0.257 0.860915477077557 -0.2814326746661247 0.3940442895123255 -0.1330853136426239 0.04609871347780345 -0.09942108661355058
0.258 0.861205951930797 -0.2814125057698024 0.394561442085033 -0.1323135245659371 0.04596229728254365 -0.09938362574240235
0.259 0.861496800264936 -0.2813922495660231 0.3950773226157644 -0.1315395871272571 0.04582557542579747 -0.09934609437936134
0.26 0.861788022944395 -0.2813719057793849 0.3955926975559619 -0.130761965587425 0.04568898492741157 -0.09930834520158387
0.261 0.862079620836687 -0.281351474133275 0.3961072895152985 -0.1299812054872716 0.04555236562427543 -0.09927045241830001
0.262 0.862371594812428 -0.2813309543498619 0.3966215057260503 -0.1291970660897427 0.04541583612918935 -0.09923243667033263
0.263 0.862663945745356 -0.2813103461500883 0.39713481956334 -0.1284096872220807 0.04527928090913016 -0.09919424021624444
0.264 0.862956674512345 -0.2812896492536656 0.3976481559893374 -0.1276189593845647 0.04514288034278886 -0.09915601318228177
0.265 0.8632497819934219 -0.2812688633790666 0.3981604155714115 -0.1268252268835657 0.04500637802304485 -0.09911761448252683
0.266 0.863543269071776 -0.2812479882435176 0.3986713233856488 -0.1260283055517467 0.04486975510171836 -0.09907896634048668
0.267 0.863837136633783 -0.2812270235629933 0.3991824330661456 -0.1252279701806618 0.04473333497189009 -0.09904031921289186
0.268 0.864131385569013 -0.2812059690522086 0.3996925184792779 -0.1244245508014909 0.04459683493469131 -0.09900151425080871
0.269 0.864426016770251 -0.2811848244246118 0.4002013880528247 -0.1236173133571346 0.04446036618593854 -0.09896238294832475
0.27 0.864721031133509 -0.2811635893923781 0.4007097041870125 -0.1228071573350898 0.0443238696525468 -0.09892321518614688
0.271 0.865016429558045 -0.281142263666402 0.401218021656778 -0.1219934901483171 0.04418755244754134 -0.09888402345034969
0.272 0.8653122129463769 -0.2811208469562903 0.4017245659628136 -0.1211769207959596 0.04405099898126263 -0.09884455981900506
0.273 0.865608382204299 -0.2810993389703552 0.40223079206064 -0.1203565385587339 0.04391462482850697 -0.09880497056617177
0.274 0.8659049382409 -0.2810777394156063 0.4027362014000222 -0.1195331238797547 0.04377820595291568 -0.09876528454954382
0.275 0.866201881968574 -0.2810560479977443 0.4032408642339649 -0.1187062507954197 0.04364182537089821 -0.09872545556787801
0.276 0.866499214303043 -0.281034264421153 0.4037444349564014 -0.1178757432119597 0.04350546566034168 -0.09868538599772678
0.277 0.8667969361633689 -0.2810123883888923 0.4042468223854404 -0.1170423877459216 0.04336895936480647 -0.09864519136052945
0.278 0.8670950484719731 -0.2809904196026902 0.4047493954006583 -0.1162050748059933 0.04323274624064718 -0.09860496577610199
0.279 0.86739355215465 -0.2809683577629359 0.405250317207858 -0.1153649930450034 0.04309629204999113 -0.09856454921988075
0.28 0.867692448140588 -0.2809462025686726 0.4057502621723167 -0.1145208870586364 0.04295995906422918 -0.09852386989456693
0.281 0.86799173736238 -0.2809239537175881 0.4062492335267504 -0.1136736993199031 0.04282356053714946 -0.0984830828842166
0.282 0.868291420756048 -0.2809016109060099 0.4067482299551191 -0.1128227322561001 0.04268739185620066 -0.0984422826886113
0.283 0.8685914992610519 -0.2808791738288951 0.4072451310834867 -0.111969083775401 0.04255089397592553 -0.09840123057567265
0.284 0.868891973820315 -0.2808566421798238 0.4077418471916617 -0.111111312765006 0.04241466609456283 -0.09836007083767935
0.285 0.869192845380234 -0.2808340156509909 0.4082370425596611 -0.1102502171833783 0.0422783302397144 -0.09831868088926167
0.286 0.8694941148907021 -0.280811293933199 0.4087318240507302 -0.1093856526176771 0.04214209395439655 -0.09827725432840213
0.287 0.869795783305122 -0.2807884767158493 0.4092254797013729 -0.1085174857487077 0.04200587096605185 -0.09823563475427122
0.288 0.870097851580426 -0.2807655636869346 0.4097179742709961 -0.1076460745587654 0.04186958430856301 -0.09819387733376037
0.289 0.8704003206770931 -0.2807425545330309 0.4102094768535437 -0.1067710705466706 0.04173332949759805 -0.09815196968560118
0.29 0.870703191559168 -0.2807194489392892 0.4106998472174848 -0.1058925517813265 0.041597065343625 -0.09810989223242195
0.291 0.871006465194275 -0.2806962465894274 0.4111893473276012 -0.1050103345375748 0.04146088033561979 -0.09806767357389276
0.292 0.871310142553641 -0.2806729471657226 0.4116773473755512 -0.104124963596925 0.04132456097680065 -0.09802527982958198
0.293 0.871614224612112 -0.280649550349002 0.4121642071566859 -0.1032359643235006 0.04118826209717589 -0.09798271313276537
0.294 0.871918712348169 -0.2806260558186353 0.4126506534617279 -0.1023431055824738 0.04105213225204023 -0.0979400889410986
0.295 0.8722236067439491 -0.2806024632525261 0.4131358200862297 -0.1014464956019947 0.0409161235328042 -0.09789726408132604
0.296 0.872528908785263 -0.2805787723271034 0.4136196902729312 -0.1005466862072089 0.04077992950334897 -0.09785430851651164
0.297 0.872834619461615 -0.2805549827173129 0.4141025240459003 -0.0996429849096957 0.04064381928110173 -0.09781118099891109
0.298 0.873140739766219 -0.2805310940966092 0.4145841224248844 -0.0987361597891114 0.04050761315433691 -0.09776795913988023
0.299 0.873447270696019 -0.280507106136946 0.4150646281018238 -0.0978252929039478 0.04037151508002492 -0.09772454308753037
0.3 0.873754213251708 -0.280483018508769 0.4155437793603157 -0.0969109801221429 0.04023536376593494 -0.09768097110030705
0.301 0.874061568437748 -0.2804588308810057 0.4160213192266521 -0.0959930461242526 0.04009916395149871 -0.09763717009693974
0.302 0.874369337262387 -0.2804345429210571 0.4164990755710372 -0.0950710498398914 0.03996327001609066 -0.0975934463227283
0.303 0.874677520737682 -0.2804101542947893 0.416974404857179 -0.0941462052385761 0.03982705047261791 -0.09754944999820014
0.304 0.874986119879513 -0.280385664666524 0.417448636746914 -0.09321686418084769 0.03969103683484444 -0.09750521395605734
0.305 0.875295135707607 -0.2803610736990296 0.4179214270763021 -0.0922842322978777 0.03955492204203799 -0.09746085473003324
0.306 0.875604569245558 -0.2803363810535128 0.4183928132779988 -0.0913481497833323 0.03941875903795267 -0.09741635209698604
0.307 0.875914421520843 -0.2803115863896082 0.4188641539928212 -0.0904077232936012 0.03928291371911155 -0.09737186039486358
0.308 0.876224693564846 -0.2802866893653703 0.4193332895655486 -0.0894640205731686 0.03914686683921857 -0.09732710274476108
0.309 0.876535386412876 -0.2802616896372641 0.4198004362202504 -0.0885168554137236 0.03901068364844681 -0.09728209931702375
0.31 0.876846501104187 -0.2802365868601547 0.4202667483073482 -0.0875652903093456 0.03887472672913993 -0.09723695581693415
0.311 0.877158038681999 -0.2802113806872996 0.4207318676306999 -0.0866104580207925 0.03873870822956246 -0.09719176166038471
0.312 0.8774700001935209 -0.2801860707703378 0.4211955786731861 -0.085651554460101 0.03860276472331416 -0.09714636964388976
0.313 0.877782386689966 -0.2801606567592811 0.4216576589865539 -0.0846891576488634 0.03846673561578358 -0.09710082045319285
0.314 0.878095199226577 -0.2801351383025039 0.4221193566715867 -0.0837226936301545 0.03833093696910509 -0.09705528600741933
0.315 0.878408438862646 -0.2801095150467346 0.4225784249959079 -0.0827524841166631 0.03819496244992201 -0.09700937032311249
0.316 0.8787221066615351 -0.2800837866370447 0.4230358117933985 -0.0817786273284653 0.03805895338837255 -0.09696327180067016
0.317 0.879036203690696 -0.2800579527168392 0.4234920764561114 -0.0808010572615279 0.03792298205276205 -0.09691710676592849
0.318 0.879350731021695 -0.2800320129278477 0.4239467981863838 -0.0798196795205093 0.03778700990089774 -0.09687078259237593
0.319 0.879665689730232 -0.2800059669101134 0.4244007821729321 -0.07883385774832796 0.03765127509874434 -0.09682438432835284
0.32 0.879981080896162 -0.2799798143019832 0.4248525941354723 -0.07784451829903355 0.0375153984447186 -0.09677774645821088
0.321 0.880296905603517 -0.2799535547400986 0.4253024468714139 -0.07685152898169088 0.03737945576431376 -0.09673089342124473
0.322 0.880613164940531 -0.2799271878593839 0.4257508283385397 -0.07585465286666576 0.0372435314083523 -0.09668390718739119
0.323 0.880929859999658 -0.2799007132930373 0.4261985986966127 -0.07485342184891142 0.03710784408831785 -0.09663690728545775
0.324 0.881246991877594 -0.2798741306725204 0.4266437240458383 -0.07384879053309006 0.03697193618135306 -0.09658960239838923
0.325 0.8815645616753029 -0.2798474396275473 0.4270878768933645 -0.07284007321776031 0.03683615928623218 -0.09654225339379266
0.326 0.881882570498038 -0.279820639786074 0.4275291359309747 -0.07182788999794249 0.03670016239108511 -0.09649454646558295
0.327 0.882201019455362 -0.2797937307742889 0.4279698926045358 -0.07081119110433754 0.03656443166406283 -0.09644685237653469
0.328 0.882519909661173 -0.279766712216601 0.4284087028579966 -0.06979065634913334 0.03642867018850363 -0.09639896226786675
0.329 0.882839242233725 -0.2797395837356302 0.4288461689784305 -0.06876629603389301 0.0362929376322959 -0.09635100504851561
0.33 0.883159018295652 -0.2797123449521957 0.42928122612458 -0.06773790508712914 0.03615715846203119 -0.09630274303541604
0.331 0.8834792389739941 -0.2796849954853053 0.4297151813505709 -0.0667056391763523 0.03602144308121055 -0.09625446819906208
0.332 0.883799905400214 -0.2796575349521452 0.4301468976761835 -0.06566936990645726 0.03588569552372811 -0.09620593631104281
0.333 0.884121018710229 -0.2796299629680683 0.4305766794617948 -0.06462879186903582 0.03575000705007209 -0.09615718166943672
0.334 0.884442580044428 -0.2796022791465824 0.4310045818378035 -0.0635848639811527 0.03561419032016717 -0.09610832938148151
0.335 0.884764590547698 -0.279574483099341 0.4314312784617425 -0.06253643636267042 0.03547856930168867 -0.09605939353154179
0.336 0.88508705136945 -0.2795465744361298 0.4318554350295663 -0.06148396439013901 0.03534287839311831 -0.09601015510278867
0.337 0.88540996366364 -0.2795185527648575 0.432278275184377 -0.06042747861980438 0.03520725885926723 -0.09596087633520749
0.338 0.8857333285887961 -0.2794904176915419 0.4326996447157115 -0.05936684947287397 0.03507172763791817 -0.0959115162378843
0.339 0.886057147308039 -0.279462168820301 0.4331179405370503 -0.05830258673159545 0.03493599739271734 -0.09586179336209098
0.34 0.886381420989113 -0.2794338057533392 0.4335347218243458 -0.0572342376253676 0.03480032484309138 -0.09581202738546127
0.341 0.886706150804406 -0.2794053280909371 0.4339494013144318 -0.05616161755656634 0.03466467588779669 -0.0957620239768774
0.342 0.887031337930976 -0.2793767354314387 0.4343617265134475 -0.05508489567502773 0.03452903647264548 -0.09571178010335463
0.343 0.887356983550575 -0.27934802737124 0.4347731647545605 -0.05400403391044359 0.03439353349794642 -0.09566161516680687
0.344 0.8876830888496789 -0.2793192035047771 0.4351821462823932 -0.05291878056068862 0.03425804184617852 -0.09561116974525426
0.345 0.888009655019508 -0.2792902634245142 0.4355883724866733 -0.05183013449061296 0.0341223596293484 -0.09556049765017484
0.346 0.888336683256054 -0.2792612067209308 0.435993031301937 -0.05073695140080275 0.03398681961425749 -0.09550972332924441
0.347 0.8886641747601099 -0.2792320329825099 0.436395564796137 -0.04963963935201056 0.03385128914562953 -0.09545878424147601
0.348 0.888992130737289 -0.2792027417957261 0.4367966025474593 -0.0485378755414026 0.03371589710842028 -0.09540778206682979
0.349 0.889320552398059 -0.2791733327450324 0.4371944905437125 -0.04743232307468051 0.03358035107285064 -0.09535645002643395
0.35 0.889649440957761 -0.279143805412848 0.4375903412373861 -0.04632262081451954 0.03344481119576397 -0.09530498844912573
0.351 0.889978797636643 -0.2791141593795458 0.4379846037221999 -0.04520840555098316 0.03330942521948983 -0.09525345214216495
0.352 0.8903086236598819 -0.2790843942234394 0.4383762625132128 -0.04409064592669316 0.03317388065049523 -0.09520173511407921
0.353 0.890638920257614 -0.2790545095207709 0.4387658069349511 -0.04296793266657083 0.03303851031907295 -0.09514980498067224
0.354 0.890969688664957 -0.2790245048456967 0.4391525996533094 -0.04184143673192841 0.03290303305187521 -0.09509765862360631
0.355 0.891300930122045 -0.2789943797702763 0.4395371633781802 -0.04071043989512996 0.03276761691275846 -0.09504532628910302
0.356 0.891632645874051 -0.278964133864457 0.4399203138217256 -0.03957537793198632 0.03263227004579092 -0.09499304017185033
0.357 0.891964837171213 -0.2789337666960628 0.440300077146417 -0.03843624700603685 0.03249679882419978 -0.09494038135811236
0.358 0.892297505268869 -0.2789032778307801 0.4406778829478117 -0.0372925452021633 0.03236146206405151 -0.09488762037073081
0.359 0.892630651427479 -0.2788726668321439 0.4410531685036081 -0.03614476587451115 0.03222607706874994 -0.09483467760656572
0.36 0.892964276912654 -0.2788419332615248 0.4414259962164639 -0.03499271298219167 0.03209071882972504 -0.09478148312461269
0.361 0.893298382995189 -0.2788110766781155 0.441796598531212 -0.03383631259544116 0.03195539810916105 -0.09472824249132074
0.362 0.893632970951087 -0.2787800966389169 0.4421647905170938 -0.0326757574099519 0.03182006526265932 -0.09467485795963773
0.363 0.89396804206159 -0.2787489926987235 0.4425300850456292 -0.03151083810256288 0.03168472788176137 -0.0946212184613574
0.364 0.894303597613208 -0.2787177644101109 0.4428936841615761 -0.03034112065630956 0.0315495753800759 -0.09456754262457624
0.365 0.894639638897751 -0.2786864113234207 0.443253795722819 -0.02916734878108405 0.03141430008145515 -0.09451352364577525
0.366 0.894976167212352 -0.2786549329867465 0.4436117030364215 -0.02798953303346747 0.03127901516669982 -0.09445944438764034
0.367 0.895313183859505 -0.2786233289459196 0.4439672401477385 -0.02680682820930786 0.03114386921500807 -0.0944051912418772
0.368 0.895650690147087 -0.2785915987444951 0.4443197030083262 -0.02562036008901873 0.03100858493871152 -0.09435073373378614
0.369 0.895988687388396 -0.2785597419237368 0.4446693420509952 -0.02442958276595286 0.03087328845855838 -0.09429606972140163
0.37 0.896327176902176 -0.2785277580226028 0.4450171160898126 -0.0232336689019612 0.03073822992798061 -0.09424134850114568
0.371 0.89666616001265 -0.2784956465777305 0.4453612431244403 -0.02203405846329236 0.03060297074895451 -0.09418631782802737
0.372 0.89700563804955 -0.2784634071234224 0.4457031229866706 -0.02082986336233726 0.03046780822203321 -0.0941312069743209
0.373 0.897345612348148 -0.2784310391916307 0.4460421931777153 -0.0196212784182139 0.03033265099846883 -0.09407591243167741
0.374 0.897686084249292 -0.2783985423119416 0.4463788037301883 -0.01840791114818563 0.03019761113462034 -0.0940204910296247
0.375 0.898027055099427 -0.2783659160115617 0.4467122484079696 -0.01719070568333519 0.03006243949095637 -0.09396487130770813
0.376 0.89836852625064 -0.2783331598153005 0.4470431468641897 -0.01596851200036893 0.02992742176905105 -0.09390909831880406
0.377 0.89871049906068 -0.2783002732455576 0.4473700733705353 -0.0147424750282453 0.02979221616306142 -0.09385297908774159
0.378 0.899052974892999 -0.2782672558223042 0.4476955133115361 -0.01351155666425088 0.02965721725814354 -0.0937969466524467
0.379 0.8993959551167811 -0.2782341070630699 0.4480172056260219 -0.01227626308328184 0.0295221626784939 -0.09374058696675244
0.38 0.899739441106974 -0.2782008264829252 0.448335985848304 -0.01103653448901279 0.02938710846127935 -0.09368405516309962
0.381 0.900083434244324 -0.2781674135944664 0.448652431833545 -0.00979185077245368 0.02925222842252804 -0.09362746026813473
0.382 0.90042793591541 -0.2781338679077995 0.4489648739708441 -0.00854333557089779 0.02911715616247699 -0.0935705354754242
0.383 0.900772947512674 -0.2781001889305234 0.4492746746190056 -0.007290051346847765 0.02898218204812345 -0.09351350588843255
0.384 0.901118470434457 -0.2780663761677142 0.4495815425220778 -0.006032302904993653 0.02884722885559288 -0.09345633783783959
0.385 0.901464506085033 -0.2780324291219085 0.4498851074747253 -0.004770129917295724 0.028712260727313 -0.0933989637612354
0.386 0.9018110558746411 -0.2779983472930866 0.4501854748061444 -0.003503284422120612 0.02857733407542616 -0.09334138948413469
0.387 0.902158121219524 -0.277964130178656 0.4504825554471552 -0.002232172240786007 0.02844235793384347 -0.0932836362359441
0.388 0.902505703541957 -0.2779297772734346 0.4507765272411278 -0.000956294850169043 0.02830745474805729 -0.09322571721507575
0.389 0.9028538042702901 -0.2778952880696331 0.4510676145146183 0.0003243712852456504 0.02817264177687328 -0.09316767739446416
0.39 0.9032024248389759 -0.2778606620568389 0.451354950954223 0.001609148165357871 0.0280377201626885 -0.09310938778253779
0.391 0.903551566688612 -0.2778258987219978 0.4516392448355447 0.002898942554094397 0.02790292445218656 -0.09305095681062138
0.392 0.903901231265969 -0.2777909975493972 0.4519203381356539 0.004193068335020062 0.02776810406173501 -0.09299238905412703
0.393 0.904251420024035 -0.2777559580206479 0.4521973667019545 0.005491833515679861 0.0276332685945499 -0.09293349408023729
0.394 0.904602134422045 -0.2777207796146675 0.4524716273500289 0.006794915773021187 0.0274984325007687 -0.09287457077769644
0.395 0.9049533759255231 -0.2776854618076614 0.452742376036973 0.008102968170683461 0.02736368464076166 -0.09281543275430033
0.396 0.905305146006312 -0.2776500040731048 0.4530092355075246 0.00941544347518633 0.02722888995159563 -0.09275603774280911
0.397 0.905657446142619 -0.2776144058817262 0.4532730748965392 0.01073277745286941 0.02709419101589405 -0.09269655015381699
0.398 0.906010277819046 -0.2775786667014864 0.4535329969476759 0.01205423600691438 0.02695938503839119 -0.09263683196815395
0.399 0.906363642526632 -0.2775427859975624 0.4537899838434456 0.01338096586014931 0.02682475802251776 -0.09257702993601598
0.4 0.906717541762889 -0.277506763232328 0.4540428581171743 0.01471184313544996 0.02669002244456171 -0.09251696974000044
0.401 0.907071977031838 -0.2774705978653346 0.454292278717963 0.01604778024622108 0.02655539737597773 -0.09245674479852699
0.402 0.907426949844053 -0.2774342893532926 0.4545380837949855 0.01738809387361426 0.02642073587984473 -0.09239636457414857
0.403 0.907782461716695 -0.2773978371500527 0.4547796010454016 0.01873299072025514 0.02628604699951874 -0.09233568807125701
0.404 0.908138514173553 -0.2773612407065858 0.4550178093680522 0.02008276416129593 0.02615143993960892 -0.0922749094048036
0.405 0.908495108745084 -0.2773244994709649 0.4552520884796673 0.02143711186100256 0.02601682122299927 -0.09221391986553515
0.406 0.908852246968451 -0.2772876128883443 0.4554828138518507 0.02279639145816445 0.02588228223284703 -0.09215278999425597
0.407 0.909209930387563 -0.2772505804009402 0.4557096293037366 0.02415997984027016 0.02574767978529276 -0.09209148450338703
0.408 0.90956816055312 -0.2772134014480117 0.455932218563459 0.02552865800416118 0.02561315868535056 -0.09202990583277708
0.409 0.909926939022645 -0.2771760754658397 0.4561509007490329 0.02690176334962854 0.02547859984189938 -0.09196815960815356
0.41 0.910286267360533 -0.2771386018877064 0.4563659427785663 0.02827957856938252 0.02534407541364931 -0.09190629411590505
0.411 0.910646147138087 -0.2771009801438767 0.4565778596507643 0.02966277991734578 0.02520973961384302 -0.09184439287226751
0.412 0.911006579933563 -0.2770632096615761 0.4567837817045314 0.03104938615919797 0.02507507001138905 -0.09178196137787782
0.413 0.91136756733221 -0.2770252898649699 0.4569874798339861 0.03244196722767037 0.02494074924197253 -0.09171966954599493
0.414 0.911729110926312 -0.2769872201751433 0.4571862626279595 0.0338389268621348 0.02480633634628206 -0.09165704109567899
0.415 0.912091212315231 -0.2769490000100801 0.457380175932124 0.03524026544548475 0.02467184301426364 -0.09159409335428617
0.416 0.91245387310545 -0.2769106287846404 0.4575707024410329 0.0366467387585219 0.02453747763126513 -0.09153110482920357
0.417 0.912817094910616 -0.2768721059105403 0.4577569491278134 0.03805801157998967 0.024403135913179 -0.09146791706884376
0.418 0.913180879351585 -0.2768334307963298 0.4579387976391739 0.03947383735084189 0.02426876538509815 -0.09140452094157646
0.419 0.913545228056461 -0.2767946028473718 0.4581166026314772 0.04089464921211886 0.02413446629441455 -0.0913409809525968
0.42 0.913910142660647 -0.2767556214658183 0.4582901914685539 0.04231994797544933 0.02400013234292367 -0.09127728782262466
0.421 0.914275624806883 -0.27671648605059 0.4584589994969186 0.0437503046318273 0.02386585927464931 -0.09121331378350761
0.422 0.914641676145296 -0.2766771959973532 0.4586231730569589 0.04518487463493676 0.02373148413785812 -0.09114912438399927
0.423 0.915008298333443 -0.2766377506984974 0.4587837529286851 0.04662492237997815 0.02359729366570758 -0.09108489794585967
0.424 0.915375493036356 -0.2765981495431125 0.4589384548117206 0.04806927455414131 0.0234629826056677 -0.09102021850901663
0.425 0.9157432619265879 -0.2765583919169654 0.4590897869334367 0.04951872515818198 0.02332878412822447 -0.09095557340693307
0.426 0.9161116066842599 -0.2765184772024775 0.4592362501839313 0.05097290140602107 0.02319458221939601 -0.09089068164260702
0.427 0.916480528997109 -0.276478404778702 0.4593781711034062 0.05243227972346876 0.02306048195574043 -0.09082560489236621
0.428 0.916850030560531 -0.276438174021298 0.4595153002790509 0.05389624417073511 0.02292635312206335 -0.09076031435558204
0.429 0.917220113077633 -0.2763977843025097 0.459647256829512 0.0553646697686643 0.02279215714875441 -0.09069474655201097
0.43 0.917590778259278 -0.2763572349911402 0.4597759054724322 0.05683845308717085 0.02265812531431781 -0.09062926052020319
0.431 0.9179620278241321 -0.2763165254525281 0.4598982893746582 0.05831654886312068 0.02252397580259775 -0.09056329893860321
0.432 0.918333863498716 -0.2762756550485237 0.4600164108554637 0.0597995385241189 0.02238987208168498 -0.09049725474629147
0.433 0.918706287017453 -0.2762346231374639 0.460129496508503 0.06128742280512434 0.02225579817986633 -0.09043098197193963
0.434 0.919079300122716 -0.2761934290741469 0.4602382142766454 0.06278057748122476 0.02212184324679511 -0.09036461504648484
0.435 0.919452904564881 -0.2761520722098081 0.4603412769514897 0.06427822836908923 0.02198782346522896 -0.09029792182721413
0.436 0.919827102102373 -0.2761105518920947 0.4604393595998625 0.06578105299045347 0.02185389306003999 -0.09023103117115079
0.437 0.92020189450172 -0.2760688674650393 0.4605330803841109 0.06728831289854398 0.02171991313929611 -0.090164088074475
0.438 0.9205772835376 -0.2760270182690359 0.4606208293251256 0.06880030379490288 0.02158591499862487 -0.09009677554647934
0.439 0.920953270992899 -0.2759850036408125 0.4607041132129237 0.07031747081141393 0.02145201567570126 -0.09002939510650054
0.44 0.9213298586587531 -0.2759428229134055 0.4607817524064703 0.07183942838282992 0.02131811726472568 -0.08996172598103998
0.441 0.921707048334609 -0.2759004754161336 0.4608543279541984 0.07336628699489123 0.02118425062547911 -0.08989389015849122
0.442 0.922084841828273 -0.275857960474571 0.4609218691514933 0.07489807052889868 0.02105042202527407 -0.08982590125806664
0.443 0.922463240955964 -0.2758152774105207 0.4609837734604643 0.07643453963618776 0.02091657618487101 -0.0897576559952917
0.444 0.922842247542366 -0.2757724255419869 0.4610404681388298 0.07797599317381056 0.02078277754604614 -0.08968923812978583
0.445 0.923221863420684 -0.2757294041831486 0.4610915932297178 0.07952218460256594 0.0206489751920321 -0.08962059068572394
0.446 0.923602090432696 -0.2756862126443306 0.4611377406683545 0.0810734010215407 0.02051523026953632 -0.08955183519837893
0.447 0.923982930428811 -0.2756428502319785 0.4611779675063618 0.0826293123375541 0.02038147035968831 -0.08948279961562072
0.448 0.92436438526812 -0.275599316248627 0.4612127321619958 0.0841904863124857 0.02024781031257251 -0.0894135766229037
0.449 0.924746456818453 -0.2755556099928747 0.4612420785653469 0.0857562826117384 0.02011412642333359 -0.08934419178812367
0.45 0.925129146956439 -0.2755117307593533 0.4612654702695901 0.0873270579734897 0.0199804849868566 -0.08927454296922879
0.451 0.925512457567555 -0.2754676778387005 0.4612826729132004 0.0889021031695346 0.0198467461239515 -0.08920459879324187
0.452 0.925896390546188 -0.2754234505175304 0.4612948790008803 0.0904825774543753 0.01971314388373535 -0.08913459527395579
0.453 0.926280947795692 -0.2753790480784032 0.4613014132579899 0.0920680807024393 0.01957959730948254 -0.0890644102936466
0.454 0.926666131228445 -0.2753344697997974 0.4613013796282051 0.0936580379261102 0.01944598793515241 -0.08899388147409928
0.455 0.927051942765908 -0.2752897149560783 0.4612960531840996 0.0952529113655063 0.01931241646207887 -0.08892326768094498
0.456 0.92743838433868 -0.2752447828174692 0.4612842994561549 0.0968528760217656 0.01917891013169314 -0.08885235214721759
0.457 0.927825457886566 -0.2751996726500197 0.4612672885106987 0.0984575883711162 0.0190454062906922 -0.08878137522094132
0.458 0.928213165358626 -0.2751543837155764 0.4612436991964538 0.1000672889485702 0.01891194952498954 -0.08871008932672256
0.459 0.928601508713244 -0.2751089152717509 0.4612140828476907 0.1016819339664895 0.01877853132813001 -0.08863860960122132
0.46 0.928990489918185 -0.2750632665718888 0.4611782482085096 0.103301101619158 0.01864507285931848 -0.08856690993745783
0.461 0.929380110950656 -0.2750174368650389 0.461136247900296 0.104925244543962 0.01851166190290872 -0.08849500647809445
0.462 0.929770373797368 -0.2749714253959203 0.4610883523652807 0.1065546027275988 0.01837834155084997 -0.08842296701499405
0.463 0.930161280454601 -0.274925231404891 0.4610336001659708 0.1081882265403157 0.01824493576515037 -0.08835060973241038
0.464 0.930552832928262 -0.2748788541279157 0.460972719511945 0.1098270697719647 0.01811162526507167 -0.0882780912781581
0.465 0.9309450332339519 -0.2748322927965322 0.460905574110364 0.1114707282776381 0.0179783316044149 -0.08820538654531683
0.466 0.9313378833970311 -0.2747855466378195 0.4608318415805124 0.1131191173878841 0.01784504396007234 -0.08813245182391104
0.467 0.931731385452677 -0.2747386148743634 0.4607519346601855 0.1147725836546984 0.01771182218602237 -0.08805937026633839
0.468 0.9321255414459571 -0.2746914967242241 0.4606650896466896 0.1164308511930865 0.01757862231762504 -0.0879860093517164
0.469 0.932520353431889 -0.2746441914009013 0.4605716236308693 0.1180938902722363 0.01744543532929707 -0.08791243787731907
0.47 0.9329158234755081 -0.2745966981133007 0.4604716751157005 0.1197617788616865 0.01731227838527933 -0.08783869080274144
0.471 0.933311953651935 -0.2745490160656988 0.4603646888976009 0.1214342617615221 0.01717910599517208 -0.08776467382482067
0.472 0.9337087460464421 -0.2745011444577083 0.4602516489653324 0.1231120244256906 0.01704603752502716 -0.08769058507024788
0.473 0.9341062027545201 -0.2744530824842432 0.460130517880641 0.1247944988352121 0.01691299286289812 -0.08761604963288123
0.474 0.93450432588195 -0.2744048293354833 0.4600033428515389 0.1264814505994821 0.01677990228435369 -0.08754145685642949
0.475 0.934903117544868 -0.2743563841968372 0.4598685795154176 0.1281731900032603 0.01664684453830993 -0.08746653162377356
0.476 0.935302579869836 -0.274307746248908 0.4597269647253917 0.1298698520186011 0.01651383528478807 -0.08739142453027353
0.477 0.935702714993914 -0.2742589146674555 0.4595788543987772 0.1315717997408584 0.01638093618889017 -0.08731621787960421
0.478 0.936103525064728 -0.2742098886233594 0.459423418948858 0.1332779451631567 0.01624795959347651 -0.08724075081649182
0.479 0.9365050122405431 -0.2741606672825823 0.459260928705877 0.1349893025919193 0.01611508815784586 -0.08716509655857438
0.48 0.936907178690335 -0.2741112498061326 0.4590898811386024 0.1367044804106553 0.01598209619213481 -0.08708896603018405
0.481 0.93731002659386 -0.2740616353500251 0.458912775431343 0.1384251674818996 0.01584924587479192 -0.08701286506156065
0.482 0.937713558141735 -0.2740118230652452 0.4587284245899204 0.1401508273147012 0.01571646082632304 -0.08693657320309772
0.483 0.938117775535502 -0.2739618120977076 0.458535869579504 0.1418808674579604 0.01558365627548259 -0.0868599113262133
0.484 0.938522680987711 -0.273911601588219 0.4583360654301161 0.1436153960439654 0.01545082873899779 -0.08678306638643596
0.485 0.93892827672199 -0.2738611906724381 0.4581287199070779 0.1453551193451119 0.01531811859555601 -0.08670601682718442
0.486 0.939334564973122 -0.2738105784808358 0.4579143139445968 0.1470994820234423 0.01518540919537899 -0.08662884189338325
0.487 0.9397415479871229 -0.2737597641386555 0.4576921202892183 0.1488486084618559 0.0150527420679986 -0.08655142835821876
0.488 0.940149228021316 -0.2737087467658715 0.4574614516506812 0.150602384149184 0.01492011672779705 -0.08647365500210714
0.489 0.940557607344411 -0.2736575254771502 0.4572234843065548 0.1523607544073514 0.01478749178484286 -0.08639574834714953
0.49 0.940966688236584 -0.2736060993818062 0.4569775453197209 0.1541234776520047 0.0146548418607668 -0.08631759153358945
0.491 0.941376472989555 -0.2735544675837621 0.4567234423040629 0.1558910245007006 0.0145222616223826 -0.08623916947377923
0.492 0.9417869639066651 -0.2735026291815069 0.4564618154030854 0.1576634347214004 0.0143897360099291 -0.08616060932224025
0.493 0.942198163302963 -0.2734505832680514 0.4561918631058052 0.1594403874071088 0.01425723204537209 -0.08608177711194819
0.494 0.942610073505282 -0.2733983289308877 0.4559138371252814 0.161222141531696 0.0141247918666304 -0.08600272860256605
0.495 0.943022696852323 -0.2733458652519442 0.4556282562850943 0.1630086033171201 0.0139923779683492 -0.08592356831147165
0.496 0.943436035694736 -0.2732931913075423 0.455333398955635 0.1647993304583616 0.01385997137077303 -0.08584398668971578
0.497 0.943850092395206 -0.2732403061683526 0.4550312811915776 0.1665947452833322 0.01372758105767934 -0.08576436706192632
0.498 0.944264869328536 -0.2731872088993498 0.4547196328912745 0.1683943792461745 0.0135952005483564 -0.08568430318860658
0.499 0.944680368881731 -0.2731338985597676 0.4544006169695621 0.1701992801548515 0.01346294041418522 -0.0856042236206761
0.5 0.945096593454083 -0.2730803742030536 0.4540724627766769 0.1720083025353331 0.01333066346807482 -0.08552378937297794
0.501 0.945513545457263 -0.2730266348768229 0.4537359816071667 0.1738220580088006 0.01319844707345637 -0.08544317655728063
0.502 0.9459312273154 -0.2729726796228121 0.4533908131165108 0.1756401581485776 0.01306623615670417 -0.08536231935211425
0.503 0.946349641465174 -0.2729185074768326 0.4530370004704348 0.1774626372838052 0.01293403874538171 -0.08528123594731153
0.504 0.946768790355905 -0.2728641174687221 0.4526741002334258 0.179289493951282 0.01280186963200606 -0.08519986394635849
0.505 0.947188676449639 -0.2728095086222984 0.4523026973193477 0.1811212160391735 0.01266979269428363 -0.08511833532668572
0.506 0.947609302221245 -0.2727546799553099 0.4519215483991703 0.1829566508731144 0.01253765966528374 -0.0850364004879207
0.507 0.948030670158498 -0.2726996304793876 0.4515324459498572 0.1847971233449785 0.01240562424192847 -0.08495443592058506
0.508 0.948452782762176 -0.2726443591999956 0.4511341708337397 0.1866420234072342 0.01227363501190151 -0.08487221715314279
0.509 0.948875642546153 -0.2725888651163812 0.4507266302685585 0.1884910120403001 0.0121416365265788 -0.08478972612781313
0.51 0.94929925203749 -0.2725331472215251 0.450309626397384 0.1903443976955741 0.01200969120800221 -0.08470695811192326
0.511 0.949723613776533 -0.27247720450209 0.4498838360602258 0.1922023244573352 0.01187779539118019 -0.08462404106347371
0.512 0.950148730317005 -0.2724210359383709 0.4494488383128635 0.1940648786169625 0.01174598235945154 -0.08454092628120964
0.513 0.950574604226106 -0.2723646405042409 0.4490029959144765 0.1959307291766846 0.01161410580407769 -0.08445728337733237
0.514 0.951001238084605 -0.2723080171671011 0.4485493457933507 0.1978015529645665 0.01148230516585761 -0.08437371930086512
0.515 0.951428634486945 -0.272251164887827 0.44808523712558 0.1996763758408213 0.01135054151143826 -0.08428974923144042
0.516 0.951856796041335 -0.2721940826207148 0.4476117466935263 0.2015555310743739 0.01121882156321359 -0.08420559022346955
0.517 0.952285725369855 -0.2721367693134283 0.4471292422011642 0.2034388281637232 0.01108709426829521 -0.08412129856401165
0.518 0.952715425108556 -0.2720792239069439 0.4466355086298161 0.2053261391300181 0.01095545858573356 -0.08403651554473705
0.519 0.953145897907557 -0.2720214453354961 0.446132969246711 0.2072179479575036 0.01082386317855547 -0.08395168178401975
0.52 0.953577146431156 -0.2719634325265214 0.4456208194778361 0.2091140135083117 0.01069231160432017 -0.08386665578501451
0.521 0.954009173357926 -0.2719051844006026 0.4450978587474488 0.2110137533829277 0.01056076613935592 -0.08378123031889445
0.522 0.954441981380825 -0.2718466998714124 0.4445647589346033 0.2129174389859824 0.01042923690189212 -0.08369554463194896
0.523 0.954875573207297 -0.2717879778456551 0.4440220750085768 0.2148256485639062 0.01029777599272991 -0.08360974640427529
0.524 0.955309951559383 -0.2717290172230103 0.4434690851727886 0.2167378311014155 0.01016639051000074 -0.08352368343683277
0.525 0.955745119173828 -0.2716698168960727 0.4429048884372105 0.218652881167645 0.0100349018551146 -0.08343716676961345
0.526 0.9561810788021839 -0.271610375750295 0.4423311399961137 0.220573158527065 0.009903608506454713 -0.08335060920821072
0.527 0.956617833210928 -0.2715506926639268 0.4417476351058751 0.2224972505311185 0.009772295466174303 -0.08326390958230184
0.528 0.957055385181567 -0.2714907665079542 0.4411523744979441 0.2244247313557951 0.009641015111902027 -0.0831767389850518
0.529 0.957493737510753 -0.2714305961460408 0.4405474598480921 0.226356308026836 0.009509754907038839 -0.08308948267564789
0.53 0.95793289301039 -0.2713701804344638 0.4399308242920176 0.2282915577862171 0.009378570115833597 -0.08300180901427394
0.531 0.958372854507757 -0.2713095182220533 0.4393042259045668 0.2302307828611227 0.009247407691169843 -0.08291402109666383
0.532 0.9588136248456161 -0.2712486083501293 0.4386668722655796 0.2321742327573636 0.009116352712848351 -0.08282602864924453
0.533 0.959255206882329 -0.2711874496524374 0.4380176797092291 0.2341204761051727 0.008985245138874902 -0.08273758369311361
0.534 0.959697603491977 -0.2711260409550863 0.4373582822446027 0.2360712360215238 0.008854259878344933 -0.08264906497591992
0.535 0.96014081756448 -0.2710643810764814 0.4366875857903856 0.2380250641905453 0.008723238347482639 -0.08256022392976443
0.536 0.96058485200571 -0.2710024688272597 0.4360057769709216 0.2399825546115056 0.00859226232560269 -0.08247114112532362
0.537 0.961029709737617 -0.2709403030102242 0.4353120545113725 0.2419437451301816 0.008461386115884359 -0.08238171340571412
0.538 0.961475393698351 -0.2708778824202767 0.4346082519722328 0.2439091026649432 0.008330567919296953 -0.08229226178663503
0.539 0.96192190684238 -0.2708152058443502 0.4338921060592397 0.245876924363815 0.008199693395788294 -0.08220234684293874
0.54 0.96236925214062 -0.2707522720613402 0.4331648274279845 0.2478489399685225 0.008068949973950622 -0.08211227886462788
0.541 0.962817432580555 -0.2706890798420364 0.4324262258824726 0.2498238594711888 0.007938150160026901 -0.08202196049709334
0.542 0.96326645116637 -0.2706256279490524 0.4316749597269808 0.251802167600215 0.007807463266642718 -0.08193123344593346
0.543 0.96371631091907 -0.2705619151367554 0.4309125474541805 0.2537844844213869 0.007676878656026604 -0.0818403875766146
0.544 0.964167014876617 -0.2704979401511949 0.4301385438558871 0.2557695751533498 0.00754624299039781 -0.08174928207077015
0.545 0.9646185660940571 -0.2704337017300307 0.4293524917411347 0.257758139027475 0.007415691997995849 -0.08165791362326383
0.546 0.96507096764365 -0.27036919860246 0.4285537687046633 0.2597493539970907 0.00728515216453141 -0.08156614730048142
0.547 0.965524222615005 -0.2703044294891437 0.4277434185066639 0.2617442505037301 0.007154697553437241 -0.08147422676493965
0.548 0.9659783341152151 -0.2702393931021329 0.4269214034370381 0.2637423826194291 0.007024269828222374 -0.08138212769397264
0.549 0.966433305268989 -0.270174088144792 0.4260868276950982 0.2657436820689168 0.006893917487931538 -0.08128972734474996
0.55 0.966889139218793 -0.2701085133117243 0.4252388242027909 0.2677466188086558 0.00676349393148165 -0.0811968087829163
0.551 0.967345839124984 -0.2700426672886946 0.4243798861992264 0.2697543235761874 0.006633262635452526 -0.08110397748294239
0.552 0.967803408165954 -0.2699765487525512 0.423507292634667 0.271763599378329 0.006502969293053234 -0.08101061773861049
0.553 0.968261849538266 -0.2699101563711479 0.4226231320155782 0.2737775947362789 0.006372904831988768 -0.08091728314045117
0.554 0.9687211664568 -0.269843488803265 0.4217255532020014 0.275792831695173 0.006242700479494174 -0.08082347324599974
0.555 0.969181362154897 -0.2697765446985266 0.4208152285619324 0.2778110032042497 0.006112600766471753 -0.08072940049042261
0.556 0.9696424398845001 -0.2697093226973236 0.4198918520181426 0.2798319810747784 0.005982534169609754 -0.08063504103790589
0.557 0.970104402916306 -0.2696418214307284 0.418956569015396 0.2818562184293887 0.005852531956018779 -0.08054060979354254
0.558 0.97056725453991 -0.2695740395204134 0.4180069405474007 0.2838825211036928 0.005722602818448492 -0.08044568683836623
0.559 0.971030998063957 -0.269505975578566 0.4170449279249066 0.2859114542279064 0.005592676786372386 -0.08035060949871649
0.56 0.971495636816292 -0.2694376282078056 0.4160690312901622 0.2879423996821841 0.005462782584554213 -0.08025513672640701
0.561 0.971961174144114 -0.2693689960010965 0.4150800191215014 0.2899765385112735 0.005333026070016405 -0.0801594870368648
0.562 0.972427613414128 -0.2693000775416622 0.4140781577639835 0.2920134045776583 0.005203317312049751 -0.08006367512344838
0.563 0.972894958012703 -0.2692308714028963 0.4130621836041144 0.294051102392674 0.005073500760068452 -0.07996738498279431
0.564 0.973363211346029 -0.269161376148276 0.4120325406924172 0.2960924124102862 0.004943922238217804 -0.07987092483352633
0.565 0.973832376840273 -0.2690915903312709 0.4109892994039267 0.2981351273961284 0.004814280533164442 -0.07977414388523213
0.566 0.974302457941744 -0.2690215124952523 0.4099325185565985 0.300180875864559 0.004684785922557597 -0.07967719211366349
0.567 0.974773458117054 -0.2689511411734033 0.4088605669978182 0.3022272446204568 0.004555261185257012 -0.07957968067046119
0.568 0.9752453808532801 -0.2688804748886244 0.4077758409514743 0.3042768243244218 0.004425842791202305 -0.07948215045723642
0.569 0.975718229658131 -0.2688095121534404 0.4066770512954338 0.3063280769185577 0.004296439556111828 -0.07938432449454319
0.57 0.976192008060117 -0.2687382514699066 0.4055638737079218 0.3083815243853229 0.004167150449514018 -0.07928622234357563
0.571 0.976666719608713 -0.2686666913295105 0.4044366257484911 0.3104363595715407 0.004037840569529449 -0.07918782988459898
0.572 0.977142367874536 -0.2685948302130778 0.4032945548939033 0.3124922508310688 0.003908539433496811 -0.07908903873856538
0.573 0.977618956449514 -0.2685226665906723 0.4021378885228242 0.3145506543805965 0.003779412663126491 -0.07899002627804676
0.574 0.978096488947062 -0.2684501989214981 0.4009668912845682 0.3166102222831727 0.003650261917219692 -0.07889072610781928
0.575 0.978574969002255 -0.2683774256537981 0.3997811412198144 0.3186714709650873 0.003521199345720953 -0.07879114504417087
0.576 0.979054400272012 -0.2683043452247537 0.3985809034850207 0.3207340501053148 0.003392154641221201 -0.07869130493174983
0.577 0.97953478643527 -0.2682309560603813 0.397365794236093 0.3227987811170453 0.003263264561397992 -0.07859124973611679
0.578 0.980016131193169 -0.2681572565754294 0.3961354503489637 0.324863809553306 0.003134327853074762 -0.07849078321727876
0.579 0.980498438269235 -0.2680832451732727 0.3948900138222464 0.3269299825806588 0.003005451629125993 -0.07839002193463332
0.58 0.980981711409567 -0.2680089202458067 0.3936298543849665 0.3289982959129896 0.002876714027109747 -0.07828911940958209
0.581 0.981465954383023 -0.2679342801733398 0.3923538837305708 0.3310670944411346 0.002748015002176567 -0.07818780890460356
0.582 0.9819511709814081 -0.2678593233244848 0.3910627510833749 0.3331363509216534 0.00261929833239724 -0.07808618308505472
0.583 0.982437365019672 -0.2677840480560488 0.3897561394408764 0.335207123573437 0.002490715746432818 -0.07798432422310267
0.584 0.982924540336096 -0.2677084527129227 0.388434215575282 0.3372785054838641 0.002362148386576184 -0.07788218752098358
0.585 0.983412700792494 -0.2676325356279675 0.3870960288958944 0.3393501704054648 0.002233648375950049 -0.07777964654079565
0.586 0.983901850274408 -0.2675562951219016 0.3857428145881595 0.3414234637436177 0.002105255649317643 -0.07767699434258792
0.587 0.984391992691306 -0.2674797295031845 0.3843734061339163 0.3434967101111352 0.001976890194087721 -0.07757395410106535
0.588 0.984883131976789 -0.2674028370679012 0.382988433322013 0.345570639559861 0.001848571719565377 -0.07747068673452366
0.589 0.9853752720887941 -0.267325616099644 0.3815866940511308 0.3476443595868751 0.001720318113950775 -0.07736698731659834
0.59 0.985868417009797 -0.267248064869393 0.3801687747950424 0.349718142574637 0.001592112044297127 -0.07726296759536298
0.591 0.986362570747026 -0.2671701816353957 0.3787348228642368 0.3517930339242224 0.001464051193334568 -0.07715877517259777
0.592 0.986857737332671 -0.2670919646430442 0.3772848317019255 0.3538665095351088 0.001335855599371133 -0.07705417266754233
0.593 0.987353920824096 -0.2670134121247523 0.3758176852284321 0.3559406787258126 0.001207873427223616 -0.07694926667636198
0.594 0.9878511253040561 -0.2669345222998301 0.3743348906751804 0.3580158762856376 0.001079985550916218 -0.07684427698853791
0.595 0.988349354880915 -0.2668552933743575 0.3728344910897991 0.3600895211135098 0.0009521142240770983 -0.07673875309751381
0.596 0.988848613688868 -0.266775723541056 0.3713175763566412 0.3621627466023023 0.0008242773210112979 -0.07663294847392767
0.597 0.989348905888159 -0.2666958109791583 0.3697839355452128 0.3642369964852143 0.0006966401203670886 -0.07652700515385981
0.598 0.989850235665313 -0.266615553854279 0.368233248433347 0.3663092020406181 0.0005689151508750087 -0.0764205957098209
0.599 0.9903526072333591 -0.2665349503182792 0.3666650061090942 0.3683808276674079 0.000441315341536933 -0.07631384263874565
0.6 0.990856024832062 -0.2664539985091351 0.3650801783279416 0.3704519593290759 0.0003137515442659027 -0.07620687165827005
0.601 0.991360492728157 -0.2663726965507988 0.3634780014809765 0.372522354196824 0.0001862693018130476 -0.0760996027404363
0.602 0.991866015215583 -0.2662910425530625 0.361858178525448 0.3745917794366026 0.00005888369565959122 -0.07599200589626302
0.603 0.992372596615722 -0.266209034611419 0.3602210774418118 0.376660047969153 -0.00006846736399756372 -0.07588411319690062
0.604 0.992880241277639 -0.26612667080692 0.3585660508888285 0.3787278587600298 -0.0001956409171559231 -0.07577595730762932
0.605 0.993388953578329 -0.2660439492060331 0.3568936702438374 0.3807929531902922 -0.0003229204511355037 -0.07566737986172753
0.606 0.993898737922956 -0.2659608678604986 0.3552032019147263 0.3828570272141168 -0.0004500607496734624 -0.07555851158641623
0.607 0.994409598745111 -0.2658774248071812 0.3534948060037457 0.3849190142483197 -0.0005771786139296587 -0.07544927330433825
0.608 0.9949215405070581 -0.2657936180679227 0.351768062774497 0.3869800734251311 -0.0007041190501752137 -0.07533977330113369
0.609 0.9954345676999909 -0.2657094456493928 0.3500232924008613 0.3890391745107431 -0.0008310040281107291 -0.07522994873415013
0.61 0.995948684844289 -0.2656249055429354 0.3482612890094607 0.3910973592300567 -0.0009578383398808945 -0.07512001867641446
0.611 0.996463896489782 -0.2655399957244168 0.3464796348385777 0.3931520627312584 -0.001084593486719115 -0.07500949402462363
0.612 0.996980207216008 -0.2654547141540682 0.3446800844475101 0.3952031958721687 -0.001211462551583645 -0.07489855477400542
0.613 0.997497621632487 -0.2653690587763285 0.34286221201834 0.3972547672174292 -0.001338025553651938 -0.07478761940672712
0.614 0.998016144378982 -0.2652830275196866 0.3410247907306711 0.399302812341954 -0.001464517187005726 -0.07467617395166166
0.615 0.99853578012578 -0.265196618296517 0.3391687612895339 0.4013477377894842 -0.001590998095784239 -0.07456435724292131
0.616 0.999056533573962 -0.2651098290029164 0.33729472779253 0.4033909243374282 -0.001717410407599004 -0.07445240786749523
0.617 0.999578409455685 -0.2650226575185413 0.3354015348558636 0.4054306879958535 -0.001843770340795598 -0.07434005058585752
0.618 1.000101412534464 -0.2649351017064348 0.3334887005111709 0.407467232328827 -0.001970015627288414 -0.07422730674779109
0.619 1.000625547605459 -0.2648471594128619 0.3315565817686403 0.4094999691373917 -0.002096228850868949 -0.0741141541934231
0.62 1.001150819495758 -0.2647588284671331 0.329606430450518 0.4115316016888736 -0.002222319154586922 -0.07400103300902869
0.621 1.001677233064679 -0.2646701066814332 0.3276347832989915 0.4135569356903138 -0.002348334663454484 -0.07388708631226791
0.622 1.002204793204054 -0.2645809918506423 0.325644990524712 0.4155812839200125 -0.002474210839451996 -0.07377321669567918
0.623 1.002733504838542 -0.2644914817521592 0.3236341196069716 0.4175994145924328 -0.002600039959266077 -0.07365862287068161
0.624 1.003263372925919 -0.2644015741457179 0.3216052885642193 0.4196157732289875 -0.002725812221247257 -0.07354407000682897
0.625 1.003794402457391 -0.2643112667732064 0.3195556104435741 0.4216263436454639 -0.002851531193102074 -0.07342892004283652
0.626 1.004326598457904 -0.2642205573584784 0.3174857783156069 0.4236332888926595 -0.002977091315474916 -0.07331348330834085
0.627 1.004859965986455 -0.2641294436071677 0.3153955077985584 0.425634194261756 -0.003102656228724999 -0.07319749898621439
0.628 1.00539451013641 -0.2640379232064954 0.3132883940159443 0.4276353255326281 -0.003228145323773305 -0.0730819766244221
0.629 1.005930236035829 -0.2639459938250774 0.3111585962875197 0.4296270876402303 -0.003353628101685819 -0.07296539472782572
0.63 1.006467148847784 -0.2638536531127293 0.3090072109391531 0.431615677681885 -0.003478756560025126 -0.07284856310721191
0.631 1.007005253770694 -0.263760898700267 0.3068382227208726 0.4335996476873066 -0.003604096702959151 -0.07273166761263346
0.632 1.007544556038656 -0.2636677281993062 0.304645260617746 0.4355775066272299 -0.003729019232358906 -0.0726140786645566
0.633 1.008085060921779 -0.2635741392020591 0.3024344388236187 0.4375505465724165 -0.003854145819938648 -0.07249641857217927
0.634 1.00862677372653 -0.2634801292811285 0.300201101467217 0.4395172497477721 -0.003979029906849838 -0.07237820560588662
0.635 1.009169699796075 -0.2633856959892975 0.2979490499785704 0.441460990081998 -0.004105282482374735 -0.07225777223687308
0.636 1.00971384451063 -0.2632908368593197 0.2956717562845563 0.4434323998578273 -0.004228602176168867 -0.07214063464125375
0.637 1.010259213287814 -0.2631955494037021 0.2933739678413803 0.4453807919358283 -0.004353069646124502 -0.07202122066025859
0.638 1.010805811583007 -0.2630998311144905 0.291058600420836 0.4473249457802565 -0.004477731834653889 -0.07190194117701163
0.639 1.011353644889713 -0.263003679463047 0.2887199232046028 0.4492616600658935 -0.004602150679729791 -0.07178206448212061
0.64 1.011902718739925 -0.2629070918998276 0.2863656071976919 0.451191114133207 -0.004727172101028554 -0.07166214149268621
0.641 1.012453038704499 -0.2628100658541565 0.2839803335461854 0.4531158035279525 -0.004850851429019466 -0.0715415011393306
0.642 1.013004610393525 -0.2627125987339955 0.2815794240435253 0.455027130039493 -0.004975563158666509 -0.07142015357894484
0.643 1.013557439456712 -0.2626146879257119 0.279157711844682 0.4569367924778784 -0.005099914253745555 -0.07129918650699455
0.644 1.014111531583771 -0.2625163307938435 0.2767066108247883 0.4588411152446376 -0.005223121728153882 -0.07117761740238621
0.645 1.014666892504806 -0.2624175246808597 0.2742399894492531 0.460732720318244 -0.005347330580029686 -0.07105551784092584
0.646 1.015223527990708 -0.2623182669069188 0.2717483542168365 0.4626181371905983 -0.005470956692396503 -0.0709330594116022
0.647 1.015781443853555 -0.262218554769623 0.2692372117767922 0.464493685171246 -0.005594896830048509 -0.07081020913611555
0.648 1.016340645947016 -0.26211838554377 0.2667019874463848 0.466362026410733 -0.005718440461475886 -0.07068699094378789
0.649 1.016901140166762 -0.2620177564811002 0.264147693558403 0.4682188332969285 -0.00584241441839027 -0.07056325972339081
0.65 1.017462932450881 -0.2619166648100417 0.2615672962077494 0.4700731429712769 -0.00596547900931285 -0.07043969453725353
0.651 1.018026028780297 -0.2618151077354503 0.258966197653802 0.4719145865854392 -0.006088854968379293 -0.07031536553209645
0.652 1.018590435179198 -0.2617130824383483 0.2563418056916736 0.4737470715320146 -0.006212044454388786 -0.0701906258260083
0.653 1.019156157715465 -0.2616105860756566 0.2536955373944815 0.4755704669759676 -0.006335308878721733 -0.07006554430380375
0.654 1.019723202501108 -0.2615076157799245 0.2510264110441994 0.4773837127131968 -0.00645840562066263 -0.06994021755348058
0.655 1.020291575692711 -0.2614041686590576 0.2483337520372598 0.4791879775747273 -0.006581268316479887 -0.06981449908491888
0.656 1.020861283491878 -0.2613002417960375 0.2456178841235952 0.4809821135636975 -0.006703992302671332 -0.06968839780528484
0.657 1.021432332145685 -0.2611958322486427 0.2428807734267429 0.4827651271417908 -0.00682685748348857 -0.06956191803012809
0.658 1.022004727947143 -0.2610909370491619 0.2401188275077185 0.484537470983324 -0.006949410324649541 -0.06943497153320842
0.659 1.022578477235661 -0.2609855532041032 0.2373346371050811 0.4862993419483929 -0.007071950472803846 -0.06930773500594077
0.66 1.023153586397518 -0.2608796776939026 0.2345263014341914 0.4880509912779933 -0.007194238172664438 -0.06918019240489542
0.661 1.023730061866339 -0.260773307472624 0.231695208582349 0.489788748629179 -0.007316596465373871 -0.06905198924451339
0.662 1.024307910123583 -0.2606664394676587 0.2288407733074856 0.4915160605203946 -0.007438806789099535 -0.06892354810574222
0.663 1.024887137699028 -0.2605590705794184 0.2259623485017613 0.4932323779262276 -0.007560810393955111 -0.06879481305399085
0.664 1.025467751171272 -0.2604511976810231 0.2230604672234558 0.4949354436127659 -0.007682767623050325 -0.06866556466792471
0.665 1.026049757168235 -0.2603428176179882 0.2201350029518342 0.4966269743520578 -0.007804590546360687 -0.06853603738838442
0.666 1.026633162367664 -0.2602339272079015 0.2171857141440214 0.4983051213369848 -0.007926316305448189 -0.06840603538663023
0.667 1.027217973497656 -0.2601245232401022 0.2142129219687662 0.499970283687218 -0.008047970185608598 -0.06827565080849794
0.668 1.02780419733718 -0.2600146024753493 0.2112161183081571 0.5016218524263881 -0.008169507599775555 -0.06814482778303245
0.669 1.028391840716605 -0.259904161645487 0.2081949298772945 0.5032609275933112 -0.008290845161285003 -0.0680137183431825
0.67 1.028980910518238 -0.2597931974531083 0.2051493893965933 0.5048860485974003 -0.008412037068528447 -0.06788218544536676
0.671 1.02957141367687 -0.2596817065712095 0.2020802588661938 0.506495347317896 -0.008533229068670519 -0.0677500620117101
0.672 1.030163357180327 -0.2595696856428418 0.1989865624683372 0.5080920524707484 -0.00865420358676221 -0.06761774270720555
0.673 1.030756748070031 -0.2594571312807568 0.1958691470666632 0.5096729868259676 -0.008775156357479782 -0.06748490693259929
0.674 1.031351593441564 -0.2593440400670479 0.1927268545116234 0.5112397563924932 -0.00889589695772069 -0.06735175194759203
0.675 1.031947900445245 -0.259230408552785 0.189560690733253 0.5127905877805161 -0.009016597504741567 -0.06721812176011231
0.676 1.032545676286714 -0.2591162332576463 0.1863694415966862 0.5143263868500769 -0.009137087603793321 -0.06708413825197451
0.677 1.033144928227516 -0.2590015106695398 0.1831539915299065 0.5158454881435476 -0.009257509177829011 -0.06694965385578201
0.678 1.033745663585707 -0.2588862372442253 0.1799138517345719 0.5173493553429237 -0.009377769044617489 -0.06681487468028284
0.679 1.034347889736458 -0.2587704094049253 0.1766491770511289 0.5188359986109763 -0.009497928808781782 -0.06667959668305399
0.68 1.034951614112667 -0.2586540235419339 0.173359704874461 0.5203060127810248 -0.009617942973169129 -0.06654392874369573
0.681 1.03555684420559 -0.2585370760122183 0.1700455520003066 0.5217587891630259 -0.009737837853749709 -0.06640783922456031
0.682 1.036163587565462 -0.2584195631390122 0.1667066861130345 0.5231938214969444 -0.009857617194578721 -0.06627130089229293
0.683 1.036771851802151 -0.2583014812114079 0.163342809413699 0.5246115608538 -0.009977234885612451 -0.06613440215313742
0.684 1.037381644585798 -0.2581828264839379 0.1599538528952497 0.5260109980097804 -0.01009669708545425 -0.06599705808467717
0.685 1.037992973647481 -0.2580635951761514 0.15654045192457 0.5273914697788622 -0.01021609250204443 -0.06585924604892458
0.686 1.03860584677988 -0.2579437834721852 0.153101724689629 0.5287535857046476 -0.01033530075282203 -0.06572105838760167
0.687 1.039220271837961 -0.2578233875203283 0.1496380609510952 0.5300959054504782 -0.01045439087538344 -0.06558237562843341
0.688 1.039836256739653 -0.2577024034325754 0.14614927176472 0.5314193213004073 -0.01057332579317625 -0.0654433373262289
0.689 1.040453809466557 -0.2575808272841815 0.142635421280175 0.5327227854986414 -0.01069212219623837 -0.06530385712956436
0.69 1.041072938064642 -0.2574586551132019 0.1390966129208518 0.5340057789020833 -0.01081080003942038 -0.06516392058065944
0.691 1.041693650644969 -0.2573358829200287 0.1355325607641211 0.5352678106595754 -0.01092932666366553 -0.06502350971329925
0.692 1.042315955384416 -0.2572125066669213 0.1319435272505887 0.5365090424021764 -0.0110477260199357 -0.06488268215735798
0.693 1.042939860526416 -0.257088522277526 0.1283289762130852 0.5377294967203882 -0.0111659370390399 -0.06474147862862877
0.694 1.043565374381704 -0.2569639256363902 0.1246895104581827 0.5389276300535968 -0.01128404181274052 -0.06459977116702501
0.695 1.044192505329077 -0.2568387125884697 0.1210246745959798 0.5401038471897844 -0.01140197704130154 -0.06445764031737592
0.696 1.044821261816165 -0.2567128789386259 0.1173346462339162 0.541257557728779 -0.01151976644647079 -0.06431506335521255
0.697 1.045451652360212 -0.256586420451118 0.1136195036881126 0.5423879952843004 -0.01163742436583237 -0.06417199419270353
0.698 1.046083685548864 -0.2564593328490834 0.1098788951912352 0.543495657226214 -0.01175489928010795 -0.06402853525926216
0.699 1.046717370040982 -0.2563316118140142 0.1061131816346328 0.5445794990731715 -0.01187223949207983 -0.06388461033846793
0.7 1.04735271456745 -0.2562032529852206 0.10232223144091 0.5456391368966187 -0.01198942393496186 -0.06374021677833448
0.701 1.047989727932008 -0.25607425195929 0.0985060478247825 0.5466745823892833 -0.01210645183350239 -0.06359540051301962
0.702 1.048628419012086 -0.255944604289534 0.0946647217122806 0.5476846524892911 -0.01222333410618428 -0.06345007091754314
0.703 1.049268796759667 -0.2558143054854307 0.0907981716834108 0.5486695880966696 -0.01234005450976197 -0.0633043051016049
0.704 1.049910870202143 -0.2556833510120521 0.0869062499331917 0.5496289405522137 -0.01245658878318547 -0.06315809047444988
0.705 1.050554648443197 -0.2555517362894877 0.0829894480135004 0.5505618771018225 -0.01257299563179418 -0.0630113848972724
0.706 1.051200140663691 -0.2554194566922533 0.07904723278290227 0.5514684332974193 -0.01268920954766743 -0.06286423841516942
0.707 1.051847356122579 -0.2552865075486981 0.0750800592758125 0.5523479961488831 -0.01280527223193163 -0.062716623453385
0.708 1.052496304157815 -0.2551528841403932 0.07108793782248632 0.5531999189731646 -0.01292118606748869 -0.06256852033879051
0.709 1.053146994187292 -0.2550185817015144 0.06707047889539344 0.5540243517552356 -0.01303689598444956 -0.06241998816423596
0.71 1.053799435709788 -0.2548835954182165 0.06302825915739585 0.5548199449959018 -0.01315246116869648 -0.0622709274841752
0.711 1.054453638305922 -0.2547479204279938 0.05896105809423879 0.5555868360863299 -0.01326784704700159 -0.06212139779081177
0.712 1.055109611639134 -0.2546115518190317 0.0548689390454185 0.5563245715373616 -0.01338306081881017 -0.06197140490199714
0.713 1.055767365456675 -0.2544744846295461 0.05075206521885001 0.5570325986772162 -0.01349816476110657 -0.06182095423470966
0.714 1.056426909590606 -0.2543367138471119 0.04661034609377604 0.5577104120601653 -0.01361299627130154 -0.06166992294267299
0.715 1.057088253958834 -0.2541982344079879 0.04244407802616884 0.5583575045538282 -0.01372763464164375 -0.06151847401632189
0.716 1.057751408566131 -0.254059041196414 0.03825300158952927 0.5589736737954607 -0.01384211826069915 -0.06136657396368561
0.717 1.058416383505197 -0.2539191290439111 0.03403766963655835 0.559557999366193 -0.01395646647505068 -0.06121415926804859
0.718 1.059083188957728 -0.2537784927285646 0.02979759079116218 0.5601102796200834 -0.01407059612932773 -0.06106123501529021
0.719 1.059751835195503 -0.2536371269742923 0.0255333416423893 0.5606299822631586 -0.0141845717311609 -0.06090783084863595
0.72 1.060422332581482 -0.253495026450106 0.02124474807700474 0.5611167633114213 -0.01429836188883531 -0.06075393824269953
0.721 1.061094691570933 -0.2533521857693544 0.01693200905410003 0.5615698572154915 -0.0144119421027252 -0.06059952478278721
0.722 1.061768922712564 -0.2532085994889555 0.01259533266664964 0.5619888557502712 -0.0145253602664267 -0.06044460362714093
0.723 1.062445036649684 -0.2530642621086196 0.00823448643272659 0.5623732771435741 -0.01463854726197874 -0.0602891882010836
0.724 1.063123044121375 -0.2529191680700503 0.003850068914788451 0.5627226122554293 -0.01475155883690065 -0.06013325961755212
0.725 1.063802955963685 -0.2527733117561403 -0.0005580927394254753 0.5630363051520748 -0.01486438822844807 -0.05997681499630103
0.726 1.064484783110843 -0.2526266874901474 -0.004989800034391201 0.5633138724437424 -0.0149770040629011 -0.05981986965276533
0.727 1.065168536596486 -0.2524792895348578 -0.00944495924098698 0.5635547696701955 -0.01508944213336521 -0.05966240740895473
0.728 1.065854227554916 -0.2523311120917365 -0.01392333824547709 0.5637584890173782 -0.01520161679689061 -0.05950442919534344
0.729 1.066541867222369 -0.2521821493000602 -0.01842468783300355 0.5639244593133121 -0.01531364449615831 -0.05934593700795715
0.73 1.067231466938308 -0.2520323952360359 -0.02294902953785125 0.5640520418246664 -0.01542546613003978 -0.05918689716730653
0.731 1.067923038146734 -0.2518818439119027 -0.02749619986243521 0.5641408919616737 -0.01553706193269131 -0.05902735107139215
0.732 1.068616592397532 -0.2517304892750225 -0.03206599190463439 0.5641904482668161 -0.01564844301654471 -0.05886729586275304
0.733 1.06931214134781 -0.2515783252069444 -0.03665801245770964 0.5641999796446775 -0.01575961937478224 -0.05870668062623501
0.734 1.070009696763297 -0.2514253455224639 -0.04127226178218874 0.5641689682981369 -0.01587058287657924 -0.05854554282083294
0.735 1.070709270519732 -0.251271543968659 -0.04590854296604194 0.5640969107910978 -0.01598132287482812 -0.05838387769225469
0.736 1.071410874604295 -0.2511169142239056 -0.05056656187993411 0.5639832639007097 -0.01609185058265007 -0.05822167769222358
0.737 1.07211452111706 -0.250961449896886 -0.05524610877318123 0.5638272789768091 -0.016202148977937 -0.0580589193086381
0.738 1.072820222272459 -0.2508051445255633 -0.05994702647758166 0.5636286191357489 -0.01631222950152197 -0.05789563869120524
0.739 1.073527990400789 -0.2506479915761564 -0.06466898017075834 0.5633865723694358 -0.01642209216736322 -0.0577318112776736
0.74 1.074237837949732 -0.2504899844420783 -0.0694117561435201 0.5631005049501394 -0.01653172229983245 -0.05756743148324181
0.741 1.074949777485904 -0.2503311164428652 -0.07417514229101039 0.5627698699098262 -0.01664111957230928 -0.05740249711240983
0.742 1.075663821696431 -0.2501713808230841 -0.07895886730167801 0.5623940977085327 -0.01675028739119199 -0.0572370179899465
0.743 1.076379983390554 -0.2500107707512184 -0.0837625671646094 0.5619725499428785 -0.01685922214046925 -0.05707098359375949
0.744 1.077098275501255 -0.2498492793185319 -0.0885859603983291 0.5615045488503546 -0.01696792161720444 -0.05690437508699158
0.745 1.077818711086915 -0.2496868995379157 -0.0934288076017766 0.5609896367328186 -0.01707638151244975 -0.05673721267152493
0.746 1.078541303333007 -0.2495236243427106 -0.0982909188002773 0.5604270814248846 -0.01718459734527859 -0.05656949479191884
0.747 1.079266065553803 -0.2493594465855046 -0.1031718121204921 0.5598163595760117 -0.01729256584581327 -0.05640120928326807
0.748 1.079993011194124 -0.2491943590369169 -0.1080710346381603 0.5591567033754488 -0.01740030408297542 -0.05623233870258172
0.749 1.080722153831117 -0.2490283543843447 -0.1129885668116059 0.5584476390414171 -0.017507780689577 -0.05606291125452549
0.75 1.081453507176058 -0.2488614252307016 -0.1179238414143191 0.5576883712437165 -0.01761500384405016 -0.05589289590163849
0.751 1.082187085076193 -0.2486935640931194 -0.1228765262375137 0.5568784055018879 -0.01772198201865197 -0.05572230619839316
0.752 1.082922901516612 -0.2485247634016325 -0.1278463111913916 0.5560170294289168 -0.01782869416130202 -0.05555113722786721
0.753 1.08366097062215 -0.2483550154978337 -0.1328326902795452 0.5551035573880511 -0.01793515657794948 -0.05537937494754742
0.754 1.084401306659322 -0.2481843126335031 -0.1378354084090426 0.5541373799763218 -0.01804134563739024 -0.05520702620566624
0.755 1.085143924038305 -0.2480126469692147 -0.1428539177373192 0.5531178550688884 -0.01814727284923989 -0.05503408522405492
0.756 1.085888837314936 -0.2478400105729106 -0.1478879546729722 0.5520443464380469 -0.01825293152297678 -0.05486055782169268
0.757 1.086636061192764 -0.2476663954184517 -0.1529368486078925 0.5509161641829492 -0.01835833449396374 -0.05468642424218301
0.758 1.087385610525131 -0.247491793384137 -0.1580003703561192 0.5497326143991455 -0.01846345074553939 -0.05451169214270491
0.759 1.088137500317283 -0.2473161962511954 -0.1630780081959383 0.5484930235583867 -0.01856827990070495 -0.05433635918095967
0.76 1.088891745728536 -0.2471395957022436 -0.1681690977471153 0.5471968005388543 -0.01867284868104897 -0.05416041310659721
0.761 1.089648362074472 -0.2469619833197223 -0.1732733849980472 0.5458431691244511 -0.01877712463736057 -0.0539838563438125
0.762 1.090407364829172 -0.2467833505842902 -0.1783902293892337 0.5444315100668858 -0.01888111657055898 -0.0538066868736356
0.763 1.091168769627497 -0.246603688873193 -0.1835191259119764 0.5429611476321945 -0.01898482537703287 -0.05362890096749118
0.764 1.091932592267414 -0.246422989458599 -0.1886595982380118 0.5414313566588815 -0.01908824113347101 -0.05345049853921753
0.765 1.092698848712351 -0.2462412435058979 -0.1938110048500362 0.5398414043797201 -0.01919135312254388 -0.05327146257675251
0.766 1.09346755509361 -0.2460584420719642 -0.1989728466912473 0.5381907536810823 -0.01929417419477433 -0.05309180791081501
0.767 1.094238727712824 -0.2458745761033946 -0.2041444904205735 0.5364785894835551 -0.01939668939154451 -0.05291151763121759
0.768 1.095012383044448 -0.2456896364346964 -0.2093253644793589 0.5347043573734231 -0.01949890890657514 -0.05273060450921953
0.769 1.095788537738313 -0.245503613786446 -0.2145148281928418 0.5328670411578516 -0.01960081271186901 -0.05254904032476936
0.77 1.096567208622218 -0.2453164987634096 -0.2197122524258649 0.5309662142883635 -0.01970240245472318 -0.05236683496725434
0.771 1.097348412704575 -0.2451282818526235 -0.2249170194481317 0.5290011880107508 -0.01980367780569477 -0.05218399294079079
0.772 1.098132167177105 -0.2449389534214315 -0.2301283791677807 0.5269711777380292 -0.01990464689544515 -0.05200049627715956
0.773 1.098918489417585 -0.2447485037154869 -0.2353457422913324 0.5248754229264363 -0.02000527764633912 -0.05181635256113951
0.774 1.099707396992646 -0.2445569228567079 -0.2405683275753897 0.5227133692910693 -0.02010559749941152 -0.05163155560719356
0.775 1.100498907660632 -0.2443642008411937 -0.2457954515492749 0.5204841244225059 -0.02020558165990423 -0.05144609120098935
0.776 1.101293039374506 -0.244170327537093 -0.2510263430335058 0.5181871301107649 -0.02030523480363756 -0.05125996703097624
0.777 1.10208981028482 -0.2439752926824295 -0.2562602840947916 0.5158216242672454 -0.02040454785795949 -0.05107317891449542
0.778 1.102889238742736 -0.2437790858828781 -0.2614964263500958 0.5133868850186895 -0.0205035250818122 -0.05088572081039214
0.779 1.103691343303117 -0.2435816966094963 -0.2667339893363377 0.5108822402184359 -0.0206021584823552 -0.05069758293072972
0.78 1.104496142727668 -0.243383114196409 -0.2719722052428523 0.5083069256142752 -0.02070043959933598 -0.05050877037324394
0.781 1.10530365598815 -0.2431833278384352 -0.2772101678684387 0.5056603334976932 -0.02079837330636721 -0.05031927562162213
0.782 1.106113902269647 -0.2429823265886685 -0.2824470724815145 0.5029416776906055 -0.02089594654040214 -0.05012910274833113
0.783 1.10692690097391 -0.2427800993560072 -0.287681950995073 0.500150243615115 -0.02099316212923495 -0.04993823161608313
0.784 1.107742671722763 -0.2425766349026249 -0.2929139527754595 0.4972854084373189 -0.02109001415020907 -0.04974666824429942
0.785 1.108561234361573 -0.2423719218413872 -0.2981421110240754 0.4943463633099686 -0.02118649543887842 -0.04955440571526638
0.786 1.109382608962802 -0.2421659486332114 -0.3033655279669689 0.4913324773940474 -0.02128260812248702 -0.04936144208715053
0.787 1.110206815829625 -0.24195870358437 -0.3085831824379876 0.4882430855731888 -0.02137833691629871 -0.0491677739006533
0.788 1.111033875499619 -0.2417501748437286 -0.3137940757282243 0.4850773822913838 -0.02147368590757199 -0.04897339268365033
0.789 1.111863808748534 -0.2415403503999261 -0.3189972157623294 0.4818347913623732 -0.02156865617419975 -0.04877829929893361
0.79 1.112696636594145 -0.2413292180784904 -0.3241915387363571 0.4785145729510783 -0.02166323192521055 -0.04858249036437007
0.791 1.113532380300176 -0.2411167655388891 -0.329375960686781 0.4751159843903617 -0.02175740430499342 -0.04838595462199897
0.792 1.114371061380305 -0.2409029802715075 -0.3345493675617399 0.4716384650942719 -0.02185118742327436 -0.04818869120942894
0.793 1.11521270160227 -0.2406878495945729 -0.3397107157802051 0.4680813175428589 -0.02194456630587028 -0.04799070107690372
0.794 1.116057322992039 -0.2404713606509841 -0.3448587995112251 0.4644437992659184 -0.02203753105315393 -0.0477919747843383
0.795 1.116904947838082 -0.2402535004050913 -0.3499924227054793 0.4607253328591151 -0.02213008615398591 -0.0475925077364629
0.796 1.117755598695742 -0.2400342556393917 -0.3551104527233211 0.4569251840633247 -0.02222221981176449 -0.04739229613942479
0.797 1.118609298391673 -0.2398136129511395 -0.3602115670448597 0.453042708903905 -0.02231392757696432 -0.04719133131517599
0.798 1.119466070028397 -0.2395915587488903 -0.3652946302628078 0.4490773759805136 -0.02240521069255812 -0.04698961929302342
0.799 1.120325936988961 -0.2393680792489631 -0.3703582267525325 0.4450283984912773 -0.02249605702952901 -0.04678714370907896
0.8 1.121188922941676 -0.2391431604718066 -0.375401144682043 0.4408952621403358 -0.02258646448301491 -0.04658390943470451
0.801 1.122055051844973 -0.2389167882382904 -0.3804220242032162 0.436677351498964 -0.02267642917768588 -0.04637990796055294
0.802 1.122924347952369 -0.2386889481659052 -0.3854194454778229 0.4323739574104576 -0.02276594075435805 -0.04617513174264152
0.803 1.123796835817525 -0.2384596256648691 -0.3903920708003288 0.4279845827171955 -0.02285499841173524 -0.04596958298560588
0.804 1.124672540299446 -0.2382288059341448 -0.3953384094604057 0.4235085822346707 -0.02294359255927194 -0.04576324726162738
0.805 1.125551486567762 -0.2379964739573516 -0.4002570197525958 0.4189454194362087 -0.02303171662736908 -0.04555612651896347
0.806 1.126433700108152 -0.2377626144985918 -0.4051464685576961 0.4142945280891707 -0.02311937809875028 -0.04534822371069456
0.807 1.127319206727888 -0.2375272120981604 -0.4100051648925574 0.409555351702697 -0.02320655826918129 -0.04513951591289829
0.808 1.128208032561484 -0.2372902510681584 -0.414831574990305 0.4047273800883248 -0.02329325571540271 -0.04493000756004865
0.809 1.129100204076507 -0.2370517154879971 -0.4196240865478019 0.3998100302854124 -0.02337945664747923 -0.04471968610507522
0.81 1.129995748079487 -0.2368115891997825 -0.4243810855747178 0.3948028526543961 -0.02346516150898916 -0.04450855517548969
0.811 1.13089469172199 -0.2365698558035999 -0.4291009784585168 0.3897053517081879 -0.02355036341868866 -0.04429661401593882
0.812 1.131797062506811 -0.2363264986526633 -0.4337820213703149 0.38451706180001 -0.02363505786583109 -0.04408385027231213
0.813 1.132702888294327 -0.2360815008483542 -0.4384225034401695 0.37923749963324 -0.02371923167992039 -0.04387025681945179
0.814 1.133612197308985 -0.2358348452351278 -0.4430206705365627 0.3738662835355924 -0.02380288892514351 -0.04365583638896724
0.815 1.134525018145951 -0.2355865143952959 -0.4475747231126711 0.3684029248406336 -0.02388601196164331 -0.043440574430241
0.816 1.135441379777915 -0.2353364906436713 -0.4520828347452761 0.3628471016940267 -0.02396860170659327 -0.04322446985317495
0.817 1.136361311562052 -0.235084756022071 -0.4565431410689588 0.3571983845591786 -0.02405064453135904 -0.04300751451156942
0.818 1.137284843247151 -0.2348312922936882 -0.4609537889209095 0.351456551631366 -0.02413214424231006 -0.04278970920552744
0.819 1.138212004980927 -0.2345760809373078 -0.4653127735581068 0.3456210932094434 -0.02421308424549831 -0.04257104278703319
0.82 1.139142827317486 -0.2343191031413722 -0.4696181749187641 0.3396918378283695 -0.02429345924640209 -0.04235150959222336
0.821 1.140077341224988 -0.2340603397978957 -0.47386795489585 0.3336684789598728 -0.02437326353312805 -0.0421311052518076
0.822 1.1410155780935 -0.2337997714962134 -0.4780600687488395 0.3275507854195246 -0.0244524884668441 -0.04190982498470539
0.823 1.141957569743022 -0.2335373785165631 -0.4821924210787857 0.3213385084785308 -0.02453112746312372 -0.04168765833126357
0.824 1.142903348431732 -0.2332731408235018 -0.4862629872392808 0.315031500523113 -0.0246091696991891 -0.04146461087769734
0.825 1.14385294686442 -0.2330070380591366 -0.4902694510409077 0.3086295843377185 -0.02468661241920841 -0.04124066367530134
0.826 1.144806398201141 -0.2327390495361804 -0.4942096966381417 0.302132607048913 -0.02476343948479466 -0.04101581655190268
0.827 1.145763736066082 -0.2324691542308104 -0.4980814778386634 0.2955405638372956 -0.02483965200690656 -0.04079006313574035
0.828 1.146724994556656 -0.2321973307753443 -0.5018824967129313 0.2888533151309277 -0.02491523478474031 -0.04056339738749023
0.829 1.147690208252813 -0.2319235574506978 -0.5056104467857789 0.2820709164930896 -0.02499018402601063 -0.040335812783618
0.83 1.148659412226609 -0.2316478121786467 -0.5092629741136772 0.275193337387277 -0.02506448695356456 -0.04010730296346558
0.831 1.149632642051999 -0.2313700725138667 -0.5128376603503259 0.2682206975172369 -0.02513813997776364 -0.03987786362859939
0.832 1.150609933814909 -0.2310903156357616 -0.5163320869261767 0.2611530422334167 -0.02521112750626544 -0.0396474861882702
0.833 1.151591324123533 -0.2308085183400417 -0.5197437314906158 0.2539905546332454 -0.02528344459544991 -0.03941616226658112
0.834 1.152576850118938 -0.2305246570300834 -0.5230701363202566 0.2467334141704683 -0.02535508074368798 -0.03918389028818167
0.835 1.153566549485913 -0.2302387077080273 -0.5263086565984048 0.2393818654324137 -0.02542602600578448 -0.03895065747857241
0.836 1.154560460464129 -0.2299506459656379 -0.529456770362517 0.2319362292898607 -0.02549627460555956 -0.03871646485977988
0.837 1.155558621859584 -0.2296604469748844 -0.5325117646035884 0.2243967988817609 -0.02556580712201736 -0.03848129789700292
0.838 1.156561073056354 -0.2293680854782546 -0.5354709898682958 0.2167639857690644 -0.02563462906083669 -0.03824515940199471
0.839 1.157567854028661 -0.2290735357787883 -0.5383317093560818 0.2090382436608632 -0.02570272076418304 -0.03800803464121229
0.84 1.158579005353275 -0.2287767717298185 -0.5410911452735661 0.2012200518142468 -0.02577006740794813 -0.03776991598725358
0.841 1.159594568222233 -0.228477766724402 -0.54374647485439 0.1933099880218701 -0.0258366619861308 -0.03753079670439378
0.842 1.160614584455932 -0.2281764936844469 -0.5462948983978531 0.1853087047932405 -0.02590249930362816 -0.037290674234983
0.843 1.161639096516566 -0.2278729250495079 -0.5487334515112012 0.1772168213515688 -0.02596755959301079 -0.03704953896079946
0.844 1.162668147521937 -0.2275670327652477 -0.5510592650997626 0.1690351649402175 -0.02603183843007733 -0.03680738504894799
0.845 1.163701781259656 -0.227258788271551 -0.5532693635688313 0.1607645170016196 -0.02609532190342725 -0.03656420432485967
0.846 1.164740042201742 -0.2269481624902683 -0.555360646029987 0.1524057599735604 -0.02615804507043834 -0.03631995432672558
0.847 1.165782975519631 -0.2266351258125963 -0.5573301682346661 0.1439598855944316 -0.02621981683209667 -0.03607473117897316
0.848 1.166830627099606 -0.2263196480860588 -0.5591747697691879 0.1354278792192432 -0.02628086349603477 -0.03582845126576544
0.849 1.167883043558688 -0.2260016986010909 -0.5608913352050727 0.1268108887833326 -0.02634106292466298 -0.03558108961303726
0.85 1.168940272260956 -0.2256812460771976 -0.5624767406516123 0.1181101176101727 -0.02640040408160737 -0.03533265897299044
0.851 1.170002361334372 -0.2253582586486846 -0.5639276961487338 0.1093268420654935 -0.02645886813123524 -0.0350831449161001
0.852 1.171069359688065 -0.2250327038499288 -0.5652410469365231 0.1004624376419393 -0.02651644707881486 -0.03483255200782093
0.853 1.172141317030152 -0.2247045486001947 -0.5664134462984625 0.0915183144913405 -0.0265731256060843 -0.0345808759282751
0.854 1.173218283886059 -0.2243737591879374 -0.5674416246345146 0.0824960659959365 -0.02662889553094512 -0.03432810688739196
0.855 1.174300311617412 -0.2240403012546312 -0.5683222286100373 0.07339732400992163 -0.02668374472669719 -0.03407422947392333
0.856 1.175387452441476 -0.2237041397780513 -0.5690518195775738 0.06422376975212202 -0.02673764815201213 -0.03381924212918639
0.857 1.176479759451188 -0.2233652390550079 -0.5696270557701729 0.05497734479999361 -0.0267906024189088 -0.03356312934832333
0.858 1.177577286635797 -0.2230235626835258 -0.5700444937106042 0.04565996908556935 -0.0268426014783222 -0.03330589447767442
0.859 1.178680088902143 -0.222679073544425 -0.570300614468673 0.0362735988292382 -0.02689360142741027 -0.03304752025803121
0.86 1.17978822209657 -0.222331733782277 -0.5703919828770565 0.02682054102776283 -0.02694361444925752 -0.03278799729960738
0.861 1.180901743027553 -0.2219815047857439 -0.5703149756172255 0.0173029492009602 -0.02699261031176347 -0.03252731886695545
0.862 1.182020709488987 -0.2216283471672222 -0.5700661963438323 0.007723342056000948 -0.0270405853529172 -0.03226547834888325
0.863 1.18314518028426 -0.2212722207418196 -0.569641943772433 -0.001915849129394631 -0.02708750197572845 -0.03200246006761855
0.864 1.184275215251047 -0.2209130845055927 -0.5690386618186759 -0.01161191925407529 -0.02713336723532646 -0.03173826834106017
0.865 1.18541087528691 -0.2205508966130324 -0.568252762044105 -0.02136213196653325 -0.0271781519897016 -0.03147288216922535
0.866 1.186552222375729 -0.2201856143537783 -0.5672806345285939 -0.03116353892103718 -0.02722183788370587 -0.03120629368371057
0.867 1.18769931961498 -0.2198171941285018 -0.5661185840240338 -0.04101313588055771 -0.02726440819523175 -0.03093849432969116
0.868 1.188852231243899 -0.219445591423937 -0.5647630477315808 -0.05090769317713878 -0.02730583966752542 -0.03066947675336612
0.869 1.190011022672581 -0.2190707607870297 -0.5632103444101151 -0.0608438781163807 -0.02734611347391991 -0.03039923182504899
0.87 1.191175760512044 -0.218692655798159 -0.561456739189246 -0.070818245396921 -0.02738522281516058 -0.03012774931300424
0.871 1.192346512605281 -0.2183112290433783 -0.5594986984234826 -0.0808270688267898 -0.0274231450834122 -0.02985502134340884
0.872 1.19352334805937 -0.2179264320856583 -0.5573325147723999 -0.0908665945016417 -0.02745984945584892 -0.02958103073653153
0.873 1.194706337278668 -0.2175382154350674 -0.554954558365915 -0.100932861652322 -0.02749531889548734 -0.02930577435673247
0.874 1.195895551999139 -0.217146528517853 -0.5523611464889554 -0.1110217483988619 -0.02752953178234952 -0.02902924290139588
0.875 1.197091065323858 -0.2167513196443616 -0.5495487074167631 -0.1211289234465906 -0.02756246833194147 -0.02875142336811856
0.876 1.198292951759746 -0.2163525359757637 -0.5465136426567401 -0.1312498925674952 -0.02759410788410851 -0.02847230457964283
0.877 1.199501287255603 -0.2159501234895154 -0.5432523523224599 -0.1413800037238849 -0.0276244287857862 -0.0281918797589679
0.878 1.200716149241462 -0.2155440269434941 -0.5397613042901805 -0.1515144350221474 -0.02765340028240827 -0.02791014000233273
0.879 1.201937616669351 -0.2151341898387665 -0.5360370048009274 -0.1616481104708059 -0.02768100940559606 -0.02762707152421471
0.88 1.203165770055513 -0.2147205543809005 -0.532075923021664 -0.171775817961771 -0.02770721173141129 -0.02734266215305205
0.881 1.204400691524145 -0.2143030614397683 -0.5278747635326129 -0.1818920691855997 -0.0277320254454435 -0.02705689874352457
0.882 1.205642464852737 -0.2138816505077723 -0.5234300413915323 -0.1919912611333723 -0.02775538267617287 -0.02676978691386024
0.883 1.206891175519075 -0.2134562596563964 -0.5187384828743793 -0.2020675347568571 -0.02777727538410951 -0.02648130580307881
0.884 1.208146910749966 -0.2130268254910215 -0.5137968542250193 -0.2121148178778641 -0.02779767750403049 -0.02619142865966998
0.885 1.209409759571804 -0.2125932831039153 -0.5086020034755629 -0.2221268107354935 -0.02781653731728009 -0.02590016476360601
0.886 1.210679812863029 -0.2121555660253035 -0.5031508307497221 -0.2320970098857722 -0.02783385699986863 -0.02560749891477519
0.887 1.211957163408579 -0.2117136061724342 -0.497440374706644 -0.2420186177813398 -0.0278496013112116 -0.02531341666344805
0.888 1.21324190595642 -0.2112673337965109 -0.4914677445628516 -0.2518847552094651 -0.02786373192216742 -0.02501791032118432
0.889 1.214534137276272 -0.2108166774274286 -0.4852301251633901 -0.2616881180575902 -0.02787618943704964 -0.02472100202851785
0.89 1.215833956220613 -0.2103615638161568 -0.4787248625898038 -0.2714212771581308 -0.02788701263793319 -0.02442258533724026
0.891 1.217141463788092 -0.2099019178746827 -0.4719494772223108 -0.2810764883044612 -0.02789613009266475 -0.02412273195184824
0.892 1.218456763189448 -0.2094376626133624 -0.4649016459123598 -0.2906458167712236 -0.02790351033252253 -0.02382140853838782
0.893 1.219779959916087 -0.2089687190755688 -0.4575789719086634 -0.3001210427846508 -0.02790911846492717 -0.023518604930298
0.894 1.221111161811388 -0.2084950062694461 -0.4499794580716976 -0.3094936703358643 -0.02791290858497903 -0.02321429682645721
0.895 1.22245047914497 -0.2080164410966963 -0.4421012569763781 -0.3187549373963769 -0.02791486910225756 -0.02290849466390776
0.896 1.223798024689983 -0.207532938278154 -0.433942651269657 -0.3278958365874946 -0.02791494048828418 -0.02260115861036074
0.897 1.22515391380362 -0.2070444102760275 -0.425502100878104 -0.3369070961698339 -0.02791308745200725 -0.0222923098839695
0.898 1.226518264511001 -0.2065507672125938 -0.4167784284532233 -0.3457791024360635 -0.02790927590247035 -0.02198191555834161
0.899 1.227891197592623 -0.2060519167851821 -0.4077705144188043 -0.3545020806446463 -0.02790345542689873 -0.02166995727256365
0.9 1.229272836675535 -0.2055477641771993 -0.3984776898113914 -0.3630658070477017 -0.02789558931949688 -0.02135641302104811
0.9001 1.229411484260786 -0.2054970535687598 -0.3975326898042805 -0.3639130182277306 -0.02789466710908183 -0.02132494637368529
0.9002 1.229550220297444 -0.2054462888676228 -0.3965848673937086 -0.3647585474601989 -0.02789375940159778 -0.02129349050878691
0.9003 1.229689044914033 -0.205395469974631 -0.3956341568550719 -0.3656023396855873 -0.02789281312054942 -0.02126201751732038
0.9004 1.229827958239376 -0.205344596790351 -0.394680578278727 -0.3664444133296669 -0.02789185382939052 -0.02123053023559
0.9005 1.22996696040261 -0.205293669215083 -0.3937241969957065 -0.36728474822631 -0.02789087268367522 -0.02119898896941417
0.9006 1.230106051533178 -0.2052426871488479 -0.3927649485264883 -0.368123329847723 -0.02788987751753665 -0.02116746884131297
0.9007 1.23024523176083 -0.2051916504913909 -0.3918028402009097 -0.3689601472962043 -0.02788885533423104 -0.0211359321802768
0.9008 1.230384501215629 -0.2051405591421856 -0.3908378371939134 -0.369795201948425 -0.02788780982810094 -0.02110438101636431
0.9009 1.230523860027946 -0.2050894130004204 -0.3898700285251304 -0.370628449226708 -0.02788678459127068 -0.0210727756946279
0.901 1.230663308328468 -0.2050382119650116 -0.3888993177355355 -0.3714599480112979 -0.02788569633892541 -0.02104119445156846
0.9011 1.230802846248195 -0.2049869559345953 -0.3879257789564865 -0.3722896174061828 -0.02788458568303501 -0.02100959639114017
0.9012 1.230942473918436 -0.2049356448075222 -0.3869493634439867 -0.3731174894376055 -0.02788351519021687 -0.02097798451481671
0.9013 1.231082191470823 -0.2048842784818675 -0.3859701251724324 -0.3739435275058218 -0.02788241892018383 -0.02094641098355456
0.9014 1.231221999037296 -0.2048328568554173 -0.3849880094734687 -0.374767735905197 -0.02788124504514141 -0.02091476062679423
0.9015 1.231361896750124 -0.2047813798256816 -0.3840030237205649 -0.3755900868173042 -0.02787994223408136 -0.02088325704473318
0.9016 1.231501884741887 -0.2047298472898823 -0.3830151812179429 -0.3764105766593949 -0.02787856380685006 -0.02085132486719753
0.9017 1.231641963145482 -0.2046782591449489 -0.3820244485392166 -0.3772292143547404 -0.02787750421981467 -0.02081974247915116
0.9018 1.231782132094131 -0.204626615287533 -0.3810309095806119 -0.3780459598362502 -0.02787624837820393 -0.02078802881365048
0.9019 1.23192239172138 -0.2045749156139942 -0.3800345154762464 -0.3788608283778434 -0.02787496483832264 -0.02075630716299414
0.902 1.232062742161095 -0.2045231600204036 -0.3790352271574471 -0.3796737885604089 -0.02787367119109261 -0.0207245637987802
0.9021 1.232203183547466 -0.2044713484025438 -0.3780331296652668 -0.3804848093778149 -0.02787234637881328 -0.02069280357030677
0.9022 1.232343716015009 -0.204419480655902 -0.3770281612483722 -0.3812939472926909 -0.02787099873141416 -0.02066102784638023
0.9023 1.232484339698567 -0.2043675566756767 -0.3760203358989689 -0.3821011303434592 -0.0278696393053377 -0.020629236738549
0.9024 1.23262505473331 -0.204315576356772 -0.3750096503720538 -0.382906376988788 -0.02786824557922545 -0.02059743066209906
0.9025 1.232765861254735 -0.2042635395937963 -0.3739960863951559 -0.383709672863115 -0.02786683789822953 -0.02056560758155873
0.9026 1.232906759398671 -0.2042114462810621 -0.3729796773630456 -0.3845109775380988 -0.02786540595260933 -0.02053376724157195
0.9027 1.233047749301275 -0.2041592963125878 -0.3719604028112905 -0.3853103197700295 -0.02786394415721059 -0.02050191488948212
0.9028 1.233188831099038 -0.2041070895820889 -0.3709383043920894 -0.3861076577184879 -0.02786247429030631 -0.02047004192651214
0.9029 1.233330004928788 -0.2040548259829892 -0.3699133401493366 -0.3869029971105808 -0.02786097634552446 -0.02043815622359113
0.903 1.233471270927676 -0.204002505408404 -0.3688855313499178 -0.3876963177845014 -0.02785945217592391 -0.02040625051230464
0.9031 1.233612629233197 -0.2039501277511517 -0.367854874930589 -0.3884876369986205 -0.02785791367379864 -0.02037433058641072
0.9032 1.233754079983185 -0.2038976929037504 -0.3668213151723896 -0.3892768827554428 -0.02785634805279152 -0.020342395997172
0.9033 1.233895623315801 -0.203845200758407 -0.3657849857843503 -0.3900641201989626 -0.02785476483121106 -0.0203104431634414
0.9034 1.234037259369559 -0.2037926512070334 -0.3647457352698401 -0.3908492690903819 -0.02785315146745639 -0.0202784744922635
0.9035 1.234178988283298 -0.2037400441412273 -0.3637036573444561 -0.3916323549524805 -0.02785151838073498 -0.02024648796078926
0.9036 1.23432081019621 -0.2036873794522826 -0.362658715552696 -0.3924133675206012 -0.02784986071124001 -0.02021449259544706
0.9037 1.23446272524782 -0.2036346570311832 -0.3616109930528082 -0.3931922618186463 -0.02784819674011217 -0.02018247065979669
0.9038 1.234604733578008 -0.2035818767686081 -0.360560385808826 -0.3939690705278963 -0.02784649516182212 -0.02015043815067895
0.9039 1.234746835326984 -0.2035290385549183 -0.3595069175304674 -0.3947437582645711 -0.02784477815832763 -0.02011838691882303
0.904 1.234889030635322 -0.2034761422801729 -0.3584505701304708 -0.395516311357532 -0.02784303132073754 -0.02008632420648709
0.9041 1.235031319643924 -0.2034231878341052 -0.3573914325094036 -0.3962867225015694 -0.02784126919609392 -0.02005424152088502
0.9042 1.235173702494053 -0.2033701751061439 -0.3563294356532424 -0.3970549927417635 -0.02783947292807812 -0.02002214635872163
0.9043 1.23531617932732 -0.2033171039853999 -0.3552645579468516 -0.3978210746900741 -0.02783766014691369 -0.01999002978169197
0.9044 1.235458750285679 -0.203263974360664 -0.3541969350821571 -0.3985850037728879 -0.02783583217043805 -0.01995789608436034
0.9045 1.235601415511449 -0.2032107861204162 -0.3531263677032122 -0.3993467352817178 -0.02783397001342113 -0.01992574935265248
0.9046 1.23574417514729 -0.2031575391528072 -0.3520530429510458 -0.4001062711941202 -0.02783209644464462 -0.0198935865607213
0.9047 1.235887029336223 -0.2031042333456776 -0.3509768004768175 -0.4008635942309826 -0.02783019346832476 -0.01986140473237492
0.9048 1.236029978221624 -0.2030508685865388 -0.3498977820966851 -0.4016186935638896 -0.0278282652002605 -0.0198292095066092
0.9049 1.236173021947222 -0.2029974447625827 -0.3488158972167051 -0.4023715510768893 -0.02782631342427983 -0.01979699830207147
0.905 1.236316160657112 -0.2029439617606791 -0.3477311538902624 -0.4031221853349959 -0.02782435020742982 -0.01976476654532918
0.9051 1.236459394495736 -0.2028904194673622 -0.3466436345997634 -0.4038705259478263 -0.0278223539279859 -0.01973252225149827
0.9052 1.236602723607913 -0.2028368177688565 -0.3455532838140929 -0.4046166050423909 -0.027820335917073 -0.01970025763793836
0.9053 1.236746148138807 -0.2027831565510427 -0.3444600343401616 -0.4053604193583579 -0.02781828766340547 -0.01966797936159749
0.9054 1.236889668233964 -0.2027294356994835 -0.3433639852253085 -0.4061019151306179 -0.02781622240794469 -0.01963568582874376
0.9055 1.237033284039275 -0.2026756550994032 -0.3422651147701072 -0.4068411246361704 -0.02781413775145553 -0.01960337755314482
0.9056 1.237176995701006 -0.2026218146356936 -0.341163418212672 -0.4075779982563533 -0.02781202526657466 -0.01957104650349396
0.9057 1.237320803365795 -0.202567914192925 -0.3400589231794369 -0.4083125361154446 -0.02780989091789985 -0.01953870001019841
0.9058 1.237464707180642 -0.2025139536553217 -0.338951532580728 -0.4090447430297623 -0.02780773165545088 -0.01950634074811286
0.9059 1.237608707292915 -0.2024599329067756 -0.3378414404841567 -0.409774593220577 -0.02780555459406707 -0.01947396250635667
0.906 1.23775280385036 -0.2024058518308451 -0.3367284170465676 -0.4105020530074381 -0.02780334263195834 -0.01944156915680171
0.9061 1.237896997001088 -0.2023517103107446 -0.3356126097018085 -0.4112271729167941 -0.02780112032109287 -0.0194091585662376
0.9062 1.23804128689359 -0.2022975082293518 -0.3344939692841634 -0.4119498643309759 -0.02779886372467088 -0.01937673218254003
0.9063 1.238185673676724 -0.202243245469202 -0.3333725692790261 -0.4126701606861042 -0.02779658941635752 -0.01934428852394945
0.9064 1.238330157499733 -0.2021889219124915 -0.3322483107564645 -0.4133880573975571 -0.02779428941665986 -0.01931183089097131
0.9065 1.238474738512237 -0.2021345374410725 -0.331121242043636 -0.4141034966343907 -0.02779196440894729 -0.01927935114355682
0.9066 1.238619416864225 -0.2020800919364462 -0.3299913557594101 -0.4148165084132289 -0.02778961647056032 -0.01924685607909244
0.9067 1.238764192706079 -0.2020255852797742 -0.3288586881061784 -0.4155270693885619 -0.02778724372640687 -0.01921434733770768
0.9068 1.238909066188552 -0.2019710173518667 -0.3277232006894104 -0.4162351651469822 -0.02778485593752973 -0.01918181982722104
0.9069 1.239054037462789 -0.2019163880331868 -0.326584893996559 -0.4169407694494688 -0.02778242545845436 -0.01914927781413981
0.907 1.23919910668031 -0.2018616972038418 -0.3254438132376643 -0.417643862244115 -0.02777997888541314 -0.01911672192548049
0.9071 1.239344273993033 -0.2018069447435985 -0.3242999185991661 -0.418344472768026 -0.02777751988601136 -0.01908414070208807
0.9072 1.23948953955325 -0.2017521305318568 -0.3231532524474147 -0.4190425782264208 -0.02777502628875405 -0.01905154828110729
0.9073 1.239634903513654 -0.2016972544476741 -0.3220037780818293 -0.4197381491603102 -0.02777251728154908 -0.01901893804836379
0.9074 1.239780366027318 -0.2016423163697431 -0.3208514780638935 -0.4204311744545304 -0.02776996431530069 -0.01898631585782673
0.9075 1.23992592724771 -0.2015873161763995 -0.3196964254042229 -0.4211216144587056 -0.02776740756300555 -0.01895366932099409
0.9076 1.240071587328694 -0.2015322537456267 -0.3185385247678465 -0.4218095132566242 -0.02776481647508692 -0.01892101088816166
0.9077 1.24021734642452 -0.2014771289550397 -0.3173779191500659 -0.4224948287244087 -0.02776220110719982 -0.01888833215660226
0.9078 1.240363204689843 -0.2014219416818972 -0.3162144739387759 -0.4231775419286226 -0.02775956272945472 -0.0188556401517229
0.9079 1.24050916227971 -0.2013666918030934 -0.3150482685875373 -0.4238576621410376 -0.02775690470572093 -0.01882292748960494
0.908 1.240655219349566 -0.2013113791951532 -0.3138792799461903 -0.4245351607010161 -0.02775420520905269 -0.01879020396947223
0.9081 1.24080137605526 -0.2012560037342456 -0.3127075236284034 -0.4252100214981716 -0.02775149663577023 -0.01875745843006554
0.9082 1.240947632553037 -0.2012005652961612 -0.3115329868135362 -0.425882250284586 -0.02774876410284082 -0.01872469690349495
0.9083 1.241093988999548 -0.2011450637563259 -0.310355692114864 -0.4265518030799364 -0.02774600105864301 -0.01869191971471822
0.9084 1.241240445551847 -0.2010894989897972 -0.3091756342772913 -0.4272187170046783 -0.02774320942996053 -0.01865912661540188
0.9085 1.241387002367397 -0.201033870871256 -0.3079927883608932 -0.4278829094376385 -0.02774040058503025 -0.01862631433148943
0.9086 1.241533659604063 -0.2009781792750124 -0.3068071896039066 -0.428544429189775 -0.02773757151456797 -0.01859348541057528
0.9087 1.241680417420124 -0.2009224240750033 -0.3056188455761696 -0.4292032362017447 -0.0277347073922792 -0.0185606417539568
0.9088 1.241827275974266 -0.2008666051447848 -0.304427699843627 -0.4298592965884866 -0.02773181530733463 -0.01852777996584429
0.9089 1.241974235425582 -0.200810722357533 -0.3032338526719606 -0.4305126482841788 -0.02772890009386546 -0.01849490457524473
0.909 1.24212129593359 -0.200754775586053 -0.3020372496881642 -0.4311632512962124 -0.02772597287022162 -0.01846200754001369
0.9091 1.242268457658215 -0.2006987647027636 -0.3008378541200576 -0.4318110921121615 -0.02772300860722476 -0.01842909308744897
0.9092 1.242415720759799 -0.2006426895796982 -0.2996357522644884 -0.4324561458063712 -0.02772001676136989 -0.01839616758740449
0.9093 1.2425630853991 -0.2005865500885085 -0.2984308813686818 -0.433098415336631 -0.02771700401632348 -0.01836321790234631
0.9094 1.242710551737299 -0.2005303461004631 -0.2972232981319973 -0.4337378890214001 -0.02771396940059185 -0.01833025447186246
0.9095 1.242858119935998 -0.2004740774864401 -0.296012973624721 -0.4343745420206679 -0.0277109066592432 -0.01829727609740121
0.9096 1.243005790157218 -0.2004177441169261 -0.2947998972066379 -0.4350083700438726 -0.02770781708551166 -0.01826427787704871
0.9097 1.243153562563406 -0.2003613458620236 -0.293584093894614 -0.4356393628374806 -0.02770469983110576 -0.01823126786106513
0.9098 1.243301437317432 -0.2003048825914352 -0.2923656189562947 -0.4362674928151482 -0.02770156202190332 -0.01819823233916414
0.9099 1.243449414582599 -0.2002483541744777 -0.2911443893803425 -0.4368927668119261 -0.02769839970838962 -0.01816518399972237
0.91 1.243597494522633 -0.2001917604800698 -0.2899204315298793 -0.4375151546148698 -0.02769520043412543 -0.0181321239054411
0.9101 1.243745677301692 -0.2001351013767275 -0.2886937760125558 -0.4381346395593146 -0.02769198538618328 -0.01809903856681931
0.9102 1.243893963084365 -0.2000783767325768 -0.2874643650958558 -0.4387512165361206 -0.02768873846775571 -0.01806594204300229
0.9103 1.244042352035676 -0.2000215864153366 -0.2862322762636525 -0.4393649008497996 -0.027685471794466 -0.01803282444105269
0.9104 1.244190844321084 -0.1999647302923276 -0.284997525646822 -0.4399756262971327 -0.02768217856875876 -0.01799969141844031
0.9105 1.244339440106484 -0.1999078082304672 -0.2837600618369836 -0.4405834142695883 -0.02767885643853913 -0.01796654231603396
0.9106 1.244488139558208 -0.1998508200962655 -0.2825198647135865 -0.441188233047072 -0.02767550819560339 -0.01793337462520133
0.9107 1.24463694284303 -0.1997937657558273 -0.2812769743161861 -0.4417900703598492 -0.02767213227330676 -0.01790019038825247
0.9108 1.244785850128165 -0.1997366450748483 -0.2800314314527581 -0.4423889484737574 -0.02766872963076844 -0.01786698672560916
0.9109 1.244934861581269 -0.1996794579186124 -0.2787831803365411 -0.4429848039286576 -0.02766530671915238 -0.01783377721809413
0.911 1.245083977370449 -0.1996222041519971 -0.2775322431672666 -0.4435776333214754 -0.02766185485510543 -0.0178005412356065
0.9111 1.245233197664248 -0.1995648836394564 -0.2762786486193357 -0.444167443823702 -0.02765838103827508 -0.01776728527000187
0.9112 1.245382522631668 -0.1995074962450385 -0.2750223756588059 -0.4447542158420143 -0.0276548792378243 -0.01773401142285726
0.9113 1.245531952442155 -0.199450041832372 -0.2737634013531097 -0.4453379140246028 -0.02765134548063697 -0.01770072235531192
0.9114 1.245681487265607 -0.1993925202646617 -0.2725017931494962 -0.4459185506017135 -0.02764777661734424 -0.01766742223025268
0.9115 1.245831127272378 -0.1993349314047001 -0.2712375094766977 -0.4464961046883707 -0.02764419914703503 -0.01763409488464423
0.9116 1.245980872633268 -0.199277275114847 -0.2699705951161806 -0.4470705942782917 -0.0276405877455356 -0.01760076015797045
0.9117 1.246130723519549 -0.1992195512570491 -0.268701034479133 -0.4476419262831682 -0.02763694168485063 -0.01756740440327996
0.9118 1.246280680102939 -0.1991617596928209 -0.2674287952472971 -0.4482101399112778 -0.0276332786534142 -0.01753402975452491
0.9119 1.246430742555622 -0.1991039002832513 -0.2661539468204968 -0.4487752390735863 -0.02762958843091758 -0.01750063869263986
0.912 1.246580911050238 -0.1990459728889986 -0.2648764382730162 -0.449337175830829 -0.02762586990647675 -0.01746723231225484
0.9121 1.246731185759896 -0.1989879773702895 -0.2635962921109743 -0.4498959077733721 -0.02762211999725899 -0.01743380674680314
0.9122 1.246881566858172 -0.1989299135869213 -0.2623135790168032 -0.4504515156194909 -0.02761834843207034 -0.01740036569512439
0.9123 1.247032054519103 -0.1988717813982524 -0.2610281954609666 -0.4510038895385061 -0.02761454641324642 -0.01736690676285236
0.9124 1.247182648917194 -0.1988135806632065 -0.2597401832930426 -0.4515530670705472 -0.02761071865365529 -0.01733342890819835
0.9125 1.247333350227431 -0.1987553112402691 -0.2584495910292952 -0.4520990431647185 -0.02760686839681581 -0.01729993408458817
0.9126 1.247484158625265 -0.1986969729874872 -0.2571563271522835 -0.4526417454732342 -0.02760297991546694 -0.01726642591761989
0.9127 1.247635074286615 -0.1986385657624562 -0.2558605007589482 -0.45318121231557 -0.02759906761030093 -0.0172328980941882
0.9128 1.247786097387889 -0.1985800894223425 -0.2545620810038332 -0.4537174309348099 -0.02759513359835233 -0.01719935385718058
0.9129 1.247937228105965 -0.1985215438238531 -0.2532611150775764 -0.4542503692881873 -0.02759117065487842 -0.01716579016682612
0.913 1.248088466618206 -0.1984629288232581 -0.2519574885119928 -0.4547799948101225 -0.02758717846043565 -0.01713221093476759
0.9131 1.248239813102447 -0.1984042442763688 -0.250651299403655 -0.4553063118380427 -0.02758315880637078 -0.01709861073074573
0.9132 1.248391267737018 -0.1983454900385518 -0.2493425248152326 -0.4558293203012241 -0.02757910893634443 -0.01706499588135545
0.9133 1.248542830700722 -0.1982866659647135 -0.2480311984897089 -0.4563489941832485 -0.02757503861669573 -0.01703136211979926
0.9134 1.248694502172862 -0.1982277719093131 -0.2467172562284526 -0.4568652888277313 -0.02757093467071882 -0.01699771087608889
0.9135 1.248846282333218 -0.1981688077263452 -0.2454008067267771 -0.4573782522195033 -0.02756680591762405 -0.01696404406099204
0.9136 1.248998171362072 -0.1981097732693513 -0.2440817839002263 -0.4578878398445436 -0.02756264518224435 -0.01693036045845824
0.9137 1.249150169440187 -0.1980506683914039 -0.2427602303039603 -0.4583940364231433 -0.02755845898854948 -0.0168966577993913
0.9138 1.249302276748833 -0.1979914929451215 -0.241436093241739 -0.4588967898408141 -0.02755423830734399 -0.01686293637604452
0.9139 1.249454493469767 -0.1979322467826505 -0.2401093999647448 -0.459396143647723 -0.02754999241974927 -0.01682920362528242
0.914 1.249606819785245 -0.1978729297556725 -0.2387802482203572 -0.4598920818535913 -0.0275457305146314 -0.01679545088592569
0.9141 1.249759255878029 -0.1978135417154004 -0.2374485247528402 -0.4603845408691853 -0.02754143257294117 -0.01676167233549205
0.9142 1.24991180193138 -0.1977540825125754 -0.2361142825472273 -0.460873550534372 -0.02753709987070084 -0.01672788279208214
0.9143 1.250064458129061 -0.1976945519974663 -0.2347775235610393 -0.4613590818075006 -0.02753274334867728 -0.01669407997725299
0.9144 1.250217224655348 -0.1976349500198657 -0.233438257564341 -0.4618411119443802 -0.02752835554772388 -0.01666025651678127
0.9145 1.250370101695013 -0.1975752764290863 -0.2320965286456147 -0.4623196512357108 -0.0275239517766405 -0.01662640964306241
0.9146 1.250523089433356 -0.1975155310739727 -0.2307522141370595 -0.4627946463862836 -0.02751950811420489 -0.01659254550917298
0.9147 1.250676188056171 -0.1974557138028721 -0.2294054903380943 -0.4632661082104917 -0.02751503842511715 -0.01655866690308733
0.9148 1.250829397749778 -0.19739582446366 -0.2280562479719179 -0.4637340417822167 -0.02751053519888576 -0.01652477229722139
0.9149 1.250982718701006 -0.1973358629037204 -0.226704509470189 -0.4641983749443642 -0.02750600219195931 -0.01649086378712938
0.915 1.251136151097207 -0.197275828969953 -0.225350325449417 -0.4646591530011712 -0.02750144695344788 -0.01645693213890301
0.9151 1.251289695126252 -0.1972157225087665 -0.2239937068256713 -0.465116346928856 -0.02749686399774655 -0.01642298443616789
0.9152 1.251443350976531 -0.197155543366077 -0.2226345828754072 -0.4655699155792663 -0.02749224834510244 -0.01638901675418831
0.9153 1.251597118836963 -0.1970952913873105 -0.2212730030700017 -0.4660198624676603 -0.02748760550079013 -0.01635503414083378
0.9154 1.251750998896993 -0.1970349664173915 -0.2199090066727267 -0.4664661551377639 -0.02748292723369611 -0.01632103683182467
0.9155 1.251904991346588 -0.1969745683007486 -0.2185425679626821 -0.466908834567441 -0.02747822686878958 -0.01628701707072294
0.9156 1.252059096376253 -0.1969140968813115 -0.2171736522748225 -0.4673478002904607 -0.02747349334892597 -0.01625298377723478
0.9157 1.252213314177023 -0.1968535520025058 -0.2158023272724614 -0.4677830865776306 -0.027468733868885 -0.01621892745457574
0.9158 1.252367644940464 -0.1967929335072513 -0.2144286249704228 -0.4682146974810188 -0.02746393933944449 -0.01618485918733843
0.9159 1.25252208885868 -0.1967322412379601 -0.2130524890311677 -0.4686425962483492 -0.02745911632714068 -0.01615077309180794
0.916 1.252676646124321 -0.1966714750365391 -0.2116739351140148 -0.4690667532473932 -0.02745426732967565 -0.01611666352482436
0.9161 1.252831316930569 -0.1966106347443826 -0.2102929868064271 -0.4694871768594805 -0.02744939023953741 -0.01608254005045723
0.9162 1.252986101471154 -0.1965497202023682 -0.2089096763958715 -0.4699038569580787 -0.02744448529401154 -0.01604839458225444
0.9163 1.253140999940352 -0.196488731250861 -0.2075239555830809 -0.4703167224142265 -0.02743954206599892 -0.01601423599060647
0.9164 1.253296012532977 -0.1964276677297017 -0.2061359240798149 -0.4707258725687002 -0.02743457842728631 -0.01598005732794731
0.9165 1.253451139444411 -0.1963665294782242 -0.2047454259534685 -0.4711311479585523 -0.02742957685046065 -0.0159458631791109
0.9166 1.253606380870565 -0.1963053163352212 -0.203352643122874 -0.4715326424461525 -0.02742454709892778 -0.01591164785915921
0.9167 1.253761737007922 -0.1962440281389742 -0.201957446667288 -0.47193029780898 -0.02741948627390139 -0.01587741966280336
0.9168 1.253917208053515 -0.1961826647272326 -0.2005599464359608 -0.4723241043143763 -0.0274143987689196 -0.01584316780383016
0.9169 1.254072794204933 -0.1961212259372163 -0.199160127745052 -0.4727140825750058 -0.02740928334395745 -0.01580890277038712
0.917 1.25422849566033 -0.1960597116056121 -0.1977579923436187 -0.4731001738779135 -0.02740413052650769 -0.01577462075859427
0.9171 1.254384312618424 -0.1959981215685784 -0.1963534582378306 -0.4734823378505241 -0.02739894887068717 -0.01574031944254133
0.9172 1.254540245278488 -0.1959364556617243 -0.1949466801343372 -0.4738606341531053 -0.02739374257867876 -0.01570599888693654
0.9173 1.254696293840375 -0.1958747137201324 -0.1935375407717286 -0.4742349611367321 -0.02738849969527779 -0.0156716573181829
0.9174 1.2548524585045 -0.195812895578339 -0.1921261425143754 -0.4746053978211972 -0.0273832323273365 -0.01563730134050867
0.9175 1.255008739471853 -0.1957510010703343 -0.1907124216040706 -0.4749718577533749 -0.02737792859726796 -0.01560292496757276
0.9176 1.255165136943995 -0.1956890300295642 -0.189296419922218 -0.4753343598749952 -0.02737259286921947 -0.01556853749566272
0.9177 1.255321651123065 -0.1956269822889209 -0.1878782048084435 -0.4756928859147008 -0.02736723200839559 -0.01553412556982493
0.9178 1.255478282211787 -0.1955648576807568 -0.1864577137577715 -0.4760474346127267 -0.0273618342010447 -0.01549970176777945
0.9179 1.25563503041346 -0.1955026560368647 -0.1850349269997524 -0.4763979364988459 -0.02735640617566448 -0.01546525678075875
0.918 1.255791895931966 -0.1954403771884747 -0.1836099728758025 -0.4767444369883176 -0.02735096060138207 -0.01543078778215116
0.9181 1.255948878971777 -0.1953780209662693 -0.1821826736387344 -0.4770868784808818 -0.02734546630075993 -0.01539631066507663
0.9182 1.25610597973795 -0.1953155872003607 -0.180753164836076 -0.477425258588997 -0.02733994246622555 -0.01536181368376178
0.9183 1.256263198436132 -0.1952530757202993 -0.1793214646179913 -0.477759588162241 -0.02733439455044891 -0.01532729871929646
0.9184 1.256420535272568 -0.1951904863550745 -0.1778875587722783 -0.4780898025072784 -0.02732881381532186 -0.01529276219409749
0.9185 1.256577990454094 -0.1951278189331025 -0.1764514620792399 -0.4784159378849126 -0.02732320290209396 -0.01525820611741516
0.9186 1.256735564188148 -0.1950650732822289 -0.1750131473774664 -0.478737941801922 -0.02731755383072797 -0.01522363961485643
0.9187 1.25689325668276 -0.1950022492297229 -0.1735726452525444 -0.4790558153808582 -0.02731187743814218 -0.01518904992265841
0.9188 1.257051068146579 -0.1949393466022859 -0.1721299826082565 -0.4793695437902771 -0.02730617228943713 -0.0151544422013721
0.9189 1.25720899878884 -0.1948763652260261 -0.1706851675055402 -0.479679131587246 -0.0273004279174075 -0.01511982100520918
0.919 1.257367048819402 -0.1948133049264862 -0.1692381651978501 -0.4799844899066798 -0.02729466165734828 -0.01508517552554994
0.9191 1.257525218448722 -0.19475016552861 -0.1677890257560559 -0.4802857023137404 -0.0272888628526217 -0.01505051088117459
0.9192 1.257683507887875 -0.1946869468567599 -0.1663377587563546 -0.480582673301855 -0.02728302759722177 -0.01501583342810444
0.9193 1.257841917348554 -0.1946236487347113 -0.1648843794968272 -0.480875428768593 -0.027277157559314 -0.0149811366084153
0.9194 1.258000447043071 -0.194560270985648 -0.163428873115845 -0.481163943210473 -0.02727126203825392 -0.01494641875319448
0.9195 1.258159097184352 -0.1944968134321536 -0.1619712259962204 -0.4814481951076662 -0.02726532639263591 -0.01491168920754645
0.9196 1.258317867985943 -0.194433275896212 -0.1605115331585184 -0.4817282052662445 -0.02725936006399092 -0.01487693979281977
0.9197 1.258476759662032 -0.1943696581992178 -0.1590496888089052 -0.4820038973024449 -0.02725336530866774 -0.01484217088148297
0.9198 1.258635772427416 -0.1943059601619487 -0.1575857942906991 -0.4822752711141703 -0.02724733967082677 -0.01480737903537887
0.9199 1.258794906497533 -0.1942421816045866 -0.1561198105625664 -0.482542361052854 -0.02724128044196268 -0.01477257385955139
0.92 1.258954162088454 -0.1941783223466981 -0.154651815995066 -0.4828051125396876 -0.02723518745077257 -0.01473775002166464
0.9201 1.259113539416886 -0.1941143822072447 -0.1531817470394068 -0.4830634945185376 -0.02722906185245529 -0.01470290654220282
0.9202 1.259273038700168 -0.1940503610045647 -0.1517096691277293 -0.4833175412296306 -0.02722289683952452 -0.01466805260993472
0.9203 1.259432660156291 -0.1939862585563894 -0.1502355317526955 -0.4835671958213825 -0.02721670776295753 -0.01463317210219513
0.9204 1.259592404003879 -0.1939220746798205 -0.1487594065918303 -0.4838124805180261 -0.02721048599454698 -0.01459827499736967
0.9205 1.259752270462214 -0.1938578091913463 -0.1472812040842394 -0.4840532982070358 -0.02720422118292149 -0.01456336351648277
0.9206 1.259912259751214 -0.1937934619068146 -0.1458011120370811 -0.4842897346069234 -0.02719793364936249 -0.01452842782936071
0.9207 1.260072372091463 -0.1937290326414653 -0.1443189435585561 -0.4845217092201287 -0.02719161074321167 -0.0144934764846454
0.9208 1.260232607704189 -0.1936645212098886 -0.1428348417065457 -0.484749225951243 -0.02718525363894055 -0.01445850700957619
0.9209 1.260392966811282 -0.1935999274260471 -0.1413487914228958 -0.4849722846001432 -0.02717886055372421 -0.01442352149171858
0.921 1.260553449635292 -0.19353525110327 -0.1398607634377856 -0.4851908383595759 -0.02717243630522765 -0.01438851517887059
0.9211 1.260714056399431 -0.1934704920542362 -0.1383708381817069 -0.4854049271898266 -0.02716597837853716 -0.01435349327682507
0.9212 1.260874787327578 -0.1934056500909883 -0.1368789767293519 -0.4856144925534488 -0.02715948520092258 -0.01431845277221405
0.9213 1.261035642644283 -0.1933407250249252 -0.1353851463782604 -0.4858194608708493 -0.02715296464073953 -0.01428338877603029
0.9214 1.261196622574758 -0.1932757166667875 -0.133889450065853 -0.4860199374049452 -0.02714640187082413 -0.01424831413454824
0.9215 1.261357727344903 -0.1932106248266704 -0.1323918332237918 -0.4862158237713832 -0.02713981298755497 -0.01421321622719435
0.9216 1.261518957181283 -0.1931454493140098 -0.13089234867104 -0.4864071154198054 -0.02713318655825364 -0.01417809966373669
0.9217 1.261680312311151 -0.1930801899375863 -0.1293909623988745 -0.4865938168350016 -0.02712652054535145 -0.01414297240602976
0.9218 1.261841792962436 -0.1930148465055141 -0.1278877739058408 -0.486775933677179 -0.02711983099248049 -0.01410781919754503
0.9219 1.26200339936376 -0.1929494188252457 -0.126382722192177 -0.4869533981825455 -0.02711310415853418 -0.01407264690361026
0.922 1.262165131744431 -0.1928839067035709 -0.1248758171847172 -0.4871262133706145 -0.02710633385740189 -0.01403746197220289
0.9221 1.262326990334446 -0.1928183099465984 -0.1233671012432098 -0.4872943800086229 -0.02709954489772273 -0.01400225184863104
0.9222 1.262488975364496 -0.1927526283597672 -0.1218565948235301 -0.487457892182242 -0.02709271357209535 -0.01396702923410885
0.9223 1.262651087065977 -0.1926868617478418 -0.1203442525144029 -0.4876166793278432 -0.0270858467770869 -0.0139317838757661
0.9224 1.262813325670973 -0.1926210099148995 -0.1188301913062141 -0.4877707870473419 -0.02707894248439675 -0.01389652231844237
0.9225 1.262975691412289 -0.1925550726643449 -0.1173142741374688 -0.4879201507172915 -0.02707200673766674 -0.01386124622922966
0.9226 1.26313818452342 -0.1924890497988842 -0.1157966129076449 -0.4880647761683194 -0.0270650396941254 -0.01382594716118232
0.9227 1.263300805238574 -0.1924229411205349 -0.1142772320789826 -0.488204663670498 -0.02705803089429436 -0.01379063155667593
0.9228 1.263463553792683 -0.1923567464306324 -0.1127560605068081 -0.4883397508208997 -0.02705098725208741 -0.01375529699583935
0.9229 1.263626430421378 -0.1922904655297981 -0.1112332004324561 -0.488470071703817 -0.02704391371734389 -0.0137199426281641
0.923 1.26378943536102 -0.192224098217965 -0.1097086699485014 -0.4885956000507729 -0.02703680428817897 -0.01368457106948732
0.9231 1.263952568848689 -0.192157644294363 -0.1081823646072553 -0.488716300973044 -0.02702965679811256 -0.01364918164556671
0.9232 1.264115831122188 -0.1920911035575078 -0.1066544422119326 -0.4888321965490153 -0.02702247438131224 -0.01361377559475867
0.9233 1.264279222420048 -0.1920244758052072 -0.1051248387723674 -0.4889432211772057 -0.02701526107860473 -0.01357834731042099
0.9234 1.264442742981535 -0.1919577608345611 -0.1035935541652638 -0.4890494061194351 -0.02700800832752312 -0.01354290218069983
0.9235 1.264606393046646 -0.1918909584419475 -0.1020606406281334 -0.4891506811371121 -0.02700072365897922 -0.01350743604279021
0.9236 1.264770172856121 -0.1918240684230275 -0.1005260486464538 -0.4892470549121607 -0.02699340098305372 -0.0134719539320501
0.9237 1.264934082651429 -0.191757090572728 -0.0989898703135065 -0.4893384996856861 -0.02698603659504128 -0.01343645331027636
0.9238 1.265098122674795 -0.1916900246852641 -0.0974521151696425 -0.4894250522924594 -0.02697863909852117 -0.0134009379689516
0.9239 1.265262293169182 -0.1916228705541071 -0.095912763208006 -0.489506676986506 -0.02697120791437846 -0.01336540256079206
0.924 1.265426594378312 -0.1915556279720036 -0.0943718203220077 -0.4895833248436611 -0.02696374246683432 -0.01332984501271487
0.9241 1.265591026546651 -0.1914882967309492 -0.0928293350476996 -0.4896550221911236 -0.02695624420950583 -0.01329427139333908
0.9242 1.265755589919433 -0.1914208766222161 -0.0912852946122631 -0.4897217011023741 -0.02694869915748361 -0.01325867933991305
0.9243 1.265920284742644 -0.191353367436316 -0.0897397044383349 -0.4897833648736371 -0.02694112169774555 -0.01322306922768775
0.9244 1.26608511126304 -0.1912857689630228 -0.0881926051819496 -0.4898400306542456 -0.02693351065197447 -0.01318743616590038
0.9245 1.266250069728131 -0.1912180809913439 -0.0866440572588672 -0.489891705542742 -0.02692586666324502 -0.01315178820295121
0.9246 1.266415160386216 -0.1911503033095485 -0.0850939826759069 -0.4899382975253246 -0.02691818298677732 -0.01311612151430595
0.9247 1.266580383486358 -0.1910824357051363 -0.0835423827055773 -0.4899797715990163 -0.02691046366570812 -0.01308043368338142
0.9248 1.266745739278393 -0.1910144779648424 -0.0819893339563428 -0.4900161866438425 -0.02690269773610555 -0.01304473509053217
0.9249 1.266911228012946 -0.1909464298746382 -0.0804348922683593 -0.4900475159942443 -0.02689490530676946 -0.01300900924279603
0.925 1.267076849941416 -0.1908782912197212 -0.07887899150028311 -0.4900737191841284 -0.02688707182122541 -0.01297326760067984
0.9251 1.267242605316005 -0.1908100617845232 -0.07732165510956022 -0.4900947837025161 -0.02687919978931804 -0.0129375085076692
0.9252 1.267408494389687 -0.1907417413526818 -0.0757629425109284 -0.490110719646847 -0.026871286885044 -0.01290173383550698
0.9253 1.267574517416246 -0.1906733297070686 -0.07420286373720955 -0.4901215183802162 -0.02686334905885201 -0.01286593678202665
0.9254 1.267740674650255 -0.1906048266297594 -0.07264139887020969 -0.4901271174851298 -0.02685536588579295 -0.01283012238379237
0.9255 1.267906966347098 -0.1905362319020463 -0.07107855267075978 -0.4901274844715014 -0.02684734245374443 -0.01279428806418791
0.9256 1.268073392762949 -0.1904675453044207 -0.06951441000751959 -0.4901226974729259 -0.02683928537320106 -0.01275843455414163
0.9257 1.268239954154801 -0.1903987666165792 -0.0679489527236534 -0.4901126590424883 -0.02683119767884517 -0.01272255849196511
0.9258 1.268406650780464 -0.1903298956174238 -0.0663821369582826 -0.490097389360076 -0.02682306580490392 -0.01268667098138174
0.9259 1.268573482898549 -0.1902609320850373 -0.06481409592142545 -0.4900768649034788 -0.02681489244574466 -0.01265076148444387
0.926 1.268740450768504 -0.1901918757967067 -0.06324470548888597 -0.4900510505616453 -0.02680668266653389 -0.01261483788036217
0.9261 1.268907554650583 -0.190122726528897 -0.06167412387007589 -0.4900199738317707 -0.02679843726936833 -0.01257888951449702
0.9262 1.26907479480588 -0.1900534840572575 -0.06010227015791971 -0.4899835807994869 -0.02679015215687394 -0.01254292452816662
0.9263 1.269242171496316 -0.189984148156618 -0.05852916949338866 -0.4899418764820195 -0.02678182706196822 -0.0125069464124224
0.9264 1.26940968498464 -0.1899147186009781 -0.05695490018366547 -0.4898948446914067 -0.02677345986473388 -0.01247094740974612
0.9265 1.269577335534449 -0.1898451951635136 -0.05537942399904411 -0.4898424617996043 -0.02676505614888139 -0.01243493023825171
0.9266 1.269745123410176 -0.1897755776165621 -0.05380274686982776 -0.4897846718235187 -0.02675662304537927 -0.01239888425447323
0.9267 1.2699130488771 -0.189705865731624 -0.05222496412571376 -0.4897215816935167 -0.02674814288693857 -0.01236283157497702
0.9268 1.27008111220135 -0.1896360592793583 -0.05064599863516484 -0.4896530357907817 -0.02673963390139698 -0.01232675091104499
0.9269 1.270249313649912 -0.1895661580295758 -0.04906589090948016 -0.4895790846345828 -0.02673107327197908 -0.01229065842667484
0.927 1.270417653490626 -0.1894961617512411 -0.0474847119010064 -0.4894997515347282 -0.02672248073528188 -0.01225454978911732
0.9271 1.270586131992189 -0.1894260702124578 -0.04590247134490339 -0.489414924382559 -0.02671384819261423 -0.01221841442537984
0.9272 1.270754749424168 -0.1893558831804707 -0.04431909900262135 -0.489324669394403 -0.02670517665778948 -0.01218226305283215
0.9273 1.270923506057005 -0.1892856004216692 -0.04273466831686096 -0.4892289432200934 -0.02669646417743657 -0.01214609565562694
0.9274 1.271092402161998 -0.1892152217015612 -0.0411492500889663 -0.4891277017091516 -0.02668770760262827 -0.012109911281306
0.9275 1.271261438011339 -0.1891447467847967 -0.03956278568083904 -0.4890209593391857 -0.02667891516940815 -0.01207370274909719
0.9276 1.271430613878094 -0.1890741754351382 -0.03797530316704822 -0.488908732236763 -0.02667008503414327 -0.01203747966537518
0.9277 1.27159993003621 -0.1890035074154713 -0.03638687432838758 -0.488790939793147 -0.02666121619274119 -0.01200123338906949
0.9278 1.27176938676053 -0.1889327424877978 -0.03479748432767074 -0.4886675901828261 -0.02665230786397382 -0.01196496684011625
0.9279 1.271938984326786 -0.1888618804132242 -0.03320707272000317 -0.4885387111627889 -0.02664335687531191 -0.01192869015837176
0.928 1.272108723011605 -0.1887909209519645 -0.03161583477656466 -0.4884042567761393 -0.02663436744682701 -0.01189238845224143
0.9281 1.272278603092527 -0.1887198638633375 -0.03002361381093541 -0.4882641665641666 -0.02662533518087635 -0.01185606965995379
0.9282 1.27244862484798 -0.1886487089057541 -0.0284305630450388 -0.488118503314552 -0.02661627481415354 -0.0118197250526181
0.9283 1.272618788557316 -0.188577455836718 -0.02683654711601757 -0.4879671550533423 -0.02660715198666978 -0.01178337619113554
0.9284 1.272789094500796 -0.1885061044128209 -0.02524176835299321 -0.487810200654121 -0.02659799953840532 -0.01174700146685111
0.9285 1.272959542959589 -0.188434654389729 -0.02364610269197096 -0.4876475898366895 -0.02658880981649854 -0.0117106042816374
0.9286 1.273130134215809 -0.188363105522202 -0.0220495947198232 -0.487479270735655 -0.02657957801200177 -0.01167418735252753
0.9287 1.273300868552472 -0.1882914575640552 -0.02045231007643572 -0.4873053330431462 -0.02657030069410101 -0.0116377644678824
0.9288 1.273471746253544 -0.1882197102681858 -0.01885429134148797 -0.4871256289086515 -0.026560986818158 -0.01160131106824488
0.9289 1.273642767603913 -0.1881478633865446 -0.0172554854950481 -0.4869402679887064 -0.02655163408005703 -0.01156484178713306
0.929 1.273813932889416 -0.1880759166701484 -0.01565595294548877 -0.4867491276336934 -0.02654223463961301 -0.01152835208034965
0.9291 1.273985242396827 -0.1880038698690607 -0.01405567841360403 -0.4865522730659675 -0.02653279483903487 -0.0114918519798015
0.9292 1.274156696413877 -0.1879317227324034 -0.01245471941021897 -0.4863496060709538 -0.02652331329479144 -0.01145532477189992
0.9293 1.274328295229233 -0.1878594750083268 -0.01085309298614867 -0.4861412165805866 -0.02651379955438472 -0.01141877738190128
0.9294 1.274500039132539 -0.1877871264440372 -0.00925078643758107 -0.4859270165350375 -0.02650423291959358 -0.01138221603804742
0.9295 1.274671928414392 -0.1877146767857661 -0.007647844663555809 -0.4857069975758564 -0.02649462866229337 -0.01134563542336113
0.9296 1.274843963366352 -0.1876421257787735 -0.006044289166777794 -0.4854811294558184 -0.02648498118287919 -0.0113090311487606
0.9297 1.275016144280953 -0.1875694731673463 -0.004440106206786337 -0.4852494402550496 -0.02647528571314044 -0.01127242048508894
0.9298 1.275188471451704 -0.1874967186947844 -0.002835408122966954 -0.4850119637982521 -0.02646555957360156 -0.01123578254741602
0.9299 1.275360945173098 -0.1874238621034125 -0.001230104231863038 -0.4847685376113629 -0.0264557840190773 -0.01119912427056601
0.93 1.275533565740604 -0.1873509031345515 0.0003756930585087082 -0.484519282235679 -0.02644597241700745 -0.0111624460110731
0.9301 1.275706333450691 -0.1872778415285371 0.001982068407085175 -0.4842640676490855 -0.02643610773412872 -0.01112575557198517
0.9302 1.275879248600809 -0.1872046770246908 0.003588883059667813 -0.4840029661012234 -0.0264262144342377 -0.01108903660698733
0.9303 1.276052311489419 -0.1871314093613391 0.005196203460716142 -0.4837360012184233 -0.02641626824489566 -0.0110523124985046
0.9304 1.276225522415979 -0.187058038275788 0.006803896596995207 -0.4834630330917659 -0.02640629108514223 -0.01101555149195193
0.9305 1.276398881680957 -0.1869845635043331 0.00841213087878129 -0.4831841286464088 -0.02639625471026901 -0.01097878831174429
0.9306 1.276572389585831 -0.1869109847822363 0.0100207556872842 -0.4828992045953059 -0.02638618206519241 -0.01094200176264289
0.9307 1.276746046433096 -0.1868373018437354 0.01162969536533756 -0.4826083593105369 -0.02637606668710488 -0.01090519541529183
0.9308 1.276919852526279 -0.186763514422045 0.01323908121270995 -0.4823114975070991 -0.02636591628089522 -0.01086836484157846
0.9309 1.277093808169927 -0.1866896222493276 0.01484874887798218 -0.4820085776604238 -0.02635570593594775 -0.01083152372927359
0.931 1.277267913669616 -0.1866156250567001 0.01645870955434431 -0.4816996793523077 -0.02634546636096559 -0.0107946569205758
0.9311 1.277442169331967 -0.1865415225742404 0.01806905250781121 -0.4813847424209762 -0.02633517033250561 -0.01075778122932289
0.9312 1.277616575464641 -0.18646731453096 0.01967962118486971 -0.4810637402434536 -0.02632483902624394 -0.01072087747739332
0.9313 1.277791132376344 -0.1863930006548137 0.02129043324275867 -0.4807366000934273 -0.02631446020634226 -0.0106839571790605
0.9314 1.277965840376832 -0.1863185806726863 0.02290149100005809 -0.480403462727095 -0.02630404522646093 -0.01064701531006459
0.9315 1.278140699776934 -0.1862440543103973 0.02451275253495688 -0.4800641866689133 -0.02629358096252103 -0.01061005824725095
0.9316 1.278315710888518 -0.1861694212926743 0.02612420485233202 -0.4797188237201603 -0.02628307588790453 -0.01057307776603265
0.9317 1.278490874024538 -0.1860946813431734 0.02773583279217207 -0.4793672790764659 -0.02627252371066033 -0.01053608672589174
0.9318 1.278666189499012 -0.1860198341844521 0.029347569416655 -0.479009629895347 -0.02626191464059401 -0.01049907526444913
0.9319 1.278841657627045 -0.1859448795379786 0.03095945054899529 -0.4786457767970764 -0.02625127429062602 -0.01046204025519885
0.932 1.279017278724812 -0.1858698171241107 0.03257137950956074 -0.4782758257590325 -0.02624059423835917 -0.01042498612452068
0.9321 1.279193053109588 -0.1857946466621087 0.03418341672682237 -0.4778996371770421 -0.02622985583281488 -0.01038791859843732
0.9322 1.279368981099734 -0.1857193678701083 0.03579546882832457 -0.4775172589792085 -0.02621907324686202 -0.0103508339352022
0.9323 1.279545063014716 -0.1856439804651328 0.03740751342711607 -0.4771286639085294 -0.02620826056520753 -0.01031372024256888
0.9324 1.279721299175104 -0.1855684841630795 0.03901962006537421 -0.4767338666229492 -0.02619738745740886 -0.01027660016027402
0.9325 1.279897689902574 -0.1854928786787105 0.04063165730417781 -0.4763328118322075 -0.0261864795017303 -0.01023944942189179
0.9326 1.280074235519925 -0.1854171637256543 0.04224364511286535 -0.4759254740072453 -0.02617552087977785 -0.01020228351325969
0.9327 1.280250936351066 -0.1853413390163849 0.04385554776089218 -0.4755119239883049 -0.026164517242274 -0.01016510362561502
0.9328 1.28042779272104 -0.1852654042622387 0.04546732749365062 -0.4750921031776546 -0.02615347558074359 -0.01012789691432878
0.9329 1.280604804956025 -0.1851893591733913 0.04707906763572945 -0.4746659069180547 -0.02614237695593382 -0.01009067616017008
0.933 1.280781973383325 -0.185113203458849 0.04869056909428965 -0.4742334609039308 -0.0261312330567221 -0.01005344111415789
0.9331 1.280959298331402 -0.1850369368264581 0.05030193697779694 -0.4737946356220117 -0.02612004396339125 -0.01001618213255219
0.9332 1.28113678012985 -0.1849605589828799 0.0519130402753083 -0.473349565869317 -0.02610881274928111 -0.009978903772808214
0.9333 1.281314419109437 -0.1848840696336067 0.0535240236535815 -0.4728980230896143 -0.02609753231310828 -0.009941604766058571
0.9334 1.281492215602069 -0.1848074684829233 0.05513464853301809 -0.4724402089073109 -0.02608620045743757 -0.009904296845324758
0.9335 1.281670169940842 -0.1847307552339409 0.0567450501338821 -0.4719759721210507 -0.02607482749933208 -0.009866959205270856
0.9336 1.281848282460003 -0.1846539295885491 0.05835511969885485 -0.4715053822780841 -0.0260634069601367 -0.00982960812935528
0.9337 1.282026553494988 -0.1845769912474426 0.05996490795419762 -0.471028349285822 -0.0260519412466129 -0.009792239767141424
0.9338 1.282204983382412 -0.1844999399100956 0.06157429313229768 -0.4705449536252621 -0.02604042249002838 -0.009754853957967101
0.9339 1.282383572460083 -0.1844227752747632 0.0631832845171374 -0.4700551077224184 -0.02602886056367508 -0.009717444330185156
0.934 1.282562321067001 -0.1843454970384663 0.0647918562174735 -0.4695588255082634 -0.02601725144987416 -0.009680015231962937
0.9341 1.282741229543373 -0.1842681048970018 0.066400059800582 -0.46905603144233 -0.02600558849609425 -0.009642574630270385
0.9342 1.282920298230602 -0.1841905985449113 0.06800768918650943 -0.468546823587607 -0.02599388461853841 -0.009605105874085571
0.9343 1.283099527471314 -0.1841129776754958 0.06961492789019719 -0.4680311762041467 -0.02598212771795751 -0.009567626602041125
0.9344 1.28327891760936 -0.1840352419808047 0.07122164453878486 -0.4675089075132649 -0.0259703218237565 -0.009530124762537005
0.9345 1.283458468989798 -0.1839573911516071 0.07282777396133133 -0.466980258428325 -0.02595846716640755 -0.009492597849689028
0.9346 1.283638181958932 -0.1838794248774205 0.07443335942532403 -0.4664450234555934 -0.02594656787393267 -0.00945505817850063
0.9347 1.283818056864299 -0.1838013428464745 0.07603826109096734 -0.4659033009522408 -0.0259346444134503 -0.009417474220037697
0.9348 1.283998094054691 -0.1837231447457235 0.07764266571974845 -0.4653549974753332 -0.02592266394853064 -0.009379851392230835
0.9349 1.284178293880127 -0.1836448302608172 0.07924633352860805 -0.4648001916963417 -0.02591059911646913 -0.009342321024086183
0.935 1.284358656691913 -0.1835663990761233 0.0808493632262317 -0.4642387029752277 -0.02589850270616254 -0.009304706492474264
0.9351 1.28453918284259 -0.1834878508746867 0.0824516341104907 -0.4636707219452374 -0.02588636276566295 -0.009267071385655223
0.9352 1.284719872685984 -0.1834091853382485 0.0840531839156861 -0.4630961669663115 -0.02587417471063321 -0.009229418737361304
0.9353 1.284900726577202 -0.1833304021472345 0.0856539835877601 -0.4625150009718245 -0.02586193685065421 -0.009191748301245207
0.9354 1.285081744872626 -0.1832515009807332 0.0872539585571411 -0.4619271943858893 -0.02584964850654013 -0.009154057251577005
0.9355 1.285262927929923 -0.1831724815164976 0.0888531473425398 -0.4613327432091884 -0.02583730932691987 -0.009116349553745535
0.9356 1.285444276108065 -0.1830933434309408 0.0904514459448345 -0.4607316914286147 -0.02582492308053557 -0.009078621372611525
0.9357 1.28562578976732 -0.1830140863991244 0.09204884549791879 -0.460123963639144 -0.02581248531269989 -0.009040873369443382
0.9358 1.285807469269272 -0.1829347100947539 0.0936454085743153 -0.4595095701551743 -0.02579999728236895 -0.009003111044876638
0.9359 1.285989314976814 -0.182855214190163 0.0952409751899467 -0.4588884953490872 -0.02578745923892341 -0.008965326756153472
0.936 1.286171327254166 -0.1827755983563169 0.0968355854856014 -0.4582607441746958 -0.02577487139705284 -0.008927524704786748
0.9361 1.286353506466877 -0.1826958622627967 0.0984291942176042 -0.4576262844424849 -0.02576223283187039 -0.008889703486092759
0.9362 1.286535852981832 -0.1826160055777912 0.1000217872042507 -0.4569851306772463 -0.02574954418637397 -0.008851864854034386
0.9363 1.28671836716726 -0.1825360279680969 0.1016132715480222 -0.4563372800617094 -0.02573680643945573 -0.008814004920837816
0.9364 1.286901049392742 -0.1824559290991022 0.1032036948936052 -0.455682618075441 -0.02572401311646913 -0.008776127469707717
0.9365 1.287083900029209 -0.182375708634781 0.1047930019989305 -0.4550212991237613 -0.02571117376030503 -0.008738232166435433
0.9366 1.287266919448966 -0.1822953662376833 0.1063811923289023 -0.4543532095954207 -0.02569828205176177 -0.008700320069935848
0.9367 1.287450108025687 -0.1822149015689385 0.107968128452413 -0.4536782975022152 -0.02568533609323861 -0.00866238482364601
0.9368 1.287633466134422 -0.1821343142882256 0.1095539219025126 -0.4529966207235613 -0.02567233891007882 -0.008624435052160267
0.9369 1.287816994151605 -0.1820536040537824 0.1111384336024213 -0.4523082096288542 -0.02565929339793519 -0.008586464764930616
0.937 1.288000692455071 -0.1819727705223928 0.1127216348122302 -0.4516130063024309 -0.02564619643091156 -0.00854847369836405
0.9371 1.288184561424047 -0.1818918133493765 0.1143036371827722 -0.4509109820539709 -0.02563304590366704 -0.008510470496543643
0.9372 1.288368601439177 -0.1818107321885831 0.1158841866135653 -0.4502021196062229 -0.02561984293304579 -0.008472441512028253
0.9373 1.288552812882511 -0.1817295266923774 0.1174634452454579 -0.4494864635086265 -0.02560658941325306 -0.008434398571559991
0.9374 1.288737196137528 -0.1816481965116385 0.1190412647415493 -0.4487639054796049 -0.0255932799354772 -0.008396334551660079
0.9375 1.288921751589133 -0.1815667412957467 0.1206176446631665 -0.448034546564685 -0.0255799206453719 -0.008358251718468672
0.9376 1.289106479623675 -0.181485160692578 0.1221925857493258 -0.4472982980098043 -0.02556650680295916 -0.008320151678408239
0.9377 1.289291380628937 -0.1814034543484869 0.1237660557937714 -0.4465552073114038 -0.02555304147578666 -0.00828203461060363
0.9378 1.289476454994171 -0.1813216219083147 0.1253379335964237 -0.4458052405556758 -0.02553952338333076 -0.008243895326783609
0.9379 1.289661703110074 -0.1812396630153574 0.1269083318915238 -0.4450483601452058 -0.02552595046849838 -0.008205742128397845
0.938 1.289847125368822 -0.1811575773113762 0.1284770845964165 -0.4442845812239104 -0.02551232407767218 -0.008167567542767203
0.9381 1.290032722164061 -0.1810753644365795 0.1300442274273564 -0.4435139043992694 -0.0254986447557078 -0.008129375382472085
0.9382 1.290218493890927 -0.1809930240296175 0.1316096942655794 -0.4427363599776413 -0.02548491457842274 -0.008091163841030731
0.9383 1.290404440946045 -0.1809105557275679 0.1331734890724731 -0.4419518272363444 -0.02547112688279481 -0.008052934930228227
0.9384 1.290590563727541 -0.1808279591659326 0.1347355420627823 -0.4411603550171173 -0.02545728491433378 -0.008014686669618926
0.9385 1.290776862635041 -0.180745233978616 0.1362957945880973 -0.4403620069066783 -0.02544339268989622 -0.007976417630279913
0.9386 1.290963338069705 -0.180662379797943 0.1378543462279826 -0.439556642636917 -0.02542944208984483 -0.007938135781027601
0.9387 1.291149990434201 -0.1805793962546128 0.1394110034005053 -0.4387443761584679 -0.02541544054892655 -0.007899831585457872
0.9388 1.291336820132737 -0.1804962829777195 0.1409657770675039 -0.4379251102803635 -0.02540138278893161 -0.007861507402704475
0.9389 1.29152382757106 -0.1804130395947277 0.1425187001764361 -0.4370988636365171 -0.02538727008652004 -0.007823167391442905
0.939 1.291711013156471 -0.1803296657314674 0.1440697150071518 -0.436265630366025 -0.02537310240294445 -0.00778481020123748
0.9391 1.291898377297816 -0.1802461610121193 0.145618716753997 -0.4354253931207833 -0.02535887898406757 -0.007746431980955538
0.9392 1.292085920405526 -0.180162525059214 0.1471658046607616 -0.4345780933372386 -0.02534459852443573 -0.007708039444048299
0.9393 1.292273642891586 -0.1800787574936076 0.1487107803121263 -0.4337238682064577 -0.02533026316108226 -0.0076696255568942
0.9394 1.292461545169578 -0.1799948579344927 0.1502537126099367 -0.4328625687800759 -0.02531587241084726 -0.007631194933139953
0.9395 1.29264962765467 -0.1799108259993643 0.1517945276860741 -0.43199429986942 -0.02530142907209905 -0.007592744005493979
0.9396 1.292837890763633 -0.1798266613040318 0.1533331945771621 -0.4311190075050368 -0.02528692964016188 -0.007554274550440513
0.9397 1.293026334914849 -0.1797423634625972 0.1548697101424031 -0.430236588946154 -0.02527236931441568 -0.007515787802316365
0.9398 1.29321496052831 -0.1796579320874367 0.1564039935733442 -0.429347145886577 -0.02525775398787928 -0.007477281938963501
0.9399 1.293403768025643 -0.1795733667892106 0.1579360651897496 -0.428450664717834 -0.02524308301600648 -0.007438759551848732
0.94 1.293592757830102 -0.1794886671768344 0.159465803881335 -0.4275471555643241 -0.02522835744009076 -0.007400216152902711
0.9401 1.293781930366598 -0.1794038328574869 0.1609932467438269 -0.426636525513971 -0.02521357220120863 -0.007361656045472936
0.9402 1.293971286061685 -0.179318863436574 0.1625183836716859 -0.4257187931123838 -0.02519872873595359 -0.007323080669980121
0.9403 1.294160825343586 -0.1792337585177438 0.1640410578961246 -0.4247939883193653 -0.02518382834938277 -0.007284482553294293
0.9404 1.294350548642192 -0.1791485177028594 0.1655613549552481 -0.423862082182645 -0.02516887030562932 -0.007245869693015448
0.9405 1.294540456389077 -0.1790631405919962 0.1670791731590504 -0.4229231006049726 -0.0251538558448229 -0.007207237794337794
0.9406 1.294730549017506 -0.1789776267834227 0.1685944581250585 -0.4219770235345071 -0.02513878376834065 -0.007168585989656406
0.9407 1.294920826962443 -0.1788919758736 0.1701071985653053 -0.4210238545146344 -0.02512365489898526 -0.007129915672290316
0.9408 1.295111290660561 -0.1788061874571607 0.1716174116463746 -0.4200635612962384 -0.02510846767369285 -0.007091230144528103
0.9409 1.295301940550261 -0.1787202611269135 0.1731249972206026 -0.4190960765075026 -0.02509321805286637 -0.007052526296589754
0.941 1.295492777071653 -0.178634196473801 0.1746299327906809 -0.4181215182227652 -0.02507791309871699 -0.007013804089780247
0.9411 1.295683800666606 -0.1785479930869258 0.1761321621106704 -0.41713980820648 -0.02506254829401442 -0.006975063033969145
0.9412 1.295875011778723 -0.1784616505535116 0.1776317065933221 -0.4161509570478471 -0.02504712482056927 -0.00693630645365135
0.9413 1.296066410853377 -0.1783751684589097 0.179128455585805 -0.4151549300900015 -0.02503164024462677 -0.006897530602464196
0.9414 1.296257998337689 -0.1782885463865628 0.1806223681462638 -0.4141518451704187 -0.02501610138540331 -0.006858734146511466
0.9415 1.296449774680581 -0.1782017839180296 0.1821134825439734 -0.4131415238715256 -0.02500049873477713 -0.006819922989402499
0.9416 1.296641740332745 -0.1781148806329342 0.1836016758126502 -0.4121240696352888 -0.02498483764247614 -0.006781091491937147
0.9417 1.296833895746684 -0.1780278361089912 0.1850869772936434 -0.4110994339214842 -0.02496911593697126 -0.00674224395880773
0.9418 1.297026241376699 -0.1779406499219568 0.1865693124585287 -0.4100676380360372 -0.02495333015354625 -0.006703383640249929
0.9419 1.297218777678909 -0.1778533216456426 0.1880486229516297 -0.4090287305368333 -0.02493749501763392 -0.006664496301481531
0.942 1.29741150511127 -0.1777658508518998 0.189524916428444 -0.4079825461363487 -0.02492159435517857 -0.006625589342729048
0.9421 1.297604424133568 -0.1776782371105966 0.190998131209181 -0.4069292225052087 -0.02490563213410225 -0.006586668520806991
0.9422 1.297797535207442 -0.1775904799896122 0.1924682302254984 -0.4058687493748263 -0.02488960745969801 -0.006547731513172315
0.9423 1.297990838796393 -0.1775025790548272 0.1939351621788031 -0.4048010790687033 -0.02487352475290908 -0.006508775805663475
0.9424 1.29818433536579 -0.1774145338701075 0.1953988892457504 -0.4037261528129045 -0.02485737591320898 -0.006469804900789554
0.9425 1.298378025382886 -0.1773263439972905 0.1968593728415292 -0.4026440524595849 -0.02484116801119308 -0.006430813757118234
0.9426 1.29857190931682 -0.1772380089961725 0.1983166154964972 -0.4015547806484713 -0.02482490080940421 -0.006391808484660706
0.9427 1.298765987638634 -0.1771495284244915 0.1997705142522376 -0.4004582767358121 -0.02480856946186386 -0.006352782935812697
0.9428 1.298960260821296 -0.1770609018379353 0.2012210675842593 -0.3993545058592833 -0.02479217288978863 -0.006313741546661363
0.9429 1.299154729339679 -0.1769721287900918 0.2026682229976356 -0.3982436551342853 -0.02477572186685256 -0.00627468184784505
0.943 1.29934939367061 -0.1768832088324758 0.2041118807070567 -0.3971255450992077 -0.02475920428141412 -0.006235601558748494
0.9431 1.299544254292855 -0.1767941415144835 0.205552064948098 -0.3960002239099263 -0.02474262454817542 -0.006196504475253049
0.9432 1.299739311687138 -0.1767049263833952 0.2069888008487863 -0.3948676964482555 -0.0247259836151766 -0.006157394132554103
0.9433 1.299934566336154 -0.1766155629843607 0.2084218885138763 -0.3937278746231608 -0.02470927361645067 -0.006118262866257439
0.9434 1.30013001872458 -0.1765260508603805 0.2098513793125527 -0.3925808830508337 -0.02469250324391051 -0.006079114248056201
0.9435 1.300325669339082 -0.1764363895522926 0.2112772332064733 -0.3914267191174559 -0.02467566187502028 -0.006039961565252778
0.9436 1.300521518668335 -0.1763465785987644 0.2126993896135296 -0.3902653628003953 -0.02465878681268733 -0.006000758549629493
0.9437 1.300717567203028 -0.1762566175362745 0.2141178029323984 -0.3890967018371398 -0.02464182496908695 -0.005961558275402753
0.9438 1.300913815435877 -0.1761665058990964 0.2155324328690126 -0.3879208421694953 -0.02462479053952663 -0.005922339483669915
0.9439 1.301110263861644 -0.1760762432192931 0.2169432494654942 -0.386737765988716 -0.02460770276798317 -0.005883103882108995
0.944 1.301306912977129 -0.1759858290266847 0.2183501820636594 -0.3855474654989943 -0.02459054635316821 -0.005843856944318769
0.9441 1.301503763281211 -0.1758952628488582 0.219753225025509 -0.3843499590834011 -0.02457332944655927 -0.005804587268729545
0.9442 1.301700815274835 -0.175804544211132 0.2211523207012734 -0.3831451837173064 -0.02455604511233421 -0.005765301376655481
0.9443 1.301898069461043 -0.1757136726365562 0.2225474080163089 -0.3819331922128542 -0.02453869847816506 -0.005726001533028829
0.9444 1.302095526344959 -0.1756226476458761 0.2239384607606441 -0.3807140081535236 -0.02452128549400969 -0.005686680415789752
0.9445 1.302293186433845 -0.1755314687575527 0.2253254256763379 -0.3794875737669932 -0.0245038054210092 -0.005647342305102692
0.9446 1.302491050237071 -0.1754401354877138 0.2267082627271505 -0.3782539383311229 -0.02448626054759327 -0.005607986931501462
0.9447 1.302689118266154 -0.1753486473501561 0.2280869283283318 -0.3770130254384921 -0.0244686498630221 -0.005568615151131268
0.9448 1.302887391034751 -0.1752570038563185 0.2294613961608895 -0.3757649320122878 -0.02445097199498788 -0.005529227127714669
0.9449 1.303085869058698 -0.1751652045152863 0.2308315595501011 -0.3745096491926827 -0.02443322831211343 -0.005489819295863189
0.945 1.303284552855993 -0.1750732488337527 0.2321974528931806 -0.3732471809314519 -0.02441542023719204 -0.005450395875478971
0.9451 1.303483442946837 -0.1749811363160175 0.2335589976458736 -0.3719774325257658 -0.02439754179449668 -0.005410956870291828
0.9452 1.303682539853627 -0.1748888664639713 0.2349161242151902 -0.3707004944285206 -0.02437959685197646 -0.00537149943257927
0.9453 1.303881844100972 -0.1747964387770627 0.2362688217197019 -0.3694163062562765 -0.02436158428447047 -0.005332025302888675
0.9454 1.304081356215718 -0.1747038527523088 0.2376170602370455 -0.3681249436932844 -0.02434350475274869 -0.005292536537388045
0.9455 1.304281076726946 -0.1746111078842529 0.238960736152319 -0.3668263850825142 -0.02432535726866404 -0.005253029384295044
0.9456 1.304481006166003 -0.1745182036649664 0.2402998192187203 -0.3655206686867673 -0.02430714352392918 -0.005213503842868214
0.9457 1.304681145066499 -0.1744251395840277 0.2416342773163673 -0.3642076862934584 -0.02428885763062693 -0.00517396240654241
0.9458 1.304881493964334 -0.1743319151285021 0.2429641074003361 -0.362887529101605 -0.02427050581989858 -0.00513440558921225
0.9459 1.305082053397696 -0.1742385297829195 0.2442892068374962 -0.3615601484805847 -0.02425208261050672 -0.005094833321341221
0.946 1.30528282390709 -0.1741449830292698 0.2456095266815139 -0.3602256366690132 -0.02423359292851451 -0.00505524246308433
0.9461 1.305483806035351 -0.1740512743469819 0.2469250504324084 -0.358883874395616 -0.02421503066785476 -0.005015637378448327
0.9462 1.305685000327647 -0.173957403212904 0.2482357007821733 -0.357535014523411 -0.02419639656536915 -0.004976028735686734
0.9463 1.305886407331503 -0.1738633691012826 0.2495414585859626 -0.3561789518708852 -0.02417771288749637 -0.004936368405523123
0.9464 1.306088027596818 -0.1737691714837558 0.2508422657630992 -0.3548157317630503 -0.02415893493447354 -0.004896708813812801
0.9465 1.306289861675862 -0.1736748098293224 0.2521380877208062 -0.3534453128263451 -0.02414008930032601 -0.004857041976928618
0.9466 1.306491910123314 -0.1735802836043339 0.2534288623078189 -0.3520678303545866 -0.02412118328413233 -0.004817352768807041
0.9467 1.306694173496264 -0.1734855922724754 0.2547145099233036 -0.3506830913766714 -0.02410220040354307 -0.004777652636991419
0.9468 1.306896652354222 -0.1733907352947389 0.2559950552886247 -0.3492912406344133 -0.02408314910481558 -0.004737932980076708
0.9469 1.307099347259149 -0.1732957121294165 0.2572704051527408 -0.3478922432401252 -0.02406402762093847 -0.004698199176287255
0.947 1.307302258775462 -0.1732005222320731 0.2585404973398253 -0.3464861608032645 -0.02404483464647515 -0.004658444142854803
0.9471 1.307505387470049 -0.1731051650555365 0.2598053253230572 -0.3450728883640388 -0.02402556936373879 -0.004618677413123498
0.9472 1.307708733912285 -0.1730096400498646 0.261064805514374 -0.3436525524866467 -0.02400623370889829 -0.004578892154423391
0.9473 1.307912298674057 -0.1729139466623466 0.2623189222322923 -0.3422250390590009 -0.02398682225861338 -0.004539093596834138
0.9474 1.308116082329756 -0.1728180843374555 0.2635675875933764 -0.3407904807299309 -0.02396734110745274 -0.004499276655535538
0.9475 1.308320085456324 -0.17272205251686 0.2648107777822088 -0.3393488436714071 -0.02394778886130015 -0.004459443188946863
0.9476 1.30852430863325 -0.1726258506393877 0.2660484535677187 -0.3379000850935474 -0.02392816100368416 -0.004419596452021171
0.9477 1.308728752442583 -0.1725294781410013 0.2672805039997215 -0.3364442786828397 -0.02390846019392995 -0.004379730953974638
0.9478 1.308933417468967 -0.1724329344547941 0.2685069637347877 -0.3349813948373384 -0.02388868638442558 -0.004339851942191599
0.9479 1.309138304299636 -0.1723362190109581 0.2697277313432163 -0.3335114507318762 -0.0238688394965203 -0.004299955101859887
0.948 1.309343413524441 -0.1722393312367618 0.270942794748707 -0.3320344439744542 -0.02384891662032787 -0.004260045119380712
0.9481 1.309548745735871 -0.1721422705565434 0.2721520368116965 -0.3305503608197107 -0.02382891727386408 -0.004220119272274548
0.9482 1.309754301529061 -0.1720450363916756 0.2733554983431156 -0.3290593611563297 -0.02380885072365248 -0.004180177324154084
0.9483 1.309960081501812 -0.1719476281605561 0.2745530521683913 -0.3275612066268123 -0.0237887019772181 -0.004140222456216467
0.9484 1.310166086254607 -0.1718500452785765 0.2757446767201825 -0.3260561682830873 -0.02376848430267329 -0.004100248847373445
0.9485 1.310372316390631 -0.1717522871581099 0.2769303318661255 -0.3245441287525164 -0.02374819123008393 -0.00406025876864645
0.9486 1.310578772515792 -0.1716543532084899 0.2781099554950237 -0.323025036883111 -0.02372781961565253 -0.004020257188317116
0.9487 1.310785455238719 -0.171556242835974 0.2792834862848954 -0.3214989588121826 -0.02370737141220043 -0.003980240348196348
0.9488 1.310992365170807 -0.1714579554437428 0.2804508469815606 -0.3199659298805366 -0.02368684651481565 -0.003940206367811836
0.9489 1.311199502926211 -0.1713594904318671 0.2816121050045923 -0.3184259260932547 -0.02366624647781495 -0.003900162009040721
0.949 1.311406869121877 -0.1712608471972783 0.2827670670898799 -0.3168790572549923 -0.02364557155295914 -0.003860097738492385
0.9491 1.311614464377562 -0.1711620251337667 0.2839157802221154 -0.3153252546694738 -0.02362482051915749 -0.003820020885678337
0.9492 1.31182228931584 -0.1710630236319397 0.2850581169985548 -0.3137645363462095 -0.02360399071431638 -0.003779927518454888
0.9493 1.312030344562134 -0.1709638420792134 0.2861940837015272 -0.3121969149230984 -0.02358308408727917 -0.003739820485620843
0.9494 1.31223863074472 -0.1708644798597739 0.2873236027012054 -0.3106224033624316 -0.0235620982910989 -0.003699697820443355
0.9495 1.312447148494757 -0.1707649363545688 0.2884466041548018 -0.3090410090939404 -0.02354103425504025 -0.003659560973346983
0.9496 1.312655898446306 -0.1706652109412803 0.289563087086727 -0.3074527393543545 -0.02351989058489579 -0.003619411641728821
0.9497 1.312864881236334 -0.1705653029942896 0.2906729535590515 -0.3058576953052515 -0.02349867235003342 -0.003579245028197505
0.9498 1.313074097504755 -0.1704652118846738 0.2917762008655263 -0.3042557844221832 -0.02347737433121141 -0.00353906697598158
0.9499 1.313283547894434 -0.170364936980166 0.292872683347699 -0.3026470752998939 -0.02345599578944451 -0.003498871535602035
0.95 1.313493233051211 -0.1702644776451349 0.2939624106000851 -0.3010315886652599 -0.02343453866413917 -0.003458661529146918
0.9501 1.313703153623917 -0.1701638332405706 0.2950453784863393 -0.2994093019305733 -0.02341300256665022 -0.00341844056859765
0.9502 1.313913310264402 -0.1700630031240374 0.2961214564223954 -0.2977802477743897 -0.02339138430870898 -0.00337820553187135
0.9503 1.314123703627543 -0.1699619866496697 0.2971906138733249 -0.2961445043741416 -0.02336968937155665 -0.003337953534461987
0.9504 1.314334334371284 -0.1698607831681465 0.2982527767409708 -0.294501992905875 -0.02334791130803831 -0.003297687467549168
0.9505 1.314545203156624 -0.1697593920266456 0.2993079375536727 -0.292852820163478 -0.02332605411820037 -0.003257407761553256
0.9506 1.31475631064767 -0.1696578125688395 0.3003560165369024 -0.2911969152446062 -0.02330411547380644 -0.003217115750748399
0.9507 1.314967657511648 -0.1695560441348647 0.301396947780835 -0.2895343379839186 -0.02328209397912078 -0.003176808896393757
0.9508 1.315179244418901 -0.1694540860612845 0.3024306883825543 -0.2878651250178316 -0.02325999133584418 -0.003136487933895688
0.9509 1.315391072042947 -0.1693519376810776 0.3034571967982922 -0.2861892891046247 -0.02323780739554677 -0.003096154066188842
0.951 1.315603141060469 -0.1692495983235982 0.3044764105715629 -0.2845068579514654 -0.0232155420085732 -0.00305580592895376
0.9511 1.315815452151365 -0.1691470673145691 0.3054882818733219 -0.2828177875419206 -0.02319319263734677 -0.003015446664565539
0.9512 1.316028005998738 -0.1690443439760248 0.3064926936950242 -0.28112217647422 -0.02317075955589902 -0.002975070638393275
0.9513 1.31624080328894 -0.1689414276263118 0.3074897000019219 -0.2794199774645559 -0.02314824310793526 -0.002934685181885408
0.9514 1.316453844711583 -0.168838317580043 0.3084791645871603 -0.2777112924638228 -0.02312564470221496 -0.00289428373856911
0.9515 1.316667130959574 -0.1687350131480833 0.309461054389911 -0.2759960285439594 -0.02310295956823483 -0.002853871538562697
0.9516 1.316880662729121 -0.1686315136375114 0.3104353162346782 -0.2742743425279371 -0.02308019283368708 -0.002813443937120211
0.9517 1.317094440719763 -0.1685278183515913 0.3114018953954252 -0.2725462528204888 -0.0230573419908331 -0.00277299562016124
0.9518 1.317308465634397 -0.168423926589757 0.3123607598370338 -0.2708116548226482 -0.02303440577908469 -0.002732552486294335
0.9519 1.317522738179298 -0.1683198376475712 0.3133117904216271 -0.2690705790309911 -0.02301138135072622 -0.00269208821039813
0.952 1.317737259064134 -0.1682155508166914 0.3142550121912286 -0.2673231977859336 -0.0229882796649684 -0.002651609223655719
0.9521 1.317952029001995 -0.1681110653848512 0.3151903087632625 -0.2655694526682002 -0.02296508966709669 -0.002611115275516205
0.9522 1.318167048709432 -0.1680063806358375 0.3161176357096124 -0.263809279427967 -0.02294180886371555 -0.002570613251092784
0.9523 1.318382318906448 -0.1679014958494364 0.3170369594711986 -0.2620428547130743 -0.02291844446155629 -0.002530095818720013
0.9524 1.318597840316542 -0.1677964103014188 0.3179482077108259 -0.2602701205273894 -0.02289499334256375 -0.002489567521455013
0.9525 1.318813613666749 -0.1676911232635196 0.3188513321860456 -0.2584911127910269 -0.02287145482131451 -0.002449026740930929
0.9526 1.319029639687625 -0.1675856340033805 0.3197462593705149 -0.2567058826203529 -0.02284782933406313 -0.002408472964377724
0.9527 1.319245919113305 -0.1674799417845396 0.3206329363112817 -0.2549143950913288 -0.0228241142006663 -0.002367908598979558
0.9528 1.319462452681506 -0.1673740458663928 0.3215113430406469 -0.2531167511112376 -0.02280031386727636 -0.00232733222050943
0.9529 1.319679241133575 -0.1672679455041628 0.3223813590422393 -0.2513129476918303 -0.02277642285117474 -0.002286742496129932
0.953 1.319896285214492 -0.1671616399488687 0.3232429807143105 -0.2495029984952409 -0.02275244452623557 -0.002246142419659877
0.9531 1.320113585672904 -0.1670551284472855 0.3240961334263335 -0.2476869779257167 -0.02272837843756312 -0.00220552970753536
0.9532 1.32033114326115 -0.1669484102419203 0.3249407544528551 -0.2458648414213083 -0.02270422140942321 -0.002164906624560817
0.9533 1.320548958735297 -0.1668414845709814 0.3257767745946889 -0.2440366464276014 -0.02267993053161283 -0.002124198773583336
0.9534 1.320767032855147 -0.166734350668334 0.326604182736298 -0.2422024336715945 -0.0226555940122844 -0.002083661609252053
0.9535 1.320985366384276 -0.16662700776347 0.3274228668649286 -0.2403622668605804 -0.02263119441946097 -0.002043019272023959
0.9536 1.321203960090059 -0.166519455081481 0.3282327935288067 -0.2385161504881154 -0.02260671786553759 -0.002002331538578073
0.9537 1.321422814743699 -0.1664116918430202 0.3290339023409227 -0.2366640751240313 -0.02258211449990233 -0.001961635979969995
0.9538 1.321641931120243 -0.1663037172642593 0.3298261842476485 -0.2348061651790175 -0.02255741805960512 -0.001920932970028942
0.9539 1.321861309998627 -0.1661955305568669 0.3306094998740812 -0.2329423406793459 -0.02253261701167892 -0.001880214808502829
0.954 1.322080952161684 -0.166087130927962 0.3313838303496057 -0.2310727246723718 -0.02250773398190741 -0.001839501587356333
0.9541 1.322300858396192 -0.1659785175800875 0.3321490922736858 -0.2291972559302597 -0.02248274511650554 -0.001798773957641772
0.9542 1.322521029492882 -0.165869689711163 0.332905300137245 -0.2273160946821286 -0.02245767819947036 -0.001758040184739693
0.9543 1.322741466246484 -0.1657606465144585 0.3336523066121825 -0.225429162012634 -0.0224325066681438 -0.001717295364034014
0.9544 1.322962169455748 -0.1656513871785569 0.3343901062766876 -0.2235365811035837 -0.02240724796547582 -0.001676540101108705
0.9545 1.323183139923458 -0.165541910887299 0.3351186448592529 -0.2216383250730952 -0.02238189889689054 -0.001635776324767616
0.9546 1.323404378456509 -0.165432216819785 0.3358378120969034 -0.2197343723048996 -0.02235644316350937 -0.001595008127268042
0.9547 1.323625885865865 -0.1653223041502827 0.3365476071236064 -0.2178249250820529 -0.02233090549976593 -0.001554223180584257
0.9548 1.323847662966652 -0.1652121720482356 0.3372479500169146 -0.2159098960730214 -0.02230515607637496 -0.001512824606902891
0.9549 1.324069710578156 -0.1651018196782019 0.3379387707773922 -0.2139893916842119 -0.02227924880186868 -0.001472885634449601
0.955 1.324292029523861 -0.1649912461998177 0.338620034750872 -0.2120633709401037 -0.02225370394391566 -0.00143213408592708
0.9551 1.324514620631485 -0.164880450767768 0.3392916685303888 -0.210131933963569 -0.02222797195635016 -0.001391198843961658
0.9552 1.324737484732993 -0.1647694325317233 0.3399535990151697 -0.2081950651335226 -0.02220195398164111 -0.001350369404121974
0.9553 1.32496062266465 -0.1646581906363235 0.3406057994533285 -0.20625290295965 -0.02217587744258022 -0.001309419339682765
0.9554 1.325184035267044 -0.1645467242211286 0.3412481857833328 -0.2043053741702076 -0.02214966303474347 -0.001268483295503237
0.9555 1.325407723385107 -0.1644350324205667 0.3418807198408831 -0.2023526003747262 -0.0221232987061683 -0.001227532344469781
0.9556 1.325631687868168 -0.164323114363912 0.3425033068279093 -0.2003945472074541 -0.02209689056495281 -0.001186665654362
0.9557 1.325855929569966 -0.1642109691752254 0.3431159385360401 -0.198431314735153 -0.02207032565142295 -0.001145753731138226
0.9558 1.326080449348694 -0.1640985959733194 0.3437185172089424 -0.1964629872223498 -0.02204372312689256 -0.001104866798853869
0.9559 1.326305248067029 -0.1639859938717207 0.3443110095608726 -0.194489505666728 -0.02201697478905994 -0.001063963183445143
0.956 1.326530326592169 -0.1638731619786137 0.3448933193192931 -0.1925109309379185 -0.02199015659008045 -0.001023062193961941
0.9561 1.326755685795855 -0.1637600993968052 0.345465435634019 -0.1905273706348957 -0.02196320880268738 -0.0009821622465307858
0.9562 1.326981326554419 -0.163646805223677 0.3460272514847134 -0.1885387930765221 -0.02193620385423559 -0.000941246367273007
0.9563 1.327207249748807 -0.163533278551144 0.3465787507434901 -0.1865453217995571 -0.02190905854425774 -0.0009003440163304093
0.9564 1.327433456264627 -0.1634195184656073 0.3471198508087713 -0.1845469617434311 -0.02188186275145962 -0.0008594089854396877
0.9565 1.327659946992163 -0.1633055240479042 0.347650509247001 -0.1825437198380924 -0.02185455398000384 -0.0008184680221087704
0.9566 1.327886722826437 -0.163191294373267 0.3481706356638126 -0.1805357482300307 -0.02182714284836526 -0.0007775227267597934
0.9567 1.32811378466723 -0.163076828511285 0.348680177988686 -0.1785229416758216 -0.0217995864086525 -0.0007366099990352086
0.9568 1.328341133419105 -0.1629621255258295 0.3491791302779796 -0.1765055083656377 -0.02177197519497832 -0.000695651260136392
0.9569 1.328568769991469 -0.1628471844750333 0.3496673585754639 -0.1744833723772785 -0.02174425733223471 -0.0006546862761531804
0.957 1.328796695298597 -0.1627320044112348 0.3501448498976098 -0.1724566742205075 -0.02171642158338184 -0.0006137571242004642
0.9571 1.329024910259671 -0.1626165843809213 0.3506115282082817 -0.1704253870450814 -0.02168849684556845 -0.0005727778916852018
0.9572 1.329253415798812 -0.1625009234246897 0.3510673204895247 -0.168389560368095 -0.02166046512399097 -0.0005317923147627045
0.9573 1.329482212845121 -0.1623850205771858 0.3515122164889283 -0.1663493530546011 -0.0216323320175246 -0.0004907999638412701
0.9574 1.329711302332731 -0.1622688748670714 0.3519461213978876 -0.1643047359872488 -0.02160409855028153 -0.0004498469138056556
0.9575 1.329940685200823 -0.1621524853169516 0.3523689642634826 -0.1622557017880856 -0.02157575092224142 -0.0004088438395281833
0.9576 1.330170362393671 -0.1620358509433363 0.352780723018245 -0.1602024463535786 -0.02154729951873196 -0.0003678323409569075
0.9577 1.330400334860698 -0.1619189707565888 0.3531813148592652 -0.1581449332611817 -0.02151874101252155 -0.000326816023579763
0.9578 1.3306306035565 -0.161801843760871 0.3535706994486412 -0.1560832223932596 -0.02149007621877686 -0.0002857944916445217
0.9579 1.330861169440885 -0.1616844689540823 0.3539487820912418 -0.1540173587117972 -0.02146130221541606 -0.0002447687570052673
0.958 1.331092033478928 -0.1615668453278245 0.3543155075879877 -0.1519473805508963 -0.02143241875114206 -0.0002037393088059443
0.9581 1.331323196640982 -0.161448971867315 0.3546708752017268 -0.1498734567640532 -0.02140343017061636 -0.0001627020048493953
0.9582 1.331554659902766 -0.1613308475513785 0.3550147878487143 -0.1477955230430054 -0.021374336944059 -0.0001216614605173699
0.9583 1.331786424245366 -0.1612124713523463 0.3553471370292303 -0.1457136655599794 -0.02134513992265259 -0.00008064263980663814
0.9584 1.332018490655294 -0.1610938422360271 0.3556679156221171 -0.143627930964501 -0.0213158193671144 -0.00003959469948892955
0.9585 1.332250860124525 -0.1609749591616359 0.3559770951763721 -0.1415384583930164 -0.02128641207974901 1.440297828563149e-6
0.9586 1.332483533650552 -0.1608558210817485 0.3562745713334536 -0.1394452365852707 -0.02125687422017081 0.00004249733476586223
0.9587 1.332716512236419 -0.1607364269422392 0.3565603054419829 -0.1373483537288453 -0.02122722579812065 0.00008355853010286234
0.9588 1.332949796890766 -0.1606167756822161 0.3568342337667259 -0.1352478178312013 -0.02119746491448526 0.0001246216802623943
0.9589 1.333183388627871 -0.1604968662339626 0.3570962671777553 -0.1331437281919732 -0.02116760483663435 0.0001656791470007971
0.959 1.333417288467709 -0.1603766975228921 0.357346362590351 -0.1310361084714271 -0.02113761815314681 0.0002067480874374166
0.9591 1.333651497435974 -0.1602562684674622 0.357584538229963 -0.1289251348107676 -0.02110752150400645 0.0002478220588093484
0.9592 1.333886016564153 -0.1601355779791359 0.3578106130860593 -0.1268107510859734 -0.02107731644842248 0.0002888934271521384
0.9593 1.334120846889545 -0.160014624962309 0.3580246104885739 -0.124693072881951 -0.02104701520386439 0.00032996631709693
0.9594 1.33435598945533 -0.159893408314249 0.3582264644853284 -0.1225721808334236 -0.02101657543908117 0.0003710473597968685
0.9595 1.334591445310598 -0.1597719269250254 0.3584161136979125 -0.1204481006797198 -0.02098602091993666 0.0004121295840567094
0.9596 1.334827215510417 -0.1596501796774628 0.3585934549289207 -0.118320884098852 -0.02095534870269859 0.0004532126652542355
0.9597 1.335063301115859 -0.1595281654470529 0.3587585001440047 -0.1161906727649023 -0.02092456318489446 0.0004942993283423317
0.9598 1.335299703194068 -0.1594058831019107 0.3589111504281877 -0.1140574362954898 -0.02089365959201184 0.0005353848263010033
0.9599 1.335536422818298 -0.1592833315026842 0.3590513216143031 -0.1119213177129785 -0.02086263921680258 0.0005764748671065007
0.96 1.335773461067961 -0.1591605095025119 0.3591790435829827 -0.1097823939179162 -0.0208315034378258 0.000617565131403536
0.9601 1.336010819028696 -0.1590374159469411 0.359294161234657 -0.1076406317379203 -0.02080024623638354 0.000658652887470908
0.9602 1.33624849779239 -0.158914049673856 0.3593967254151841 -0.10549625430072 -0.02076888343839522 0.0006997489201827126
0.9603 1.336486498457264 -0.158790409513422 0.3594865747277794 -0.1033491882258774 -0.02073737667688168 0.0007408340479698722
0.9604 1.336724822127895 -0.1586664942879984 0.3595636669974833 -0.101199570055657 -0.02070579785037585 0.0007819292328603433
0.9605 1.336963469915282 -0.1585423028120804 0.3596280355372665 -0.0990474958659629 -0.02067406983370856 0.0008230187273999909
0.9606 1.3372024429369 -0.1584178338922178 0.3596795429067435 -0.0968930059513737 -0.02064221859223023 0.0008641086275645066
0.9607 1.337441742316753 -0.1582930863269499 0.3597181572264786 -0.0947361869821552 -0.02061024658807142 0.0009051987140441949
0.9608 1.337681369185431 -0.1581680589067298 0.3597438237137133 -0.0925771183596237 -0.02057815276352893 0.0009462880258083132
0.9609 1.33792132468015 -0.1580427504138428 0.3597564742654942 -0.0904158488702605 -0.02054593612373756 0.000987375950267218
0.961 1.338161609944832 -0.1579171596223411 0.3597560879964764 -0.0882524910013069 -0.02051359828326362 0.001028461852612423
0.9611 1.338402226130138 -0.1577912852979579 0.3597425386390877 -0.0860870309937588 -0.0204811338210279 0.001069542836731938
0.9612 1.338643174393537 -0.1576651261980362 0.3597158560116588 -0.0839196947322115 -0.02044854818348485 0.001110625949574331
0.9613 1.338884455899362 -0.1575386810714503 0.3596759359311195 -0.0817504561955224 -0.02041601477296588 0.001151455902834097
0.9614 1.339126071818865 -0.1574119486585215 0.3596227600543688 -0.07957946627707652 -0.02038321251343206 0.001192860745244167
0.9615 1.339368023330287 -0.1572849276909511 0.3595562294206311 -0.07740672002996041 -0.02035009262228263 0.00123404104366256
0.9616 1.339610311618898 -0.1571576168917215 0.3594762728257304 -0.07523230889989358 -0.02031690849648056 0.001275073797069295
0.9617 1.339852937877069 -0.1570300149750232 0.3593829603942733 -0.07305642581178567 -0.02028364388906233 0.001316054644445474
0.9618 1.340095903304333 -0.1569021206461744 0.3592760734884596 -0.07087900484222725 -0.02025030186872074 0.001357117221013655
0.9619 1.34033920910744 -0.1567739326015334 0.3591556840728324 -0.0687002247096567 -0.02021684584834265 0.001398134143118143
0.962 1.340582856500427 -0.1566454495284092 0.3590216854692387 -0.06652014520463623 -0.02018326459916224 0.001439156176558634
0.9621 1.340826846704678 -0.1565166701049898 0.3588740063264232 -0.06433882735128929 -0.02014956299190201 0.001480186212390523
0.9622 1.341071180948975 -0.1563875930002338 0.3587126745744692 -0.06215641499746844 -0.02011571208671975 0.001521232587112882
0.9623 1.341315860469588 -0.1562582168738039 0.3585375713182607 -0.05997296803032865 -0.02008175174395226 0.001562257074878617
0.9624 1.341560886510319 -0.1561285403759644 0.3583486501634014 -0.05778854637636135 -0.0200476659406883 0.001603299658734828
0.9625 1.34180626032257 -0.1559985621474937 0.3581458707594964 -0.05560323640577678 -0.02001342194806338 0.001644330700337056
0.9626 1.342051983165415 -0.155868280819591 0.3579291716395345 -0.05341717644214605 -0.01997908267122093 0.001685355418182054
0.9627 1.342298056305665 -0.1557376950137898 0.3576985247436482 -0.05123040259846023 -0.01994457598338547 0.001726371274083191
0.9628 1.34254448101794 -0.1556068033418592 0.3574538622532955 -0.04904305699840092 -0.01990993685054141 0.001767382542778262
0.9629 1.342791258584724 -0.1554756044057088 0.3571951426539518 -0.04685520194881016 -0.0198751647301878 0.001808386702798221
0.963 1.343038390296452 -0.1553440967972974 0.3569223142502636 -0.04466693682211043 -0.01984029994191145 0.001849414984402747
0.9631 1.343285877451566 -0.1552122790985283 0.3566353123625242 -0.04247831842824127 -0.01980525897562406 0.001890402890782918
0.9632 1.343533721356595 -0.1550801498811559 0.3563341401604938 -0.04028954096337614 -0.01977008494704994 0.001931386517722952
0.9633 1.34378192332623 -0.1549477077066934 0.3560186517433074 -0.03810056440109008 -0.01973477259997447 0.001972360728838631
0.9634 1.34403048468337 -0.1548149511262867 0.3556889174605533 -0.03591161876604174 -0.01969932632677244 0.002013326326351952
0.9635 1.344279406759234 -0.1546818786806444 0.355344798164281 -0.03372268562124389 -0.01966374238430384 0.002054286545382659
0.9636 1.34452869089342 -0.1545484888999151 0.3549862925654439 -0.03153394655513 -0.01962802899847324 0.002095248078077975
0.9637 1.344778338433962 -0.1544147803035827 0.3546133303645962 -0.02934546011005784 -0.01959217426336488 0.002136207720189141
0.9638 1.345028350737424 -0.154280751400365 0.3542258869359456 -0.02715730750170042 -0.01955617658520998 0.002177134997588507
0.9639 1.345278729168984 -0.1541464006881055 0.3538239117698731 -0.02496965064451379 -0.01952003484415982 0.002218052913090615
0.964 1.345529475102495 -0.154011726653668 0.3534073554674317 -0.02278254195891289 -0.01948375769860534 0.002258958381811216
0.9641 1.345780589920579 -0.1538767277728221 0.3529761389595402 -0.02059608366851923 -0.01944733723411317 0.002299866403891608
0.9642 1.346032075014684 -0.1537414025101241 0.3525302876937335 -0.01841041794048609 -0.01941077502465685 0.002340769374643589
0.9643 1.346283931785189 -0.1536057493188195 0.35206973257419 -0.01622562379394754 -0.01937407421781531 0.0023816424391467
0.9644 1.346536161641475 -0.1534697666407193 0.3515943983058316 -0.01404179840131728 -0.01933722943510276 0.002422502473177982
0.9645 1.346788766002015 -0.153333452906089 0.3511042319687893 -0.01185903748535813 -0.01930023198332741 0.002463365034371765
0.9646 1.347041746294438 -0.15319680653352 0.350599253826804 -0.00967747584213385 -0.01926310000463753 0.002504199472638166
0.9647 1.347295103955631 -0.15305982592982 0.350079410528111 -0.007497248000788437 -0.01922582422760372 0.002545022735125731
0.9648 1.347548840431831 -0.1529225094898996 0.3495446159445396 -0.00531839342307086 -0.01918840203206625 0.002585830184584199
0.9649 1.347802957178689 -0.1527848555966304 0.3489948271768458 -0.003141038037804578 -0.01915083598496403 0.002626621053909513
0.965 1.348057455661369 -0.1526468626207335 0.3484300719302115 -0.000965337155490825 -0.01911312169292459 0.002667400713976499
0.9651 1.348312337354652 -0.152508528920661 0.3478502239847932 0.001208663022283812 -0.01907525759197162 0.002708163220617184
0.9652 1.348567603742995 -0.1523698528424501 0.3472553264151008 0.003380787041260824 -0.01903724761095943 0.002748911755483898
0.9653 1.34882325632065 -0.1522308327196077 0.3466452655634125 0.005550960089628104 -0.01899907918861884 0.002789660063572548
0.9654 1.349079296591734 -0.1520914668729826 0.346020063041864 0.007719054389219465 -0.01896077002026573 0.002830375858107228
0.9655 1.349335726070337 -0.1519517536106156 0.3453796954728609 0.00988493082631181 -0.01892228942757212 0.002871091677108907
0.9656 1.34959254628062 -0.1518116912276328 0.344724069956421 0.0120485025804691 -0.01888367987281651 0.002911775026083797
0.9657 1.349849758756893 -0.1516712780060842 0.3440531369039856 0.01420967119830048 -0.01884491693892644 0.002952439336775536
0.9658 1.350107365043723 -0.1515305122148199 0.3433669551490756 0.01636826789680079 -0.01880600460648913 0.002993087727808601
0.9659 1.350365366696034 -0.1513893921093502 0.3426653585701993 0.0185242461733045 -0.01876693580825786 0.003033714486962895
0.966 1.350623765279192 -0.1512479159316934 0.3419484465459506 0.02067740234068126 -0.01872771597434902 0.0030743249514428
0.9661 1.350882562369134 -0.1511060819102525 0.3412161126452673 0.02282765886570484 -0.01868834068406483 0.003114916359886893
0.9662 1.351141759552428 -0.1509638882596476 0.340468314152479 0.02497491141961076 -0.01864880966631645 0.003155485902326705
0.9663 1.351401358426418 -0.1508213331805852 0.3397050469628189 0.02711900466111906 -0.01860912280253248 0.003196035670305344
0.9664 1.351661360599298 -0.1506784148597023 0.3389262964531778 0.02925981229255548 -0.01856928009370538 0.003236565574604575
0.9665 1.35192176769023 -0.1505351314694138 0.3381320440801965 0.03139720973576536 -0.01852926267637849 0.003277076189900605
0.9666 1.352182581329465 -0.1503914811677748 0.3373221388207885 0.03353111527977286 -0.01848910130182647 0.003317560920419212
0.9667 1.352443803158409 -0.1502474620982939 0.3364966878785145 0.03566138008188115 -0.01844878384709881 0.003358023753716028
0.9668 1.352705434829776 -0.150103072389803 0.3356555925964612 0.03778786234735984 -0.01840830510000227 0.003398463555765835
0.9669 1.352967478007679 -0.1499583101562877 0.3347988934352544 0.03991039849484141 -0.01836765265334014 0.003438893795064282
0.967 1.353229934367747 -0.1498131734967324 0.3339264975769068 0.0420289241642963 -0.01832685119814168 0.003479287869466665
0.9671 1.353492805597238 -0.1496676604949427 0.3330383617381047 0.044143288799384 -0.0182858871932519 0.003519656051359951
0.9672 1.353756093395143 -0.1495217692193884 0.3321345447408477 0.04625335670110001 -0.01824476253704311 0.003559999960795444
0.9673 1.354019799472331 -0.1493754977230357 0.3312149948604959 0.04835895902444638 -0.0182034743470266 0.00360032037411659
0.9674 1.354283925551636 -0.1492288440431728 0.3302796501080816 0.05046003610240536 -0.01816202105202491 0.003640612223168296
0.9675 1.354548473367995 -0.1490818062012324 0.3293284874003046 0.0525564191263234 -0.018120394768722 0.003680869463072944
0.9676 1.354813444668568 -0.1489343822026266 0.3283615465438697 0.05464793072258577 -0.01807860414433063 0.003721114943027636
0.9677 1.35507884121285 -0.1487865700365563 0.3273787994231153 0.05673446794763764 -0.01803665266059111 0.003761326831285279
0.9678 1.355344664772819 -0.1486383676758463 0.3263801489262812 0.05881592477491173 -0.01799453519184321 0.003801507196026703
0.9679 1.355610917133026 -0.148489773076735 0.3253656376110032 0.06089212188265531 -0.01795224703199898 0.003841660113937405
0.968 1.355877600090767 -0.1483407841787233 0.3243352035948385 0.06296294411536961 -0.01790978846104273 0.003881782312403465
0.9681 1.356144715456159 -0.1481913989043432 0.3232889366251527 0.06502820782256845 -0.01786716191083436 0.003921877934876741
0.9682 1.356412265052337 -0.1480416151590159 0.3222267226050009 0.06708781005760656 -0.01782436313971915 0.003961941891312116
0.9683 1.356680250715528 -0.147891430830818 0.3211485461530827 0.06914161888135655 -0.01778138659610987 0.004001967523740483
0.9684 1.356948674295208 -0.1477408437902878 0.3200545161133499 0.07118941908002657 -0.01773824481039569 0.004041971164213447
0.9685 1.357217537654273 -0.1475898518902685 0.318944396661498 0.07323118295145864 -0.01769492373721828 0.004081935613893724
0.9686 1.357486842669102 -0.147438452965632 0.3178183566238364 0.07526667240942631 -0.01765143172977253 0.004121869451364234
0.9687 1.357756591229758 -0.1472866448331321 0.3166763572934255 0.0772957655090041 -0.01760776390383735 0.004161769993912655
0.9688 1.358026785240124 -0.1471344252911791 0.3155183826581021 0.07931830570582549 -0.01756389413245166 0.004201627593833034
0.9689 1.358297426618025 -0.1469817921196204 0.3143443710181072 0.0813341659859932 -0.01751988561621074 0.004241455228213319
0.969 1.358568517295375 -0.1468287430795217 0.3131544234650796 0.0833431745407852 -0.01747569064149572 0.004281256695313562
0.9691 1.358840059218364 -0.1466752759129776 0.3119484571089928 0.0853451910426377 -0.01743131128071284 0.004321020854972043
0.9692 1.359112054347554 -0.1465213883428459 0.3107264000377167 0.0873400940457022 -0.01738674764027422 0.004360738051693547
0.9693 1.359384504658062 -0.1463670780725567 0.309488361708902 0.08932768863899319 -0.01734200312275068 0.004400419465390628
0.9694 1.359657412139723 -0.1462123427858762 0.3082342855207231 0.0913078380132484 -0.01729707211192266 0.00444005745993257
0.9695 1.359930778797209 -0.1460571801466591 0.3069642930639265 0.0932803528208754 -0.01725196297248299 0.004479665130156062
0.9696 1.360204606650238 -0.1459015877986445 0.3056781978426595 0.0952451337586987 -0.0172066752560727 0.0045192445104151
0.9697 1.360478897733682 -0.1457455633651776 0.3043761285082079 0.0972019819423792 -0.01716120536100611 0.0045587552711205
0.9698 1.360753654097788 -0.1455891044490121 0.3030580035544731 0.0991507841434161 -0.01711554584656948 0.00459823557984433
0.9699 1.361028877808284 -0.1454322086320199 0.3017238935264801 0.1010913395517576 -0.01706970031221609 0.004637674972017122
0.97 1.361304570946581 -0.1452748734749665 0.3003738390867867 0.1030234849443934 -0.01702366750886563 0.004677065697023706
0.9701 1.361580735609956 -0.1451170965172646 0.2990077770963651 0.1049470814878051 -0.01697744703357248 0.004716415985501351
0.9702 1.361857373911682 -0.14495887527669 0.2976256990215882 0.1068619709845409 -0.01693103688718979 0.004755724783944273
0.9703 1.362134487981242 -0.1448002072491425 0.2962276571470957 0.108767987242655 -0.01688443572512711 0.004794986920470056
0.9704 1.362412079964486 -0.1446410899083715 0.2948136555677403 0.1106649563320458 -0.01683764272558813 0.004834202680937614
0.9705 1.362690152023814 -0.1444815207057041 0.2933837348840138 0.1125527250975124 -0.01679065906063696 0.004873371827445029
0.9706 1.362968706338371 -0.144321497069778 0.2919378062846829 0.1144311197631592 -0.01674346976603527 0.004912484923182044
0.9707 1.363247745104207 -0.1441610164062552 0.2904760612752781 0.116299979127317 -0.01669609934976086 0.004951558088160895
0.9708 1.363527270534492 -0.1440000760975447 0.2889983426449023 0.11815912160468 -0.01664852967016218 0.004990579503795954
0.9709 1.363807284859698 -0.1438386735025238 0.2875047686506534 0.120008400890077 -0.01659934656234496 0.005031902868479063
0.971 1.364087790327781 -0.1436768059562276 0.2859953726098496 0.1218476285712548 -0.01655309857650538 0.005067144538296035
0.9711 1.364368789204391 -0.1435144707695645 0.2844700957059714 0.1236766560352586 -0.01650564566320312 0.005107050184232127
0.9712 1.364650283773067 -0.143351665229017 0.2829290445251356 0.1254952906431474 -0.01645698542666566 0.00514661372589889
0.9713 1.364932276335432 -0.1431883865963281 0.2813721912439561 0.1273033606838126 -0.01640800932179373 0.005185581362515167
0.9714 1.365214769211411 -0.1430246321082007 0.2797995983695608 0.1291007048548186 -0.01635891520198808 0.005224268593442733
0.9715 1.365497764739435 -0.1428603989759731 0.278211253303381 0.130887136736928 -0.01630994647439395 0.005262921717520145
0.9716 1.365781265276643 -0.142695684385306 0.276607215554702 0.1326625152742075 -0.01626048464538277 0.005301313612771864
0.9717 1.366065273199107 -0.1425304854958466 0.2749874953437542 0.1344266218464731 -0.01621095803062549 0.005339655529135082
0.9718 1.36634979090204 -0.1423647994409033 0.2733521673008256 0.136179287621701 -0.01616148108323416 0.005378054710478413
0.9719 1.366634820800036 -0.1421986233271248 0.2717012682910202 0.137920353086308 -0.01611170477855572 0.005416357600508874
0.972 1.366920365327278 -0.1420319542341308 0.270034782697611 0.139649633482786 -0.01606168837209879 0.005454709561540629
0.9721 1.367206426937748 -0.1418647892141678 0.2683528114166903 0.1413669263509773 -0.01601158442850332 0.005492751104811566
0.9722 1.367493008105512 -0.1416971252917882 0.2666552565623429 0.1430720895940701 -0.01596117055696273 0.005530967988788073
0.9723 1.367780111324896 -0.1415289594634491 0.2649423895699931 0.1447649158380912 -0.01591053193559418 0.005569136621438662
0.9724 1.368067739110757 -0.1413602886971721 0.2632141231984397 0.1464452247421202 -0.01585968947885289 0.005607231968664035
0.9725 1.368355893998725 -0.141191109932171 0.2614704858148256 0.1481128400577222 -0.0158086334632333 0.005645263270500507
0.9726 1.368644578545429 -0.141021420078462 0.2597115727293837 0.1497675754053521 -0.01575748012904484 0.005683157664705491
0.9727 1.368933795328767 -0.1408512160164913 0.2579374490973545 0.1514092436374744 -0.01570599489926461 0.005721054952553516
0.9728 1.369223546948143 -0.1406804945967403 0.2561481270458017 0.1530376662458533 -0.01565439920611343 0.005758854359440121
0.9729 1.369513836024743 -0.1405092526393346 0.2543436825360005 0.1546526490516178 -0.0156024783407749 0.00579661015046362
0.973 1.369804665201773 -0.1403374869336312 0.2525241040259378 0.1562540172110297 -0.01555033598894257 0.00583429467142011
0.9731 1.370096037144734 -0.1401651942378089 0.2506895897209546 0.1578415705858671 -0.01549805274959285 0.005871916247856209
0.9732 1.370387954541715 -0.13999237127847 0.2488400634505168 0.1594151096855502 -0.01544546817848568 0.005909451972543429
0.9733 1.370680420103616 -0.1398190147501847 0.2469756932509374 0.1609744667269772 -0.0153926615033605 0.005946913369782051
0.9734 1.370973436564469 -0.1396451213150851 0.2450965180035124 0.162519452910868 -0.01533968018579961 0.005984320183961088
0.9735 1.371267006681716 -0.1394706876024185 0.243202581384669 0.1640498543977662 -0.01528642063508672 0.006021626274270491
0.9736 1.371561133236475 -0.1392957102080965 0.2412939460606066 0.1655655034605341 -0.0152329599906033 0.006058864841337386
0.9737 1.371855819033837 -0.1391201856942371 0.239370716184641 0.1670661849425924 -0.01517925428492995 0.0060960179683625
0.9738 1.372151066903182 -0.1389441105887194 0.237432937030563 0.1685517256918333 -0.0151253316696482 0.006133111871391008
0.9739 1.372446879698465 -0.1387674813846961 0.2354807238975188 0.1700219125529987 -0.01506980407658038 0.006170879264078682
0.974 1.372743260298512 -0.1385902945401221 0.2335141534007514 0.1714765787557199 -0.01501658427947212 0.006206055908797012
0.9741 1.373040211607352 -0.1384125464772613 0.2315332389540526 0.1729154907976789 -0.01496272282295365 0.006243359335421611
0.9742 1.373337736554517 -0.1382342335822025 0.22953816034636 0.1743384865550228 -0.01490789948845731 0.006280557045012967
0.9743 1.373635838095381 -0.1380553522043458 0.2275289764899788 0.1757453567156062 -0.01485271899926298 0.00631748891274117
0.9744 1.373934519211457 -0.1378758986558843 0.2255057383675124 0.1771359010179822 -0.0147972155671693 0.006354181401981181
0.9745 1.374233782910754 -0.1376958692112935 0.2234685284995411 0.1785099225716525 -0.01474146650218492 0.006390703268974275
0.9746 1.374533632228117 -0.1375152601067948 0.2214175257930682 0.1798672332020006 -0.01468542724199403 0.006427062383981491
0.9747 1.37483407022554 -0.1373340675398011 0.2193528051368462 0.1812076207470692 -0.01462927583868351 0.006463247051396446
0.9748 1.375135099992558 -0.1371522876683934 0.2172743710000124 0.182530891863203 -0.0145728546101822 0.006499352864006829
0.9749 1.375436724646555 -0.1369699166107241 0.2151824298833408 0.1838368431609782 -0.0145163192878877 0.006535522201432168
0.975 1.375738947333156 -0.1367869504444672 0.213077070758324 0.1851252789930807 -0.01445922403020825 0.00657060055701293
0.9751 1.376041771226597 -0.1366033852062383 0.2109583648214711 0.1863959928811667 -0.01440275689958058 0.006607686644095887
0.9752 1.376345199530064 -0.1364192168909823 0.2088264612690188 0.1876487929891053 -0.01434497110343964 0.006643234884188393
0.9753 1.376649235476112 -0.1362344414513899 0.2066814065371734 0.1888834641009938 -0.01428724676030272 0.006678667897156491
0.9754 1.376953882327023 -0.1360490547972676 0.2045234365337864 0.1900998209003868 -0.0142294453877186 0.006714130809197365
0.9755 1.377259143375213 -0.135863052794916 0.202352587723426 0.1912976437989295 -0.01417143164126515 0.006749493486460725
0.9756 1.377565021943616 -0.1356764312664905 0.2001689989448043 0.1924767498544331 -0.01411318072151215 0.006784772697594451
0.9757 1.377871521386124 -0.1354891859893599 0.1979727500862191 0.1936369026570824 -0.01405466613757073 0.006819979831050889
0.9758 1.378178645087941 -0.1353013126954161 0.1957640533186707 0.1947779304044165 -0.01399590718525551 0.006855092911026235
0.9759 1.378486396466067 -0.1351128070704357 0.1935429820218462 0.1958996194938874 -0.01393687907010389 0.006890096637573496
0.976 1.378794778969687 -0.1349236647533627 0.1913096894457945 0.197001751383677 -0.01387757411184859 0.006925005439543886
0.9761 1.379103796080607 -0.1347338813356139 0.1890643226668852 0.1980841383991896 -0.01381801875855815 0.006959815045268452
0.9762 1.379413451313723 -0.1345434523603805 0.1868070441935165 0.1991465845822511 -0.01375817019243475 0.006994476607086323
0.9763 1.379723748217443 -0.1343523733218755 0.1845379198781043 0.2001888644415453 -0.01369807334863228 0.007029063830368203
0.9764 1.38003469037416 -0.1341606396645987 0.1822571744003061 0.2012107828383928 -0.01363764483511651 0.007063494254381932
0.9765 1.380346281400717 -0.133968246782593 0.1799649138421009 0.2022121392688944 -0.01357703265374523 0.00709780294730326
0.9766 1.380658524948879 -0.133775190018646 0.1776612927921169 0.2031927015833515 -0.01351609750343704 0.007131961491023569
0.9767 1.380971424705821 -0.1335814646635316 0.1753465019204475 0.2041523045679331 -0.01345488886661347 0.007165996190046205
0.9768 1.381284984394619 -0.1333870659551845 0.1730206918010551 0.2050907200443044 -0.01339340844824217 0.007199899840461674
0.9769 1.381599207774755 -0.1331919890778958 0.1706839897035489 0.2060077409407207 -0.0133316469815296 0.007233723701060955
0.977 1.381914098642616 -0.1329962291614676 0.1683366233079881 0.2069031833139316 -0.01326960360117868 0.007267403915406433
0.9771 1.382229660832033 -0.132799781280371 0.1659787388901059 0.2077768251154332 -0.01320730431854873 0.007300915407936781
0.9772 1.382545898214796 -0.1326026404528717 0.1636104278277509 0.2086284443182023 -0.01314469793286766 0.007334251717636485
0.9773 1.382862814701198 -0.1324048016401463 0.1612319799573594 0.2094578709256398 -0.01308180434546932 0.007367497899532884
0.9774 1.38318041424058 -0.1322062597453701 0.1588435724428136 0.2102648826760755 -0.01301865105066463 0.007400570760429524
0.9775 1.383498700821909 -0.1320070096128165 0.1564453089005465 0.2110492727547645 -0.01295521148766205 0.007433512833078273
0.9776 1.383817678474314 -0.1318070460268817 0.1540374721673945 0.2118108502999323 -0.01289148689707877 0.007466290678926815
0.9777 1.384137351267715 -0.1316063637111684 0.1516202157215319 0.2125494188795879 -0.01282747034337077 0.007498918406133636
0.9778 1.384457723313371 -0.1314049573274644 0.1491936820891322 0.213264740214934 -0.01276316595002629 0.007531389297505595
0.9779 1.384778798764502 -0.1312028214747623 0.1467581399255225 0.2139566440413633 -0.01269856005463142 0.007563712435972477
0.978 1.385100581816905 -0.1309999506882347 0.14431378974844 0.2146249163988015 -0.01263366503472599 0.007595867282149479
0.9781 1.385423076709587 -0.1307963394382041 0.141860768612433 0.2152693398872137 -0.01256846820292529 0.007627864372839852
0.9782 1.38574628772538 -0.1305919821290491 0.1393994140912686 0.2158897512297007 -0.01250300398614086 0.007659697207782501
0.9783 1.386070219191623 -0.1303868730981521 0.1369298200490633 0.2164859205987486 -0.01243722711695503 0.007691384871657609
0.9784 1.3863948754808 -0.1301810066147652 0.1344522704900065 0.2170576616363346 -0.01237114790955049 0.007722882452754648
0.9785 1.386720261011232 -0.1299743768788879 0.1319669471198793 0.2176047558135761 -0.01230474833773412 0.007754196570509267
0.9786 1.387046380247759 -0.1297669780201061 0.129474153868798 0.2181270435474718 -0.01223806577562898 0.007785360406299218
0.9787 1.387373237702455 -0.1295588040964167 0.1269740638023066 0.218624295340063 -0.01217107902097837 0.007816337234782145
0.9788 1.387700837935329 -0.1293498490930086 0.1244668922010304 0.219096305378054 -0.01210378414789212 0.007847133064836157
0.9789 1.388029185555073 -0.1291401069210438 0.1219529282826798 0.2195429072642332 -0.0120361645030012 0.007877742205866876
0.979 1.388358285219799 -0.128929571416382 0.1194324103267844 0.2199639010372543 -0.01196823790500978 0.007908169775984332
0.9791 1.388688141637798 -0.128718236338301 0.1169055422444706 0.2203590739654631 -0.01190002823338778 0.007938410715019151
0.9792 1.38901875956833 -0.1285060953681851 0.1143726643363299 0.2207282738151298 -0.01183147808836033 0.007968460641629592
0.9793 1.38935014382241 -0.128293142108171 0.1118338974013185 0.2210712411736631 -0.01176260957584281 0.007998316827796182
0.9794 1.389682299263604 -0.1280793700797721 0.1092896468533064 0.2213878576411576 -0.01169342928469137 0.008027978345834998
0.9795 1.390015230808868 -0.12786477272248 0.1067401194505237 0.2216778974311032 -0.01162392290038993 0.008057430893766433
0.9796 1.390348943429405 -0.1276493433923334 0.1041855976696882 0.221941205584824 -0.01155410724323858 0.008086685820724224
0.9797 1.390683442151492 -0.1274330753604299 0.1016263008168808 0.2221775361796637 -0.01148395584322572 0.008115723860383651
0.9798 1.391018732057375 -0.1272159618114386 0.099062555120672 0.2223867472211372 -0.01141346979634946 0.008144567580354627
0.9799 1.391354818286157 -0.126997995842053 0.0964946929928085 0.222568682028075 -0.01134266296769598 0.008173184446823065
0.98 1.39169170603474 -0.1267791704594369 0.0939229588906673 0.2227231232634124 -0.01127152980026087 0.008201591298240798
0.9801 1.392029400558736 -0.1265594785796107 0.0913475579779859 0.2228498460562686 -0.01120006144128348 0.008229765472044163
0.9802 1.392367907173392 -0.1263389130257776 0.0887689391349971 0.222948771318594 -0.01112826084799671 0.008257725729490181
0.9803 1.39270723125463 -0.1261174665266918 0.0861873308190272 0.2230196672522302 -0.01105612103239739 0.008285457443537564
0.9804 1.393047378239991 -0.1258951317148965 0.08360299102406631 0.223062330451596 -0.01098364034478619 0.008312940369303502
0.9805 1.393388353629662 -0.1256719011249798 0.0810163900532909 0.2230767062621336 -0.01091082452790641 0.008340204052485392
0.9806 1.393730162987541 -0.1254477671917746 0.07842768555234941 0.2230624954752351 -0.0108376442899705 0.008367232330033277
0.9807 1.394072811942253 -0.1252227222484974 0.0758373080981285 0.2230196236052135 -0.01076413711751652 0.008394013090579131
0.9808 1.394416306188273 -0.1249967585248742 0.07324549907382238 0.2229478522568399 -0.01069028710858402 0.008420545719571268
0.9809 1.394760651487009 -0.124769868145195 0.07065264147744069 0.2228470621531507 -0.01061608452956082 0.008446828285540756
0.981 1.395105853667943 -0.124542043126337 0.06805908572226111 0.2227171103136484 -0.01054152901608549 0.00847285823987964
0.9811 1.395451918629803 -0.1243132753757415 0.06546512986954305 0.2225577927105538 -0.01046662120028592 0.008498612436990917
0.9812 1.395798852341709 -0.124083556689319 0.0628711690919117 0.2223689935128696 -0.010391354587574 0.008524121751121074
0.9813 1.396146660844421 -0.1238528787493422 0.0602775075857799 0.2221505273231127 -0.01031573564747816 0.008549327109861644
0.9814 1.39649535025155 -0.1236212331222437 0.05768456894383499 0.2219023033376338 -0.01023977160562971 0.008574321998787564
0.9815 1.396844926750841 -0.1233886112564018 0.05509267008425979 0.2216241316888365 -0.01016341043975582 0.008599020708003025
0.9816 1.397195396605457 -0.1231550044798353 0.05250217570694028 0.2213158626508122 -0.01008669136884033 0.008623424292556114
0.9817 1.39754676615529 -0.1229204039978583 0.04991349994128841 0.2209774060359574 -0.01000960431048315 0.008647529888208343
0.9818 1.397899041818345 -0.1226848008906839 0.04732699932605133 0.2206085874149276 -0.009932155364876623 0.008671357448970709
0.9819 1.398252230092104 -0.1224481861109524 0.04474300972949058 0.2202092357615623 -0.009854335170645072 0.008694884377821626
0.982 1.398606337554931 -0.1222105504811922 0.04216202532939059 0.2197793300545459 -0.009776143521555543 0.008718117833984022
0.9821 1.398961370867567 -0.1219718846912562 0.03958434978188153 0.2193186469824505 -0.009697576111807258 0.008741042415692456
0.9822 1.399317336774549 -0.1217321792956163 0.03701043155233773 0.2188271144273492 -0.009618634277969424 0.008763656130505863
0.9823 1.399674242105787 -0.1214914247106793 0.03444069087094952 0.2183046263522265 -0.009539311024810652 0.008785949486564366
0.9824 1.400032093778098 -0.1212496112119713 0.03187549372454042 0.2177510335801434 -0.009459608503238504 0.008807922349064908
0.9825 1.400390898796791 -0.1210067289312615 0.02931531419882094 0.2171662821394426 -0.009379510417799878 0.008829578591474698
0.9826 1.400750664257308 -0.1207627678536214 0.02676052291672003 0.216550198627198 -0.009299025438851681 0.008850900148757371
0.9827 1.401111397346899 -0.120517717814405 0.02421155875836859 0.2159027100507111 -0.009218148998645754 0.008871882293920398
0.9828 1.401473105346307 -0.1202715684961309 0.02166887501352659 0.2152237309221568 -0.009136877745920925 0.008892520819293236
0.9829 1.401835795631551 -0.120024309425308 0.0191329460245256 0.214513221199971 -0.009055214377753475 0.008912795697253954
0.983 1.402199475675715 -0.119775929969169 0.01660413423630103 0.2137710007818264 -0.008973152782730743 0.008932730627053695
0.9831 1.402564153050776 -0.1195264193322926 0.01408291654044715 0.2129970028687189 -0.008890690181522649 0.008952300806342957
0.9832 1.40292983542949 -0.1192757665531572 0.01156980254012581 0.2121912219549508 -0.008807826016076837 0.008971507076843892
0.9833 1.40329653058734 -0.1190239605006065 0.00906522458279471 0.2113535626874348 -0.008724552977000422 0.008990347234707499
0.9834 1.403664246404517 -0.1187709898702032 0.006569660715448906 0.2104839634598779 -0.008640884243522964 0.009008785537293695
0.9835 1.404032990867933 -0.1185168431804751 0.004083549866229379 0.2095823221775817 -0.008556801952669752 0.009026850060123017
0.9836 1.404402772073326 -0.1182615087690829 0.001607385508798159 0.2086486010167879 -0.00847231465197931 0.009044521527488129
0.9837 1.404773598227376 -0.1180049747888499 -0.000858311508712476 0.2076828037440344 -0.00838740283199659 0.009061801900143115
0.9838 1.405145477649917 -0.1177472292037115 -0.003313071684048791 0.2066848471283005 -0.008302072070484839 0.009078664675283082
0.9839 1.405518418776186 -0.1174882597845371 -0.005756416518760917 0.2056546982544126 -0.008216321542205504 0.009095110625579
0.984 1.405892430159105 -0.1172280541048034 -0.00818778998055068 0.2045923979111062 -0.008130153786732599 0.009111138384197596
0.9841 1.406267520471676 -0.1169665995362073 -0.01060673955224795 0.2034978222473362 -0.00804355603433075 0.009126720123562259
0.9842 1.406643698509408 -0.1167038832440987 -0.01301272955769699 0.2023710070821618 -0.007956531049002576 0.0091418773382018
0.9843 1.407020973192801 -0.1164398921827969 -0.01540523000818603 0.2012119582820141 -0.00786907664441467 0.00915659094343361
0.9844 1.407399353569917 -0.1161746130907803 -0.01778371899897117 0.2000206796334128 -0.007781186084338138 0.009170862774301633
0.9845 1.407778848819006 -0.1159080324857202 -0.0201476706662031 0.1987971384328862 -0.007692873043583243 0.009184648934049409
0.9846 1.408159468251216 -0.1156401366593861 -0.02249654387427994 0.1975413934979891 -0.007604125270179355 0.009197985967235308
0.9847 1.408541221313357 -0.1153709116723703 -0.02482976962562773 0.1962535037804986 -0.007514926863063341 0.009210839709093169
0.9848 1.408924117590764 -0.115100343348689 -0.02714684338331842 0.1949334251130871 -0.007425289650704941 0.0092232080577306
0.9849 1.40930816681024 -0.1148284172702039 -0.02944720317529362 0.1935811786063036 -0.007335202818457063 0.009235079389084109
0.985 1.409693378843015 -0.1145551187708553 -0.03173024708211651 0.192196939690294 -0.007244633275835571 0.009246437509651012
0.9851 1.410079763707918 -0.1142804329307665 -0.03399546665447396 0.1907806292750604 -0.007153690845816665 0.009257316007562315
0.9852 1.410467331574496 -0.1140043445701175 -0.03624223948861043 0.189332433130737 -0.00706225563458703 0.009267640817447794
0.9853 1.410856092766335 -0.113726838242869 -0.03847001136541089 0.1878523754966341 -0.006970366414651348 0.009277437763067827
0.9854 1.4112460577644 -0.1134478982302601 -0.04067820617380326 0.1863405075972024 -0.00687802157114605 0.009286694159009602
0.9855 1.411637237210499 -0.1131675085341174 -0.04286622014694511 0.1847969873295671 -0.006785212910050281 0.009295406761728251
0.9856 1.41202964191086 -0.1128856528699545 -0.04503346203664141 0.183221918997155 -0.006691955795632862 0.009303566671122471
0.9857 1.41242328283981 -0.112602314659859 -0.04717935388553761 0.1816153464227197 -0.006598216890787067 0.009311140184794595
0.9858 1.412818171143501 -0.1123174770251075 -0.04930326053876593 0.1799775233922188 -0.006504016033254268 0.009318135355243888
0.9859 1.413214318143868 -0.1120311227786188 -0.05140460824451115 0.1783084435159621 -0.006409344807758391 0.009324532325032353
0.986 1.413611735342561 -0.1117432344170816 -0.05348274537021222 0.1766083804804372 -0.006314200994525715 0.009330326915551421
0.9861 1.414010434425125 -0.1114537941128934 -0.05553707940551567 0.1748774343173226 -0.006218582830594238 0.009335504087225676
0.9862 1.414410427265214 -0.1111627837057838 -0.05756698232120907 0.1731157502813403 -0.006122493495507363 0.009340048038382922
0.9863 1.414811725928963 -0.1108701846941807 -0.05957182320332368 0.1713235796322643 -0.006025918846177063 0.009343956425504737
0.9864 1.415214342679532 -0.1105759782263008 -0.06155096502861559 0.1695011009162866 -0.005928861015822798 0.009347216245767662
0.9865 1.415618289981713 -0.1102801450909102 -0.0635037749906222 0.1676484852006253 -0.005831325751340743 0.009349802217992075
0.9866 1.416023580506749 -0.1099826657077939 -0.06542960143846223 0.1657660186847143 -0.005733967107034812 0.009351165981435939
0.9867 1.416430227137268 -0.1096835201178991 -0.0673278092109634 0.1638538945279175 -0.00563518114400467 0.009353348179587131
0.9868 1.416838242972385 -0.1093826879731259 -0.06919774904233494 0.1619123355350365 -0.005535639572983374 0.009353861574574159
0.9869 1.417247641332951 -0.1090801485257724 -0.07103875562794508 0.1599416326829931 -0.005436030246850351 0.009353543332038109
0.987 1.417658435766969 -0.108775880617605 -0.07285017526787785 0.1579421394611291 -0.005335981341589563 0.009352404374667111
0.9871 1.418070640055267 -0.1084698626685812 -0.07463134657099837 0.1559139988396816 -0.005235538685582559 0.009350588788864947
0.9872 1.418484268217165 -0.1081620726650828 -0.0763816000698789 0.1538576251103664 -0.005134591242296589 0.00934809558651823
0.9873 1.41889933451656 -0.1078524881478466 -0.07810026626464017 0.1517732971246455 -0.005033182887977941 0.009344829645351672
0.9874 1.419315853468021 -0.1075410861993572 -0.07978667847196998 0.149661375336702 -0.004931286570719708 0.009340809538600156
0.9875 1.419733839843201 -0.107227843430845 -0.0814401579972071 0.1475221725082752 -0.00482879547070219 0.009335991910306795
0.9876 1.420153308677412 -0.1069127359687765 -0.0830600225781362 0.1453561092059634 -0.004725873839537544 0.009330384875025277
0.9877 1.420574275276437 -0.1065957394408654 -0.0846455937640211 0.1431635274485729 -0.004622370733673575 0.009323912604188056
0.9878 1.420996755223566 -0.1062768289615478 -0.0861961869491378 0.1409448625929463 -0.004518388786035283 0.009316631072640157
0.9879 1.421420764386889 -0.1059559791169223 -0.0877111183947325 0.1387005315840272 -0.004413855595387377 0.009308417036612655
0.988 1.421846318926842 -0.1056331639491288 -0.0891897001716818 0.1364308987996346 -0.004308813587687665 0.009299308185480094
0.9881 1.422273435303942 -0.1053083569400833 -0.0906312486343462 0.1341365252369891 -0.004203263765433192 0.009289349720839493
0.9882 1.422702130286945 -0.1049815309946737 -0.0920350578697904 0.131817823841387 -0.004097192381805579 0.009278406638568007
0.9883 1.423132420961137 -0.1046526584232135 -0.0934004515746825 0.1294753159464634 -0.003990597371446072 0.009266555400845996
0.9884 1.423564324737024 -0.104321710923282 -0.0947267320881911 0.1271094676464086 -0.003883486055146812 0.009253689315446038
0.9885 1.423997859359274 -0.1039886595607878 -0.0960132113586491 0.1247208505529341 -0.003775843696028433 0.009239859753970548
0.9886 1.424433042916024 -0.1036534747503219 -0.0972591872473144 0.1223099938159724 -0.003667653536372922 0.009225018076654302
0.9887 1.424869893848506 -0.1033161262347098 -0.0984639743848096 0.1198774666516583 -0.003559002204334149 0.009209102918802819
0.9888 1.425308430961025 -0.1029765830637144 -0.0996268890813287 0.1174239295034739 -0.00344980196797989 0.009192170380399217
0.9889 1.425748673431354 -0.1026348135719189 -0.1007472251429427 0.1149498865322704 -0.003340064791014915 0.009174152523701593
0.989 1.426190640821436 -0.1022907853556313 -0.1018243082658663 0.1124560624714683 -0.003229824105871081 0.009155031480761323
0.9891 1.426634353088573 -0.1019444652488852 -0.1028574422892649 0.1099430646359345 -0.00311903720803225 0.009134777765111938
0.9892 1.427079830596999 -0.1015958192984038 -0.1038459425173188 0.1074115597794157 -0.003007742579617008 0.009113365878800348
0.9893 1.427527094129903 -0.1012448127375001 -0.1047891375341612 0.1048623120840815 -0.002895937639609563 0.009090779602832019
0.9894 1.427976164901959 -0.1008914099588968 -0.1056863472500824 0.1022960308500487 -0.00278357279763307 0.009067005545384742
0.9895 1.428427064572281 -0.1005355744863166 -0.1065368933394216 0.0997134403175897 -0.002670741556864256 0.009041975393311134
0.9896 1.428879815257956 -0.1001772689448819 -0.1073401053679181 0.0971153184784498 -0.002557375389073894 0.009015705413041212
0.9897 1.42933443954807 -0.0998164550301842 -0.1080953246296969 0.09450248415542099 -0.002443431133167808 0.008988150044191425
0.9898 1.429790960518351 -0.0994530934759965 -0.1088018897863794 0.0918757519063799 -0.002329029165780455 0.008959258690427241
0.9899 1.430249401746368 -0.0990871440205293 -0.1094591656281947 0.0892360139660775 -0.00221418334124198 0.008929067356611494
0.99 1.43070978732738 -0.09871856537115629 -0.1100664839432688 0.0865841018484744 -0.002098710456182486 0.008897491822998116
0.9901 1.431172141890821 -0.0983473151675219 -0.1106232149396681 0.0839209178608618 -0.001982748501703595 0.008864505746090079
0.9902 1.43163649061752 -0.0979733499429595 -0.1111287299204599 0.0812474225515462 -0.001866274908657365 0.008830057851046876
0.9903 1.432102859257602 -0.0975966250840889 -0.1115824159342956 0.07856456386077662 -0.001749339278528429 0.008794155732663697
0.9904 1.432571274149196 -0.0972170947885186 -0.1119836550720925 0.07587332988936769 -0.00163187183383011 0.008756736457198581
0.9905 1.433041762237944 -0.0968347120205335 -0.1123318650071214 0.07317475190167028 -0.001513927871563705 0.008717795409435478
0.9906 1.433514351097346 -0.0964494284646351 -0.1126264409006108 0.07046987295564128 -0.001395478239000042 0.008677249848890323
0.9907 1.433989068950033 -0.096061194476839 -0.1128668127692059 0.06775975331091527 -0.001276539743679166 0.008635090703767201
0.9908 1.434465944689967 -0.0956699590335525 -0.1130524387547615 0.06504553730210526 -0.001157139388486541 0.008591296263689348
0.9909 1.434945007905666 -0.0952756696779336 -0.1131827448176135 0.06232831892964443 -0.001037272957006624 0.008545807728806823
0.991 1.435426288904461 -0.0948782724635292 -0.1132572226087821 0.05960931004097461 -0.000916865552066232 0.008498579666976328
0.9911 1.435909818737916 -0.0944777118950676 -0.1132753369210149 0.05688966438015672 -0.0007960387465262377 0.008449524534299422
0.9912 1.436395629228367 -0.0940739308661802 -0.1132366306703412 0.05417068384966716 -0.0006747639749616665 0.00839869582225037
0.9913 1.436883752996822 -0.0936668705939333 -0.1131405968272378 0.05145358473053488 -0.0005530193417676762 0.008346000143528287
0.9914 1.437374223492054 -0.0932564705498428 -0.1129867889923208 0.04873967969889843 -0.0004308346206452026 0.008291383511896387
0.9915 1.437867075021209 -0.0928426683872805 -0.1127747689074903 0.04603029987700458 -0.000308219639032302 0.008234797285434897
0.9916 1.438362342781874 -0.0924253998649522 -0.1125041327655534 0.04332682190611081 -0.0001851808015140491 0.00817620312857052
0.9917 1.438860062895701 -0.0920045987661835 -0.1121744888837213 0.04063064052090434 -0.0000617411251982826 0.008115505541581172
0.9918 1.439360272443757 -0.0915801968137895 -0.1117854852098747 0.03794320764715772 0.00006211197302876206 0.008052717708167154
0.9919 1.439863009503627 -0.0911521235801719 -0.1113367617595576 0.03526596200701522 0.0001863535579920364 0.007987744293826834
0.992 1.440368313188421 -0.0907203063923264 -0.1108280504143945 0.03260045156696244 0.0003109665807701826 0.00792053706026822
0.9921 1.440876223687841 -0.0902846702314531 -0.1102590430333105 0.02994818566239553 0.0004359182170533324 0.007851019177855847
0.9922 1.441386782311333 -0.089845137626701 -0.1096295229863252 0.02731077090857617 0.0005612352102683638 0.007779171023992796
0.9923 1.441900031533584 -0.0894016285427072 -0.1089392765747633 0.02468981478082207 0.0006868870911968607 0.007704888711246408
0.9924 1.44241601504246 -0.0889540602604524 -0.1081881257248455 0.02208696703948508 0.0008128614308447928 0.007628114388130907
0.9925 1.442934777789524 -0.0885023472509094 -0.107375950833806 0.01950392762669333 0.0009390569107895525 0.007548798813433138
0.9926 1.443456366043371 -0.0880464010410164 -0.1065026561748083 0.01694242693737117 0.00106560417709753 0.00746686277366894
0.9927 1.443980827445944 -0.08758613007133299 -0.1055681938120294 0.01440422331097458 0.001192343506984601 0.00738221703646544
0.9928 1.444508211072024 -0.0871214395447743 -0.1045725331201939 0.01189110893207921 0.001319330659736526 0.007294795401089977
0.9929 1.445038567492135 -0.0866522312657265 -0.1035157548040744 0.00940494461297828 0.001446516628943891 0.007204520084097941
0.993 1.445571948839134 -0.0861784034687869 -0.1023979377627484 0.006947603084550908 0.001573872365702042 0.007111316321049827
0.9931 1.44610840887872 -0.0856998506363074 -0.1012192103606921 0.004520995036390269 0.001701363114818972 0.007015077856693168
0.9932 1.446648003084142 -0.0852164633038145 -0.0999797912097533 0.002127077666322471 0.001828958233432348 0.006915743061524588
0.9933 1.447190788715474 -0.0847281278523321 -0.0986799250255469 -0.0002321629430014349 0.00195661393442412 0.006813139628000795
0.9934 1.447736824903767 -0.0842347262865201 -0.0973199463255162 -0.002554690806461788 0.002084392368361427 0.006707333850673716
0.9935 1.448286172740433 -0.0837361359973926 -0.0959002078952054 -0.004838456929694776 0.002212116758999063 0.00659809007743884
0.9936 1.44883889537234 -0.0832322295083415 -0.0944211894659523 -0.007081348358533025 0.002339826254604233 0.006485341235703339
0.9937 1.449395058103005 -0.0827228742029672 -0.0928833750600911 -0.00928124500516082 0.002467442936985535 0.00636899916843636
0.9938 1.44995472850041 -0.0822079320331178 -0.0912874168618743 -0.01143595143482743 0.002592090216182078 0.006253307009320331
0.9939 1.450517976512004 -0.0816872592053814 -0.0896339443672954 -0.01354328324174675 0.002721675480692192 0.006125601964190848
0.994 1.451084874587426 -0.0811607058439991 -0.0879236734743941 -0.0156010192384434 0.00284972181757357 0.005997585351650585
0.9941 1.451655497809661 -0.0806281156280447 -0.0861575112807885 -0.01760686094409023 0.002976578342830758 0.005864974012628185
0.9942 1.45222992403536 -0.0800893254004586 -0.0843363610765752 -0.01955852417880713 0.003103016105230559 0.005728679158346992
0.9943 1.452808234045116 -0.07954416474616278 -0.0824612237387914 -0.02145368645129726 0.003228913618372745 0.005587988204899668
0.9944 1.453390511704479 -0.07899245553624588 -0.080533264945832 -0.02328998187439398 0.003354266893791776 0.005442960889418674
0.9945 1.453976844136938 -0.07843401143489698 -0.07855365733372017 -0.02506504300234831 0.003479250406674896 0.005293254041506914
0.9946 1.45456732190966 -0.07786863736518455 -0.0765237762658227 -0.02677646025318897 0.003603649573504491 0.005138754798590738
0.9947 1.455162039233444 -0.07729612892953086 -0.07444506372669267 -0.02842181044922658 0.003727356417544745 0.004979205179123797
0.9948 1.455761094178149 -0.07671627178006739 -0.07231904413332334 -0.02999865841193116 0.003850316061739725 0.004814503847850103
0.9949 1.456364588904977 -0.07612884093340291 -0.07014746721215337 -0.03150454287453162 0.00397235531571639 0.004644380563207523
0.995 1.456972629917611 -0.07553360002389613 -0.06793210519188422 -0.03293700123879134 0.004093404563615547 0.00446867734262305
0.9951 1.457585328333741 -0.07493030048833305 -0.06567492638482099 -0.03429355804687937 0.004213329690876016 0.004287198636213188
0.9952 1.458202800179349 -0.07431868067435326 -0.06337806608361543 -0.03557173399804607 0.004332124616418025 0.004099709316425663
0.9953 1.458825166708088 -0.07369846486368294 -0.06104374932401853 -0.03676905527120434 0.004449426499191819 0.003906004574810313
0.9954 1.459452554748341 -0.07306936219997158 -0.05867437658636668 -0.03788305073038162 0.004565277841325479 0.003705824518566139
0.9955 1.460085097081153 -0.07243106550973267 -0.05627255826264426 -0.03891126792041909 0.004679499440461187 0.003498918180480666
0.9956 1.460722932852449 -0.07178325000305756 -0.05384099806997426 -0.03985126434055384 0.00479185765352818 0.003285057363561794
0.9957 1.461366208023397 -0.07112557183875605 -0.05138263908446904 -0.04070063291933254 0.004902297086335963 0.003063916410963216
0.9958 1.462015075863493 -0.07045766653635455 -0.04890061410348911 -0.04145699813260472 0.005010597953933696 0.002835150971377224
0.9959 1.462669697491455 -0.06977914721451095 -0.04639820382421919 -0.04211802258730902 0.005116607779915292 0.002598404764927553
0.996 1.463330242469733 -0.06908960263209125 -0.04387894772926213 -0.0426814296541527 0.00521999872791829 0.002353417375293135
0.9961 1.463996889459522 -0.06838859500436305 -0.04134655598747084 -0.04314499699584267 0.005320724641771856 0.00209978151625169
0.9962 1.464669826943887 -0.06767565756190259 -0.03880500611401805 -0.04350659116046147 0.005418459255984195 0.001837035373094241
0.9963 1.465349254028215 -0.06695029181437951 -0.03625847609100532 -0.04376415587381496 0.005512995596834545 0.001564689506863103
0.9964 1.466035381328264 -0.06621196447440347 -0.03371140953537828 -0.04391574789880134 0.005604007909612646 0.001282428880582268
0.9965 1.466728431958175 -0.06546010398857605 -0.03116849342416168 -0.04395953869103292 0.005691199775174367 0.0009896533054913805
0.9966 1.467428642632669 -0.06469409661277412 -0.02863468772161877 -0.04389384329960082 0.005774409524535087 0.0006857381250303797
0.9967 1.468136264900274 -0.06391328195647206 -0.02611520791692242 -0.04371712367612774 0.005853221809790988 0.000370051298367502
0.9968 1.468851566527324 -0.06311694790577166 -0.02361558124769963 -0.04342803810130663 0.005927294666430681 0.00004187851578995755
0.9969 1.469574833056424 -0.06230432481624641 -0.02114162810808178 -0.04302544571222957 0.005996281771718785 -0.0002995615097135912
0.997 1.470306369567257 -0.06147457884320047 -0.01869948189521816 -0.04250844624451848 0.006059725945934367 -0.0006551570597465346
0.9971 1.47104650267349 -0.06062680424793875 -0.01629557781954658 -0.04187638964189015 0.0061172226834367 -0.001025896881899012
0.9972 1.471795582796076 -0.05976001448145949 -0.01393670848632845 -0.04112894807602283 0.006165061293232586 -0.001413164807152248
0.9973 1.472553986762147 -0.05887313180017333 -0.01163000303578276 -0.04026613044870045 0.006212151794847281 -0.001817671093356722
0.9974 1.473322120789231 -0.05796497510772458 -0.0093829256216117 -0.03928831494353076 0.006249204609235158 -0.002241315366539812
0.9975 1.474100423928073 -0.05703424563885511 -0.007203319097242512 -0.03819632919868203 0.006277887374362381 -0.002691701594526651
0.9976 1.474889372054826 -0.05607950999921648 -0.005099399306538217 -0.03699149965684045 0.006298644788991284 -0.003151802254483951
0.9977 1.475689482525519 -0.0550991799402304 -0.003079741711826584 -0.03567569044133776 0.006309535747613355 -0.003647406141193859
0.9978 1.476501319634484 -0.05409148806841312 -0.001153315760706149 -0.03425141018971111 0.006310104032968978 -0.004169610214855594
0.9979 1.477325501056374 -0.05305445844622698 0.0006705457010825433 -0.03272185636958486 0.006299927534417463 -0.004724140410289588
0.998 1.478162705501219 -0.05198587071026529 0.002382112008804647 -0.03109106768389867 0.006277792647659799 -0.005316106293927466
0.9981 1.479013681879265 -0.05088321587423894 0.003971307805972202 -0.0293639613586148 0.006242737365248256 -0.0059514606452423
0.9982 1.47987926036288 -0.04974364133963239 0.005427699505584092 -0.02754651243807953 0.006192602990032147 -0.006638100977514847
0.9983 1.480760365857997 -0.04856388171655562 0.006740538641069273 -0.02564586371412814 0.006125278817872365 -0.007385927955596786
0.9984 1.481658034572052 -0.04734017071876984 0.007898792366951469 -0.02367052571657837 0.006037603369758648 -0.00820834586413534
0.9985 1.482573434612733 -0.04606812741117157 0.0088912127465348 -0.02163053829335658 0.005924754139867035 -0.009123346307394675
0.9986 1.48350789191006 -0.04474260707697071 0.00970641380233507 -0.01953773276024598 0.005779173569790648 -0.01015541814255637
0.9987 1.484462923282234 -0.0433575022907733 0.01033299185044659 -0.0174059926177915 0.005589008773406975 -0.01133890237662199
0.9988 1.485440279262952 -0.04190547230073129 0.01075968975676652 -0.01525157967801724 0.005331940439285679 -0.01272110137900151
0.9989 1.486442000542473 -0.04037756647299537 0.01097562555453562 -0.01309355589346443 0.004973864327987069 -0.01437230414575568
0.999 1.487470493844542 -0.03876268641005382 0.01097061518383254 -0.01095425003473216 0.004448390878492866 -0.01639239318066501