0.001 0.5996454598097579 -0.0927010847284921 -0.0938126449658356 -0.04931355392068266 -0.1148181477869748 0.3029720202285076
0.002 0.5998478459350657 -0.0926991073992191 -0.0937352495275161 -0.04943439880087684 -0.1147005992851357 0.3030374234312898
0.003 0.6000504472285339 -0.0926971159208523 -0.0936575727116508 -0.04955531785653168 -0.1145829739692244 0.3031028090749204
0.004 0.6002532641064721 -0.0926951102569958 -0.0935796128891276 -0.04967630432893924 -0.1144652059612187 0.3031682050357332
0.005 0.6004562969863833 -0.0926930903711328 -0.0935013708668739 -0.04979736468367734 -0.1143473733947264 0.3032335985870839
0.006 0.6006595462869694 -0.0926910562266257 -0.093422847511545 -0.04991848899855405 -0.1142293976124889 0.3032989768264805
0.007 0.6008630124281352 -0.092689007786715 -0.0933440377343258 -0.05003968506676877 -0.11411131404517 0.3033643746955734
0.008 0.6010666958309924 -0.0926869450145197 -0.0932649436086137 -0.05016094743248566 -0.1139931268508584 0.3034297807912368
0.009 0.6012705969178665 -0.0926848678730357 -0.0931855613179431 -0.05028228076796871 -0.1138748372139759 0.3034951369586071
0.01 0.6014747161122981 -0.092682776325136 -0.0931058929109484 -0.05040367885515905 -0.1137564225888491 0.3035605321959061
0.011 0.6016790538390508 -0.0926806703335701 -0.0930259378467864 -0.05052514694402277 -0.113637901588846 0.3036259571316284
0.012 0.6018836105241139 -0.0926785498609631 -0.0929456937056679 -0.05064668244455993 -0.1135192119273976 0.3036913617220063
0.013 0.6020883865947075 -0.0926764148698159 -0.0928651613206209 -0.05076827849924458 -0.1134004837589842 0.3037567302907714
0.014 0.6022933824792881 -0.0926742653225036 -0.0927843362288852 -0.05088993696237749 -0.1132816096054308 0.3038220938430917
0.015 0.6024985986075523 -0.092672101181276 -0.0927032221016317 -0.05101168110253971 -0.1131626915049433 0.3038874680525725
0.016 0.6027040354104422 -0.0926699224082567 -0.0926218122784163 -0.05113347298912786 -0.1130436178113653 0.303952819733561
0.017 0.60290969332015 -0.09266772896544211 -0.0925401126428994 -0.0512553374120454 -0.1129244362951282 0.3040181728563714
0.018 0.6031155727701231 -0.0926655208147016 -0.0924581210682991 -0.05137726428357727 -0.1128051676312955 0.3040835253813217
0.019 0.6033216741950685 -0.0926632979177768 -0.0923758277757217 -0.0514992532674734 -0.1126857626694975 0.3041488680441071
0.02 0.6035279980309584 -0.0926610602362806 -0.0922932458427394 -0.05162130570581189 -0.1125662317535067 0.3042142015658512
0.021 0.6037345447150341 -0.0926588077316972 -0.0922103631995493 -0.05174342473807465 -0.1124465993815097 0.3042795705034486
0.022 0.603941314685812 -0.0926565403653813 -0.09212718264824001 -0.05186560527050224 -0.1123268749354545 0.304344914723448
0.023 0.604148308383088 -0.09265425809855719 -0.0920437073918013 -0.05198785137909008 -0.1122070725492162 0.3044102332229279
0.024 0.6043555262479424 -0.0926519608923189 -0.0919599315221739 -0.05211015503737972 -0.1120871683056946 0.3044755736228507
0.025 0.6045629687227454 -0.0926496487076291 -0.0918758537469223 -0.0522325287737416 -0.1119671242782889 0.3045409103830467
0.026 0.6047706362511615 -0.0926473215053189 -0.091791475507462 -0.05235495679040024 -0.1118469325896155 0.3046062529707713
0.027 0.6049785292781552 -0.092644979246087 -0.09170679683517 -0.05247744189443147 -0.1117266297239652 0.3046715825712267
0.028 0.6051866482499955 -0.0926426218904992 -0.0916218155671183 -0.0526000017131503 -0.1116062753956555 0.3047368964866125
0.029 0.6053949936142614 -0.0926402493989878 -0.0915365286250074 -0.05272261325359954 -0.1114857885059291 0.3048022227485019
0.03 0.605603565819847 -0.0926378617318514 -0.0914509386457725 -0.05284528535192976 -0.1113651626552886 0.3048675476368463
0.031 0.6058123653169663 -0.0926354588492536 -0.0913650398074552 -0.05296801568484905 -0.1112444335114509 0.3049328375894165
0.032 0.6060213925571593 -0.0926330407112231 -0.0912788411740645 -0.05309080217609239 -0.1111235964028655 0.3049981465624286
0.033 0.6062306479932957 -0.0926306072776528 -0.0911923284332713 -0.05321365179523882 -0.1110026382743756 0.3050634415677066
0.034 0.6064401320795819 -0.0926281585082993 -0.0911055087889477 -0.05333655868353057 -0.1108815497895742 0.3051287493746709
0.035 0.6066498452715646 -0.0926256943627821 -0.0910183840281426 -0.05345953096365617 -0.1107604036963964 0.3051940683234677
0.036 0.6068597880261374 -0.0926232148005834 -0.090930946249991 -0.05358255302946844 -0.1106390824790871 0.3052593931290405
0.037 0.6070699608015454 -0.0926207197810472 -0.0908431962633729 -0.05370562843834946 -0.1105176006618407 0.3053246997121962
0.038 0.6072803640573908 -0.0926182092633787 -0.0907551350705331 -0.05382876863963679 -0.1103961139075071 0.3053899912522934
0.039 0.6074909982546383 -0.092615683206644 -0.090666762948131 -0.05395197091262953 -0.1102744965504251 0.3054552866474314
0.04 0.6077018638556199 -0.0926131415697692 -0.0905780731429481 -0.05407520973393347 -0.1101526664307681 0.3055205352355673
0.041 0.6079129613240414 -0.0926105843115398 -0.090489070260583 -0.05419851779532749 -0.1100308036863285 0.3055858183210233
0.042 0.608124291124987 -0.0926080113906 -0.0903997518373948 -0.0543218739758839 -0.109908823856154 0.305651104056688
0.043 0.608335853724925 -0.09260542276545281 -0.0903101197715388 -0.05444528718382522 -0.1097867066396972 0.3057163852084268
0.044 0.6085476495917137 -0.0926028183944584 -0.0902201667245778 -0.05456875464970816 -0.1096645108429718 0.3057816492185358
0.045 0.6087596791946059 -0.0926001982358341 -0.0901298942122799 -0.05469227250970997 -0.1095421835010688 0.3058469010990456
0.046 0.6089719430042559 -0.0925975622476537 -0.0900393036179378 -0.05481584285537911 -0.1094196906357073 0.3059121672036061
0.047 0.6091844414927236 -0.0925949103878465 -0.0899483919475044 -0.0549394698884521 -0.1092971205826404 0.305977404557485
0.048 0.6093971751334814 -0.0925922426141973 -0.0898571600733003 -0.05506314518041013 -0.1091744370701383 0.306042656680337
0.049 0.6096101444014189 -0.0925895588843453 -0.0897656048068188 -0.0551868827358004 -0.1090516692387795 0.3061078776899927
0.05 0.6098233497728494 -0.0925868591557833 -0.0896737262293528 -0.05531065630623996 -0.1089287514231213 0.3061731222851106
0.051 0.6100367917255147 -0.0925841433858576 -0.0895815228454592 -0.05543449287002328 -0.1088057978590706 0.3062383535745104
0.052 0.6102504707385915 -0.09258141153176699 -0.0894889965224415 -0.05555836340025946 -0.108682604749441 0.3063035694752186
0.053 0.6104643872926966 -0.0925786635505622 -0.0893961437940432 -0.05568229806317487 -0.1085593703401156 0.3063687823970806
0.054 0.6106785418698935 -0.0925758993991453 -0.0893029619345018 -0.05580627719247007 -0.1084359883267456 0.3064339811941377
0.055 0.6108929349536975 -0.0925731190342689 -0.0892094500894612 -0.05593030236397474 -0.1083124994843825 0.3064992020994123
0.056 0.6111075670290819 -0.0925703224125356 -0.0891156120687704 -0.05605437971316583 -0.108188881483279 0.3065644463259717
0.057 0.6113224385824835 -0.0925675094903973 -0.0890214435136031 -0.05617850102959563 -0.1080651584591503 0.3066296437160921
0.058 0.6115375501018087 -0.0925646802241545 -0.0889269435471332 -0.05630266724659913 -0.1079412886876581 0.3066948416092561
0.059 0.6117529020764399 -0.0925618345699559 -0.0888321127229096 -0.05642688723298074 -0.1078173289967565 0.3067600270260147
0.06 0.6119684949972408 -0.0925589724837973 -0.0887369463520465 -0.0565511538576162 -0.1076932473809827 0.3068252067077333
0.061 0.6121843293565627 -0.0925560939215209 -0.0886414454613879 -0.05667545745043201 -0.1075690301638077 0.3068903636924858
0.062 0.6124004056482503 -0.0925531988388154 -0.0885456110416462 -0.05679980707136059 -0.1074446879000517 0.3069555397740287
0.063 0.612616724367648 -0.0925502871912145 -0.0884494426926512 -0.05692421167861901 -0.1073202759973542 0.307020719726363
0.064 0.6128332860116061 -0.0925473589340962 -0.0883529327678895 -0.05704865277775825 -0.1071957181739797 0.3070858737883198
0.065 0.6130500910784864 -0.0925444140226828 -0.0882560880267783 -0.05717313534251209 -0.1070709941955568 0.3071509950668779
0.066 0.6132671400681691 -0.0925414524120395 -0.0881589020297312 -0.05729765640004913 -0.1069461716355999 0.3072161194303807
0.067 0.6134844334820579 -0.0925384740570743 -0.0880613794719844 -0.05742222745352543 -0.106821199304883 0.3072812433477706
0.068 0.6137019718230873 -0.0925354789125366 -0.08796350862722099 -0.05754683291185218 -0.1066961423185199 0.3073463360274093
0.069 0.6139197555957285 -0.0925324669330172 -0.0878653049266263 -0.0576714920440946 -0.1065708927365282 0.3074114760504344
0.07 0.6141377853059953 -0.0925294380729471 -0.0877667501626019 -0.05779618074772345 -0.1064455655716871 0.3074766149170978
0.071 0.6143560614614506 -0.0925263922865971 -0.08766785738397601 -0.057920915258111 -0.1063201648168465 0.3075417084798333
0.072 0.6145745845712134 -0.0925233295280768 -0.0875686152739589 -0.0580456796594655 -0.1061946228767894 0.3076067884289131
0.073 0.6147933551459637 -0.09252024975133399 -0.0874690285365263 -0.05817049442055929 -0.1060689898307413 0.3076718760886113
0.074 0.6150123736979505 -0.0925171529101542 -0.0873690946783284 -0.05829533963750128 -0.1059431959742085 0.3077369652865712
0.075 0.6152316407409972 -0.0925140389581597 -0.08726880974854601 -0.05842022318594218 -0.1058173016505818 0.3078020256252963
0.076 0.6154511567905084 -0.0925109078488082 -0.0871681783275496 -0.05854514983336985 -0.1056913263345904 0.3078671105968459
0.077 0.6156709223634767 -0.0925077595353937 -0.0870672017537325 -0.0586701127159167 -0.1055652402522699 0.3079322604083178
0.078 0.6158909379784884 -0.0925045939710439 -0.0869658680746339 -0.0587951075645377 -0.1054389788322607 0.3079973167326731
0.079 0.6161112041557311 -0.0925014111087207 -0.0868641799835362 -0.05892013589555805 -0.1053125801492098 0.3080623542150157
0.08 0.6163317214169993 -0.0924982109012191 -0.0867621389114251 -0.05904519817895374 -0.1051860753791138 0.3081273747788078
0.081 0.6165524902857023 -0.0924949933011661 -0.0866597476962978 -0.05917029882793324 -0.1050594612784923 0.308192408130084
0.082 0.6167735112868695 -0.0924917582610207 -0.0865569985692131 -0.05929542861265551 -0.1049326860815804 0.3082574401544579
0.083 0.6169947849471579 -0.0924885057330722 -0.0864538907552902 -0.05942059657180821 -0.1048058239787777 0.3083224435014277
0.084 0.6172163117948584 -0.0924852356694403 -0.086350428594335 -0.05954579191864607 -0.104678808058474 0.3083874600897312
0.085 0.6174380923599035 -0.0924819480220737 -0.0862466074919013 -0.05967101568812825 -0.1045516598326238 0.3084524560807966
0.086 0.6176601271738726 -0.0924786427427497 -0.0861424239134299 -0.05979627598384019 -0.1044243939688063 0.3085174066165509
0.087 0.6178824167700007 -0.0924753197830733 -0.08603788499309201 -0.05992155686768856 -0.1042970054746838 0.3085823833523178
0.088 0.6181049616831835 -0.0924719790944763 -0.0859329789999217 -0.06004688769643344 -0.1041695569417511 0.3086473586732812
0.089 0.6183277624499853 -0.0924686206282167 -0.0858277115127247 -0.06017223507074424 -0.1040419285923374 0.3087123234246109
0.09 0.6185508196086461 -0.0924652443353778 -0.0857220805231907 -0.06029760911684136 -0.1039141841446824 0.3087772720933838
0.091 0.6187741336990876 -0.0924618501668675 -0.0856160824677825 -0.06042301449188815 -0.1037862921540269 0.3088422136290745
0.092 0.6189977052629215 -0.0924584380734174 -0.0855097215063117 -0.06054843813101714 -0.10365826537619 0.3089071457513037
0.093 0.6192215348434559 -0.0924550080055819 -0.08540299252834101 -0.06067389733478485 -0.1035301697399753 0.3089720329276219
0.094 0.6194456229857018 -0.0924515599137377 -0.0852958930576602 -0.06079937948924371 -0.1034018905205315 0.3090367944439775
0.095 0.6196699702363818 -0.0924480937480827 -0.0851884295150403 -0.06092488641560473 -0.1032735179057395 0.3091017114056608
0.096 0.6198945771439357 -0.0924446094586353 -0.0850805911064076 -0.06105041486063643 -0.103144992967115 0.309166617097093
0.097 0.6201194442585287 -0.0924411069952336 -0.0849723801772915 -0.06117596964967948 -0.1030163546573939 0.3092314888613364
0.098 0.6203445721320582 -0.0924375863075344 -0.0848637975585337 -0.06130154107100584 -0.1028875707117595 0.3092963567073821
0.099 0.6205699613181616 -0.0924340473450125 -0.0847548458300931 -0.06142714068743134 -0.1027586960549407 0.3093612344428297
0.1 0.6207956123722226 -0.0924304900569602 -0.0846455128249732 -0.0615527661571318 -0.1026297093235575 0.309426105836385
0.101 0.6210215258513799 -0.0924269143924856 -0.0845358032523001 -0.0616784053586787 -0.1025005765396479 0.3094909309108946
0.102 0.6212477023145331 -0.0924233203005127 -0.0844257232873014 -0.06180406684334833 -0.1023713193382942 0.3095557746963694
0.103 0.6214741423223521 -0.0924197077297797 -0.0843152613495617 -0.06192974634970104 -0.1022419424076739 0.3096206060254764
0.104 0.6217008464372826 -0.0924160766288389 -0.0842044235292455 -0.06205544673642523 -0.1021124015452211 0.3096854230644477
0.105 0.6219278152235549 -0.0924124269460555 -0.084093201864374 -0.0621811631296876 -0.1019827494529985 0.3097502270388669
0.106 0.6221550492471907 -0.0924087586296064 -0.0839815999131794 -0.06230689047781661 -0.1018529631893011 0.3098150176475156
0.107 0.6223825490760118 -0.0924050716274801 -0.0838696168227714 -0.06243263523022444 -0.1017230451770388 0.3098797929931539
0.108 0.6226103152796461 -0.0924013658874749 -0.0837572481400661 -0.06255841420701714 -0.101593056597581 0.3099445833542608
0.109 0.6228383484295366 -0.0923976413571989 -0.0836444936652753 -0.06268418622997243 -0.1014628691715241 0.3100093357566213
0.11 0.623066649098949 -0.0923938979840684 -0.0835313528668586 -0.06280997673783628 -0.1013325574144593 0.3100741023002957
0.111 0.623295217862979 -0.0923901357153076 -0.0834178270537113 -0.0629357882047763 -0.1012021351142043 0.3101388408228727
0.112 0.6235240552985603 -0.0923863544979473 -0.0833039152026607 -0.06306160549477935 -0.101071581367979 0.3102035811004503
0.113 0.6237531619844725 -0.0923825542788241 -0.0831896114566333 -0.06318743535140792 -0.1009408938106108 0.3102682964189597
0.114 0.6239825385013487 -0.0923787350045795 -0.0830749175060966 -0.06331327533234584 -0.1008100840597854 0.3103330071349591
0.115 0.6242121854316843 -0.0923748966216591 -0.0829598321651747 -0.06343912635793082 -0.1006791391008025 0.3103977201848061
0.116 0.6244421033598436 -0.0923710390763114 -0.0828443528514043 -0.06356498528499333 -0.100548034598314 0.3104623788269349
0.117 0.6246722928720695 -0.0923671623145872 -0.0827284784617615 -0.06369085135794462 -0.1004168296090728 0.3105270477219103
0.118 0.62490275455649 -0.0923632662823386 -0.0826122143089968 -0.06381673451660166 -0.1002855171108855 0.3105917334604154
0.119 0.6251334890031274 -0.0923593509252178 -0.0824955497646509 -0.06394261311400557 -0.1001540836661298 0.3106564117137378
0.12 0.6253644968039054 -0.0923554161886765 -0.0823784879247518 -0.06406850031846403 -0.1000224853238226 0.3107210494083036
0.121 0.6255957785526588 -0.0923514620179649 -0.0822610298533226 -0.06419438974772007 -0.09989074382307407 0.3107856849722905
0.122 0.6258273348451404 -0.0923474883581304 -0.08214317019004599 -0.06432029299952172 -0.09975885086937381 0.3108503169115095
0.123 0.6260591662790298 -0.0923434951540172 -0.0820249131951699 -0.06444620066719091 -0.09962687403160633 0.3109149386332795
0.124 0.6262912734539419 -0.0923394823502648 -0.0819062521179293 -0.06457209744569442 -0.09949472081928901 0.3109795263481465
0.125 0.6265236569714348 -0.0923354498913074 -0.0817871854079113 -0.06469800522482925 -0.09936244657706753 0.3110440737554793
0.126 0.6267563174350187 -0.0923313977213729 -0.0816677160711608 -0.0648239139369193 -0.09923004342643459 0.3111086343337949
0.127 0.6269892554501641 -0.0923273257844817 -0.0815478442327655 -0.06494982421903445 -0.09909752676845629 0.3111732066710095
0.128 0.6272224716243104 -0.0923232340244459 -0.0814275616993556 -0.06507571882448073 -0.09896484232490228 0.3112377003382273
0.129 0.6274559665668744 -0.0923191223848683 -0.0813068760498692 -0.06520162725181232 -0.09883205731411436 0.3113022526000916
0.13 0.6276897408892593 -0.0923149908091413 -0.0811857741928075 -0.06532752961799364 -0.09869913205578076 0.3113667603760337
0.131 0.6279237952048621 -0.0923108392404459 -0.0810642670791561 -0.06545343021092975 -0.09856607286941713 0.3114312208802421
0.132 0.6281581301290848 -0.0923066676217511 -0.080942350204059 -0.06557932178341044 -0.0984328705620946 0.3114957315411324
0.133 0.6283927462793399 -0.0923024758958121 -0.0808200163765901 -0.06570520514478597 -0.09829953519266151 0.3115601942399733
0.134 0.6286276442750617 -0.0922982640051701 -0.0806972697871543 -0.06583108696945144 -0.09816606756963125 0.3116246460411434
0.135 0.6288628247377143 -0.0922940318921507 -0.0805741140480965 -0.06595696722474312 -0.09803247830656218 0.3116891196724439
0.136 0.6290982882908005 -0.0922897794988631 -0.0804505383265728 -0.06608283668920661 -0.09789875079734421 0.3117535656175191
0.137 0.6293340355598705 -0.0922855067671991 -0.0803265430511068 -0.06620868771829703 -0.09776485074516184 0.3118179666821962
0.138 0.6295700671725312 -0.092281213638832 -0.0802021314538376 -0.06633454183997273 -0.0976307641818161 0.3118824987342677
0.139 0.6298063837584555 -0.0922769000552154 -0.0800773001839503 -0.06646037885336684 -0.09749661475516137 0.3119468881258985
0.14 0.6300429859493908 -0.0922725659575826 -0.0799520460559421 -0.06658619185672672 -0.09736226957983951 0.3120112590510973
0.141 0.6302798743791684 -0.092268211286945 -0.07982637384356359 -0.06671200731478613 -0.09722784752688075 0.3120756524790395
0.142 0.6305170496837129 -0.0922638359840913 -0.07970027624535499 -0.06683781485416677 -0.09709331688886355 0.3121400296205314
0.143 0.6307545125010511 -0.0922594399895864 -0.07957375177324271 -0.06696359068670247 -0.09695864000132742 0.3122043648427335
0.144 0.6309922634713217 -0.0922550232437705 -0.07944680758067895 -0.06708936311659642 -0.09682380686195445 0.3122687340966033
0.145 0.6312303032367841 -0.0922505856867575 -0.07931943241250414 -0.06721512243868252 -0.09668884983293409 0.3123330474956699
0.146 0.6314686324418282 -0.0922461272584344 -0.0791916267028008 -0.06734084764756086 -0.09655372580854778 0.3123973215516911
0.147 0.6317072517329838 -0.0922416478984603 -0.07906339529904411 -0.06746656179752373 -0.0964184662906407 0.3124615621920543
0.148 0.6319461617589303 -0.0922371475462645 -0.07893473559644244 -0.0675922591882347 -0.09628308701335635 0.3125258488140177
0.149 0.6321853631705054 -0.0922326261410464 -0.07880563771783065 -0.0677179311871461 -0.09614757225047099 0.3125900675002233
0.15 0.6324248566207158 -0.0922280836217737 -0.07867610950514878 -0.06784358119151945 -0.09601190364721482 0.3126542964890651
0.151 0.6326646427647463 -0.0922235199271814 -0.07854614853848522 -0.06796921732821238 -0.09587612493509885 0.3127185296257068
0.152 0.6329047222599699 -0.092218934995771 -0.07841574989252403 -0.06809481745908287 -0.09574014671098147 0.312782684139233
0.153 0.6331450957659567 -0.0922143287658087 -0.07828491343653249 -0.0682203994096887 -0.09560407790075733 0.3128468697765812
0.154 0.6333857639444846 -0.0922097011753252 -0.07815364186509787 -0.06834595274069542 -0.09546793816469945 0.3129108940043792
0.155 0.6336267274595489 -0.0922050521621137 -0.07802193396874415 -0.06847148650941898 -0.09533157519577716 0.3129750912700221
0.156 0.6338679869773724 -0.0922003816637289 -0.07788978071139163 -0.0685969872622465 -0.09519507364716953 0.3130392364870246
0.157 0.6341095431664149 -0.0921956896174861 -0.07775718188151766 -0.06872244868032819 -0.09505836807638465 0.3131033511522827
0.158 0.6343513966973839 -0.0921909759604604 -0.07762414533546547 -0.06884788758181792 -0.09492158197544866 0.3131674603981086
0.159 0.634593548243244 -0.0921862406294843 -0.07749066376304291 -0.06897330521962378 -0.09478467872098718 0.3132316050014864
0.16 0.6348359984792279 -0.0921814835611475 -0.0773567363317515 -0.06909867937244297 -0.09464758987194666 0.3132956788222163
0.161 0.6350787480828457 -0.0921767046917958 -0.07722236237199378 -0.06922402145657208 -0.09451036931209206 0.3133597121606383
0.162 0.6353217977338962 -0.0921719039575289 -0.07708754194719537 -0.0693493406399795 -0.09437303940227833 0.3134237812879355
0.163 0.6355651481144761 -0.0921670812942005 -0.07695227314387346 -0.0694746135113824 -0.0942355361815838 0.3134878357258796
0.164 0.6358087999089916 -0.0921622366374159 -0.07681654842308932 -0.06959984034583472 -0.09409786457884504 0.3135518316329196
0.165 0.6360527538041678 -0.0921573699225318 -0.07668037545077391 -0.06972503964793218 -0.09396008675160317 0.313615806663772
0.166 0.6362970104890596 -0.092152481084654 -0.07654374657553489 -0.0698501978853955 -0.0938221879224618 0.3136797278520645
0.167 0.6365415706550626 -0.0921475700586372 -0.0764066660718524 -0.06997532311364401 -0.0936841361134014 0.3137437008926044
0.168 0.6367864349959238 -0.0921426367790831 -0.07626912319518207 -0.07010039118465496 -0.0935459052200641 0.3138075888395535
0.169 0.6370316042077508 -0.0921376811803392 -0.07613113426740679 -0.07022542985055589 -0.09340754277840352 0.3138715408315894
0.17 0.6372770789890252 -0.09213270319649799 -0.07599268215416779 -0.07035042251750006 -0.09326906196026573 0.3139354380998198
0.171 0.6375228600406107 -0.0921277027613951 -0.07585376725783465 -0.07047536729067301 -0.09313041083201555 0.3139993213996378
0.172 0.6377689480657659 -0.0921226798086083 -0.07571439760489476 -0.07060026368046691 -0.09299162795340586 0.3140631986957982
0.173 0.6380153437701546 -0.0921176342714565 -0.07557456071416906 -0.07072511909783765 -0.09285272092979825 0.3141270801106817
0.174 0.6382620478618563 -0.0921125660829977 -0.07543425889210145 -0.0708499192814426 -0.09271363694244117 0.3141909099517017
0.175 0.6385090610513781 -0.0921074751760285 -0.07529349748861104 -0.07097467619993504 -0.09257441015647497 0.3142547366097194
0.176 0.6387563840516654 -0.0921023614830822 -0.07515226877254248 -0.07109937332940635 -0.09243501542713589 0.3143185314087668
0.177 0.639004017578113 -0.092097224936428 -0.07501057047810837 -0.07122402157716623 -0.09229548479755094 0.3143823078826713
0.178 0.639251962348577 -0.0920920654680691 -0.07486840805206767 -0.07134862181975041 -0.09215581436691708 0.3144460858563848
0.179 0.6395002190833852 -0.09208688300974199 -0.07472577193331656 -0.07147316049522081 -0.09201600026456749 0.314509833749649
0.18 0.6397487885053489 -0.0920816774929144 -0.07458266517656892 -0.07159765661366013 -0.09187606517095505 0.3145735423278592
0.181 0.6399976713397749 -0.0920764488487846 -0.07443908251101995 -0.07172207870564671 -0.09173595238800579 0.3146372235078242
0.182 0.6402468683144761 -0.0920711970082798 -0.07429503281474947 -0.07184645735766853 -0.09159570455262023 0.3147009305869399
0.183 0.6404963801597835 -0.0920659219020547 -0.07415050091225144 -0.07197075606949507 -0.0914552694756556 0.314764576619616
0.184 0.6407462076085581 -0.0920606234604901 -0.07400549632237551 -0.07209500623074554 -0.09131474507135744 0.3148282180984308
0.185 0.6409963513962026 -0.0920553016136917 -0.0738600166767331 -0.0722191932889922 -0.09117399471224287 0.3148918471445655
0.186 0.6412468122606725 -0.0920499562914886 -0.07371405297622823 -0.07234331631798947 -0.09103313909610027 0.3149554515525136
0.187 0.6414975909424886 -0.0920445874234319 -0.07356760982013427 -0.07246736845461346 -0.0908921105289951 0.3150190285385747
0.188 0.6417486881847489 -0.0920391949387932 -0.07342068628658631 -0.07259136182610117 -0.09075096245998479 0.3150825912834471
0.189 0.6420001047331411 -0.0920337787665635 -0.07327327813541462 -0.07271528504870734 -0.09060966472130765 0.3151461453805801
0.19 0.6422518413359525 -0.0920283388354514 -0.07312538549242779 -0.07283913516434968 -0.09046821521472632 0.3152096638382733
0.191 0.6425038987440854 -0.0920228750738818 -0.07297700913844734 -0.07296292010316035 -0.09032661022477044 0.3152731737059621
0.192 0.6427562777110667 -0.0920173874099945 -0.07282814274721154 -0.07308663433102681 -0.09018486455154964 0.3153366587758644
0.193 0.643008978993061 -0.0920118757716428 -0.0726787905704426 -0.07321027266320634 -0.09004291406121821 0.3154001414804334
0.194 0.6432620033488842 -0.092006340086392 -0.07252894551275762 -0.07333382609522493 -0.08990085758371237 0.315463581324228
0.195 0.6435153515400131 -0.0920007802815177 -0.07237861399423284 -0.07345732576573399 -0.0897586683443163 0.3155270329217739
0.196 0.6437690243306013 -0.0919951962840047 -0.07222778548199288 -0.0735807353690145 -0.08961627939194375 0.3155904083817869
0.197 0.6440230224874886 -0.0919895880205452 -0.07207646365025901 -0.07370405756198894 -0.08947375818863515 0.3156537615923207
0.198 0.6442773467802164 -0.0919839554175375 -0.07192465049665588 -0.07382731968437806 -0.08933112532467097 0.3157171155960796
0.199 0.6445319979810382 -0.0919782984010844 -0.07177233023870024 -0.0739504690883957 -0.08918824936491675 0.3157803972573396
0.2 0.6447869768649339 -0.0919726168969916 -0.07161952468325962 -0.07407356670400147 -0.08904529564427152 0.3158437445809709
0.201 0.6450422842096222 -0.0919669108307664 -0.07146620700890044 -0.07419655764494176 -0.08890215007717767 0.3159069613805015
0.202 0.6452979207955729 -0.091961180127616 -0.07131239899376112 -0.07431946846335756 -0.08875885474921703 0.3159702380502211
0.203 0.6455538874060212 -0.091955424712446 -0.07115808585500394 -0.07444230348388858 -0.08861543640550575 0.3160334966957836
0.204 0.6458101848269803 -0.0919496445098588 -0.07100327130602286 -0.07456503788675678 -0.08847182791415191 0.3160967254532365
0.205 0.6460668138472531 -0.09194383944415201 -0.07084794463758874 -0.07468768161097818 -0.08832809615983028 0.3161598981689361
0.206 0.6463237752584487 -0.0919380094393169 -0.07069212195041416 -0.07481024078280885 -0.08818418481586129 0.3162230994198459
0.207 0.6465810698549921 -0.0919321544190371 -0.0705357886876312 -0.07493270480024733 -0.08804012878394042 0.3162862630668515
0.208 0.6468386984341404 -0.0919262743066865 -0.07037893915930978 -0.07505506028997678 -0.08789592160149087 0.3163493501346356
0.209 0.6470966617959949 -0.0919203690253279 -0.0702215884023405 -0.07517733094782396 -0.08775155451440086 0.3164124697516651
0.21 0.6473549607435153 -0.0919144384977114 -0.07006372160673971 -0.0752994982736162 -0.08760701853887393 0.3164755502213644
0.211 0.6476135960825329 -0.0919084826462729 -0.06990533854481082 -0.07542156964675808 -0.08746236195455967 0.3165385866115792
0.212 0.6478725686217644 -0.0919025013931321 -0.0697464465205181 -0.07554354007677357 -0.08731751846965512 0.3166016323944997
0.213 0.6481318791728267 -0.0918964946600913 -0.06958703944042975 -0.07566540358112663 -0.08717251840117361 0.3166646722360126
0.214 0.648391528550249 -0.0918904623686332 -0.0694271057514654 -0.07578716075888645 -0.08702736837167038 0.3167276529038034
0.215 0.6486515175714882 -0.0918844044399197 -0.06926666915251156 -0.07590882179831965 -0.08688205255243968 0.3167906454030405
0.216 0.6489118470569432 -0.0918783207947902 -0.06910569821941675 -0.07603036393348583 -0.08673657438802083 0.3168535708438791
0.217 0.6491725178299675 -0.0918722113537594 -0.06894421093129719 -0.07615180069374579 -0.08659099687039368 0.3169164588793109
0.218 0.6494335307168853 -0.0918660760370165 -0.0687822041700715 -0.07627312721620907 -0.08644518719225744 0.3169794119203408
0.219 0.6496948865470041 -0.0918599147644225 -0.06861967215242339 -0.0763943436816139 -0.08629923894558969 0.3170422793719623
0.22 0.6499565861526309 -0.091853727455509 -0.06845661310438978 -0.07651543824626611 -0.08615312140124899 0.3171051258061482
0.221 0.6502186303690852 -0.0918475140294765 -0.06829302826762829 -0.07663642541549653 -0.0860068687627123 0.3171679980834559
0.222 0.6504810200347145 -0.0918412744051926 -0.06812890955128675 -0.07675727962052202 -0.08586043174771416 0.3172307351074956
0.223 0.6507437559909087 -0.09183500850119 -0.06796426141399142 -0.07687802101918986 -0.08571384531335596 0.317293487293229
0.224 0.6510068390821146 -0.0918287162356651 -0.06779909107615217 -0.07699864741759508 -0.08556704395106701 0.3173562566301423
0.225 0.6512702701558513 -0.0918223975264759 -0.06763338128175336 -0.0771191497763578 -0.08542013643439821 0.3174189627178921
0.226 0.6515340500627253 -0.0918160522911405 -0.06746713895841161 -0.07723952316587885 -0.08527305558337371 0.317481636911603
0.227 0.6517981796564444 -0.0918096804468349 -0.06730036288350451 -0.0773597765883652 -0.08512587328546481 0.3175443289576216
0.228 0.6520626597938344 -0.0918032819103917 -0.06713304347789515 -0.07747989255638618 -0.0849784678663584 0.317606933410932
0.229 0.6523274913348529 -0.0917968565982979 -0.06696519605366311 -0.07759988606557096 -0.08483087560156216 0.3176695320822945
0.23 0.6525926751426061 -0.0917904044266932 -0.06679680234151241 -0.07771973741550113 -0.08468312301204449 0.3177320918758085
0.231 0.6528582120833628 -0.0917839253113678 -0.06662787258534836 -0.07783947315949494 -0.08453525729972861 0.3177946868714449
0.232 0.6531241030265708 -0.0917774191677613 -0.0664583964995229 -0.07795906024367629 -0.08438721699165935 0.3178572186131645
0.233 0.6533903488448721 -0.0917708859109602 -0.06628837207282732 -0.07807850831824304 -0.08423894959004995 0.3179196609025687
0.234 0.6536569504141192 -0.0917643254556961 -0.06611780624788802 -0.07819782343372397 -0.08409056285769262 0.3179821180393747
0.235 0.6539239086133904 -0.091757737716344 -0.06594669251359066 -0.07831699145463339 -0.08394203388162046 0.3180445197728923
0.236 0.6541912243250053 -0.09175112260692 -0.06577503396065355 -0.0784360238673813 -0.08379333002362231 0.3181069424069153
0.237 0.6544588984345422 -0.0917444800410801 -0.06560282981166603 -0.07855491305470585 -0.08364443880352145 0.3181693579418958
0.238 0.6547269318308526 -0.0917378099321175 -0.06543006437614915 -0.07867364505041635 -0.08349538371099242 0.3182316816320598
0.239 0.6549953254060789 -0.091731112192961 -0.06525675073977986 -0.07879223929127463 -0.08334619370802479 0.3182940465583269
0.24 0.6552640800556691 -0.091724386736173 -0.06508288524102413 -0.07891067666171896 -0.0831967842200747 0.3183563626279104
0.241 0.6555331966783945 -0.0917176334739475 -0.06490846710976133 -0.07902896788443581 -0.08304723840685585 0.31841864193394
0.242 0.655802676176366 -0.0917108523181082 -0.06473347861282626 -0.07914709693807076 -0.08289752845351968 0.3184808448060373
0.243 0.6560725194550506 -0.0917040431801065 -0.06455794318909149 -0.0792650747776346 -0.08274762278925919 0.3185430351706637
0.244 0.6563427274232875 -0.09169720597101901 -0.06438184714583927 -0.07938289568670318 -0.08259755648893191 0.3186051466484262
0.245 0.6566133009933056 -0.0916903406015464 -0.06420519318592755 -0.07950056240155562 -0.08244734690473107 0.3186673162207579
0.246 0.6568842410807406 -0.0916834469820105 -0.06402796939912678 -0.07961805238747849 -0.08229698320312262 0.3187294044130657
0.247 0.6571555486046517 -0.0916765250223529 -0.0638501820079091 -0.07973538629954513 -0.08214643386669222 0.318791452680662
0.248 0.6574272244875382 -0.0916695746321323 -0.06367183456644323 -0.07985255131613769 -0.0819956972349915 0.3188535058445033
0.249 0.6576992696553582 -0.0916625957205229 -0.06349292192737654 -0.07996955083305426 -0.08184483655416676 0.3189155208070077
0.25 0.6579716850375442 -0.0916555881963124 -0.06331343324253831 -0.0800863785952344 -0.08169377444837919 0.3189774992498297
0.251 0.6582444715670221 -0.09164855196789901 -0.06313337683889464 -0.0802030345127175 -0.08154252087189497 0.3190394891740566
0.252 0.6585176301802283 -0.0916414869432902 -0.06295275306026474 -0.0803195179106099 -0.08139110475938167 0.3191014571041221
0.253 0.6587911618171266 -0.0916343930301004 -0.06277155416871087 -0.0804358245005469 -0.08123957494419475 0.3191632679397226
0.254 0.6590650674212267 -0.0916272701355487 -0.06258978001269321 -0.0805519541415523 -0.08108783460888573 0.319225130686564
0.255 0.6593393479396026 -0.0916201181664565 -0.06240743336227368 -0.0806679023558188 -0.08093592157677895 0.319286953436668
0.256 0.6596140043229095 -0.0916129370292456 -0.06222451095122129 -0.0807836706705808 -0.0807838309563905 0.3193487628654718
0.257 0.659889037525403 -0.091605726629936 -0.06204100380958604 -0.0808992415539982 -0.0806315433010944 0.3194105026283704
0.258 0.6601644485049568 -0.0915984868741438 -0.06185692252487247 -0.0810146396479399 -0.08047920079644082 0.3194722185507157
0.259 0.6604402382230808 -0.0915912176670782 -0.06167225747197263 -0.0811298417177187 -0.08032658473200269 0.3195339133337308
0.26 0.6607164076449404 -0.0915839189135405 -0.06148701211951662 -0.0812448519950939 -0.08017378752630414 0.3195955805226797
0.261 0.6609929577393746 -0.0915765905179207 -0.0613011766500285 -0.0813596682850962 -0.08002082689255381 0.3196571956140969
0.262 0.6612698894789146 -0.09156923238419599 -0.06111476219391875 -0.0814743002951385 -0.07986770808408851 0.3197188184275516
0.263 0.6615472038398032 -0.0915618444159281 -0.06092775282342017 -0.0815887185409965 -0.0797143727977829 0.3197803775777082
0.264 0.6618249018020133 -0.091554426516261 -0.06074016321326842 -0.0817029418742327 -0.07956095973458602 0.3198419370491196
0.265 0.6621029843492669 -0.0915469785879186 -0.06055198413776493 -0.0818169731815433 -0.07940729961899243 0.3199034568666732
0.266 0.6623814524690549 -0.0915395005332026 -0.0603632069815625 -0.0819307853777949 -0.0792534387289956 0.3199648968594689
0.267 0.662660307152656 -0.09153199225399 -0.06017383883155222 -0.0820443961836934 -0.07909942782635242 0.3200263111493141
0.268 0.6629395493951562 -0.0915244536517306 -0.05998387777632965 -0.0821577977233992 -0.07894523056803203 0.320087723281685
0.269 0.6632191801954686 -0.0915168846274446 -0.05979332185684515 -0.0822709914165871 -0.0787908813569095 0.3201490911063739
0.27 0.6634992005563531 -0.0915092850817208 -0.05960216482607635 -0.0823839657948239 -0.07863638643982658 0.3202104643603339
0.271 0.6637796114844356 -0.0915016549147133 -0.05941041219224653 -0.0824967256004623 -0.07848163929176161 0.3202717263034546
0.272 0.6640604139902292 -0.0914939940261395 -0.05921806134638917 -0.0826092680455543 -0.07832674803385772 0.3203330021079467
0.273 0.6643416090881528 -0.0914863023152778 -0.05902510627158271 -0.0827215895506967 -0.07817166478087229 0.3203942004759702
0.274 0.6646231977965532 -0.0914785796809649 -0.05883154537842912 -0.0828336861533472 -0.07801648168289986 0.3204554254651062
0.275 0.6649051811377236 -0.0914708260215933 -0.05863738665925039 -0.0829455564869262 -0.07786100882299753 0.3205165934568212
0.276 0.665187560137925 -0.0914630412351089 -0.05844261621643953 -0.0830572008219431 -0.07770539930831694 0.3205777545557382
0.277 0.6654703358274075 -0.0914552252190084 -0.05824724277937896 -0.0831686153333556 -0.07754960422207066 0.3206389033181017
0.278 0.6657535092404292 -0.0914473778703369 -0.05805125198462004 -0.0832797890561917 -0.07739358991236812 0.3206999534153229
0.279 0.6660370814152791 -0.0914394990856852 -0.05785465943389788 -0.0833907348365662 -0.07723742825000257 0.3207609617098248
0.28 0.6663210533942969 -0.0914315887611872 -0.05765745271080656 -0.08350144414652 -0.0770810657929553 0.3208219047913103
0.281 0.666605426223895 -0.0914236467925174 -0.05745963010242755 -0.083611903296415 -0.07692441854076568 0.3208828163400794
0.282 0.6668902009545787 -0.0914156730748883 -0.05726119593054185 -0.0837221293537746 -0.07676768093794721 0.3209436932291299
0.283 0.667175378640969 -0.0914076675030477 -0.0570621432867926 -0.083832104012824 -0.07661076056993964 0.3210045428008966
0.284 0.6674609603418231 -0.0913996299712762 -0.05686247368508592 -0.0839418324789991 -0.07645356201292623 0.3210653070079876
0.285 0.6677469471200568 -0.0913915603733842 -0.05666218270825819 -0.0840513084524572 -0.07629627992099773 0.321126071149686
0.286 0.6680333400427663 -0.0913834586027097 -0.05646128167201876 -0.084160533623982 -0.07613877490675697 0.3211867202502129
0.287 0.6683201401812497 -0.0913753245521152 -0.05625974810938176 -0.0842694987852012 -0.07598114610164707 0.3212474023712251
0.288 0.6686073486110303 -0.0913671581139849 -0.05605759582575458 -0.0843782106346459 -0.07582333386685927 0.3213080693033228
0.289 0.6688949664118775 -0.0913589591802227 -0.05585481719562171 -0.0844866577084215 -0.07566533745642451 0.3213686781391452
0.29 0.6691829946678305 -0.0913507276422484 -0.05565141087842997 -0.0845948421593934 -0.07550715416634191 0.32142925388196
0.291 0.6694714344672202 -0.0913424633909957 -0.05544737367243641 -0.08470275359385999 -0.07534877621704512 0.3214897672808425
0.292 0.6697602869026923 -0.09133416631690899 -0.05524271672512294 -0.0848104071521267 -0.07519026692669538 0.3215501886803054
0.293 0.6700495530712302 -0.0913258363099407 -0.05503741953522178 -0.0849177799388939 -0.07503149657132098 0.3216106191712893
0.294 0.6703392340741777 -0.0913174732595486 -0.0548314964284089 -0.085024880425772 -0.07487255736155922 0.3216710394077284
0.295 0.6706293310172632 -0.0913090770546925 -0.05462494130310594 -0.0851317076849649 -0.07471343544673217 0.3217314411546354
0.296 0.6709198450106218 -0.0913006475838317 -0.05441775009736217 -0.0852382508973108 -0.07455411668005829 0.3217917739787909
0.297 0.6712107771688197 -0.0912921847349222 -0.05420991223253235 -0.0853445039998758 -0.07439461868372346 0.3218520264487086
0.298 0.6715021286108778 -0.0912836883954135 -0.05400144753305213 -0.0854504819431371 -0.07423493484622339 0.3219122932891451
0.299 0.6717939004602956 -0.0912751584522456 -0.053792340364231 -0.0855561674332746 -0.07407505396642793 0.3219724987116017
0.3 0.6720860938450748 -0.0912665947918465 -0.05358259441574976 -0.0856615614258785 -0.07391509106014847 0.3220326183250607
0.301 0.6723787098977438 -0.0912579973001287 -0.05337220433182224 -0.0857666596184036 -0.07375480734868854 0.3220927518412546
0.302 0.6726717497553825 -0.0912493658624864 -0.05316116896089031 -0.085871461903162 -0.0735943598551566 0.3221528246888606
0.303 0.6729652145596456 -0.0912407003637926 -0.05294948856086258 -0.0859759612904739 -0.07343370554796511 0.3222128508872869
0.304 0.673259105456789 -0.09123200068839581 -0.0527371621557922 -0.086080158254282 -0.0732728222834213 0.3222728116773274
0.305 0.6735534235976928 -0.0912232667201171 -0.05252419703140863 -0.0861840567961147 -0.07311178817192146 0.3223327950548604
0.306 0.6738481701378875 -0.0912144983422472 -0.05231057231173155 -0.0862876393988933 -0.07295057214229228 0.3223926887835687
0.307 0.6741433462375794 -0.0912056954375428 -0.05209630064673077 -0.086390908692922 -0.07278914729482164 0.3224525442255591
0.308 0.6744389530616749 -0.0911968578882243 -0.05188137518831853 -0.0864938660075434 -0.0726275401618188 0.3225123602488483
0.309 0.6747349917798067 -0.0911879855759715 -0.05166579165925761 -0.0865965029870513 -0.07246585061007127 0.3225721258988841
0.31 0.6750314635663596 -0.0911790783819219 -0.05144955949001239 -0.0866988181004455 -0.07230383890654674 0.3226318510667345
0.311 0.6753283696004959 -0.0911701361866657 -0.05123267541345093 -0.0868008160392545 -0.07214165804305113 0.3226915544360363
0.312 0.6756257110661823 -0.0911611588702443 -0.05101512116345318 -0.0869024798176094 -0.07197927820833872 0.3227511639801004
0.313 0.6759234891522149 -0.0911521463121458 -0.05079691376264888 -0.0870038116631834 -0.07181669717803708 0.3228107199273349
0.314 0.6762217050522471 -0.0911430983913024 -0.05057804548356191 -0.0871048144119474 -0.07165391308050489 0.3228702585486093
0.315 0.6765203599648148 -0.0911340149860869 -0.05035851206827857 -0.0872054801116451 -0.07149094348856255 0.322929744860403
0.316 0.6768194550933639 -0.0911248959743093 -0.05013832510449867 -0.087305808387829 -0.07132776140402208 0.3229892142788822
0.317 0.6771189916462777 -0.0911157412332133 -0.04991747101118696 -0.0874057935553631 -0.07116437505381693 0.3230485978418468
0.318 0.6774189708369033 -0.0911065506394735 -0.04969594938545569 -0.0875054297757587 -0.07100080187871555 0.3231079560696993
0.319 0.6777193938835787 -0.0910973240691915 -0.04947375158273114 -0.0876047172783021 -0.07083712076087456 0.3231672937867567
0.32 0.6780202620096617 -0.0910880613978924 -0.0492508952075564 -0.0877036508273254 -0.07067313707692406 0.3232265555616267
0.321 0.6783215764435557 -0.0910787625005218 -0.04902736025163053 -0.0878022307338464 -0.07050898073058712 0.3232857564403289
0.322 0.6786233384187401 -0.0910694272514421 -0.0488031584349357 -0.0879004497439578 -0.07034460994112553 0.3233449054844306
0.323 0.6789255491737957 -0.0910600555244288 -0.0485782829487774 -0.0879983050171603 -0.0701800352939613 0.3234040236442321
0.324 0.6792282099524348 -0.0910506471926673 -0.04835273231243297 -0.088095800829201 -0.07001525965714736 0.3234631194641968
0.325 0.6795313220035294 -0.0910412021287491 -0.04812650770217372 -0.0881929232879125 -0.0698502764251169 0.3235221261877242
0.326 0.6798348865811397 -0.0910317202046683 -0.04789960061937562 -0.0882896697216391 -0.06968507598735427 0.3235810665605046
0.327 0.6801389049445424 -0.0910222012918182 -0.04767202041387995 -0.0883860463939106 -0.06951968701089918 0.3236399805266669
0.328 0.6804433783582616 -0.0910126452609873 -0.04744375753866419 -0.0884820427391187 -0.06935410331552662 0.3236988438362325
0.329 0.6807483080920957 -0.0910030519823557 -0.04721481777021154 -0.088577657119448 -0.06918830479462547 0.3237576438992815
0.33 0.6810536954211494 -0.090993421325492 -0.04698518522321732 -0.0886728765464432 -0.06902233171481359 0.3238164717533372
0.331 0.6813595416258609 -0.0909837531593487 -0.04675488046023557 -0.0887677183783318 -0.06885613411714599 0.3238752089980874
0.332 0.6816658479920344 -0.0909740473522589 -0.04652388092289839 -0.0888621591733159 -0.06868974939981518 0.3239338241422969
0.333 0.6819726158108683 -0.0909643037719327 -0.04629220281854332 -0.088956206328849 -0.0685231369811912 0.323992447127126
0.334 0.6822798463789863 -0.090954522285453 -0.04605982920993531 -0.0890498516211946 -0.06835635654513612 0.3240509468758214
0.335 0.6825875409984683 -0.09094470275927199 -0.04582677464008013 -0.0891430985370372 -0.06818931336443074 0.3241094786908315
0.336 0.6828957009768804 -0.0909348450592073 -0.04559301793625188 -0.0892359276338942 -0.06802209498238082 0.3241679035288759
0.337 0.6832043276273065 -0.0909249490504378 -0.04535857561813872 -0.0893283497608357 -0.06785464298466828 0.3242262941116326
0.338 0.6835134222683797 -0.0909150145974999 -0.04512344449721375 -0.089420363768487 -0.06768699775701516 0.3242846623627061
0.339 0.6838229862243131 -0.0909050415642837 -0.04488761436741278 -0.0895119543033803 -0.06751914371693436 0.3243429540116647
0.34 0.6841330208249319 -0.0908950298140287 -0.0446510877695308 -0.0896031238036157 -0.06735107878386472 0.3244012006698214
0.341 0.6844435274057052 -0.0908849792093201 -0.04441386166931348 -0.0896938624824372 -0.06718279944120074 0.3244594547612945
0.342 0.6847545073077784 -0.0908748896120849 -0.0441759414845431 -0.089784177970948 -0.06701435851229733 0.3245175835063361
0.343 0.6850659618780051 -0.0908647608835872 -0.04393732138303226 -0.0898740564046164 -0.0668456578224476 0.3245756563365987
0.344 0.68537789246898 -0.0908545928844247 -0.04369799491015536 -0.089963498089858 -0.06667676259033309 0.3246336645376668
0.345 0.6856903004390715 -0.0908443854745244 -0.04345797739314531 -0.0900525026696891 -0.06650763062364574 0.324691650348362
0.346 0.6860031871524555 -0.0908341385131383 -0.04321724395339622 -0.0901410592962371 -0.06633831427599012 0.3247495466747312
0.347 0.6863165539791477 -0.0908238518588395 -0.04297581000557191 -0.0902291688058823 -0.06616880633989976 0.3248073554883376
0.348 0.6866304022950375 -0.0908135253695175 -0.04273367015001414 -0.090316822690631 -0.06599904720731221 0.3248651432245495
0.349 0.6869447334819223 -0.0908031589023746 -0.04249082429274546 -0.0904040260553295 -0.06582908193992339 0.3249228926715073
0.35 0.6872595489275408 -0.090792752313921 -0.04224726866541742 -0.0904907628146547 -0.06565889941514644 0.3249805620774023
0.351 0.6875748500256077 -0.0907823054599709 -0.04200300201339075 -0.0905770389050117 -0.06548847549479653 0.3250382638200469
0.352 0.6878906381758483 -0.0907718181956378 -0.04175802459071962 -0.0906628436766899 -0.06531791347126049 0.3250958549595461
0.353 0.6882069147840328 -0.0907612903753304 -0.04151233554418249 -0.0907481777547516 -0.06514707298555983 0.3251533500529417
0.354 0.688523681262012 -0.0907507218527482 -0.04126593539866892 -0.0908330374709903 -0.06497600632007799 0.3252108184376459
0.355 0.688840939027752 -0.0907401124808766 -0.04101881629313626 -0.0909174112787533 -0.06480473847707086 0.3252681933308939
0.356 0.6891586895053701 -0.0907294621119831 -0.04077098435710374 -0.0910013094452408 -0.06463326307958972 0.325325540342467
0.357 0.6894769341251706 -0.09071877059761201 -0.04052243728196753 -0.0910847135019676 -0.06446155406651224 0.3253828171161245
0.358 0.6897956743236807 -0.0907080377885807 -0.04027316606089143 -0.0911676226838864 -0.06428962900344445 0.3254400160095793
0.359 0.6901149115436869 -0.0906972635349742 -0.04002318005574605 -0.0912500375413159 -0.06411749925296424 0.3254971657026245
0.36 0.6904346472342716 -0.0906864476861412 -0.03977246859356716 -0.0913319519787352 -0.06394511136134826 0.3255543080044391
0.361 0.6907548828508501 -0.090675590090689 -0.0395210411931622 -0.0914133584582918 -0.0637725201139189 0.3256113387783962
0.362 0.6910756198552075 -0.0906646905964792 -0.03926888419344317 -0.0914942571095903 -0.06359975340549986 0.3256682870985242
0.363 0.6913968597155364 -0.0906537490506223 -0.03901600777961124 -0.0915746429630474 -0.0634267298448033 0.3257251995751532
0.364 0.6917186039064747 -0.0906427652994736 -0.03876240426870504 -0.0916545048638307 -0.06325350699167957 0.3257820668181855
0.365 0.6920408539091424 -0.090631739188628 -0.03850807616276755 -0.0917338488810571 -0.06308002832676878 0.3258388399652618
0.366 0.692363611211182 -0.0906206705629152 -0.0382530197037022 -0.0918126693352589 -0.06290634418796318 0.3258955692117671
0.367 0.6926868773067953 -0.0906095592663952 -0.03799723498134686 -0.0918909544531704 -0.0627324354421621 0.3259522318531157
0.368 0.6930106536967823 -0.0905984051423527 -0.03774071740345728 -0.0919686996437852 -0.06255825796969647 0.3260088415214152
0.369 0.6933349418885814 -0.0905872080332925 -0.03748347434567981 -0.0920459092527253 -0.06238389011038902 0.3260653710708498
0.37 0.6936597433963083 -0.0905759677809345 -0.03722549356518888 -0.0921225744374399 -0.06220931015764465 0.3261218300475299
0.371 0.6939850597407951 -0.0905646842262087 -0.03696678602764603 -0.0921986900715934 -0.06203449426688522 0.3261782192828324
0.372 0.6943108924496306 -0.09055335720924999 -0.03670734099744648 -0.0922742515080832 -0.06185945251323899 0.3262345504358097
0.373 0.6946372430572019 -0.0905419865693927 -0.03644715880922585 -0.0923492512881143 -0.06168418473053431 0.326290803066269
0.374 0.6949641131047327 -0.0905305721451665 -0.03618624513913287 -0.0924236937528063 -0.06150865376762295 0.3263470362245375
0.375 0.6952915041403261 -0.0905191137742898 -0.03592459006474688 -0.0924975631159293 -0.06133291822448683 0.326403156787082
0.376 0.6956194177190049 -0.0905076112936656 -0.03566220349150065 -0.0925708690728268 -0.06115698117360522 0.3264592389196324
0.377 0.6959478554027534 -0.0904960645393754 -0.03539907180340538 -0.0926435914509559 -0.06098080254060641 0.3265152328384375
0.378 0.6962768187605592 -0.0904844733466746 -0.03513520074351124 -0.092715730260719 -0.06080438090907502 0.3265711560241445
0.379 0.6966063093684553 -0.0904728375499865 -0.03487059054610985 -0.0927872867514823 -0.06062770585941184 0.3266270399052427
0.38 0.6969363288095627 -0.0904611569828973 -0.03460523408532302 -0.0928582501734227 -0.06045083568270655 0.3266828880186596
0.381 0.6972668786741329 -0.0904494314781503 -0.03433913999871819 -0.0929286221762894 -0.06027371522300618 0.3267386184698455
0.382 0.6975979605595918 -0.0904376608676408 -0.03407229809904312 -0.0929983845962553 -0.06009635915466941 0.3267942716331135
0.383 0.6979295760705821 -0.09042584498241001 -0.03380471190858097 -0.0930675481338223 -0.05991878456432655 0.3268498644980989
0.384 0.6982617268190081 -0.0904139836526398 -0.03353637804621104 -0.0931360969253438 -0.05974096049759548 0.3269053856419371
0.385 0.6985944144240785 -0.0904020767076472 -0.03326730261985055 -0.0932040340608003 -0.05956290110970849 0.3269608424603735
0.386 0.6989276405123527 -0.0903901239758783 -0.03299747636683109 -0.0932713491599375 -0.0593846115378986 0.3270162212665191
0.387 0.6992614067177838 -0.09037812528490299 -0.03272690221750274 -0.0933380413955715 -0.05920608857418403 0.3270715418421737
0.388 0.6995957146817649 -0.0903660804614086 -0.03245557611837811 -0.0934040969646293 -0.05902735107984727 0.3271267572682343
0.389 0.6999305660531743 -0.0903539893311945 -0.03218350237754536 -0.0934695220767404 -0.05884835664262159 0.3271819241596561
0.39 0.7002659624884209 -0.0903418517191662 -0.03191067930574242 -0.0935343056683163 -0.05866911717665822 0.32723702014938
0.391 0.7006019056514909 -0.0903296674493291 -0.03163710190314919 -0.0935984426806434 -0.05848963835473021 0.327292032823071
0.392 0.7009383972139944 -0.0903174363447829 -0.03136277385718234 -0.09366193239579999 -0.05830988577570517 0.3273470185901666
0.393 0.701275438855212 -0.09030515822771561 -0.0310876871738885 -0.0937247578994351 -0.05812993440156632 0.3274018688748632
0.394 0.7016130322621422 -0.0902928329193969 -0.03081185158708859 -0.0937869325543881 -0.0579497453518451 0.3274566783662965
0.395 0.7019511791295487 -0.0902804602401727 -0.03053525904552061 -0.0938484378262344 -0.05776931530724815 0.3275114071524667
0.396 0.7022898811600093 -0.0902680400094584 -0.03025790785776157 -0.0939092638720811 -0.05758863725079334 0.3275660320785614
0.397 0.7026291400639634 -0.0902555720457332 -0.02997980222356455 -0.093969418901585 -0.05740772398422715 0.32762059634498
0.398 0.7029689575597611 -0.0902430561665334 -0.029700940747574 -0.09402889290921899 -0.05722657995621813 0.3276750925062929
0.399 0.7033093353737124 -0.0902304921884463 -0.02942131958045024 -0.0940876754675772 -0.05704517206399357 0.3277295067471242
0.4 0.7036502752401369 -0.0902178799271037 -0.0291409398225469 -0.0941457673312017 -0.05686351233537935 0.3277839092401012
0.401 0.703991778901413 -0.0902052191971755 -0.02885980094310119 -0.0942031595589801 -0.05668154895147558 0.3278381845083132
0.402 0.7043338481080289 -0.0901925098123634 -0.02857789836147102 -0.0942598453298111 -0.0564994223709949 0.3278923684827365
0.403 0.7046764846186333 -0.0901797515853941 -0.0282952396925985 -0.0943158238625435 -0.05631703755977858 0.3279464897955602
0.404 0.7050196902000863 -0.0901669443280127 -0.02801181873642275 -0.0943710867543685 -0.05613439730069369 0.3280005179644724
0.405 0.7053634666275103 -0.0901540878509764 -0.02772763385666154 -0.0944256286887791 -0.05595151521511374 0.3280544677116489
0.406 0.7057078156843434 -0.0901411819640472 -0.02744268897375801 -0.0944794468185486 -0.0557683929499414 0.3281083389762302
0.407 0.7060527391623904 -0.0901282264759858 -0.02715697758269817 -0.0945325267908424 -0.05558501101569578 0.3281621150595453
0.408 0.7063982388618758 -0.0901152211945445 -0.02687050615086494 -0.0945848750216347 -0.05540138217116481 0.3282158434565521
0.409 0.7067443165914975 -0.0901021659264601 -0.02658326857489662 -0.0946364762222718 -0.05521749413120936 0.3282694390159104
0.41 0.70709097416848 -0.09008906047744721 -0.02629526422077128 -0.094687328187936 -0.05503339427176637 0.3283229822414674
0.411 0.7074382134186282 -0.0900759046521914 -0.02600649735280668 -0.0947374257377536 -0.0548489994071369 0.3283764418974768
0.412 0.7077860361763824 -0.0900626982543417 -0.02571696513242575 -0.094786761230806 -0.0546643918843209 0.3284298344647801
0.413 0.7081344442848726 -0.0900494410865039 -0.02542666341524221 -0.0948353312567345 -0.05447950436922839 0.3284831262013457
0.414 0.7084834395959741 -0.0900361329502334 -0.02513559825922559 -0.094883129446989 -0.05429424583630971 0.3285363818063083
0.415 0.7088330239703636 -0.0900227736460276 -0.02484376576077032 -0.0949301483798376 -0.05410884141829242 0.3285895160547644
0.416 0.7091831992775742 -0.090009362973319 -0.02455116383779456 -0.0949763799533439 -0.05392319011777998 0.3286425558390063
0.417 0.7095339673960538 -0.0899959007304674 -0.02425779336590617 -0.0950218211160611 -0.05373723558563911 0.3286955261466852
0.418 0.7098853302132206 -0.0899823867147532 -0.02396365635545681 -0.0950664668953554 -0.0535510671652818 0.3287484013478339
0.419 0.710237289625522 -0.0899688207223691 -0.02366875372461735 -0.0951103142500912 -0.05336463486263735 0.328801214936166
0.42 0.7105898475384919 -0.0899552025484132 -0.02337307856581477 -0.0951533483418816 -0.05317795055097478 0.3288539137372903
0.421 0.7109430058668087 -0.089941531986881 -0.02307663482205749 -0.0951955671824261 -0.0529910005106679 0.3289065454077508
0.422 0.7112967665343556 -0.0899278088306578 -0.02277942084788476 -0.0952369638641758 -0.05280373705351054 0.3289590577848649
0.423 0.7116511314742791 -0.0899140328715112 -0.02248143516183287 -0.0952775305951679 -0.0526162770991419 0.3290114781370784
0.424 0.7120061026290493 -0.0899002039000831 -0.02218268406358407 -0.0953172674328113 -0.05242854382776924 0.3290638327390569
0.425 0.7123616819505204 -0.0898863217058818 -0.02188316103909837 -0.0953561637001311 -0.0522405462603256 0.32911609791149
0.426 0.7127178713999913 -0.0898723860772739 -0.02158286655828376 -0.0953942129217751 -0.05205230621533769 0.3291682545949081
0.427 0.7130746729482675 -0.089858396801477 -0.02128180441640127 -0.0954314101540138 -0.05186375641028614 0.3292203117223088
0.428 0.7134320885757224 -0.0898443536645506 -0.02097996877859348 -0.095467745539177 -0.05167496216966184 0.3292723881313151
0.429 0.7137901202723604 -0.0898302564513888 -0.02067736298900222 -0.0955032157795902 -0.0514861937115752 0.3293245064824016
0.43 0.7141487700378795 -0.0898161049457115 -0.02037398750406342 -0.0955378137829179 -0.05129681726383953 0.3293762700402977
0.431 0.7145080398817348 -0.0898018989300567 -0.02006984183548002 -0.0955715356697913 -0.05110707406161737 0.3294279730683357
0.432 0.7148679318232027 -0.0897876381857715 -0.01976492247557772 -0.0956043662817374 -0.05091737412410233 0.3294796124289537
0.433 0.7152284478914454 -0.089773322493004 -0.01945923327383008 -0.0956363050013048 -0.05072725984669594 0.3295311269411232
0.434 0.715589590125575 -0.089758951630695 -0.0191527751538819 -0.0956673487929526 -0.05053669448379886 0.3295824981741592
0.435 0.7159513605747212 -0.0897445253765688 -0.0188455453785813 -0.0956974886058726 -0.05034624502800589 0.3296338540899809
0.436 0.7163137612980956 -0.0897300435071252 -0.01853754483148871 -0.09572671227692101 -0.0501553000231473 0.3296850480836394
0.437 0.7166767943650583 -0.0897155057976304 -0.01822877255045988 -0.0957550156772771 -0.04996410370555928 0.3297361836259514
0.438 0.7170404618551871 -0.0897009120221081 -0.01791922938220625 -0.0957823942084045 -0.04977244395116192 0.3297872396288915
0.439 0.7174047658583433 -0.089686261953331 -0.017608917982882 -0.0958088395959574 -0.04958089852436617 0.329838234293409
0.44 0.7177697084747411 -0.0896715553628113 -0.01729783415992032 -0.0958343461038685 -0.04938888736758073 0.3298890839309147
0.441 0.718135291815016 -0.0896567920207923 -0.01698598158307633 -0.09585890227691 -0.04919662188261416 0.3299397192396453
0.442 0.7185015180002951 -0.0896419716962388 -0.01667335910249121 -0.0958825098789024 -0.04900379457315743 0.3299903839134025
0.443 0.7188683891622665 -0.0896270941568279 -0.01635996879206847 -0.0959051525382335 -0.04881093085474669 0.3300409184075371
0.444 0.7192359074432502 -0.0896121591689398 -0.01604580868180396 -0.0959268290088945 -0.04861785455751446 0.3300914525977686
0.445 0.7196040749962695 -0.0895971664976487 -0.01573087931812969 -0.095947528308539 -0.04842436496836026 0.3301417894655847
0.446 0.7199728939851232 -0.0895821159067127 -0.01541518210350822 -0.0959672443847278 -0.04823067974056598 0.3301920382298306
0.447 0.7203423665844574 -0.089567007158565 -0.01509871659235177 -0.0959859754261266 -0.04803672048261962 0.3302421811209139
0.448 0.7207124949798393 -0.0895518400143038 -0.01478148345936589 -0.0960037039297383 -0.04784251257861219 0.3302921826423088
0.449 0.7210832813678307 -0.0895366142336826 -0.01446348424299235 -0.0960204326429383 -0.04764793557951139 0.3303420331423282
0.45 0.7214547279560623 -0.0895213295751006 -0.01414471643792546 -0.0960361476928405 -0.04745313463512899 0.3303918749929156
0.451 0.721826836963309 -0.0895059857955927 -0.0138251851303026 -0.0960508444756943 -0.04725798169904163 0.3304416395797323
0.452 0.7221996106195649 -0.0894905826508193 -0.01350488735377127 -0.0960645133187379 -0.0470626987352939 0.3304912628807994
0.453 0.7225730511661207 -0.0894751198950569 -0.01318382374030399 -0.0960771454785974 -0.04686697260228876 0.3305407974503448
0.454 0.7229471608556395 -0.0894595972811872 -0.01286199669452572 -0.0960887414485083 -0.0466711222309605 0.3305902111123205
0.455 0.7233219419522353 -0.0894440145606871 -0.01253940867460236 -0.0960992865717328 -0.04647483829641165 0.3306395233851392
0.456 0.7236973967315512 -0.0894283714836185 -0.01221605437987157 -0.0961087748083915 -0.04627833334453619 0.3306887007134506
0.457 0.7240735274808373 -0.0894126677986179 -0.01189194022495094 -0.0961171972828156 -0.04608156294693218 0.3307377691498641
0.458 0.7244503364990321 -0.0893969032528853 -0.01156706430590188 -0.0961245479150326 -0.04588439420752911 0.3307867401978116
0.459 0.7248278260968416 -0.0893810775921745 -0.01124142929072312 -0.0961308215203062 -0.04568700282689517 0.3308356179711742
0.46 0.7252059985968202 -0.0893651905607816 -0.01091503359258765 -0.0961360030351212 -0.04548928625508958 0.3308843180077645
0.461 0.7255848563334535 -0.0893492419015342 -0.0105878791530537 -0.0961400909818914 -0.0452914033653028 0.3309329367873789
0.462 0.7259644016532398 -0.0893332313557812 -0.01025996778494082 -0.0961430777939611 -0.04509313408784688 0.3309814827656126
0.463 0.7263446369147738 -0.089317158663381 -0.0099312992832646 -0.0961449495731452 -0.04489449841997678 0.331029882284063
0.464 0.7267255644888304 -0.0893010235626906 -0.00960187598629094 -0.0961457026363938 -0.04469574469610668 0.3310781860794105
0.465 0.7271071867584488 -0.0892848257905545 -0.00927169719618691 -0.0961453273618947 -0.0444966074251695 0.3311263520080312
0.466 0.7274895061190188 -0.0892685650822934 -0.00894076559562842 -0.0961438126960708 -0.04429708868198692 0.331174435698201
0.467 0.727872524978366 -0.0892522411716923 -0.00860908155266246 -0.096141167315152 -0.04409735479703263 0.3312223791344832
0.468 0.7282562457568394 -0.0892358537909898 -0.00827664651267659 -0.0961373578956179 -0.04389727964973094 0.331270272565156
0.469 0.7286406708873987 -0.0892194026708654 -0.007943463038271238 -0.0961323883707234 -0.04369692683128436 0.3313179913965725
0.47 0.7290258028157028 -0.0892028875404288 -0.007609529496638851 -0.0961262560820904 -0.04349634248406661 0.3313655790108211
0.471 0.7294116440001986 -0.0891863081272072 -0.00727484973220851 -0.0961189423255998 -0.04329538076269367 0.3314130621823918
0.472 0.7297981969122118 -0.0891696641571336 -0.006939422046374599 -0.0961104459791441 -0.04309415160660814 0.3314604405073786
0.473 0.730185464036037 -0.0891529553545348 -0.006603252709642487 -0.0961007564155101 -0.04289258450850082 0.331507758802389
0.474 0.7305734478690297 -0.0891361814421193 -0.006266337490025059 -0.0960898605337503 -0.04269076449901581 0.3315549115185333
0.475 0.7309621509216983 -0.0891193421409646 -0.005928683597357064 -0.0960777605724344 -0.04248835948725919 0.3316017232297281
0.476 0.7313515757177979 -0.08910243717050501 -0.00559028839839576 -0.0960644357987346 -0.04228584879487258 0.3316486193511656
0.477 0.7317417247944236 -0.089085466248519 -0.005251155937215604 -0.0960498832391913 -0.04208301352363778 0.3316952442175866
0.478 0.7321326007021059 -0.0890684290911167 -0.004911286652923251 -0.0960341002906294 -0.04187990303081805 0.3317417810248123
0.479 0.7325242060049071 -0.0890513254127269 -0.00457068190470547 -0.0960170673313694 -0.04167649612685028 0.3317883654220003
0.48 0.7329165432805164 -0.0890341549260841 -0.004229345140430732 -0.0959987773612352 -0.04147280731002106 0.3318346195400736
0.481 0.7333096151203486 -0.08901691734221601 -0.00388727625436857 -0.0959792305086941 -0.04126878278554043 0.331880914682485
0.482 0.7337034241296423 -0.0889996123704294 -0.003544478237352288 -0.0959584062455495 -0.04106448669558123 0.33192711816939
0.483 0.7340979729275585 -0.0889822397182977 -0.003200953426868977 -0.0959363043703249 -0.04085991145875712 0.3319730323388136
0.484 0.7344932641472816 -0.0889647990916471 -0.002856702320388337 -0.0959129142483856 -0.04065504068103355 0.3320188790300446
0.485 0.7348893004361202 -0.0889472901945436 -0.002511725644821258 -0.0958882216709429 -0.04044975029497808 0.3320646454840053
0.486 0.7352860844556083 -0.0889297127292783 -0.002166033180829932 -0.0958622199855741 -0.04024414446707083 0.3321101827192198
0.487 0.7356836188816099 -0.0889120663963545 -0.001819616813766106 -0.0958349006211109 -0.04003825917051027 0.3321557424741227
0.488 0.7360819064044213 -0.0888943508944735 -0.001472483042529678 -0.0958062638078046 -0.03983200297632843 0.3322010734544738
0.489 0.7364809497288763 -0.0888765659205204 -0.001124637933675711 -0.0957762828805895 -0.03962558171492044 0.3322463896188974
0.49 0.7368807515744528 -0.0888587111695501 -0.0007760763020869046 -0.09574496099273699 -0.03941870032143657 0.3322914752630522
0.491 0.7372813146753789 -0.0888407863347727 -0.0004268075428330576 -0.0957122849300306 -0.0392115153285412 0.3323364987804543
0.492 0.7376826417807392 -0.0888227911075393 -0.00007683030602431002 -0.0956782421349973 -0.03900397559058154 0.3323813127875571
0.493 0.7380847356545869 -0.088804725177327 0.0002738530003757247 -0.095642831047689 -0.03879607687145709 0.3324259509174784
0.494 0.7384875990760506 -0.0887865882317247 0.0006252393473918996 -0.0956060358322176 -0.0385879179846074 0.3324706371674743
0.495 0.7388912348394459 -0.0887683799564177 0.0009773269595142601 -0.095567848271869 -0.03837952123256445 0.3325150761061106
0.496 0.7392956457543873 -0.0887501000351727 0.001330108451449548 -0.095528258995092 -0.03817067905990245 0.3325593391980259
0.497 0.7397008346459017 -0.0887317481498228 0.001683586593279336 -0.0954872583479827 -0.03796152069069418 0.3326034671228217
0.498 0.7401068043545402 -0.0887133239802522 0.002037757796449595 -0.0954448331720306 -0.03775201815310367 0.332647504457565
0.499 0.7405135577364955 -0.0886948272043803 0.002392618563554584 -0.0954009857941712 -0.03754232306444366 0.3326914300229895
0.5 0.7409210976637162 -0.0886762574981465 0.002748162958921121 -0.0953556882897935 -0.03733215829824733 0.3327351281837148
0.501 0.7413294270240244 -0.0886576145354939 0.00310439441658824 -0.0953089471299627 -0.03712165413305023 0.3327787008095335
0.502 0.7417385487212336 -0.088638897988354 0.003461299408862459 -0.0952607396709535 -0.03691083488435708 0.3328221728740767
0.503 0.7421484656752688 -0.08862010752662999 0.003818888499072658 -0.0952110676082896 -0.03669965388831694 0.3328654117217094
0.504 0.7425591808222858 -0.0886012428181805 0.004177145802842896 -0.0951599127988666 -0.03648822902109369 0.3329086487544372
0.505 0.7429706971147936 -0.0885823035288037 0.004536080127363059 -0.0951072653996737 -0.03627635139410976 0.3329516138565192
0.506 0.7433830175217762 -0.0885632893222202 0.00489567806743416 -0.0950531214111812 -0.03606424107764183 0.332994523991025
0.507 0.7437961450288176 -0.0885441998600562 0.005255936792647895 -0.0949974603039883 -0.0358517584852031 0.3330372339745446
0.508 0.7442100826382262 -0.0885250348018269 0.005616861202373098 -0.0949402834665276 -0.03563888041355788 0.3330797812572282
0.509 0.7446248333691604 -0.0885057938049192 0.005978439934027309 -0.0948815733967867 -0.03542561868094368 0.3331221549799214
0.51 0.7450404002577571 -0.0884864765245747 0.006340670637905166 -0.0948213201980816 -0.03521213710164905 0.3331644838476884
0.511 0.7454567863572599 -0.0884670826138716 0.006703557013650951 -0.0947595181768343 -0.0349983381567596 0.3332066146304423
0.512 0.7458739947381485 -0.0884476117237077 0.007067084224622565 -0.0946961513363348 -0.03478414604323388 0.3332485168502882
0.513 0.7462920284882708 -0.0884280635027823 0.0074312509215706 -0.0946312100945863 -0.0345694825138756 0.3332902673963485
0.514 0.746710890712974 -0.0884084375975783 0.007796058779596743 -0.094564688182375 -0.034354708097774 0.3333320756145138
0.515 0.7471305845352396 -0.088388733652344 0.0081615016150432 -0.0944965677023361 -0.03413943231301134 0.3333735290282446
0.516 0.7475511130958173 -0.0883689513090747 0.0085275710969931 -0.0944268437909107 -0.03392379309216305 0.3334148318819424
0.517 0.7479724795533614 -0.0883490902074942 0.00889427181681759 -0.094355506076471 -0.03370782362177859 0.3334560095534687
0.518 0.7483946870845689 -0.0883291499850362 0.00926159134005822 -0.0942825386028372 -0.03349153903878878 0.3334972041219544
0.519 0.7488177388843176 -0.0883091302768251 0.00962952840948853 -0.0942079333183635 -0.03327486728698745 0.3335380660338181
0.52 0.7492416381658071 -0.088289030715657 0.00999807627078358 -0.0941316817404897 -0.03305779461808246 0.3335787546501473
0.521 0.7496663881606999 -0.0882688509319806 0.01036723448890466 -0.0940537692665622 -0.03284038718523652 0.3336192808079836
0.522 0.7500919921192642 -0.0882485905538774 0.01073699473597117 -0.0939741844245265 -0.03262253784279525 0.3336596288330265
0.523 0.7505184533105189 -0.0882282492070422 0.01110735480216189 -0.0938929194468169 -0.03240444714068321 0.3336999280160482
0.524 0.750945775022379 -0.0882078265147628 0.01147830914341261 -0.0938099616428778 -0.03218594415465817 0.3337399485449516
0.525 0.7513739605618031 -0.0881873220979007 0.01184985214818461 -0.0937253009194387 -0.03196712729476094 0.3337798229214893
0.526 0.7518030132549414 -0.0881667355748696 0.01222198111457971 -0.0936389214856409 -0.03174793873333019 0.3338195521632978
0.527 0.7522329364472863 -0.0881460665616162 0.01259469105111245 -0.0935508185426854 -0.03152827618033827 0.3338592178712599
0.528 0.752663733503825 -0.088125314671598 0.01296796974089208 -0.0934609740666937 -0.03130827448583356 0.3338985063538706
0.529 0.7530954078091901 -0.0881044795157639 0.01334182174656483 -0.0933693832663818 -0.03108782137016582 0.3339377501699722
0.53 0.7535279627678168 -0.0880835607025315 0.01371623593932058 -0.0932760311816174 -0.0308670939629099 0.3339767510032383
0.531 0.7539614018040978 -0.0880625578377669 0.01409121091010869 -0.0931809063296872 -0.03064588805223189 0.3340156059002186
0.532 0.7543957283625415 -0.0880414705247623 0.01446673509847227 -0.0930839975498491 -0.03042445450416072 0.3340542860474068
0.533 0.7548309459079303 -0.0880202983642143 0.01484280801224558 -0.0929852894130202 -0.03020265504869378 0.3340927770931942
0.534 0.7552670579254834 -0.0879990409542024 0.0152194217989344 -0.0928847797602943 -0.02998050102074707 0.3341310924371199
0.535 0.7557040679210174 -0.0879776978901659 0.01559657204890008 -0.0927824481535715 -0.02975794869692666 0.3341692401600496
0.536 0.7561419794211116 -0.0879562687648815 0.01597425216282216 -0.0926782852967498 -0.02953501796674396 0.3342072020613844
0.537 0.7565807959732734 -0.0879347531684408 0.01635245668206889 -0.0925722798502992 -0.02931164989231078 0.3342450240584262
0.538 0.7570205211461055 -0.0879131506882274 0.01673117692137911 -0.0924644163787353 -0.029087971075651 0.3342826270588463
0.539 0.7574611585294758 -0.0878914609088928 0.01711040873863041 -0.092354690040683 -0.02886397365432339 0.3343200176849979
0.54 0.7579027117346878 -0.0878696834123339 0.01749014810683438 -0.0922430816843849 -0.02863943218755107 0.3343572578911178
0.541 0.7583451843946529 -0.0878478177776684 0.0178703821365915 -0.0921295861357531 -0.02841466018297891 0.3343942783812016
0.542 0.7587885801640657 -0.0878258635812113 0.01825111128713732 -0.0920141819645968 -0.02818936192275802 0.3344311875050314
0.543 0.7592329027195792 -0.0878038203964503 0.01863232549209015 -0.0918968627246134 -0.02796374873157906 0.3344678685788169
0.544 0.7596781557599829 -0.0877816877940213 0.01901401647999053 -0.0917776209150322 -0.02773773222091366 0.3345043806249088
0.545 0.7601243430063835 -0.0877594653416839 0.0193961804801432 -0.0916564309848617 -0.02751133905779718 0.3345406735856652
0.546 0.7605714682023853 -0.087737152604296 0.01977880698502335 -0.0915332955736253 -0.02728456983150879 0.334576818014526
0.547 0.7610195351142739 -0.0877147491437883 0.02016189301283633 -0.091408191779658 -0.02705741800677687 0.3346127246620926
0.548 0.7614685475312028 -0.0876922545191388 0.02054542893916026 -0.0912811103984963 -0.02682982916397425 0.3346484526684456
0.549 0.7619185092653785 -0.0876696682863475 0.02092940586880154 -0.0911520401823399 -0.02660184948377921 0.3346839914502571
0.55 0.7623694241522521 -0.0876469899984092 0.0213138212449941 -0.0910209674041496 -0.02637348128458307 0.334719328433337
0.551 0.7628212960507086 -0.0876242192052877 0.02169866113287 -0.0908878788022363 -0.02614477201009611 0.3347544665215729
0.552 0.7632741288432612 -0.0876013554538888 0.02208392229768632 -0.0907527599568592 -0.02591563517977104 0.3347893902262512
0.553 0.7637279264362457 -0.0875783982880335 0.02246959542257174 -0.0906156013125998 -0.02568611585307949 0.3348241791485715
0.554 0.7641826927600182 -0.0875553472484302 0.02285567305223179 -0.0904763899342914 -0.02545613270139209 0.3348587233581154
0.555 0.7646384317691548 -0.0875322018726474 0.02324214612542745 -0.09033511169396399 -0.02522586005705266 0.3348930515500476
0.556 0.7650951474426519 -0.0875089616950857 0.02362900614557144 -0.09019175273448 -0.02499506184568399 0.3349271828370106
0.557 0.7655528437841302 -0.0874856262469495 0.02401624692011688 -0.0900463023945567 -0.02476384518244799 0.3349610878407006
0.558 0.7660115248220409 -0.0874621950562183 0.02440385671147333 -0.0898987437215206 -0.02453224494693991 0.3349948270380921
0.559 0.7664711946098725 -0.087438667647618 0.02479182875912368 -0.0897490671348556 -0.02430022749286609 0.3350283362094018
0.56 0.7669318572263616 -0.0874150435425917 0.02518015373465638 -0.0895972587272052 -0.024067764087016 0.3350616580011072
0.561 0.7673935167757044 -0.0873913222592699 0.0255688231866761 -0.0894433083166472 -0.02383498367945463 0.3350948603520537
0.562 0.7678561773877723 -0.087367503312441 0.0259578281971615 -0.089287193184113 -0.0236017276694545 0.3351277212207705
0.563 0.768319843218327 -0.0873435862135207 0.0263471581430486 -0.0891289103592665 -0.02336802426520451 0.3351603859615955
0.564 0.7687845184492412 -0.0873195704705218 0.0267368044996183 -0.0889684427898211 -0.02313390637076876 0.3351928322168022
0.565 0.7692502072887195 -0.0872954555880232 0.0271267581586538 -0.0888057735747452 -0.02289932746139971 0.3352250847647482
0.566 0.7697169139715213 -0.0872712410671388 0.02751700928885355 -0.0886408938100795 -0.02266435302406167 0.3352570979859836
0.567 0.7701846427591884 -0.0872469264054854 0.02790754758749017 -0.0884737918149447 -0.02242890947049306 0.3352889290095902
0.568 0.7706533979402726 -0.0872225110971516 0.02829836198769684 -0.0883044399098006 -0.02219308753876851 0.3353204607888224
0.569 0.7711231838305677 -0.0871979946326647 0.02868944490694447 -0.0881328447902278 -0.02195687547345089 0.3353518625676002
0.57 0.7715940047733417 -0.0871733764989586 0.029080784492668 -0.0879589795191435 -0.02172021302228109 0.3353829915303017
0.571 0.7720658651395746 -0.0871486561793406 0.02947237055449739 -0.0877828331385161 -0.02148322251148748 0.3354140183702511
0.572 0.7725387693281961 -0.0871238331534577 0.02986419162779226 -0.087604393914469 -0.02124568288248751 0.335444688918471
0.573 0.773012721766327 -0.0870989068972633 0.03025623919420493 -0.0874236465214337 -0.02100757590467852 0.3354751765007721
0.574 0.7734877269095231 -0.0870738768829827 0.03064849869116155 -0.0872405759952043 -0.02076913552877942 0.3355053841918461
0.575 0.7739637892420223 -0.0870487425790786 0.03104096253892348 -0.0870551692430611 -0.02053027280664052 0.3355353773579504
0.576 0.7744409132769937 -0.0870235034502161 0.03143361994286856 -0.0868674151735206 -0.02029096309670655 0.3355651026978692
0.577 0.7749191035567887 -0.0869981589572275 0.03182645627850305 -0.0866772927733628 -0.02005120317621157 0.3355946049122338
0.578 0.7753983646531976 -0.0869727085570761 0.03221945923808107 -0.0864847989271338 -0.01981098577727915 0.3356238887782424
0.579 0.7758787011677056 -0.0869471517028208 0.03261262026377278 -0.0862899060978929 -0.01957032662641523 0.3356529676542587
0.58 0.776360117731754 -0.08692148784357839 0.03300592653822464 -0.0860926108180005 -0.01932923490801789 0.3356818077184354
0.581 0.7768426190070037 -0.0868957164244876 0.03339936434345975 -0.085892893042798 -0.01908767482999551 0.3357103567788791
0.582 0.7773262096856018 -0.08686983688667101 0.03379292222134586 -0.0856907425103137 -0.01884566813896753 0.3357386722762944
0.583 0.7778108944904494 -0.0868438486671969 0.03418659083087384 -0.0854861368736777 -0.01860321142748871 0.33576688541879
0.584 0.7782966781754755 -0.0868177511990417 0.03458035122104589 -0.0852790746173219 -0.0183602798251375 0.3357947095058013
0.585 0.7787835655259117 -0.0867915439110508 0.03497419599568521 -0.0850695325709941 -0.01811670354480174 0.3358223042668454
0.586 0.7792715613585709 -0.0867652262278988 0.03536810805205248 -0.08485749802769001 -0.01787285230118388 0.3358496233719904
0.587 0.7797606705221277 -0.0867387975700508 0.03576207627010558 -0.0846429556706844 -0.01762854812443074 0.3358766861181061
0.588 0.7802508978974051 -0.0867122573537212 0.03615608848067653 -0.0844258911716889 -0.0173837754399918 0.3359035146965383
0.589 0.7807422483976605 -0.0866856049908335 0.03655012923206267 -0.0842062916053512 -0.01713853682195221 0.3359300748437095
0.59 0.7812347269688783 -0.0866588398889797 0.03694418239927472 -0.083984144435078 -0.01689278105112681 0.3359563669615797
0.591 0.7817283385900636 -0.0866319614513775 0.03733823833647534 -0.08375942874528899 -0.0166466069704349 0.3359824271538917
0.592 0.7822230882735407 -0.0866049690768292 0.03773227979422602 -0.0835321331033053 -0.01639995445113961 0.336008217159302
0.593 0.7827189810652538 -0.086577862159678 0.03812629428506869 -0.0833022412819677 -0.01615282607547326 0.3360337224329201
0.594 0.7832160220450717 -0.0865506400897665 0.03852026423680357 -0.0830697443660514 -0.01590519938832088 0.3360589845602946
0.595 0.783714216327097 -0.0865233022523911 0.038914177719164 -0.0828346213075728 -0.01565702117784383 0.3360840572265275
0.596 0.7842135690599761 -0.0864958480282593 0.03930801862065137 -0.0825968604380868 -0.01540844146707845 0.3361086835565635
0.597 0.7847140854272165 -0.0864682767934441 0.03970177241580333 -0.0823564410839396 -0.01515938633296112 0.3361331137013332
0.598 0.7852157706475039 -0.0864405879193394 0.04009541882988847 -0.0821133588916706 -0.01490981050573186 0.3361572733527436
0.599 0.7857186299750269 -0.0864127807726136 0.04048895003059316 -0.0818675884991705 -0.01465979783148035 0.3361811222250523
0.6 0.7862226686998012 -0.0863848547151635 0.04088234483961125 -0.0816191218176301 -0.01440904242207985 0.3362047072223256
0.601 0.7867278921480017 -0.0863568091040674 0.04127558622751852 -0.0813679418892122 -0.01415799695507579 0.3362280029883948
0.602 0.7872343056822956 -0.0863286432915377 0.04166866098073613 -0.0811140328523993 -0.01390650764431743 0.3362510647664671
0.603 0.7877419147021806 -0.0863003566248725 0.04206155017859992 -0.0808573801162343 -0.01365447584684365 0.3362738385004809
0.604 0.7882507246443264 -0.086271948446407 0.04245423847792607 -0.0805979686586893 -0.01340194570322441 0.3362963266692995
0.605 0.7887607409829221 -0.0862434180934645 0.04284670770974865 -0.0803357854853075 -0.01314891034825542 0.3363185422428836
0.606 0.7892719692300244 -0.0862147648983064 0.0432389396330474 -0.0800708111698262 -0.01289539747394707 0.3363404726042429
0.607 0.7897844149359127 -0.0861859881880815 0.04363091992155889 -0.07980303253150062 -0.0126413663507543 0.3363620835875918
0.608 0.7902980836894471 -0.086157087284775 0.04402262591759807 -0.07953243829385325 -0.01238672565401451 0.3363834551604292
0.609 0.7908129811184322 -0.08612806150515701 0.04441404435382131 -0.07925900559434222 -0.01213166697189285 0.3364045041562438
0.61 0.791329112889982 -0.0860989101607296 0.04480515175141587 -0.07898272633290554 -0.01187614059930887 0.3364252136145534
0.611 0.7918464847108925 -0.0860696325576744 0.04519593522633002 -0.07870358023716642 -0.01162007948009096 0.3364456879528675
0.612 0.7923651023280179 -0.0860402279967983 0.04558637039145888 -0.07842155705122593 -0.01136346302290527 0.3364658266712067
0.613 0.7928849715286489 -0.0860106957734793 0.0459764427022385 -0.07813663728473232 -0.01110634544570457 0.3364857053641589
0.614 0.7934060981409 -0.0859810351776118 0.04636612847864653 -0.07784880873553073 -0.01084867860146587 0.3365052258617093
0.615 0.7939284880340965 -0.08595124549355 0.0467554118189088 -0.07755805235992863 -0.01059049608105734 0.3365244158955423
0.616 0.7944521471191708 -0.0859213260000524 0.04714426976924183 -0.07726435678364272 -0.01033179837035618 0.3365433195206181
0.617 0.7949770813490598 -0.0858912759702238 0.04753268263613547 -0.0769677055870025 -0.01007253211042616 0.3365619394101527
0.618 0.7955032967191091 -0.085861094671458 0.04792063263567683 -0.07666808278782781 -0.009812477190938623 0.3365800856561898
0.619 0.7960307992674821 -0.0858307813653786 0.04830809536891143 -0.07636547448656934 -0.009552172591861504 0.3365980582607385
0.62 0.7965595950755732 -0.0858003353077803 0.04869505234035911 -0.07605986329578391 -0.009291300817584152 0.3366157083970766
0.621 0.7970896902684267 -0.0857697557485679 0.04908148089383936 -0.07575123437521587 -0.009029941793281078 0.3366330820328793
0.622 0.7976210910151603 -0.0857390419316962 0.0494673597169586 -0.07543957503537203 -0.008767987223397233 0.3366500701999737
0.623 0.7981538035293946 -0.0857081930951078 0.04985266668614895 -0.07512486764134527 -0.00850548753799059 0.3366667173947954
0.624 0.7986878340696877 -0.0856772084706707 0.05023737837287316 -0.07480709936874663 -0.008242415245410632 0.336683048787273
0.625 0.7992231889399739 -0.0856460872841151 0.05062147418819855 -0.07448625258865317 -0.007978810361965322 0.3366990388333354
0.626 0.7997598744900099 -0.0856148287549692 0.05100493164864835 -0.07416231175667952 -0.007714639619567013 0.3367147046794904
0.627 0.800297897115825 -0.0855834320964944 0.0513877249530549 -0.07383526400330966 -0.007449912364788102 0.3367300269543259
0.628 0.800837263260178 -0.08555189651561899 0.05176983271720934 -0.07350509257238702 -0.007184691150718321 0.3367450225468959
0.629 0.801377979413017 -0.0855202212128723 0.05215123139605092 -0.07317178136659654 -0.006918819205152192 0.3367596373537613
0.63 0.8019200521119511 -0.0854884053823164 0.05253189624086256 -0.07283531704834858 -0.006652406273264368 0.336773976593072
0.631 0.80246348794272 -0.0854564482114781 0.05291180254323829 -0.0724956837338828 -0.006385447455176803 0.3367879912991886
0.632 0.803008293539677 -0.0854243488812798 0.05329092496028345 -0.07215286765760322 -0.006117887905725573 0.3368015814303337
0.633 0.803554475586274 -0.0853921065659688 0.05366923915665982 -0.07180685289939113 -0.005849727377101953 0.3368148826106537
0.634 0.804102040815549 -0.0853597204330464 0.05404672047748993 -0.0714576235931224 -0.005581030501535284 0.3368277589384599
0.635 0.8046509960106309 -0.0853271896431957 0.05442334206735158 -0.07110516566218969 -0.005311739628444412 0.3368403085796254
0.636 0.80520134800524 -0.08529451335020891 0.05479907829814492 -0.07074946321197915 -0.005041745987883505 0.3368523654699631
0.637 0.8057531036841989 -0.0852616907009128 0.05517390180859216 -0.07039050250158033 -0.004771279506614711 0.3368641559395058
0.638 0.8063062699839511 -0.0852287208350939 0.0555477881877284 -0.07002826832415786 -0.004500182522095009 0.3368755712542675
0.639 0.806860853893085 -0.0851956028854227 0.05592070720862894 -0.06966274670951561 -0.004228550838383706 0.3368866563197316
0.64 0.807416862452862 -0.08516233597737639 0.056292633777877 -0.06929392036178716 -0.003956306546131765 0.336897342090606
0.641 0.8079743027577591 -0.0851289192291608 0.05666354004160779 -0.06892177699229923 -0.003683430274080332 0.3369077416997227
0.642 0.808533181956008 -0.0850953517516312 0.0570333949120838 -0.0685463014084683 -0.00340999364349447 0.3369176751826786
0.643 0.8090935072501521 -0.0850616326482124 0.05740217413965116 -0.06816747746600226 -0.003135975797746152 0.3369272330469055
0.644 0.8096552858975991 -0.0850277610148172 0.05776984568690986 -0.06778529332088285 -0.002861300876173338 0.3369364010572657
0.645 0.810218525211193 -0.0849937359397641 0.0581363814426923 -0.06739973246580615 -0.002586038083014144 0.3369451719394254
0.646 0.810783232559784 -0.0849595565036938 0.05850175014207436 -0.06701078150485731 -0.002310153063416077 0.3369535618616578
0.647 0.811349415368811 -0.08492522177948431 0.05886592358861615 -0.06661842560502105 -0.002033653962339132 0.3369615765935096
0.648 0.81191708112089 -0.0848907308321657 0.05922887032748388 -0.06622265090681107 -0.001756528967968564 0.3369691712086111
0.649 0.812486237356407 -0.0848560827188327 0.05959056042154507 -0.06582344319518971 -0.001478802226839592 0.3369763635693868
0.65 0.813056891674131 -0.08482127648855629 0.05995096279595256 -0.06542078695733771 -0.001200421792779233 0.3369831382645393
0.651 0.813629051731816 -0.0847863111822949 0.060310042635057 -0.06501467163648518 -0.0009213721401020541 0.3369896083333445
0.652 0.814202725246829 -0.08475118583280331 0.06066777193316659 -0.06460507973253154 -0.0006417219042108952 0.3369956049919165
0.653 0.814777919996774 -0.0847158994645409 0.06102411613125303 -0.06419199938101117 -0.0003614441850208478 0.3370011753418389
0.654 0.815354643820132 -0.08468045109357859 0.0613790430260644 -0.06377541629892201 -0.00008049164510800898 0.3370061598685183
0.655 0.815932904616905 -0.084644839727504 0.06173251824948522 -0.06335531755876173 0.0002010965958069146 0.3370109015269207
0.656 0.816512710349272 -0.084609064365326 0.06208450880775508 -0.06293168906833401 0.0004833209106966504 0.337015198326081
0.657 0.817094069042249 -0.08457312399737731 0.06243498173052143 -0.06250451687661208 0.0007661965372626185 0.337019082355993
0.658 0.817676988784364 -0.0845370176052162 0.06278390080793372 -0.06207378952052307 0.001049723307620616 0.337022516063745
0.659 0.818261477728339 -0.08450074416152641 0.06313123096693357 -0.06163949284681564 0.00133393141469847 0.3370255802147084
0.66 0.818847544091777 -0.084464302630016 0.06347693726796494 -0.06120161376416402 0.001618762330767024 0.3370281737795431
0.661 0.819435196157862 -0.0844276919653142 0.06382098376256118 -0.060760139358697 0.001904309355895582 0.3370303121755567
0.662 0.820024442276075 -0.0843909111128677 0.06416333383221051 -0.06031505802593057 0.002190488712323915 0.337032000133583
0.663 0.820615290862903 -0.08435395900883449 0.0645039515290695 -0.05986635541729513 0.002477350811871919 0.3370332282701364
0.664 0.821207750402576 -0.0843168345799768 0.06484279902834354 -0.05941402051423067 0.002764881315787491 0.3370340222882872
0.665 0.821801829447805 -0.0842795367435526 0.06517983817577609 -0.05895804076702913 0.003053103822225067 0.3370343534715089
0.666 0.8223975366205269 -0.08424206440720471 0.06551503117483416 -0.05849840366975892 0.003342048753829539 0.3370342605718997
0.667 0.822994880612668 -0.0842044164688492 0.06584833911557968 -0.05803509827922482 0.003631610631766171 0.3370336574315334
0.668 0.823593870186916 -0.084166591816562 0.06617972324864329 -0.05756811255424919 0.003921925839922149 0.337032591484613
0.669 0.824194514177496 -0.0841285893284633 0.06650914362132109 -0.05709743373268543 0.004212892997021492 0.3370310486016612
0.67 0.824796821490966 -0.0840904078726008 0.06683656003788732 -0.05662305175557592 0.00450455549195414 0.3370289173507786
0.671 0.825400801107019 -0.0840520463068314 0.06716193176605062 -0.05614495572904078 0.004797011730434294 0.3370264676947456
0.672 0.826006462079299 -0.0840135034787005 0.06748521825497775 -0.05566313324765072 0.005090135521394402 0.3370235198486994
0.673 0.826613813536225 -0.08397477822532021 0.06780637653008355 -0.05517757547669762 0.005383978845871063 0.337020077082528
0.674 0.827222864681829 -0.08393586937324519 0.06812536653870581 -0.05468826994406077 0.005678515519472528 0.3370161331105909
0.675 0.827833624796606 -0.083896775738347 0.06844214390180621 -0.05419520737489951 0.005973730875062148 0.3370116621953063
0.676 0.828446103238376 -0.0838574961256868 0.06875666634750404 -0.05369837777141911 0.006269712152845969 0.3370067132717065
0.677 0.829060309443158 -0.0838180293293854 0.06906888979304377 -0.05319777060579341 0.006566489169101404 0.3370012309378759
0.678 0.829676252926055 -0.0837783741324922 0.06937876919080775 -0.0526933770532369 0.006863956697109473 0.3369952633277084
0.679 0.830293943282155 -0.08373852930685149 0.06968626097314101 -0.05218518828479822 0.00716217432825254 0.3369888267787634
0.68 0.830913390187444 -0.0836984936129677 0.06999132074270987 -0.0516731923060963 0.007461138941120794 0.3369818784131513
0.681 0.831534603399728 -0.0836582657998671 0.0702939005242661 -0.05115738278287597 0.007760824768300756 0.3369743727369685
0.682 0.832157592759576 -0.08361784460495909 0.07059395454325799 -0.05063775204458097 0.008061259156016741 0.3369663501337479
0.683 0.8327823681912691 -0.08357722875389401 0.07089143605030557 -0.0501142894598543 0.008362439288318497 0.3369578054084923
0.684 0.8334089397037679 -0.0835364169604199 0.07118629789234244 -0.04958698873613784 0.008664366576104887 0.3369486777636806
0.685 0.834037317391696 -0.0834954079262361 0.07147849105069847 -0.0490558414575146 0.008967101533572688 0.3369390425795915
0.686 0.834667511436333 -0.08345420034084571 0.07176796822510787 -0.04852083984480072 0.009270613274131607 0.3369288564093137
0.687 0.835299532106619 -0.0834127928814042 0.07205467964329376 -0.04798197790105818 0.009574882691302855 0.3369181304885973
0.688 0.835933389760191 -0.0833711842125677 0.07233857425002941 -0.04743924839572876 0.009879941918569011 0.3369068620132092
0.689 0.836569094844411 -0.08332937298633709 0.07261960306236963 -0.04689264502673057 0.01018583766422427 0.3368950493755247
0.69 0.837206657897429 -0.08328735784190119 0.07289771468149187 -0.04634216141552288 0.01049248020866923 0.3368826594190519
0.691 0.837846089549249 -0.0832451374054762 0.07317285740973468 -0.04578779259428884 0.01079987989615818 0.3368696958468203
0.692 0.83848740052282 -0.08320271029014351 0.07344497936887353 -0.04522953303569157 0.01110809820680085 0.3368561558057023
0.693 0.839130601635139 -0.0831600750956852 0.07371402805940573 -0.04466737710790573 0.01141718645734563 0.3368419622219621
0.694 0.839775703798367 -0.0831172304084157 0.07397994912280703 -0.04410132065012785 0.01172704132501134 0.336827232075387
0.695 0.840422718020971 -0.0830741748010119 0.0742426886967804 -0.04353136065433704 0.01203770299356368 0.3368119356438893
0.696 0.841071655408875 -0.08303090683234091 0.07450219312773164 -0.04295749174707457 0.01234916782542508 0.336796059944076
0.697 0.841722527166635 -0.08298742504728369 0.07475840574036297 -0.04237971207358963 0.01266147371345054 0.3367795949742926
0.698 0.842375344598625 -0.0829437279765569 0.07501127120929008 -0.04179801841370189 0.012974602257656 0.3367625194774483
0.699 0.8430301191102459 -0.0828998141365322 0.07526073322843107 -0.0412124071446135 0.01328856441770646 0.3367448217420068
0.7 0.843686862209155 -0.08285568202905121 0.07550673483918525 -0.04062287779373969 0.01360329460472657 0.3367264944357429
0.701 0.844345585506508 -0.0828113301412394 0.07574921769817716 -0.04002942839052143 0.01391896578983669 0.3367075539243718
0.702 0.845006300718223 -0.08276675694531579 0.07598812274786861 -0.03943205769511384 0.01423553718516871 0.3366880314043472
0.703 0.8456690196662709 -0.0827219608983996 0.0762233918904305 -0.03883076550603146 0.01455291155582327 0.3366678265967474
0.704 0.84633375427997 -0.0826769404423143 0.07645496478765789 -0.03822555185416581 0.01487114300903332 0.3366469864324244
0.705 0.84700051659732 -0.082631694003388 0.07668278093503024 -0.03761641787383508 0.0151902425317881 0.336625520295752
0.706 0.847669318766342 -0.0825862199922513 0.07690677941969368 -0.03700336342140766 0.01551023185762042 0.3366033961543302
0.707 0.848340173046446 -0.08254051680363091 0.07712689774003588 -0.03638639046606787 0.01583108617958445 0.3365806163384767
0.708 0.84901309180982 -0.0824945828161404 0.07734307396506495 -0.03576550219440628 0.01615284321930022 0.3365571730351365
0.709 0.849688087542838 -0.08244841639206781 0.077555244879404 -0.03514070005554451 0.01647549403072038 0.3365330554882362
0.71 0.850365172847497 -0.0824020158771589 0.07776334596302186 -0.03451198864458069 0.01679905791281384 0.336508288833465
0.711 0.851044360442866 -0.082355379600398 0.07796731320315452 -0.03387937171567827 0.01712350181602744 0.3364828206375346
0.712 0.8517256631665689 -0.08230850587378399 0.07816708083466601 -0.03324285320818193 0.01744886397815754 0.3364566787300086
0.713 0.8524090939762879 -0.08226139299210319 0.07836258280715935 -0.03260243914113628 0.01777512407360801 0.3364298235694297
0.714 0.853094665951286 -0.0822140392326989 0.0785537526525601 -0.03195813503681339 0.01810231987320455 0.3364022804615455
0.715 0.853782392293958 -0.08216644285523619 0.07874052295612048 -0.03130994774656987 0.01843048139281761 0.3363740352259597
0.716 0.854472286331413 -0.082118602101463 0.07892282542313442 -0.03065788430476138 0.01875954972398303 0.3363450682220891
0.717 0.855164361517069 -0.0820705151949679 0.07910059091223442 -0.03000195321651428 0.01908953707961202 0.3363152673736953
0.718 0.855858631432287 -0.0820221803409328 0.07927374957468414 -0.0293421626180684 0.01942049585796578 0.3362848577136745
0.719 0.856555109788019 -0.0819735957258816 0.07944223152777194 -0.02867852255565914 0.01975240902727408 0.3362537090293681
0.72 0.857253810426497 -0.0819247595174256 0.07960596545621078 -0.0280110432361329 0.02008527480743334 0.3362218115799487
0.721 0.857954747322939 -0.08187566986400339 0.07976487925523791 -0.02733973611363036 0.02041911903792859 0.3361891658358186
0.722 0.858657934587287 -0.0818263248946164 0.07991890067696397 -0.02666461172444865 0.02075394672037563 0.3361557856177499
0.723 0.859363386465974 -0.0817767227185608 0.080067956085077 -0.02598568429815347 0.02108977682397805 0.3361216240674754
0.724 0.860071117343721 -0.0817268614251536 0.0802119714301352 -0.02530296625167965 0.02142656364682742 0.3360867259771206
0.725 0.860781141745364 -0.0816767390834551 0.0803508717961862 -0.02461647306952859 0.02176436210472137 0.3360509778087822
0.726 0.86149347433771 -0.08162635374198531 0.0804845813322239 -0.02392621950065366 0.02210315539327658 0.3360144980708046
0.727 0.862208129931424 -0.08157570342843699 0.0806130238333618 -0.02323222132617977 0.02244294888810188 0.3359772682328278
0.728 0.862925123482952 -0.0815247861493819 0.08073612224380899 -0.02253449691771689 0.02278378663733115 0.3359392048397078
0.729 0.863644470096473 -0.08147359988997351 0.0808537988098321 -0.02183306286914513 0.02312563528511926 0.3359003239377715
0.73 0.864366185025883 -0.08142214261364319 0.0809659741134795 -0.02112793986934086 0.02346852320020671 0.3358606310922581
0.731 0.8650902836768189 -0.0813704122617919 0.0810725685726701 -0.02041914674131881 0.02381246307118579 0.3358201247626634
0.732 0.865816781608709 -0.0813184067534761 0.0811735022562732 -0.01970670544503272 0.02415744216065503 0.3357787649396043
0.733 0.866545694536867 -0.0812661239850877 0.081268694822066 -0.01899063744560364 0.02450348363729403 0.3357365879291361
0.734 0.867277038334614 -0.0812135618300289 0.0813580636540243 -0.01827096690135455 0.02485058363661794 0.3356935654097465
0.735 0.868010829035445 -0.0811607181383813 0.0814415257892312 -0.01754771732208562 0.02519876711360794 0.3356496870110809
0.736 0.8687470828352311 -0.0811075907365678 0.0815189986053247 -0.01682091441438724 0.02554801898384435 0.3356049355949834
0.737 0.869485816094452 -0.0810541774270102 0.0815903975779959 -0.0160905853113758 0.0258983536304546 0.3355593054482063
0.738 0.870227045340482 -0.08100047598777919 0.0816556372431034 -0.01535675723210324 0.0262497890441605 0.3355128016111428
0.739 0.870970787269903 -0.0809464841722384 0.0817146329048701 -0.01461945955327523 0.02660234559864099 0.3354653972344979
0.74 0.871717058750868 -0.0808921997086825 0.0817672970938694 -0.01387872281670163 0.02695599234633977 0.3354171155734758
0.741 0.8724658768255 -0.0808376202999673 0.0818135427889747 -0.01313457816142566 0.02731067861918096 0.3353679766562843
0.742 0.873217258712339 -0.0807827436231351 0.0818532819259261 -0.01238705887195964 0.02766657143792545 0.335317838528615
0.743 0.873971221808825 -0.0807275673290309 0.0818864252983206 -0.01163619816778173 0.02802359559354272 0.3352667914218445
0.744 0.874727783693835 -0.080672089041913 0.0819128837855108 -0.01088203258400482 0.02838178879077839 0.3352147899994962
0.745 0.875486962130261 -0.08061630635905589 0.0819325669800203 -0.01012459875827745 0.02874114153072944 0.3351618404629041
0.746 0.876248775067632 -0.0805602168503456 0.081945382378155 -0.00936393480383169 0.02910166031667111 0.335107939584418
0.747 0.877013240644788 -0.0805038180578677 0.0819512385750523 -0.00860008099974327 0.02946335060528556 0.3350530745205967
0.748 0.877780377192602 -0.0804471074954875 0.0819500437277703 -0.007833077995280946 0.02982620839800017 0.3349972240759662
0.749 0.878550203236749 -0.0803900826484219 0.0819417031442475 -0.007062969135105998 0.03019027199741389 0.3349403859921973
0.75 0.879322737500528 -0.08033274097280391 0.08192612337203201 -0.006289798665123802 0.03055554860775028 0.3348825475997506
0.751 0.880097998907738 -0.0802750798952384 0.0819032079083104 -0.005513612622004073 0.03092204105101251 0.3348236842077804
0.752 0.8808760065856031 -0.08021709681234911 0.08187286215439001 -0.004734458680385554 0.03128970820805748 0.334744596904732
0.753 0.881656779867752 -0.08015878909031759 0.0818349889385653 -0.003952385589827627 0.0316587040349148 0.3346837421769927
0.754 0.88244033829726 -0.0801001540644128 0.0817894914622353 -0.003167445092391707 0.0320289371224502 0.3346218193176056
0.755 0.883226701629739 -0.0800411890385119 0.0817362707767338 -0.002379689082450942 0.03240042889379878 0.3345597607618504
0.756 0.884015889836491 -0.07998189128461138 0.0816752284792207 -0.001589173238821035 0.03277320061003491 0.3344948886697336
0.757 0.8848079231077171 -0.07992225804232933 0.0816062653487921 -0.0007959524226575816 0.0331472479856393 0.334429800842326
0.758 0.885602821855795 -0.07986228651839712 0.0815292801721513 -8.60012602035831e-8 0.03352257237393804 0.3343636392870708
0.759 0.88640060671861 -0.07980197388614174 0.0814441731554263 0.000798366413829566 0.03389877362775844 0.3343150542372288
0.76 0.887201298562952 -0.07974131728495766 0.0813508407912727 0.001599342902857733 0.03427662451347858 0.334246818476777
0.761 0.888004918487985 -0.07968031381976839 0.0812491823829333 0.00240277906357688 0.03465580537476492 0.3341772631415492
0.762 0.888811487828773 -0.07961896056047725 0.08113909425426501 0.003208609595214968 0.03503630013598619 0.3341065622498806
0.763 0.889621028159879 -0.07955725454140707 0.0810204725223782 0.004016765085038792 0.03541814258388751 0.3340347262269028
0.764 0.8904335612990339 -0.07949519276072894 0.0808932128745735 0.004827176328752559 0.03580134533841878 0.3339617263303661
0.765 0.891249109310882 -0.07943277217987942 0.0807572106880494 0.005639770276871795 0.03618590128325684 0.3338874453529297
0.766 0.892067694510783 -0.07936998972296533 0.0806123594397266 0.006454472851052914 0.03657198606225926 0.333808304880976
0.767 0.892889339468714 -0.07930684227615796 0.080458553562662 0.007271206808236431 0.03695912275028435 0.3337356184220144
0.768 0.893714067013225 -0.07924332668707322 0.0802956858217316 0.00808989255314373 0.03734789996632759 0.3336562280190205
0.769 0.894541900235487 -0.07917943976414012 0.080123649126688 0.00891044952452918 0.03773790729225127 0.3335787960458249
0.77 0.895372862493417 -0.0791151782759564 0.07994233558753045 0.00973279271227958 0.03812944147515979 0.3334985512329841
0.771 0.896206977415885 -0.07905053895063024 0.0797516351813798 0.01055683582136698 0.03852384293499827 0.3333950700635947
0.772 0.897044268907003 -0.07898551847510878 0.07955144076332406 0.01138248970818325 0.03891685182291907 0.3333342979319419
0.773 0.897884761150507 -0.07892011349449243 0.07934164214173532 0.01220966316741139 0.03931274710975187 0.3332502394284596
0.774 0.898728478614224 -0.07885432061133536 0.07912212791124049 0.01303826170740058 0.03971012209449664 0.3331644833086346
0.775 0.899575446054626 -0.07878813638493058 0.07889278979032378 0.0138681881088705 0.04010893659254881 0.3330781920207766
0.776 0.900425688521488 -0.07872155733058067 0.07865351523933594 0.01469934406818462 0.0405092879029289 0.3329901884535137
0.777 0.901279231362628 -0.07865457991885268 0.07840419315939061 0.0155316254681601 0.04091111231775092 0.3329008249830517
0.778 0.902136100228756 -0.07858720057481713 0.0781447125777454 0.01636492766113981 0.04131449885343684 0.3328101116130053
0.779 0.902996321078419 -0.07851941567727137 0.07787496074992212 0.01719914264421462 0.04171943288201683 0.3327180110374782
0.78 0.9038599201830469 -0.07845122155794559 0.07759482561443319 0.0180341587329941 0.04212598026811237 0.3326237886198151
0.781 0.904726924132109 -0.07838261450069224 0.0773041946817856 0.01886986140942467 0.04253396148414385 0.3325296315055116
0.782 0.905597359838372 -0.07831359074065773 0.07700295480873777 0.01970613432250055 0.04294358699615557 0.3324333326900697
0.783 0.906471254543277 -0.07824414646343626 0.0766909927570792 0.02054285592339565 0.04335482142447123 0.3323355653982492
0.784 0.907348635822425 -0.07817427780420479 0.07636819549457645 0.02137990268801982 0.04376767203797798 0.3322363385986764
0.785 0.908229531591179 -0.07810398084684018 0.0760344494872119 0.02221714756097484 0.04418215165592786 0.3321355961123648
0.786 0.909113970110387 -0.07803325162301537 0.0756896415147239 0.02305445997309338 0.04459913939378706 0.3320261081453804
0.787 0.910001979992233 -0.07796208611127688 0.07533365833189045 0.0238917064130051 0.04501605135746383 0.3319297262814674
0.788 0.910893590206204 -0.07789048023610139 0.07496638558029063 0.02472874855998802 0.04543551763226787 0.33182446893486
0.789 0.911788830085193 -0.0778184298669307 0.07458771017135537 0.02556544597971675 0.04585667011215842 0.3317176651057976
0.79 0.912687729331737 -0.07774593081718642 0.07419751826941687 0.02640165360017066 0.0462795278025348 0.3316092959567269
0.791 0.9135903180243869 -0.07767297884326137 0.07379569827864375 0.02723722370761937 0.04670560540618079 0.3314885568719547
0.792 0.914496626624218 -0.07759956964348833 0.07338213485407228 0.02807200320602176 0.04713044476833977 0.3313877500239093
0.793 0.915406685981484 -0.07752569885708578 0.07295671758811966 0.02890583658295053 0.04755928184736669 0.331269079593197
0.794 0.916320527342426 -0.0774513620630798 0.07251933213432753 0.02973856387638967 0.04798861594992526 0.3311578390342362
0.795 0.917238182356221 -0.07737655477920015 0.07206986685472533 0.03057002006038795 0.0484199999535436 0.3310431432699898
0.796 0.9181596830820959 -0.07730127246075229 0.07160821103112185 0.03140003802923074 0.04885346231385357 0.330924912590896
0.797 0.919085061996597 -0.07722551049946239 0.07113425270936576 0.03222844451569742 0.04928986741994434 0.3307980864935781
0.798 0.920014352001028 -0.07714926422229595 0.07064788169530716 0.03305506364429011 0.04972601907001434 0.3306826643049405
0.799 0.9209475864290509 -0.07707252889024858 0.07014898775885198 0.03387971337586252 0.05016867323472116 0.3305376479345129
0.8 0.921884799054467 -0.07699529969710874 0.06963746220094813 0.03470220891303788 0.05060964550286864 0.3304125051758163
0.801 0.922826024099172 -0.07691757176819077 0.06911319731979764 0.03552236033706538 0.05104867357399671 0.3303075041700591
0.802 0.9237712962412979 -0.07683934015903866 0.06857608405124958 0.03633997290756279 0.05149382691749867 0.3301763483781485
0.803 0.924720650623543 -0.07676059985409828 0.06802601797377626 0.03715484692311053 0.05194008873052725 0.3300480366750698
0.804 0.925674122861692 -0.07668134576535823 0.06746289230426791 0.03796677874121613 0.05238874008097798 0.3299154522733816
0.805 0.926631749053345 -0.07660157273095786 0.06688660316747004 0.03877555898345795 0.05284081419305239 0.3297734274684228
0.806 0.927593565786839 -0.076521275513762 0.06629704783164679 0.0395809744261126 0.05329307204318816 0.3296391499309584
0.807 0.928559610150394 -0.07644044879990036 0.06569412526804522 0.04038280535304706 0.05374667857472854 0.32950619311743
0.808 0.929529919741467 -0.0763590871972723 0.06507773492157812 0.04118082806958385 0.05420647287364876 0.3293507589551063
0.809 0.930504532676334 -0.07627718523401396 0.06444777799409446 0.04197481276997517 0.05466448177235007 0.3292125093570276
0.81 0.9314834875999 -0.0761947373569285 0.06380415872743645 0.04276452546747413 0.05512309560180587 0.3290791229980048
0.811 0.93246682369575 -0.07611173792987662 0.06314678198569672 0.04354972557109845 0.05558608898058895 0.3289326490786102
0.812 0.9334545806964371 -0.07602818123212789 0.0624755541861711 0.0443301677294515 0.05605125077699574 0.3287841351513242
0.813 0.934446798894031 -0.07594406145666992 0.0617903850546848 0.04510560081513902 0.05651867405298528 0.3286329165523623
0.814 0.9354435191509159 -0.07585937270847587 0.06109118522374018 0.04587576693519807 0.05698806945530196 0.3284806899430588
0.815 0.936444782910862 -0.0757741090027275 0.06037787024800531 0.04664040460804239 0.057459753143055 0.3283256681399087
0.816 0.937450632210366 -0.07568826426299356 0.05965035454142974 0.04739924457939501 0.05793367823503521 0.3281685897759105
0.817 0.93846110969028 -0.07560183231936125 0.05890855782368202 0.04815201253073334 0.0584099012405969 0.3280091921026757
0.818 0.939476258607728 -0.07551480690652002 0.05815240141716041 0.04889842748857282 0.05888839375977489 0.3278475147401762
0.819 0.940496122848322 -0.07542718166179554 0.05738181046712921 0.0496382027556792 0.05936922036589137 0.3276834442731398
0.82 0.941520746938691 -0.07533895012313324 0.05659671261935475 0.05037104501002433 0.05985235016895488 0.3275172081973152
0.821 0.942550176059328 -0.07525010572702863 0.05579703864813219 0.05109665484628474 0.06033786996835681 0.3273485191882012
0.822 0.943584456057765 -0.07516064180640356 0.0549827245148891 0.05181472664534102 0.06082578116396055 0.327177433937816
0.823 0.944623633462087 -0.07507055158842658 0.05415370766841 0.0525249470420135 0.06131614203296732 0.3270038243053074
0.824 0.945667755494801 -0.07497982819227547 0.05330993102209814 0.05322699720926862 0.06181309800820848 0.3268122909899745
0.825 0.946716870087057 -0.07488846462683982 0.05245134046286241 0.05392055129612547 0.0623041665837088 0.3266494205115127
0.826 0.947771025893253 -0.07479645378836269 0.05157788718344306 0.05460527611166417 0.06280193261191805 0.3264683852175865
0.827 0.948830272306016 -0.07470378845801764 0.05068952650301344 0.05528083200834381 0.06330224133591138 0.3262847620953279
0.828 0.949894659471582 -0.07461046129942127 0.04978621854204707 0.05594687226320749 0.06380510060937807 0.3260985153266144
0.829 0.950964238305588 -0.0745164648560772 0.04886792776001258 0.05660304273138684 0.06431057610203951 0.3259096232784789
0.83 0.952039060509288 -0.07442179154874969 0.04793462657194655 0.05724898233650006 0.06481867736840827 0.3257180360698439
0.831 0.953119178586201 -0.07432643367276624 0.04698628892878231 0.05788432249323668 0.06532941628476388 0.3255237479262315
0.832 0.9542046458592141 -0.0742303833952434 0.04602289752988511 0.05850868700646337 0.06584935450495943 0.3253051795519025
0.833 0.955295516488156 -0.07413363275223728 0.04504444050264558 0.0591216928560592 0.06635904848086782 0.3251266739823091
0.834 0.956391845487841 -0.07403617364581216 0.04405091191448792 0.05972294926720274 0.06687798405550048 0.3249238607209025
0.835 0.957493688746626 -0.07393799784102829 0.04304231138291571 0.0603120566610129 0.06739970823793366 0.3247181437941802
0.836 0.95860110304547 -0.07383909696284247 0.04201864880203305 0.06088861020666272 0.06792427402514999 0.3245094644466385
0.837 0.959714146077532 -0.07373946249292158 0.04097993867454389 0.06145219521532041 0.06845169795354566 0.3242977890224703
0.838 0.960832876468323 -0.07363908576636348 0.03992620355615253 0.06200238915895458 0.06898412143514925 0.3240767103127132
0.839 0.961957353796418 -0.0735379579683242 0.03885747405416848 0.06253876301232331 0.0695152918622975 0.3238652386312118
0.84 0.963087638614765 -0.07343607013054615 0.03777379004631464 0.06306087883466171 0.07005153362898486 0.3236442688195778
0.841 0.964223792472603 -0.07333341312778556 0.03667519922265417 0.06356828985947807 0.07059079248888513 0.3234200968981762
0.842 0.965365877938011 -0.07322997767413451 0.03556175829906272 0.06406054417063046 0.07113310570560259 0.3231926689644757
0.843 0.966513958621104 -0.07312575431923413 0.03443353385782161 0.06453717797687947 0.07167849616883863 0.3229619684952003
0.844 0.967668099197918 -0.07302073344437492 0.03329060206673226 0.0649977215948776 0.07222702993571435 0.3227278974181413
0.845 0.968828365434985 -0.07291490525848063 0.03213305031559621 0.06544169712004264 0.07277877285132915 0.3224903215425196
0.846 0.969994824214638 -0.07280825979397072 0.0309609750106047 0.06586861723680901 0.07333370078847019 0.3222494367135639
0.847 0.971167543561072 -0.07270078690249726 0.0297744861763436 0.06627798811598103 0.07389190167009975 0.3220049618462702
0.848 0.972346592667174 -0.07259247625055175 0.02857370306247761 0.06666930554945781 0.07445912014962629 0.3217416841956831
0.849 0.973532041922176 -0.07248331731493705 0.02735875892690109 0.06704206005494989 0.07501823526366548 0.3215052077421673
0.85 0.974723962940131 -0.07237329937809917 0.02612979879162133 0.06739573120044673 0.07558646386882453 0.3212498048493301
0.851 0.97592242858927 -0.07226241152331399 0.02488698134112166 0.06772979139218574 0.07615815241683166 0.3209906461865677
0.852 0.977127513022252 -0.0721506426297225 0.02363047897393363 0.06804370482066218 0.07673333349451451 0.3207276288644711
0.853 0.978339291707353 -0.07203798136721053 0.02236047823734681 0.06833692823400888 0.07731204061730734 0.3204607477768219
0.854 0.979557841460628 -0.07192441619112495 0.0210771802791985 0.06860891008380383 0.07789433869993814 0.3201898861603635
0.855 0.9807832404790769 -0.07180993533682198 0.01978080278707173 0.06885909028298452 0.07848027903574283 0.3199149875190206
0.856 0.982015568374857 -0.07169452681403918 0.01847157864352272 0.06908690149189677 0.07907597368146814 0.3196213894333174
0.857 0.983254906210585 -0.07157817840108603 0.0171497577828988 0.06929176858729667 0.07966327038808128 0.3193528333213173
0.858 0.984501336535768 -0.07146087763884466 0.01581560740175674 0.06947310836983879 0.08026145612181142 0.3190629797975058
0.859 0.9857549434244059 -0.07134261182457359 0.01446941336532013 0.06963033173296397 0.08086143508088631 0.318773634223829
0.86 0.987015812513811 -0.07122336800550702 0.01311147916494679 0.06976283987476716 0.08146641726613564 0.3184774110604976
0.861 0.988284031044705 -0.07110313297224082 0.01174212921230275 0.0698700295217377 0.08207527492929138 0.3181768420062487
0.862 0.9895596879026251 -0.07098189325189695 0.0103617074729096 0.06995128874258121 0.08269204031256677 0.3178628495999656
0.863 0.990842873660711 -0.07085963510105713 0.00897057883572462 0.07000599941135866 0.08330515625890214 0.3175617187317438
0.864 0.9921336806239071 -0.07073634449845617 0.007569130475722417 0.07003353804405741 0.08393343218680774 0.3172315172092461
0.865 0.993432202874666 -0.07061200713742594 0.006157771384484154 0.0700332742744585 0.08455162782366857 0.316927666717027
0.866 0.994738536320189 -0.07048660841807732 0.004736934798390401 0.07000457180297652 0.08518124184292333 0.3166032243529904
0.867 0.9960527787412849 -0.07036013343921248 0.003307078951478515 0.06994679013335675 0.08581512807592773 0.3162739469969252
0.868 0.9973750298428991 -0.07023256698995248 0.001868685181138863 0.06985928273314485 0.08645345740415586 0.3159394595940624
0.869 0.998705391306402 -0.07010389354107104 0.0004222635336936592 0.0697413999835518 0.08709622710006101 0.3155997445220184
0.87 1.000043966843698 -0.06997409723601993 -0.001031650776022848 0.06959248561798481 0.08774356227969904 0.315254738684177
0.871 1.001390862253233 -0.06984316188163374 -0.002492493581005705 0.06941188352927369 0.08839551501186956 0.3149043290626273
0.872 1.002746185477993 -0.06971107093849938 -0.003959671912471305 0.0691989316423224 0.08906175220279202 0.3145292373207378
0.873 1.004110046665565 -0.06957780751097577 -0.005432561834270633 0.06895296824362536 0.08971353285894114 0.3141868439148113
0.874 1.005482558230366 -0.06944335433684889 -0.00691051039810284 0.06867332719457472 0.09037975493712705 0.3138195440394675
0.875 1.006863834918126 -0.0693076937766044 -0.008392830446735 0.06835934294282675 0.09105087360269344 0.3134463950328564
0.876 1.008253993872724 -0.06917080780230267 -0.00987880167779047 0.06801035169005871 0.09172700318480325 0.3130672544391685
0.877 1.00965315470549 -0.06903267798603598 -0.01136767048664102 0.0676256871545562 0.09240816991006486 0.3126820276671685
0.878 1.011061439567083 -0.06889328548795092 -0.0128586471041015 0.06720468573534899 0.09309452441914874 0.312290576064377
0.879 1.012478973222055 -0.06875261104381435 -0.01435090433623102 0.06674668806897356 0.09378611030808452 0.3118927917761217
0.88 1.013905883126228 -0.06861063495210256 -0.01584357857105562 0.06625103600262189 0.09449116500364289 0.3114736332335533
0.881 1.015342299507024 -0.06846733706059128 -0.01733576538678556 0.06571707946695592 0.09518552969649156 0.3110775338807469
0.882 1.016788355446871 -0.06832269675242242 -0.01882652105843605 0.06514417012659028 0.09589332505908183 0.3106599547764138
0.883 1.018244186969836 -0.0681766929316233 -0.02031486025942736 0.06453167065860672 0.09660676978465084 0.3102353848285566
0.884 1.019709933131644 -0.06802930400805173 -0.02179975351857045 0.06387895033838277 0.09732592714296014 0.3098037425317396
0.885 1.021185736113236 -0.06788050788173928 -0.02328012885950235 0.06318539008806392 0.09805071394043616 0.3093649352636817
0.886 1.02267174131804 -0.06773028192660369 -0.02475486744046195 0.06245038120367892 0.09878155062394431 0.308918723509543
0.887 1.024168097473141 -0.06757860297349798 -0.02622280402214694 0.06167332948485561 0.09951838254147422 0.3084649877912094
0.888 1.025674956734537 -0.06742544729256537 -0.02768272486976328 0.06085365679189325 0.1002613409999237 0.3080035558316223
0.889 1.02719247479668 -0.06727079057486386 -0.02913336700580346 0.0599907991005454 0.1010105260269375 0.3075342418937577
0.89 1.028720811006527 -0.06711460791322357 -0.03057341694283289 0.05908421638295072 0.1017660381331727 0.3070568646321549
0.891 1.030260128482319 -0.06695687378229874 -0.03200150824638689 0.05813338549172579 0.1025283615402054 0.3065706204641229
0.892 1.031810594237335 -0.06679756201777116 -0.03341622087328574 0.05713781125005561 0.1032964839883643 0.3060772498172127
0.893 1.03337237930887 -0.06663664579466345 -0.03481608018300625 0.05609702117133505 0.1040716936362198 0.3055745830873576
0.894 1.034945658892722 -0.06647409760471257 -0.0361995552277035 0.055010576268341 0.1048542346355934 0.305062264727399
0.895 1.03653061248346 -0.06630988923275698 -0.03756505704492335 0.05387806382080326 0.1056431745602286 0.304541685109409
0.896 1.038127424020785 -0.06614399173208173 -0.03891093876386332 0.05269911165879351 0.1064478523040852 0.3039985046021885
0.897 1.039736282042321 -0.06597637539866779 -0.04023549321473403 0.05147338302907016 0.1072419451173 0.3034732799122579
0.898 1.041357379843163 -0.06580700974428487 -0.0415369511339848 0.05020058389776438 0.1080525069211994 0.302924263039321
0.899 1.042990915642563 -0.06563586346836368 -0.0428134807249945 0.04888046232217945 0.1088705470780893 0.3023652613121619
0.9 1.044637092758146 -0.06546290442858151 -0.0440631884603226 0.04751282049318589 0.1096962170433717 0.3017960740644403
0.9001 1.044802413726371 -0.06544550755924787 -0.04418660928284074 0.04737343694507139 0.1097792082702935 0.3017385858870162
0.9002 1.044967863400787 -0.06542809219936911 -0.04430974036069758 0.04723357534477287 0.1098622748932996 0.3016809894424385
0.9003 1.0451334419935 -0.06541065831535001 -0.04443257935909314 0.04709323761402818 0.1099546462290232 0.3016096865529262
0.9004 1.04529914971717 -0.06539320587350465 -0.04455512487928923 0.04695242230284973 0.1100377471698764 0.3015519917524145
0.9005 1.045464986785007 -0.06537573484005511 -0.04467737438765101 0.04681113086208774 0.1101118654781052 0.3015076172055028
0.9006 1.045630953410778 -0.06535824518113216 -0.04479932629683506 0.04666936130534399 0.1101952066470943 0.3014496520471684
0.9007 1.045797049808807 -0.06534073686277431 -0.0449209783200989 0.04652711475607719 0.1102786678053664 0.3013915284277677
0.9008 1.045963276193975 -0.06532320985092741 -0.04504232807602432 0.04638439067084001 0.1103633572296575 0.3013316104408892
0.9009 1.046129632781726 -0.06530566411144484 -0.04516337460978319 0.0462411893283917 0.1104458213164017 0.3012749640076025
0.901 1.046296119788065 -0.06528809961008673 -0.04528411477049508 0.04609750972818335 0.1105295163400022 0.3012165181694648
0.9011 1.046462737429562 -0.06527051631251958 -0.04540454715602352 0.04595335275610117 0.1106132914988062 0.3011579670130648
0.9012 1.046629485923355 -0.06525291418431629 -0.04552466980621167 0.04580871909301587 0.1107063954109923 0.3010858040496253
0.9013 1.046796365487151 -0.0652352931909554 -0.04564447954548982 0.04566360660315231 0.1107810874398797 0.3010405412611799
0.9014 1.046963376339227 -0.06521765329782124 -0.0457639750254789 0.04551801605470033 0.1108651413518005 0.3009816106403749
0.9015 1.047130518698432 -0.06519999447020279 -0.04588315476132278 0.0453719486576086 0.1109491992607339 0.3009226853089036
0.9016 1.047297792784194 -0.06518231667329434 -0.04600201616889272 0.0452254033072927 0.1110339100486486 0.3008628152961708
0.9017 1.047465198816514 -0.06516461987219424 -0.04612055633110693 0.04507837902792312 0.1111176276222996 0.3008043903276348
0.9018 1.047632737015974 -0.0651469040319051 -0.04623877460501435 0.04493087776319602 0.1112019619118812 0.3007450787413849
0.9019 1.047800407603739 -0.06512916911733319 -0.04635666826132089 0.04478289842663613 0.1112863783716759 0.3006856591030749
0.902 1.047968210801554 -0.06511141509328811 -0.04647423478432186 0.0446344412766275 0.1113801366141064 0.3006127093058218
0.9021 1.048136146831754 -0.06509364192448266 -0.04659147258995842 0.04448550553620844 0.111455451384397 0.3005664892726481
0.9022 1.048304215917258 -0.06507584957553205 -0.04670837905536683 0.0443360925210233 0.1115420988727448 0.3005038561970601
0.9023 1.048472418281576 -0.06505803801095391 -0.04682495255805704 0.04418620150240984 0.1116248473369798 0.3004468741340984
0.9024 1.04864075414881 -0.0650402071951677 -0.04694119108722566 0.04403583318514254 0.1117096713459444 0.3003869041668301
0.9025 1.048809223743658 -0.06502235709249455 -0.04705709183762299 0.04388498674152296 0.1117946162968185 0.300326763457821
0.9026 1.048977827291413 -0.06500448766715676 -0.04717265260412889 0.04373366113634073 0.1118795562681685 0.3002666202425082
0.9027 1.049146565017965 -0.06498659888327727 -0.04728787204319278 0.04358185896498728 0.1119646286991033 0.3002063049860884
0.9028 1.049315437149807 -0.06496869070487971 -0.0474027476733667 0.0434295799677195 0.1120590511548651 0.3001325659256361
0.9029 1.049484443914034 -0.06495076309588759 -0.04751727689749204 0.043276821452299 0.1121350008457496 0.3000853654734622
0.903 1.049653585538347 -0.06493281602012422 -0.04763145819990014 0.04312358671427635 0.1122203156244147 0.3000247241725711
0.9031 1.049822862251053 -0.06491484944131232 -0.04774528832399394 0.04296987425077857 0.1123057133671515 0.299963965534142
0.9032 1.049992274281071 -0.06489686332307345 -0.04785876579282703 0.04281568428126641 0.1123911943718059 0.2999030944032305
0.9033 1.050161821857929 -0.06487885762892764 -0.04797188906789435 0.04266101590293234 0.1124767505538178 0.2998421093896855
0.9034 1.05033150521177 -0.06486083232229327 -0.04808465499779191 0.04250587152646435 0.1125624136232081 0.2997809884844023
0.9035 1.050501324573355 -0.06484278736648637 -0.04819706119925826 0.04235024917654711 0.1126481189546059 0.2997197969894135
0.9036 1.050671280174062 -0.06482472272472056 -0.04830910630538011 0.04219415038077249 0.1127432255162113 0.2996452250228703
0.9037 1.05084137224589 -0.06480663836010649 -0.04842078713703208 0.04203757414577193 0.1128198256379115 0.2995970280892762
0.9038 1.051011601021463 -0.06478853423565107 -0.04853210273079894 0.04188052115930934 0.1129082932098954 0.2995319287336793
0.9039 1.051181966734027 -0.06477041031425794 -0.04864304964621479 0.04172299169562094 0.1129918599915997 0.2994738057239435
0.904 1.05135246961746 -0.06475226655872644 -0.0487536259684963 0.04156498591816447 0.113078008812129 0.2994120187386745
0.9041 1.051523109906268 -0.06473410293175118 -0.04886382986942131 0.04140650361758 0.1131642391827748 0.2993501169008764
0.9042 1.051693887835589 -0.06471591939592207 -0.04897365809869871 0.04124754423624834 0.1132505467520086 0.2992880905153908
0.9043 1.051864803641197 -0.06469771591372354 -0.04908311008991488 0.04108811026669584 0.1133369469861017 0.2992259581303498
0.9044 1.052035857559503 -0.06467949244753445 -0.04919218133124828 0.0409281986555572 0.1134327338698545 0.2991505416478877
0.9045 1.052207049827558 -0.06466124895962726 -0.04930087181625954 0.04076781219372426 0.1135099921840796 0.2991013343139751
0.9046 1.052378380683054 -0.0646429854121682 -0.04940917731379288 0.04060695026078353 0.1135966398385102 0.2990388492759816
0.9047 1.052549850364329 -0.0646247017672162 -0.0495170969735325 0.04044561256138884 0.1136833734441656 0.2989762438823601
0.9048 1.052721459110366 -0.0646063979867232 -0.04962462751206972 0.04028379993077474 0.1137701978822391 0.2989135192881341
0.9049 1.052893207160797 -0.06458807403253314 -0.04973176704968035 0.04012151228332702 0.1138571035254355 0.2988506799406458
0.905 1.053065094755908 -0.06456972986638172 -0.04983851374741696 0.03995875012889195 0.1139440970856862 0.2987877240177565
0.9051 1.053237122136638 -0.0645513654498963 -0.04994486463020803 0.03979551323624201 0.1140311787108166 0.298724646611553
0.9052 1.053409289544581 -0.06453298074459513 -0.05005081725556686 0.03963180209228202 0.1141276689541507 0.2986483754059885
0.9053 1.053581597221994 -0.06451457571188685 -0.05015636915411759 0.03946761665436865 0.1142070378784358 0.298596110680815
0.9054 1.05375404541179 -0.06449615031307053 -0.05026151907155358 0.03930295765589915 0.1142965180716647 0.2985296825427637
0.9055 1.05392663435755 -0.06447770450933474 -0.05036626354912 0.03913782541378357 0.1143803679306678 0.2984711286572926
0.9056 1.054099364303521 -0.06445923826175752 -0.05047060077776271 0.03897221891915732 0.1144678712654018 0.2984074513422046
0.9057 1.054272235494617 -0.06444075153130574 -0.05057452828004811 0.03880614014608847 0.1145554741680708 0.2983436516031737
0.9058 1.054445248176426 -0.06442224427883463 -0.05067804350753356 0.03863958859676317 0.1146431578976437 0.2982797294846302
0.9059 1.054618402595209 -0.06440371646508759 -0.05078114404191454 0.03847256422013924 0.1147309301892903 0.2982156847477453
0.906 1.054791698997903 -0.06438516805069545 -0.05088382796558239 0.03830506823669691 0.1148281299218533 0.2981385348275836
0.9061 1.054965137632125 -0.06436659899617636 -0.05098609232602187 0.03813710001391025 0.1149067403771701 0.2980872318144671
0.9062 1.055138718746173 -0.06434800926193502 -0.05108793553696573 0.03796866024766743 0.1149947749813421 0.2980228233246676
0.9063 1.055312442589031 -0.06432939880826261 -0.05118935404687095 0.03779974975490157 0.1150829045966147 0.2979582836796591
0.9064 1.055486309410367 -0.06431076759533578 -0.05129034666987566 0.03763036919302722 0.1151711180155032 0.2978936413610096
0.9065 1.055660319460543 -0.06429211558321715 -0.0513909097894886 0.03746051668851435 0.1152594144815261 0.2978288601948285
0.9066 1.055834472990608 -0.06427344273185371 -0.05149104194409977 0.03729019502414701 0.1153478055186051 0.2977639583750378
0.9067 1.05600877025231 -0.0642547490010773 -0.05159073988649448 0.03711940224080601 0.1154460536079154 0.2976854346498287
0.9068 1.056183211498092 -0.06423603435060365 -0.05169000181093947 0.0369481416277077 0.1155346253958423 0.297620294782175
0.9069 1.056357796981098 -0.06421729874003215 -0.05178882481288822 0.03677641125461434 0.115613505297697 0.2975684986728211
0.907 1.056532526955175 -0.06419854212884535 -0.05188720752448399 0.03660421313197188 0.1157022535228977 0.2975031020411086
0.9071 1.056707401674876 -0.06417976447640841 -0.05198514588440126 0.03643154582570574 0.1157911259261184 0.2974375197610769
0.9072 1.05688242139546 -0.06416096574196878 -0.0520826382931374 0.03625841093066311 0.1158801531388242 0.2973717246020489
0.9073 1.057057586372899 -0.06414214588465561 -0.05217968260156054 0.03608480917315022 0.1159691065626271 0.2973060307693764
0.9074 1.057232896863878 -0.06412330486347955 -0.05227627505389096 0.03591074015020679 0.1160626893310105 0.2972339927135214
0.9075 1.057408353125799 -0.06410444263733178 -0.05237241462185232 0.03573620430468949 0.1161473216541867 0.2971742047229752
0.9076 1.057583955416782 -0.06408555916498399 -0.05246809837500645 0.0355612032579375 0.116246398558296 0.2970946550642012
0.9077 1.05775970399567 -0.06406665440508798 -0.05256332273076034 0.03538573570749673 0.1163273177721659 0.2970399293735783
0.9078 1.05793559912203 -0.06404772831617454 -0.05265808665493444 0.03520980334216233 0.1164154473667166 0.2969753395477167
0.9079 1.058111641056156 -0.06402878085665376 -0.05275238749863788 0.03503340675071763 0.1165050439233602 0.2969087439764009
0.908 1.058287830059074 -0.06400981198481408 -0.05284622176895686 0.03485654569458515 0.1165946549264682 0.2968421240675258
0.9081 1.058464166392541 -0.06399082165882197 -0.05293958755140218 0.03467922052620618 0.1166843902857864 0.2967753227646769
0.9082 1.058640650319052 -0.06397180983672128 -0.05303248229148317 0.03450143336683032 0.1167745091107607 0.2967080065219069
0.9083 1.05881728210184 -0.06395277647643306 -0.05312490327966499 0.03432318267134498 0.1168735207192986 0.296628599594494
0.9084 1.05899406200488 -0.06393372153575486 -0.05321684771220458 0.03414447004663509 0.116963961350247 0.2965608407987456
0.9085 1.059170990292889 -0.06391464497236012 -0.0533083143945464 0.03396529633446396 0.1170443033450515 0.2965067726918902
0.9086 1.059348067231336 -0.06389554674379804 -0.05339929913004442 0.03378566184719078 0.1171344682084823 0.2964393765130384
0.9087 1.059525293086438 -0.06387642680749278 -0.05348980000561721 0.03360556586933419 0.1172247546451832 0.2963717887056399
0.9088 1.059702668125164 -0.06385728512074309 -0.05357981427697267 0.0334250107319787 0.1173151555965548 0.2963040596478805
0.9089 1.059880192615242 -0.06383812164072173 -0.05366933962670684 0.03324399656141383 0.117405617421135 0.2962362362222936
0.909 1.060057866825157 -0.06381893632447522 -0.05375837328428745 0.03306252324744163 0.117496183541756 0.2961682583315965
0.9091 1.060235691024156 -0.06379972912892279 -0.05384691304172506 0.03288059258323536 0.1175868488083167 0.2961001489033813
0.9092 1.060413665482254 -0.06378050001085667 -0.05393495536794937 0.0326982036309016 0.1176874200081159 0.2960186970701686
0.9093 1.060591790470231 -0.06376124892694052 -0.05402249908386514 0.03251535920556702 0.1177701696288147 0.2959612291880966
0.9094 1.060770066259641 -0.06374197583371028 -0.0541095405164585 0.03233205731912062 0.1178593933431352 0.2958950299012017
0.9095 1.060948493122808 -0.06372268068757228 -0.05419607670148453 0.03214830046127925 0.1179504317385566 0.2958263836837793
0.9096 1.061127071332838 -0.06370336344480361 -0.05428210635832641 0.03196408902244197 0.1180415643942293 0.295757605924092
0.9097 1.061305801163615 -0.06368402406155139 -0.05436762530350704 0.03177942230139735 0.1181328231033816 0.2956886379834618
0.9098 1.061484682889806 -0.06366466249383203 -0.05445263170521606 0.03159430337142621 0.1182242630010597 0.2956194348536464
0.9099 1.061663716786865 -0.063645278697531 -0.0545371232127816 0.03140873027325286 0.118315518847661 0.2955504580811013
0.91 1.061842903131035 -0.0636258726284021 -0.05462109733419833 0.03122270674876773 0.1184168625351139 0.295468025157753
0.9101 1.062022242199353 -0.06360644424206705 -0.05470455003902791 0.03103623113838188 0.1184986398432778 0.2954116856371748
0.9102 1.062201734269651 -0.06358699349401482 -0.05478747992594768 0.03084930527853657 0.1185906466630688 0.2953416921125314
0.9103 1.06238137962056 -0.06356752033960136 -0.05486988410639563 0.03066192883978181 0.1186821382610992 0.2952723648368851
0.9104 1.062561178531513 -0.06354802473404868 -0.0549517592903365 0.03047410315245447 0.1187740330292691 0.2952024975292282
0.9105 1.062741131282748 -0.06352850663244451 -0.05503310337332711 0.03028582996977779 0.1188660244700442 0.2951324925529434
0.9106 1.062921238155313 -0.063508965989742 -0.05511391349870488 0.03009710846789146 0.1189581081308227 0.2950623487481026
0.9107 1.063101499431066 -0.06348940276075854 -0.05519418707511887 0.02990794100328853 0.1190502962920926 0.2949920709563671
0.9108 1.063281915392682 -0.06346981690017599 -0.05527392079470527 0.02971832714273828 0.119152414999852 0.2949086208522604
0.9109 1.063462486323651 -0.0634502083625395 -0.0553531130888086 0.02952826795680787 0.119239076091141 0.2948456390221024
0.911 1.063643212508288 -0.06343057710225725 -0.05543176002135199 0.02933776482191386 0.1193274251512294 0.2947803916679763
0.9111 1.06382409423173 -0.06341092307359981 -0.05550986007011154 0.0291468178330654 0.1194199940648274 0.2947095536485695
0.9112 1.064005131779945 -0.06339124623069963 -0.05558740920569747 0.02895542838638269 0.1195126610162735 0.2946385767874012
0.9113 1.06418632543973 -0.06337154652755038 -0.05566440602876876 0.02876359707561333 0.1196054268862451 0.2945674568222776
0.9114 1.064367675498716 -0.06335182391800654 -0.05574084684858176 0.02857132513158631 0.1196982906661508 0.2944961960659838
0.9115 1.064549182245376 -0.06333207835578274 -0.05581672835419957 0.0283786130245924 0.1197935297460291 0.2944217947317646
0.9116 1.06473084596902 -0.06331230979445292 -0.0558920491067661 0.02818546131843818 0.1198941556525959 0.2943403026001981
0.9117 1.064912666959806 -0.06329251818745042 -0.05596680584923584 0.02799187238180364 0.1199801010911285 0.2942780906085357
0.9118 1.065094645508739 -0.06327270348806669 -0.05604099644340362 0.02779784548864805 0.1200715042329288 0.2942086910323335
0.9119 1.065276781907675 -0.06325286564945118 -0.05611461678810001 0.02760338250338773 0.1201640746669102 0.2941377437143458
0.912 1.065459076449326 -0.06323300462461042 -0.05618766477482139 0.0274084841017878 0.120257533999292 0.2940656202578391
0.9121 1.065641529427263 -0.06321312036640779 -0.05626013769442494 0.02721315163015428 0.1203510901042329 0.2939933646300724
0.9122 1.065824141135918 -0.06319321282756263 -0.05633203314755507 0.02701738560174401 0.1204455144881527 0.2939199577938716
0.9123 1.066006911870589 -0.06317328196064982 -0.05640334683357561 0.02682118624060941 0.1205483535092929 0.2938355455322068
0.9124 1.066189841927443 -0.06315332771809898 -0.0564740773351493 0.02662455693887284 0.1206422088069742 0.293762858499572
0.9125 1.066372931603519 -0.06313335005219411 -0.05654422199136956 0.0264274974283077 0.1207274512026751 0.2937013763308065
0.9126 1.066556181196733 -0.06311334891507291 -0.0566137768250663 0.02623000714049242 0.1208203590063228 0.2936298721624323
0.9127 1.066739591005881 -0.0630933242587261 -0.05668273983436286 0.02603208968694362 0.1209145162755397 0.2935567364452118
0.9128 1.06692316133064 -0.06307327603499678 -0.05675110744801866 0.02583374432360488 0.1210087696119335 0.2934834503688495
0.9129 1.067106892471577 -0.06305320419557994 -0.05681887809942285 0.02563497333546595 0.1211031675357649 0.29340996554444
0.913 1.067290784730147 -0.06303310869202194 -0.0568860478208441 0.02543577701665885 0.1211975857183608 0.2933364373190953
0.9131 1.0674748384087 -0.06301298947571952 -0.05695261403975298 0.02523615645981022 0.1213020084941011 0.2932499463004545
0.9132 1.067659053810483 -0.06299284649791939 -0.05701857433085631 0.02503611319471915 0.121396669439095 0.2931760827790152
0.9133 1.067843431239648 -0.06297267970971792 -0.0570839248428129 0.0248356486720752 0.1214842328740278 0.2931113618724208
0.9134 1.068027971001246 -0.06295248906205986 -0.05714866408473874 0.02463476400125829 0.1215764311680083 0.2930406354484189
0.9135 1.068212673401242 -0.06293227450573813 -0.05721278809655529 0.02443345912760515 0.1216727029891115 0.2929646294809309
0.9136 1.068397538746511 -0.06291203599139326 -0.05727629452787665 0.02423173654190329 0.1217664724896883 0.292891833632664
0.9137 1.068582567344847 -0.06289177346951238 -0.05733918000883631 0.02402959648377865 0.1218616430863267 0.2928172073281767
0.9138 1.06876775950496 -0.06287148689042903 -0.05740144214076483 0.0238270417380174 0.1219569230891468 0.2927424293600743
0.9139 1.068953115536488 -0.06285117620432194 -0.05746307785164781 0.02362407157642625 0.1220621775567096 0.2926548301313367
0.914 1.069138635749994 -0.06283084136121497 -0.05752408397725456 0.02342068792703233 0.1221576603550754 0.2925797599428523
0.9141 1.069324320456974 -0.06281048231097629 -0.05758445740046653 0.02321689233119641 0.1222434081619609 0.2925171339189676
0.9142 1.069510169969858 -0.06279009900331713 -0.05764419606882814 0.02301268553982023 0.1223421064266428 0.2924379032811533
0.9143 1.069696184602018 -0.06276969138779221 -0.05770329695218677 0.02280807047982303 0.122434856223027 0.2923662637621057
0.9144 1.069882364667767 -0.06274925941379812 -0.05776175619121103 0.0226030462835213 0.1225307568392577 0.2922905656278707
0.9145 1.070068710482365 -0.06272880303057315 -0.05781957179872289 0.02239761512891845 0.1226267598718881 0.2922147126687613
0.9146 1.070255222362025 -0.06270832218719645 -0.05787674052679024 0.02219177888972262 0.1227228709075999 0.2921387093578993
0.9147 1.070441900623912 -0.06268781683258729 -0.05793325928350834 0.02198553784010752 0.1228289728534239 0.2920499693209609
0.9148 1.070628745586153 -0.06266728691550472 -0.0579891251394556 0.02177889435304681 0.1229252956668063 0.2919736628050214
0.9149 1.070815757567836 -0.06264673238454639 -0.05804433554986499 0.02157184952718096 0.1230118333519569 0.2919097653459403
0.915 1.071002936889017 -0.06262615318814831 -0.05809888651415558 0.02136440432288857 0.1231084040072963 0.2918330815315203
0.9151 1.071190283870725 -0.06260554927458393 -0.05815277636878138 0.02115656046702366 0.1232062418579204 0.29175477699794
0.9152 1.071377798834958 -0.0625849205919633 -0.05820600090066859 0.02094831908208521 0.1233017436481354 0.2916794037151685
0.9153 1.071565482104701 -0.0625642670882328 -0.05825855820506366 0.02073968219279074 0.1233985951629622 0.2916023052486627
0.9154 1.071753334003916 -0.06254358871117411 -0.05831044447264984 0.02053065093809442 0.1234955922404639 0.2915249949905027
0.9155 1.071941354857556 -0.06252288540840362 -0.05836165778219764 0.02032122653947976 0.1236025140222341 0.2914351380855159
0.9156 1.072129544991565 -0.06250215712737159 -0.05841219375957061 0.02011141055192585 0.1236996824978668 0.2913575718552189
0.9157 1.072317904732883 -0.06248140381536169 -0.05846205032303626 0.01990120510392786 0.1237870568631533 0.2912923096094251
0.9158 1.072506434409447 -0.06246062541949001 -0.05851122434600234 0.01969061106400434 0.123884443746376 0.2912144143915661
0.9159 1.072695134350204 -0.06243982188670452 -0.05855971283167724 0.01947963078724509 0.1239819413654614 0.2911363550283345
0.916 1.072884004885104 -0.06241899316378435 -0.05860751205579882 0.01926826418606407 0.124079540538687 0.2910581331903364
0.9161 1.073073046345113 -0.06239813919733887 -0.05865462008493875 0.01905651464364907 0.1241772532923844 0.2909797482439206
0.9162 1.073262259062212 -0.06237725993380718 -0.05870103300157626 0.01884438243382655 0.1242755295348433 0.2909006313061281
0.9163 1.073451643369404 -0.06235635531945727 -0.05874674826741494 0.01863186998783349 0.1243824762476189 0.2908106347066194
0.9164 1.07364119960072 -0.06233542530038532 -0.05879176295702542 0.01841897895775446 0.1244809445239267 0.2907312394663172
0.9165 1.073830928091216 -0.06231446982251478 -0.05883607311107557 0.01820571000717644 0.1245691811345519 0.2906645897300764
0.9166 1.074020829176988 -0.06229348883159598 -0.05887967671437869 0.01799206542634153 0.1246674352663782 0.2905853904959928
0.9167 1.074210903195168 -0.062272482273205 -0.05892257052113818 0.01777804754295271 0.124766373150063 0.2905053215374515
0.9168 1.07440115048393 -0.06225145009274322 -0.05896475184270864 0.01756365757174863 0.1248642830405156 0.2904265033924477
0.9169 1.074591571382498 -0.06223039223543632 -0.059006215975872 0.01734889658975125 0.1249628657890665 0.2903468065629175
0.917 1.074782166231147 -0.06220930864633361 -0.05904696179287365 0.01713376696703564 0.1250615656807677 0.2902669486909847
0.9171 1.07497293537121 -0.06218819927030736 -0.05908698528398277 0.01691827049205139 0.12517028738383 0.2901746138606818
0.9172 1.075163879145079 -0.06216706405205178 -0.05912628301602569 0.01670240867425049 0.1252692021467172 0.2900944240610003
0.9173 1.075354997896215 -0.06214590293608254 -0.05916485244126233 0.0164861826060042 0.1253598423694858 0.2900244637766848
0.9174 1.075546291969146 -0.06212471586673573 -0.05920269067910382 0.01626959614491088 0.1254574642324123 0.2899458261454392
0.9175 1.075737761709477 -0.06210350278816722 -0.05923979486390794 0.0160526494494212 0.1255567180123238 0.2898651284169675
0.9176 1.075929407463892 -0.06208226364435196 -0.05927616034015115 0.01583534483721835 0.1256560838111658 0.2897842557473457
0.9177 1.076121229580159 -0.06206099837908278 -0.05931178615580986 0.01561768405647667 0.1257555636353232 0.2897032187079609
0.9178 1.076313228407137 -0.06203970693597011 -0.05934666739605242 0.01539966856301723 0.1258559843901447 0.2896209833638031
0.9179 1.076505404294774 -0.0620183892584409 -0.05938080195843888 0.01518130114445126 0.1259647702119901 0.2895284208972106
0.918 1.076697757594122 -0.06199704528973774 -0.05941418620042818 0.01496258293881793 0.1260645879831547 0.2894468766487494
0.9181 1.076890288657333 -0.06197567497291815 -0.0594468171444606 0.01474351589828919 0.1261545944076093 0.289377359348625
0.9182 1.077082997837665 -0.06195427825085385 -0.0594786925831205 0.01452410262368529 0.1262546789645764 0.2892954200170585
0.9183 1.077275885489495 -0.06193285506622993 -0.05950980784597865 0.01430434487222893 0.1263550811724363 0.2892130485489711
0.9184 1.07746895196831 -0.06191140536154358 -0.05954016069942818 0.01408424466620792 0.1264550740784398 0.289131155253003
0.9185 1.077662197630725 -0.06188992907910416 -0.05956974852952792 0.01386380403272041 0.1265554602121061 0.2890487453996614
0.9186 1.077855622834481 -0.06186842616103126 -0.05959856693348552 0.0136430246690985 0.126655960737569 0.2889661537857414
0.9187 1.078049227938451 -0.0618468965492549 -0.05962661353876058 0.01342190888618663 0.1267565774196813 0.2888833873118011
0.9188 1.078243013302643 -0.0618253401855139 -0.05965388409095775 0.01320045767248258 0.1268672298770901 0.2887883283691645
0.9189 1.07843697928821 -0.06180375701135546 -0.05968037731170269 0.01297867526857543 0.1269581507147622 0.2887173233547505
0.919 1.078631126257452 -0.0617821469681341 -0.0597060894106699 0.01275656200373309 0.1270591159905196 0.2886340320489562
0.9191 1.078825454573821 -0.06176050999701118 -0.05973101674432874 0.01253412127554242 0.1271618024603995 0.2885485956071988
0.9192 1.079019964601924 -0.06173884603895315 -0.05975515629519263 0.01231135451954293 0.1272613892606085 0.2884669062746794
0.9193 1.079214656707534 -0.06171715503473192 -0.05977850514877787 0.01208826334957593 0.1273626978873537 0.2883830787938952
0.9194 1.079409531257589 -0.06169543692492282 -0.05980105903847815 0.01186485102991858 0.127474051414783 0.2882870262890613
0.9195 1.079604588620201 -0.06167369164990446 -0.05982281629325776 0.01164111907753914 0.1275755941983498 0.2882028508535188
0.9196 1.079799829164658 -0.06165191914985762 -0.05984377397123622 0.01141707084712808 0.1276772642075512 0.2881184964813203
0.9197 1.079995253261433 -0.06163011936476435 -0.05986392708483075 0.0111927067274265 0.1277691096820463 0.2880459690089216
0.9198 1.080190861282186 -0.06160829223440696 -0.05988327458162612 0.01096803116159116 0.1278710116699724 0.2879612440944497
0.9199 1.080386653599772 -0.06158643769836736 -0.05990181086492786 0.01074304428276158 0.1279730256700405 0.2878763305678384
0.92 1.080582630588242 -0.06156455569602612 -0.05991953459214667 0.01051774984055296 0.1280751880547413 0.2877912035875289
0.9201 1.080778792622855 -0.0615426461665612 -0.05993644203588627 0.01029214973406994 0.1281774503961655 0.2877059147246195
0.9202 1.080975140080075 -0.06152070904894744 -0.05995252982320243 0.01006624625793706 0.1282797811051408 0.287620503761897
0.9203 1.081171673337585 -0.06149874428195564 -0.05996779553908761 0.00984004204324501 0.1283922079589778 0.2875229207500284
0.9204 1.081368392774287 -0.06147675180415133 -0.05998223475634208 0.00961353917298286 0.1284948170952623 0.2874371042145214
0.9205 1.081565298770306 -0.061454731553894 -0.05999584498230737 0.00938674017644292 0.1285876119005817 0.2873630225149629
0.9206 1.081762391707002 -0.06143268346933639 -0.06000862306635884 0.00915964797186829 0.1286904607881932 0.2872768242873801
0.9207 1.08195967196697 -0.06141060748842301 -0.0600205657838587 0.00893226448574342 0.128793430319972 0.2871904412172576
0.9208 1.082157139934047 -0.06138850354888966 -0.06003166972926033 0.00870459184986143 0.1288965180319686 0.2871038713265386
0.9209 1.082354795993319 -0.06136637158826245 -0.060041932340327 0.00847663402957871 0.1289997296441501 0.287017117006913
0.921 1.082552640531124 -0.06134421154385637 -0.06005134969318162 0.00824839214665852 0.1291033030832403 0.286929884378451
0.9211 1.08275067393506 -0.06132202335277524 -0.06005991835284334 0.00801986923943088 0.1292164544637381 0.2868311824818391
0.9212 1.082948896593989 -0.06129980695190948 -0.06006763570647776 0.007791068274133685 0.1293203461994252 0.2867434962267801
0.9213 1.083147308898044 -0.06127756227793637 -0.06007449755056909 0.007561990711669786 0.1294137854288288 0.2866681925939342
0.9214 1.083345911238634 -0.06125528926731826 -0.06008050231105701 0.00733264085448774 0.1295176070669524 0.2865804881202677
0.9215 1.083544704008451 -0.06123298785630186 -0.06008564589323147 0.007103019691778 0.1296215472593761 0.2864925892236789
0.9216 1.083743687601472 -0.06121065798091745 -0.06008992464517259 0.006873130854867961 0.1297256108507085 0.2864045005022489
0.9217 1.08394286241297 -0.06118829957697729 -0.06009333670254669 0.006642977315457452 0.1298297981071948 0.2863162321555934
0.9218 1.084142228839517 -0.06116591258007525 -0.06009587697290229 0.006412560497850805 0.1299341070145091 0.286227761259811
0.9219 1.08434178727899 -0.06114349692558551 -0.06009754388771387 0.006181885040024273 0.130048802822252 0.2861269665291699
0.922 1.084541538130576 -0.0611210525486616 -0.06009833379746013 0.005950952219750914 0.1301533666439444 0.286038122891081
0.9221 1.084741481794783 -0.0610985793842352 -0.06009824210833575 0.005719764896121032 0.1302477891133373 0.2859611852015278
0.9222 1.084941618673437 -0.06107607736701535 -0.06009726720417389 0.00548832647396397 0.1303526009125874 0.2858719354076643
0.9223 1.085141949169698 -0.0610535464314874 -0.06009540510642811 0.005256640004987347 0.1304575962544556 0.2857824142244632
0.9224 1.085342473688057 -0.06103098651191173 -0.06009265327950779 0.005024708224043913 0.1305625947665664 0.2856928456647805
0.9225 1.085543192634352 -0.06100839754232295 -0.06008900760971743 0.004792532676362768 0.1306677746979672 0.2856030075758656
0.9226 1.085744106415764 -0.06098577945652891 -0.0600844658934692 0.004560118354504182 0.1307730908574647 0.285512969059837
0.9227 1.085945215440828 -0.06096313218810913 -0.06007902401558139 0.00432746668471458 0.1308785273980628 0.2854227324970177
0.9228 1.086146520119442 -0.06094045567041457 -0.06007267888253171 0.004094581397992013 0.1309943505421729 0.2853202723960748
0.9229 1.086348020862869 -0.06091774983656572 -0.06006542692886981 0.003861464825235603 0.1310897748300531 0.2852416613959339
0.923 1.086549718083742 -0.06089501461945193 -0.06005726603900245 0.003628120535748118 0.1311955875747174 0.2851508278877829
0.9231 1.086751612196076 -0.06087224995173063 -0.06004819200873427 0.003394551916827374 0.1313015334374035 0.2850597939818059
0.9232 1.08695370361527 -0.06084945576582528 -0.06003820198384588 0.003160761166363972 0.1314076023266731 0.2849685526655059
0.9233 1.087155992758115 -0.0608266319939255 -0.0600272926178169 0.002926751705911198 0.1315137955996108 0.2848771090574514
0.9234 1.087358480042801 -0.06080377856798489 -0.0600154604625737 0.002692526780826031 0.1316303776641175 0.2847735219707826
0.9235 1.087561165888921 -0.06078089541972079 -0.0600027034293773 0.00245809011585937 0.1317368347051594 0.2846816884733125
0.9236 1.087764050717478 -0.06075798248061228 -0.05998901646737521 0.00222344312629046 0.1318434132333977 0.2845896468777602
0.9237 1.087967134950897 -0.06073503968190003 -0.05997439733881498 0.001988590483001087 0.1319398602059963 0.2845093206714755
0.9238 1.088170419013023 -0.06071206695458424 -0.0599588430836857 0.001753535409081583 0.1320467803373649 0.2844167667254506
0.9239 1.088373903329134 -0.06068906422942414 -0.05994234995619686 0.001518280778269542 0.1321536718898263 0.2843241892857705
0.924 1.088577588325945 -0.06066603143693668 -0.05992491438746309 0.001282828805358638 0.1322622557684316 0.2842295890124006
0.9241 1.088781474431616 -0.0606429685073952 -0.05990653485216533 0.001047185092326776 0.1323680001168472 0.2841382331039608
0.9242 1.088985562075756 -0.06061987537082852 -0.059887205700065 0.0008113518847077151 0.1324856257701529 0.2840330796280708
0.9243 1.089189851689434 -0.0605967519570195 -0.05986692560782611 0.0005753317505752037 0.1325928039866862 0.2839399575767667
0.9244 1.089394343705183 -0.06057359819550414 -0.05984569092581671 0.000339129723916233 0.1327007453589452 0.2838458955520526
0.9245 1.089599038557008 -0.06055041401557028 -0.05982349685236469 0.0001027462766121012 0.1327982297470354 0.2837638065449239
0.9246 1.08980393668039 -0.06052719934625648 -0.05980034273117331 -0.000133811678530122 0.1329061222278522 0.2836696717758435
0.9247 1.0900090385123 -0.06050395411635047 -0.05977622338450665 -0.0003705433569590666 0.1330141352112951 0.2835753355837478
0.9248 1.090214344491197 -0.06048067825438872 -0.05975113672779811 -0.0006074433116193163 0.133122325127878 0.2834807320381266
0.9249 1.090419855057041 -0.06045737168865434 -0.05972507855701842 -0.000844509038237052 0.1332305693260835 0.2833860003443724
0.925 1.090625570651301 -0.06043403434717654 -0.05969804646920672 -0.001081736710496989 0.1333389818741103 0.283291014930242
0.9251 1.090831491716955 -0.06041066615772898 -0.0596700374533785 -0.001319122083197565 0.1334578012815981 0.283184064050772
0.9252 1.091037618698506 -0.06038726704782874 -0.05964104688932665 -0.00155666368554856 0.1335664823747621 0.283088662207325
0.9253 1.091243952041983 -0.06036383694473516 -0.0596110726862883 -0.001794355888640845 0.1336650305834266 0.283004773621358
0.9254 1.09145049219495 -0.06034037577544829 -0.05958011174366787 -0.002032195654425465 0.1337739819323885 0.2829089279680015
0.9255 1.091657239606516 -0.06031688346670798 -0.05954816012119819 -0.002270179480990422 0.133883060044877 0.2828128663212058
0.9256 1.091864194727338 -0.06029335994499244 -0.05951521551374125 -0.002508302734975185 0.133992283959442 0.2827165832685313
0.9257 1.09207135800963 -0.06026980513651679 -0.05948127340164398 -0.00274656342529285 0.1341016291026112 0.2826200766836202
0.9258 1.092278729907173 -0.06024621896723239 -0.05944633236039674 -0.002984955832136016 0.1342111225031546 0.282523355861718
0.9259 1.092486310875319 -0.06022260136282474 -0.05941038827516913 -0.003223477242027928 0.1343310195583516 0.2824147541743125
0.926 1.092694101370999 -0.06019895224871288 -0.05937343719148631 -0.00346212419623853 0.1344407789731437 0.2823176020560743
0.9261 1.092902101852732 -0.06017527155004769 -0.05933547695385525 -0.003700891913580123 0.1345404202983939 0.2822318773843123
0.9262 1.093110312780633 -0.06015155919171074 -0.05929650484380238 -0.003939776355643535 0.1346504608373822 0.2821342679021525
0.9263 1.09331873461642 -0.06012781509831287 -0.05925651565500497 -0.004178775194924228 0.1347606354683917 0.2820364321786905
0.9264 1.093527367823419 -0.06010403919419298 -0.05921550843340624 -0.004417882504713923 0.1348709483891948 0.2819383806922759
0.9265 1.093736212866578 -0.06008023140341663 -0.05917347816553807 -0.00465709574342375 0.1349813956372885 0.2818400980957777
0.9266 1.093945270212465 -0.0600563916497747 -0.05913042341661417 -0.004896409865529018 0.1350919849649767 0.2817415932612998
0.9267 1.094154540329289 -0.06003251985678211 -0.05908633990002151 -0.005135821430991455 0.1352129766284858 0.2816312982784175
0.9268 1.094364023686897 -0.06000861594767633 -0.05904122498913001 -0.005375325875755638 0.1353238466718633 0.2815323486493076
0.9269 1.094573720756784 -0.0599846798454161 -0.05899507476384044 -0.005614920045322426 0.1354261694386361 0.2814429330347826
0.927 1.094783632012108 -0.05996071147267999 -0.05894788728618591 -0.005854598988873603 0.1355357318293304 0.2813453045050019
0.9271 1.094993757927687 -0.05993671075186533 -0.05889965840402349 -0.00609435806365129 0.1356470210375134 0.2812456549751405
0.9272 1.095204098980017 -0.05991267760508613 -0.05885038511917283 -0.006334194861929304 0.1357584411139921 0.2811457809830411
0.9273 1.095414655647276 -0.05988861195417243 -0.05880006422927923 -0.006574103830662553 0.1358700430051773 0.2810456272722181
0.9274 1.095625428409329 -0.05986451372066838 -0.05874869302801496 -0.006814080535315523 0.1359919733630479 0.2809338457327699
0.9275 1.095836417747742 -0.05984038282583114 -0.05869626836821831 -0.007054121399955987 0.136103815773399 0.2808332874187213
0.9276 1.096047624145788 -0.05981621919062913 -0.05864278731893303 -0.00729422194904818 0.1362158045551961 0.2807324954800898
0.9277 1.096259048088455 -0.059792022735741 -0.05858824570082209 -0.007534377260276979 0.1363176689444844 0.2806429113336273
0.9278 1.096470690062454 -0.05976779338155378 -0.05853264220480686 -0.007774583132270797 0.1364300069302202 0.2805415648913664
0.9279 1.096682550556229 -0.05974353104816164 -0.05847597161492502 -0.00801483601028393 0.1365423589716711 0.2804401208602288
0.928 1.096894630059963 -0.05971923565536443 -0.05841823234720181 -0.0082551304118221 0.1366549206784485 0.2803383681977706
0.9281 1.097106929065591 -0.05969490712266614 -0.05835942033464331 -0.00849546251597568 0.1367685959671588 0.2802352957523904
0.9282 1.097319448066803 -0.05967054536927344 -0.05829953468966391 -0.00873582736865702 0.1368804682363442 0.2801341603029157
0.9283 1.097532187559057 -0.05964615031409418 -0.05823856953181399 -0.00897621992255743 0.1370037226413874 0.2800203139581473
0.9284 1.097745148039587 -0.05962172187573582 -0.05817652229245745 -0.0092166372366399 0.1371168520923953 0.279917619697818
0.9285 1.097958330007408 -0.05959725997250407 -0.05811339228308424 -0.009457072990103 0.1372198732740527 0.2798260455407869
0.9286 1.098171733963333 -0.05957276452240141 -0.05804917345442426 -0.00969752395499846 0.1373332947896744 0.2797228573877856
0.9287 1.098385360409972 -0.05954823544312514 -0.05798386442666386 -0.00993798446022316 0.1374468635932567 0.2796194281792811
0.9288 1.098599209851748 -0.0595236726520664 -0.05791746156624623 -0.01017844983812127 0.1375605788845176 0.2795157533023731
0.9289 1.098813282794904 -0.05949907606630807 -0.05784996254762688 -0.01041891601817151 0.1376744411418811 0.2794118332263382
0.929 1.099027579747511 -0.05947444560262384 -0.05778136359577179 -0.01065937791805769 0.1377907985626452 0.2793050798362179
0.9291 1.099242101219479 -0.05944978117747606 -0.05771166188913104 -0.01089983002558778 0.1379128611020588 0.2791919736763733
0.9292 1.099456847722564 -0.05942508270701444 -0.05764085517170049 -0.01114026836324619 0.1380271651488419 0.2790873369771491
0.9293 1.099671819770381 -0.05940035010707431 -0.05756893949278037 -0.01138068739250075 0.1381313561386873 0.2789937108685953
0.9294 1.099887017878407 -0.05937558329317534 -0.0574959127186459 -0.01162108291292199 0.1382459539954264 0.2788885610888313
0.9295 1.100102442563997 -0.05935078218051949 -0.05742177124180497 -0.01186144963793258 0.1383607047127607 0.2787831564465095
0.9296 1.10031809434639 -0.05932594668398966 -0.05734651162995501 -0.01210178230806426 0.1384755956365891 0.2786775072825237
0.9297 1.10053397374672 -0.05930107671814796 -0.05727013199840084 -0.01234207641732233 0.138590638199097 0.2785716045955338
0.9298 1.100750081288021 -0.05927617219723418 -0.05719262937535009 -0.012582326450589 0.1387058380729017 0.2784654442657694
0.9299 1.100966417495246 -0.05925123303516399 -0.05711400027980487 -0.012822527235964 0.138831435795716 0.2783478538449138
0.93 1.101182982895267 -0.05922625914552739 -0.05703424244438104 -0.01306267412004299 0.1389469270804625 0.2782411967295497
0.9301 1.101399778016889 -0.05920125044158693 -0.05695335086033172 -0.01330276200939335 0.1390523097128382 0.2781454576771065
0.9302 1.10161680339086 -0.05917620683627602 -0.05687132581276142 -0.01354278513616528 0.1391681061939498 0.2780382866424027
0.9303 1.101834059549882 -0.05915112824219733 -0.05678816288099396 -0.013782738710778 0.1392840520082322 0.2779308556041944
0.9304 1.102051547028617 -0.05912601457162118 -0.05670385852776621 -0.01402261731355978 0.1394012619726981 0.2778219533127572
0.9305 1.1022692663637 -0.05910086573648342 -0.05661841107192958 -0.01426241540448479 0.1395163964017619 0.2777152169738927
0.9306 1.102487218093749 -0.05907568164838409 -0.05653181706645974 -0.01450212788180534 0.1396430516701261 0.2775959007220932
0.9307 1.102705402759374 -0.05905046221858554 -0.05644407356290686 -0.01474174937892966 0.1397596055900217 0.2774874462065286
0.9308 1.102923820903189 -0.05902520735801056 -0.05635517841995 -0.01498127469345258 0.1398763093176739 0.2773787416644641
0.9309 1.103142473069819 -0.05899991697724095 -0.05626512792067514 -0.01522069791177735 0.1399829183028183 0.2772808402536016
0.931 1.103361359805913 -0.0589745909865151 -0.05617392017937199 -0.01546001337340437 0.140099936995739 0.2771715875119879
0.9311 1.103580481660155 -0.05894922929572704 -0.05608155166380423 -0.01569921688037581 0.140217105875003 0.277062075169912
0.9312 1.10379983918327 -0.05892383181442408 -0.0559880198120003 -0.01593830153368493 0.140334432476891 0.2769522985792293
0.9313 1.104019432928043 -0.05889839845180501 -0.05589332249131517 -0.01617726198604374 0.1404519123562746 0.2768422482327816
0.9314 1.104239263449318 -0.05887292911671846 -0.0557974566270117 -0.01641609271564136 0.1405799845523986 0.2767207176276505
0.9315 1.104459331304021 -0.05884742371766096 -0.05570041900067308 -0.0166547878353109 0.1406975901718975 0.2766103442138685
0.9316 1.10467963705116 -0.0588218821627753 -0.0556022065647236 -0.01689334245071513 0.1408157191561838 0.2764993028263948
0.9317 1.104900181251843 -0.05879630435984805 -0.05550281802196233 -0.01713175020724876 0.1409238654423101 0.2763988683882554
0.9318 1.105120964469286 -0.05877069021630868 -0.05540225003995535 -0.01737000499321104 0.1410416552565195 0.2762879841434445
0.9319 1.105341987268825 -0.05874503963922669 -0.0553004998428913 -0.01760810166635956 0.1411600730676322 0.2761763213616287
0.932 1.105563250217925 -0.0587193525353102 -0.05519756485074417 -0.01784603351408853 0.1412791583164564 0.2760638435702462
0.9321 1.105784753886194 -0.05869362881090415 -0.05509344195617214 -0.01808379537769628 0.1413973844537616 0.27595217547695
0.9322 1.106006498845393 -0.058667868371988 -0.0549881299228578 -0.01832138143247278 0.141526707041938 0.2758285711410706
0.9323 1.106228485669444 -0.05864207112417406 -0.0548816255206042 -0.0185587845902155 0.1416457639617327 0.2757158201873428
0.9324 1.106450714934449 -0.05861623697270547 -0.05477392415352963 -0.01879600041347709 0.1417649678304017 0.2756027903881911
0.9325 1.106673187218692 -0.058590365822454 -0.05466502604891855 -0.01903302204932788 0.1418739148246402 0.275500575710231
0.9326 1.106895903102659 -0.05856445757791874 -0.05455492742700466 -0.01926984307649482 0.1419934471418767 0.2753869810194579
0.9327 1.107118863169044 -0.05853851214322315 -0.05444362580642688 -0.01950645773575119 0.1421131392921222 0.2752731065878509
0.9328 1.107342068002763 -0.05851252942211397 -0.05433111889595514 -0.01974285983423833 0.1422329880796036 0.2751589479295047
0.9329 1.107565518190964 -0.05848650931795851 -0.05421740456090555 -0.01997904299947204 0.1423530046041195 0.2750445117721225
0.933 1.107789214323043 -0.05846045173374291 -0.05410247986548836 -0.02021500079583391 0.1424836050130081 0.2749187629730017
0.9331 1.108013156990648 -0.05843435657207026 -0.05398634227905554 -0.02045072763099795 0.1426039447758015 0.2748037717302822
0.9332 1.1082373467877 -0.05840822373515824 -0.05386899001830427 -0.02068621670991201 0.14272444793694 0.2746884965998364
0.9333 1.1084617843104 -0.05838205312483717 -0.0537504193361128 -0.02092146152693553 0.1428346936938175 0.2745839227608052
0.9334 1.108686470157241 -0.05835584464254785 -0.05363062925833421 -0.02115645562554275 0.1429555251143214 0.2744680606777767
0.9335 1.108911404929021 -0.05832959818933965 -0.05350961587878713 -0.02139119330540233 0.1430766236976005 0.2743517939886265
0.9336 1.109136589228856 -0.05830331366586804 -0.05338737845809794 -0.02162566758897811 0.1431976743944239 0.2742354675780775
0.9337 1.109362023662192 -0.05827699097239288 -0.05326391406782204 -0.0218598714580254 0.1433189986207334 0.2741187357459152
0.9338 1.109587708836818 -0.05825063000877596 -0.05313921971840347 -0.02209379887613763 0.1434508966047945 0.2739907766709485
0.9339 1.109813645362875 -0.05822423067447894 -0.05301329445701342 -0.02232744298256843 0.1435725573456051 0.2738734780537704
0.934 1.110039833852875 -0.05819779286856121 -0.05288613480706558 -0.02256079747943603 0.1436943759213994 0.2737558792873134
0.9341 1.110266274921709 -0.05817131648967758 -0.05275773937516931 -0.02279385548457805 0.1438059500688698 0.273648885268474
0.9342 1.110492969186659 -0.05814480143607619 -0.05262810603386166 -0.02302660989084026 0.1439284738493071 0.2735302991365161
0.9343 1.110719917267415 -0.05811824760559633 -0.05249723106351855 -0.02325905451125502 0.1440507094263011 0.273411881308776
0.9344 1.110947119786085 -0.05809165489566594 -0.05236511366023231 -0.02349118185579956 0.1441729209244425 0.2732933724731894
0.9345 1.111174577367211 -0.05806502320329971 -0.05223175183886671 -0.02372298617734529 0.1442955578150414 0.273174300425047
0.9346 1.111402290637775 -0.05803835242509638 -0.05209714309160373 -0.02395445914860101 0.1444287904220396 0.2730440659511724
0.9347 1.111630260227224 -0.05801164245723709 -0.05196128485378936 -0.02418559429751883 0.144551784441582 0.2729243849562977
0.9348 1.111858486767471 -0.05798489319548214 -0.05182417529605969 -0.02441638567263116 0.1446749465927936 0.2728043967798879
0.9349 1.112086970892917 -0.05795810453516983 -0.05168581267702534 -0.024646824852188 0.1447878747886018 0.2726949075899908
0.935 1.112315713240462 -0.05793127637121303 -0.05154619444893323 -0.02487690572015995 0.1449113836987442 0.2725743023006384
0.9351 1.112544714449516 -0.05790440859809762 -0.05140532022735943 -0.02510662021184666 0.145035058464684 0.2724533953801448
0.9352 1.112773975162016 -0.05787750110987968 -0.05126318574854256 -0.02533596194691517 0.145158904995144 0.2723321720248728
0.9353 1.11300349602244 -0.05785055380018324 -0.05111979028653786 -0.02556492343879951 0.1452829227620525 0.2722106410684454
0.9354 1.113233277677818 -0.05782356656219777 -0.05097513161181451 -0.02579349734932622 0.1454175093464165 0.2720780557321387
0.9355 1.11346332077775 -0.05779653928867615 -0.05082920778211241 -0.02602167677239262 0.1455419268125588 0.2719559835369602
0.9356 1.113693625974414 -0.05776947187193173 -0.05068201800852864 -0.02624945369624125 0.1456664020671474 0.271833456877078
0.9357 1.113924193922588 -0.0577423642038362 -0.05053355960379688 -0.02647682136479318 0.1457807144336103 0.2717214114165372
0.9358 1.114155025279658 -0.05771521617581694 -0.05038382980491967 -0.02670377219536173 0.1459055950681607 0.2715983187828823
0.9359 1.114386120705635 -0.05768802767885482 -0.05023282836080104 -0.02693029831185812 0.1460306500076531 0.2714749090116137
0.936 1.114617480863171 -0.05766079860348105 -0.05008055288889086 -0.0271563928499271 0.1461558825357074 0.2713511844856114
0.9361 1.11484910641757 -0.05763352883977559 -0.04992700175256838 -0.02738204787664191 0.146291732606153 0.2712164117820551
0.9362 1.115080998036804 -0.05760621827736379 -0.04977217278434477 -0.027607256300018 0.1464176355516869 0.2710917419907244
0.9363 1.11531315639153 -0.05757886680541429 -0.04961606548811718 -0.02783200937000588 0.1465433971162035 0.2709670703771043
0.9364 1.115545582155104 -0.0575514743126362 -0.04945867740491397 -0.02805630036694133 0.1466693330323713 0.2708420759875515
0.9365 1.115778276003593 -0.05752404068727679 -0.04930000629947379 -0.02828012122093946 0.1467846853713018 0.2707277604446906
0.9366 1.116011238615795 -0.05749656581711839 -0.04914005256864336 -0.02850346428667963 0.1469109768455366 0.2706021004098991
0.9367 1.116244470673248 -0.05746904958947634 -0.048978812814546 -0.02872632192986978 0.1470374478913558 0.2704761178663181
0.9368 1.116477972860255 -0.05744149189119595 -0.04881628571270985 -0.02894868558758903 0.1471640856741876 0.2703498139309287
0.9369 1.116711745863887 -0.0574138926086499 -0.04865247142335388 -0.029170548116843 0.147290913484764 0.2702231823289605
0.937 1.116945790374011 -0.05738625162773551 -0.04848736715965028 -0.0293919009305115 0.1474286790911115 0.2700852782346361
0.9371 1.117180107083296 -0.05735856883387234 -0.04832097166550014 -0.02961273656016445 0.1475558642873314 0.2699579959467789
0.9372 1.117414696687233 -0.05733084411199897 -0.04815328330256166 -0.02983304670632184 0.1476832322294485 0.2698303803862572
0.9373 1.117649559884153 -0.05730307734657058 -0.0479843016973653 -0.03005282356499253 0.147800020621606 0.2697133435847852
0.9374 1.117884697375239 -0.05727526842155607 -0.04781402434129387 -0.03027205833526515 0.1479277523158974 0.2695850486417343
0.9375 1.118120109864542 -0.05724741722043535 -0.04764245105949058 -0.03049074358710881 0.1480556795781653 0.2694564003734106
0.9376 1.118355798059002 -0.05721952362619634 -0.04746958092964538 -0.03070887046831093 0.1481837578435625 0.2693274483737522
0.9377 1.118591762668462 -0.05719158752133246 -0.04729541118267649 -0.03092643138778587 0.1483120350366138 0.2691981416569414
0.9378 1.118828004405679 -0.05716360878783943 -0.04711994207934655 -0.0311434174149301 0.1484512445745739 0.2690576419304107
0.9379 1.119064523986351 -0.05713558730721261 -0.04694317230707792 -0.03135982019455869 0.1485798867173881 0.268927665365102
0.938 1.119301322129125 -0.05710752296044395 -0.0467650996661929 -0.03157563184731538 0.148708710255723 0.2687973448659389
0.9381 1.119538399555619 -0.0570794156280193 -0.04658572489143234 -0.03179084375696958 0.1488269745135628 0.2686774999069531
0.9382 1.119775756990435 -0.05705126518991536 -0.0464050454981914 -0.03200544686228774 0.1489561683130532 0.268546476796058
0.9383 1.120013395161181 -0.0570230715255965 -0.04622306105387436 -0.03221943344915811 0.1490962841491655 0.2684043084154704
0.9384 1.120251314798484 -0.05699483451401212 -0.04603977152050051 -0.0324327944239752 0.1492258525838141 0.268272604673784
0.9385 1.120489516636008 -0.05696655403359355 -0.0458551750952407 -0.03264552102382584 0.1493556077316814 0.2681405484813934
0.9386 1.120728001410473 -0.05693822996225072 -0.04566927048334935 -0.03285760530976451 0.1494855494978124 0.2680081433689371
0.9387 1.120966769861674 -0.05690986217736976 -0.0454820583102833 -0.03306903778054481 0.149615676144555 0.2678753871975916
0.9388 1.121205822732494 -0.0568814505558092 -0.04529353583725334 -0.03327981003749216 0.1497459936420595 0.2677422745350367
0.9389 1.121445160768926 -0.05685299497389737 -0.04510370532901656 -0.03348991301583212 0.149865799425082 0.2676194939473221
0.939 1.12168478472009 -0.05682449530742915 -0.0449125631315424 -0.03369933801670619 0.1499964571117342 0.2674856948450137
0.9391 1.121924695338249 -0.05679595143166255 -0.04472011094074638 -0.03390807569554108 0.1501380846113039 0.2673407947762224
0.9392 1.122164893378832 -0.05676736322131619 -0.04452634642606156 -0.03411611798743682 0.150269155828529 0.2672062509983462
0.9393 1.122405379600446 -0.05673873055056548 -0.04433127140854443 -0.03432345507573414 0.1504004280766502 0.2670713542880286
0.9394 1.122646154764901 -0.05671005329303962 -0.04413488188013281 -0.03453007820078111 0.1505318674729891 0.2669360842485618
0.9395 1.122887219637224 -0.05668133132181853 -0.04393718065598262 -0.03473597888008185 0.1506635155768458 0.2668004554608391
0.9396 1.123128574985683 -0.05665256450942934 -0.04373816520933469 -0.0349411465403477 0.150795350343902 0.2666644562615033
0.9397 1.123370221581796 -0.05662375272784335 -0.0435378369098506 -0.0351455734600431 0.15091665556363 0.2665387291457724
0.9398 1.123612160200365 -0.05659489584847229 -0.04333619403991666 -0.03534924910920578 0.1510488921818731 0.2664019819588677
0.9399 1.12385439161948 -0.05656599374216567 -0.04313323781696045 -0.03555216528884752 0.1511915381876117 0.2662539999677696
0.94 1.124096916620549 -0.05653704627920671 -0.04292896746979238 -0.03575431191599113 0.1513241545185724 0.2661165230918224
0.9401 1.124339735988313 -0.05650805332930955 -0.04272338157570187 -0.03595567998204756 0.1514574562570192 0.2659789325850969
0.9402 1.124582850510868 -0.0564790147616153 -0.04251648173607895 -0.03615625992352033 0.1515904589461237 0.2658407088790524
0.9403 1.124826260979682 -0.05644993044468887 -0.0423082680870503 -0.036356042291386 0.1517236631948777 0.2657021088413352
0.9404 1.125069968189617 -0.05642080024651587 -0.0420987382901222 -0.03655501789320143 0.1518570523063174 0.2655631311433043
0.9405 1.125313972938949 -0.05639162403449818 -0.0418878953663547 -0.03675317642991194 0.1519799444674164 0.2654343316140129
0.9406 1.125558276029388 -0.05636240167545148 -0.04167573736613712 -0.03695050901520216 0.1521137124393432 0.2652945650026134
0.9407 1.125802878266099 -0.05633313303560101 -0.04146226582075363 -0.03714700536384306 0.1522584180807453 0.2651439125138709
0.9408 1.126047780457721 -0.05630381798057811 -0.04124748009896972 -0.03734265625076406 0.1523926010608841 0.2650034079599485
0.9409 1.12629298341639 -0.056274456375417 -0.04103138084327151 -0.03753745148918654 0.1525269857960365 0.2648625160363689
0.941 1.126538487957758 -0.05624504808455054 -0.04081396805370009 -0.03773138188820161 0.152662266245255 0.2647205442889657
0.9411 1.126784294901017 -0.0562155929718073 -0.04059524338208863 -0.03792443669706172 0.1527963424095246 0.2645795692508449
0.9412 1.127030405068915 -0.05618609090040698 -0.0403752051663642 -0.03811660667842429 0.1529320326605 0.2644368144380908
0.9413 1.127276819287783 -0.0561565417329578 -0.04015385574901758 -0.03830788229618184 0.153055802856389 0.2643055069791995
0.9414 1.127523538387555 -0.05612694533145156 -0.03993119471582927 -0.03849825263895112 0.1532020338768503 0.2641514112325324
0.9415 1.127770563201786 -0.05609730155726092 -0.03970722309629951 -0.03868770772261602 0.1533369150413769 0.2640088539452333
0.9416 1.128017894567681 -0.05606761027113495 -0.03948194165346603 -0.03887623794301801 0.153473989288238 0.2638646388164717
0.9417 1.128265533326108 -0.05603787133319539 -0.03925535081621337 -0.03906383305232433 0.1536099807260489 0.2637206025271488
0.9418 1.128513480321632 -0.05600808460293321 -0.03902745188179896 -0.03925048241994642 0.1537454761056911 0.2635768457288998
0.9419 1.128761736402524 -0.0559782499392041 -0.03879824598554657 -0.03943617665940902 0.1538833451306661 0.2634305848986498
0.942 1.129010302420796 -0.05594836720022506 -0.03856773300764143 -0.03962090426058765 0.1540199520441124 0.2632853382690726
0.9421 1.129259179232214 -0.05591843624357002 -0.03833591384670621 -0.03980465677876941 0.1541446006625906 0.2631514760139477
0.9422 1.129508367696329 -0.05588845692616642 -0.03810279084226143 -0.03998742179994269 0.1542930196582342 0.262994372825043
0.9423 1.129757868676492 -0.05585842910429055 -0.03786836393796225 -0.04016919006835895 0.1544302339795964 0.2628479063345395
0.9424 1.130007683039887 -0.05582835263356398 -0.03763263395303182 -0.0403499583534717 0.1545669430138544 0.2627017487204363
0.9425 1.130257811657544 -0.05579822736894924 -0.03739560386885134 -0.04052970161710454 0.1547052799893525 0.2625537792123115
0.9426 1.130508255404373 -0.0557680531647458 -0.0371572769522952 -0.0407084085376809 0.1548431489581717 0.2624060348575144
0.9427 1.130759015159178 -0.05573782987458589 -0.03691764965938618 -0.04088608398148607 0.1549812014278796 0.2622579149285044
0.9428 1.131010091804689 -0.05570755735143043 -0.03667672625033422 -0.0410627092316405 0.1551187631921898 0.2621100544610492
0.9429 1.131261486227582 -0.05567723544756474 -0.03643450736334986 -0.04123827401244683 0.155246553920995 0.2619713636199154
0.943 1.131513199318507 -0.055646864014594 -0.03619099460891428 -0.04141276779636446 0.1553966202852882 0.2618110347457462
0.9431 1.131765231972107 -0.05561644290343971 -0.03594619042320295 -0.04158617923064574 0.1555355151686482 0.2616612320462792
0.9432 1.132017585087048 -0.05558597196433466 -0.03570009565549783 -0.04175849794357181 0.1556746185295629 0.2615110060461172
0.9433 1.132270259566042 -0.05555545104681884 -0.03545271288071595 -0.04192971277249603 0.1558139387936869 0.2613603571633642
0.9434 1.132523256315872 -0.05552487999973527 -0.03520404331192408 -0.04209981298588943 0.1559534710757879 0.2612092698498378
0.9435 1.13277657624742 -0.05549425867122517 -0.0349540892244054 -0.04226878716777693 0.1560932198278678 0.261057744241315
0.9436 1.133030220275688 -0.05546358690872389 -0.03470285350574001 -0.04243662522197689 0.156233182449502 0.2609057966891171
0.9437 1.133284189319828 -0.05543286455895618 -0.0344503368404466 -0.04260331517734129 0.1563619764690572 0.2607642637245872
0.9438 1.133538484303167 -0.0554020914679318 -0.034196542012485 -0.0427688460289095 0.1565137342409423 0.2606005876372652
0.9439 1.133793106153231 -0.05537126748094085 -0.03394147137709835 -0.04293320740597318 0.1566543401101992 0.260447332184315
0.944 1.134048055801775 -0.05534039244254925 -0.03368512809460841 -0.04309638729026025 0.1567951676989117 0.2602936340461928
0.9441 1.134303334184809 -0.05530946619659409 -0.03342751206176225 -0.04325837449203513 0.1569361976245548 0.2601394870206891
0.9442 1.134558942242621 -0.05527848858617897 -0.03316862877451295 -0.04341915822400042 0.1570774524384424 0.2599848980529442
0.9443 1.134814880919811 -0.05524745945366922 -0.03290847890511854 -0.04357872657899597 0.157218921497481 0.2598298624512987
0.9444 1.135071151165311 -0.05521637864068722 -0.03264706511048605 -0.04373706865313329 0.1573606075887624 0.2596743775324774
0.9445 1.135327753932418 -0.05518524598810749 -0.03238439139444237 -0.04389417269385362 0.1574911652780969 0.2595291992917448
0.9446 1.13558469017882 -0.05515406133605221 -0.03212045942793171 -0.04405002710969128 0.157644647487171 0.2593620573484304
0.9447 1.135841960866624 -0.05512282452388585 -0.03185527309730546 -0.04420462064373142 0.1577869958029488 0.2592052159890248
0.9448 1.136099566962384 -0.05509153539021062 -0.03158883409088023 -0.04435794228389245 0.1579295605737324 0.2590479200562719
0.9449 1.13635750943713 -0.0550601937728614 -0.03132114737564577 -0.04450997923640221 0.1580723556103312 0.2588901611286333
0.945 1.136615789266397 -0.05502879950890076 -0.03105221417872361 -0.04466072084408902 0.1582153682383949 0.2587319476018556
0.9451 1.136874407430251 -0.05499735243461394 -0.0307820379507679 -0.044810154942308 0.1583585999090229 0.258573268133788
0.9452 1.137133364913326 -0.05496585238550368 -0.03051062501463492 -0.04495826943748868 0.1585020659893327 0.2584141235522128
0.9453 1.137392662704842 -0.05493429919628539 -0.03023797362098938 -0.04510505357075068 0.1586355769329432 0.2582640641101955
0.9454 1.137652301798646 -0.05490269270088164 -0.0299640912746123 -0.04525049501181726 0.1587896455816084 0.2580944334819437
0.9455 1.137912283193234 -0.0548710327324172 -0.02968897967153159 -0.04539458114168587 0.1589337700879327 0.2579338841274799
0.9456 1.138172607891786 -0.0548393191232135 -0.02941264477683838 -0.04553730187676834 0.1590781310373498 0.2577728639470014
0.9457 1.138433276902192 -0.05480755170478375 -0.0291350871666844 -0.04567864291467689 0.1592227115034388 0.2576113540616337
0.9458 1.138694291237088 -0.0547757303078275 -0.02885631291657631 -0.04581859425964529 0.159367519796763 0.2574493790687129
0.9459 1.138955651913882 -0.0547438547622249 -0.02857632557413464 -0.04595714324336267 0.1595125566447559 0.2572869249399236
0.946 1.13921735995479 -0.05471192489703175 -0.02829512924696639 -0.04609427749597239 0.1596578213762819 0.2571239872639278
0.9461 1.139479416386862 -0.05467994054047368 -0.02801272713188651 -0.04622998458391476 0.1597919883098108 0.2569711260364494
0.9462 1.139741822242018 -0.05464790151994085 -0.02772912588983346 -0.04636425382868699 0.1599483416866463 0.2567973055350517
0.9463 1.14000457855708 -0.05461580766198244 -0.02744432639889887 -0.0464970714383795 0.1600949871604657 0.2566322561348521
0.9464 1.1402676863738 -0.05458365879230066 -0.02715833514209708 -0.04662842608694449 0.1602411663150368 0.2564673698701293
0.9465 1.140531146738898 -0.05455145473574557 -0.02687115694735656 -0.04675830551050161 0.1603875791649031 0.2563019883190466
0.9466 1.140794960704092 -0.05451919531630907 -0.02658279690674366 -0.04688669670097349 0.1605342279528609 0.2561361115011279
0.9467 1.14105912932613 -0.05448688035711918 -0.02629325810116137 -0.04701358793897732 0.1606811045660702 0.2559697385248055
0.9468 1.141323653666827 -0.05445450968043437 -0.02600254589407358 -0.04713896683028304 0.1608282131371827 0.2558028665682466
0.9469 1.141588534793095 -0.05442208310763768 -0.02571066596027215 -0.04726282037870196 0.1609667145024643 0.2556436794168094
0.947 1.141853773776978 -0.05438960045923054 -0.0254176232197243 -0.0473851369763551 0.1611231365763178 0.2554676129106395
0.9471 1.14211937169569 -0.05435706155482732 -0.02512342204616103 -0.04750590354207121 0.1612709473009962 0.2552992274080035
0.9472 1.142385329631642 -0.05432446621314876 -0.02482806903013754 -0.0476251079012134 0.1614189998320475 0.2551303351827787
0.9473 1.142651648672484 -0.0542918142520165 -0.02453156741766135 -0.0477427370540069 0.161567279133099 0.2549609306613431
0.9474 1.142918329911137 -0.05425910548834638 -0.0242339264108416 -0.04785877891323509 0.1617158095857163 0.2547910153772973
0.9475 1.143185374445827 -0.05422633973814282 -0.02393514724823609 -0.04797322000833418 0.1618645664529911 0.2546205816782768
0.9476 1.143452783380126 -0.05419351681649203 -0.02363523882560718 -0.04808604857041196 0.1620135674715163 0.2544496243985125
0.9477 1.14372055782298 -0.05416063653755634 -0.02333420508710062 -0.04819725176536203 0.1621515191758525 0.2542885225894944
0.9478 1.143988698888753 -0.05412769871456751 -0.02303205335074304 -0.04830681629176871 0.1623122800751935 0.2541061479263699
0.9479 1.144257207697261 -0.05409470315982039 -0.02272878927279273 -0.04841473008558378 0.1624620019050362 0.253933627962552
0.948 1.144526085373807 -0.0540616496846665 -0.02242441834309536 -0.04852097969066271 0.1626119605858964 0.2537605748470615
0.9481 1.14479533304922 -0.05402853809950764 -0.0221189468177611 -0.04862555220263044 0.1627621559047837 0.2535869881961166
0.9482 1.145064951859894 -0.05399536821378927 -0.021812382106953 -0.04872843538723599 0.1629125930914727 0.2534128693804545
0.9483 1.145334942947824 -0.05396213983599387 -0.02150473064736431 -0.04882961580084862 0.1630632773000302 0.2532382129960009
0.9484 1.145605307460644 -0.05392885277363421 -0.02119599859885574 -0.04892908119749836 0.1632142060327345 0.2530630154833688
0.9485 1.145876046551668 -0.0538955068332468 -0.02088619251756829 -0.04902681758328153 0.1633541121584215 0.2528975608490986
0.9486 1.146147161379926 -0.05386210182038505 -0.02057531996204987 -0.04912281330266904 0.1635167909966688 0.252711001529661
0.9487 1.146418653110207 -0.05382863753961243 -0.02026338764473443 -0.04921705380516009 0.1636684542039762 0.2525341760111088
0.9488 1.146690522913096 -0.0537951137944953 -0.01995040244684268 -0.04930952723264042 0.1638203605520339 0.2523568044583176
0.9489 1.146962771965012 -0.05376153038759655 -0.01963637162396203 -0.04940021952248628 0.1639725114115783 0.2521788770709801
0.949 1.147235401448256 -0.0537278871204678 -0.01932130322149382 -0.04948911863919252 0.1641249122678832 0.2520003978871201
0.9491 1.147508412551042 -0.05369418379364308 -0.01900520413391284 -0.04957621068600728 0.1642775591170511 0.2518213662295597
0.9492 1.147781806467546 -0.05366042020663096 -0.01868808209408474 -0.04966148302493812 0.1644304573514931 0.2516417737189755
0.9493 1.148055584397943 -0.05362659615790804 -0.01836994445758007 -0.04974492187422147 0.1645835994746213 0.2514616146665016
0.9494 1.14832974754845 -0.05359271144491089 -0.01805079988703251 -0.04982651393235518 0.1647369946334327 0.2512808948055272
0.9495 1.148604297131369 -0.05355876586402948 -0.01773065684446044 -0.04990624677873389 0.1648906457521945 0.2510996051650558
0.9496 1.14887923436513 -0.05352475921059923 -0.01740952262086506 -0.04998410658778271 0.1650452885243341 0.250917067807138
0.9497 1.149154560474332 -0.05349069127889363 -0.01708740595249671 -0.05006008035155125 0.1651994411157805 0.2507346330437536
0.9498 1.149430276689786 -0.05345656186211683 -0.01676431376850642 -0.05013415458477287 0.1653538449341767 0.2505516203220062
0.9499 1.149706384248564 -0.05342237075239614 -0.01644025688893665 -0.05020631554824924 0.1655085011544567 0.2503680303844661
0.95 1.149982884394036 -0.05338811774077366 -0.01611524293462503 -0.05027655070464502 0.1656634111725336 0.2501838610008177
0.9501 1.150259778375919 -0.05335380261719944 -0.01578928151977667 -0.05034484693821995 0.1658185802155119 0.2499991031544801
0.9502 1.150537067450321 -0.05331942517052318 -0.015462379703567 -0.05041118905687264 0.1659739959454 0.2498137646831119
0.9503 1.150814752879785 -0.05328498518848603 -0.01513454849287164 -0.05047556532047061 0.1661296701699074 0.2496278275968688
0.9504 1.151092835933338 -0.05325048245771335 -0.01480579677973601 -0.05053796219010458 0.1662856043695533 0.2494413044282703
0.9505 1.151371317886536 -0.05321591676370606 -0.01447613439077353 -0.05059836556642175 0.1664418010115231 0.2492541818603263
0.9506 1.151650200021505 -0.05318128789083278 -0.01414556958323604 -0.05065676238548546 0.1665982493919233 0.2490664629570918
0.9507 1.151929483626998 -0.05314659562232158 -0.01381411290311515 -0.0507131389789861 0.1667549575618876 0.2488781396217728
0.9508 1.152209169998435 -0.05311183974025166 -0.01348177402996585 -0.05076748194537427 0.1669119212584336 0.2486892102044254
0.9509 1.152489260437955 -0.05307702002554517 -0.0131485640656048 -0.05081977866806695 0.1670691535519838 0.2484996786432371
0.951 1.152769756254459 -0.05304213625795854 -0.01281449077958612 -0.05087001383084713 0.1672266408738297 0.2483095321449424
0.9511 1.153050658763668 -0.05300718821607413 -0.01247956659781257 -0.05091817539520544 0.1673843928587845 0.2481187727184172
0.9512 1.153331969288161 -0.0529721756772918 -0.01214380202091096 -0.05096424923607417 0.1675424115069308 0.247927389598494
0.9513 1.153613689157434 -0.05293709841781973 -0.01180720608168468 -0.05100822182255036 0.167700696285491 0.2477353951483946
0.9514 1.153895819707947 -0.05290195621266633 -0.01146978978971878 -0.05105007916817926 0.1678592348724646 0.2475427791418298
0.9515 1.154178362283172 -0.05286674883563091 -0.01113156618433038 -0.05108980910535069 0.1680180480233602 0.2473495345220671
0.9516 1.154461318233648 -0.05283147605929503 -0.01079254381007829 -0.05112739660842234 0.1681771179584088 0.2471556559245028
0.9517 1.154744688917031 -0.05279613765501345 -0.01045273632298638 -0.05116282937748685 0.1683364640758711 0.2469611461204418
0.9518 1.155028475698145 -0.05276073339290499 -0.01011215268721483 -0.05119609307409854 0.1684960712970584 0.2467659979451227
0.9519 1.155312679949036 -0.05272526304184346 -0.00977080584408611 -0.05122717365559067 0.1686559421974257 0.2465702097972596
0.952 1.155597303049025 -0.05268972636944831 -0.00942870736886183 -0.05125605898077964 0.1688160825671733 0.2463737746170077
0.9521 1.155882346384764 -0.05265412314207549 -0.00908586930068499 -0.05128273428171016 0.1689764847063748 0.2461766940042222
0.9522 1.156167811350282 -0.05261845312480774 -0.0087423039620311 -0.05130718646347331 0.1691371636568408 0.245978969438874
0.9523 1.156453699347049 -0.05258271608144515 -0.00839802262470326 -0.05132940195219442 0.1692981044654249 0.2457805815600541
0.9524 1.156740011784027 -0.05254691177449589 -0.00805303832219398 -0.05134936713790946 0.1694593259468148 0.2455815443107515
0.9525 1.157026750077722 -0.05251103996516596 -0.007707363195998882 -0.05136706790011047 0.1696208120607484 0.2453818483268905
0.9526 1.157313915652248 -0.05247510041334986 -0.007361011322775762 -0.05138249190163462 0.1697825800030307 0.2451814956340542
0.9527 1.157601509939378 -0.05243909287762037 -0.007013994739113349 -0.05139562475475584 0.1699446161786612 0.2449804721176003
0.9528 1.157889534378604 -0.0524030171152189 -0.006666325734229314 -0.0514064532281076 0.1701069278390111 0.2447787741684686
0.9529 1.15817799041719 -0.05236687288204518 -0.006318018669566 -0.05141496352463591 0.1702695115962174 0.2445764088159542
0.953 1.158466879510239 -0.05233065993264691 -0.005969086764696852 -0.05142114212301612 0.1704323703943555 0.2443733663913793
0.9531 1.158756203120743 -0.0522943780202101 -0.005619543543831189 -0.05142497628166927 0.1705955068323137 0.2441696436222687
0.9532 1.159045962719647 -0.05225802689654797 -0.005269402683325239 -0.05142645147069934 0.170758917598558 0.2439652398883187
0.9533 1.159336159785909 -0.05222160631209098 -0.004918678681631566 -0.05142555488840248 0.1709226055588393 0.2437601482721158
0.9534 1.159626795806561 -0.05218511601587609 -0.00456738528486429 -0.05142227265638414 0.1710865721148583 0.2435543644950708
0.9535 1.159917872276768 -0.05214855575553613 -0.004215536408779031 -0.05141659107102669 0.1712508136581133 0.2433478867493958
0.9536 1.16020939069989 -0.05211192527728878 -0.003863148832279146 -0.05140849807146807 0.17141533901257 0.2431407130124784
0.9537 1.160501352587547 -0.05207522432592599 -0.003510234926160965 -0.05139797922162021 0.1715801418418868 0.242932838076218
0.9538 1.16079375945968 -0.05203845264480287 -0.003156810181162977 -0.05138502120867752 0.1717452214065654 0.242724254581635
0.9539 1.161086612844616 -0.05200160997582657 -0.002802889452437123 -0.0513696107523582 0.1719105922046544 0.2425149606886574
0.954 1.16137991427913 -0.05196469605944499 -0.002448489055742542 -0.05135173457065784 0.1720762471864042 0.24230495520038
0.9541 1.161673665308511 -0.0519277106346356 -0.002093623383508145 -0.05133137915427438 0.172242180857529 0.2420942335154426
0.9542 1.16196786748663 -0.05189065343889396 -0.001738309223364726 -0.05130853203920259 0.1724084010792212 0.2418827891833473
0.9543 1.162262522376001 -0.05185352420822205 -0.00138256192830879 -0.05128317903629429 0.172574910543225 0.2416706275433358
0.9544 1.162557631547854 -0.05181632267711674 -0.001026396856763935 -0.05125530735995511 0.1727416934430756 0.2414577313540836
0.9545 1.162853196582197 -0.05177904857855809 -0.0006698312670497653 -0.05122490326482233 0.1729087668355819 0.2412440997622511
0.9546 1.163149219067887 -0.05174170164399694 -0.0003128816000592585 -0.0511919555555143 0.17307613136553 0.2410297424468298
0.9547 1.163445700602701 -0.05170428160334365 0.00004443558442306962 -0.05115644859840852 0.1732437839442565 0.2408146358454956
0.9548 1.163742642793398 -0.0516667881849555 0.0004021038880416671 -0.05111837070918782 0.1734117229247179 0.2405987873456185
0.9549 1.164040047255798 -0.05162922111562432 0.0007601061013382207 -0.05107770836481134 0.17357994587321 0.2403821910538019
0.955 1.164337915614848 -0.05159158012056443 0.001118424215010372 -0.05103444987204776 0.1737484652388312 0.2401648445485416
0.9551 1.164636249504696 -0.05155386492340002 0.001477040402109565 -0.05098858081665823 0.173917278434605 0.2399467376952869
0.9552 1.164935050568759 -0.05151607524615232 0.001835938389996525 -0.05094008880220367 0.1740863759394342 0.2397278753839675
0.9553 1.165234320459803 -0.05147821080922704 0.002195099954727518 -0.05088896121044496 0.1742557679428136 0.2395082502496319
0.9554 1.165534060840012 -0.05144027133140153 0.002554506300785047 -0.05083518479573232 0.1744254522670035 0.2392878528537372
0.9555 1.165834273381061 -0.0514022565298114 0.002914138643334096 -0.05077874781625379 0.1745954384025769 0.239066682328585
0.9556 1.166134959764199 -0.05136416611993784 0.003273979496216054 -0.05071963743637048 0.1747657161044654 0.2388447392726352
0.9557 1.166436121680317 -0.05132599981559387 0.003634010088514579 -0.05065783926803578 0.1749362817912297 0.23862200186861
0.9558 1.166737760830028 -0.05128775732891121 0.003994210736603604 -0.05059334315711727 0.175107146706799 0.2383984908456782
0.9559 1.167039878923746 -0.0512494383703266 0.004354562219052123 -0.05052613545695418 0.1752783111814962 0.2381741885554015
0.956 1.167342477681764 -0.05121104264856811 0.004715046115990905 -0.05045620325257755 0.1754497706703306 0.2379490872047198
0.9561 1.167645558834332 -0.05117256987064111 0.005075640911671638 -0.05038353552851303 0.1756215307669401 0.2377231907823213
0.9562 1.167949124121735 -0.05113401974181455 0.005436328629392485 -0.05030811965576724 0.1757935834989936 0.2374964933884789
0.9563 1.168253175294383 -0.05109539196560677 0.005797088941903707 -0.05022994204344256 0.1759659338395793 0.2372689885187537
0.9564 1.16855771411288 -0.05105668624377115 0.006157899964811932 -0.05014899267423003 0.1761385846728272 0.2370406700109905
0.9565 1.168862742348118 -0.05101790227628121 0.006518742326384125 -0.05006525814141369 0.1763115447856224 0.2368115373452194
0.9566 1.169168261781352 -0.050979039761317 0.006879595004358224 -0.0499787270120328 0.1764848034732026 0.236581581995969
0.9567 1.169474274204291 -0.05094009839524965 0.007240436895621532 -0.04988938744353385 0.1766583745186183 0.2363508050235073
0.9568 1.169780781419179 -0.05090107787262647 0.007601247529780154 -0.0497972269092875 0.1768322353391573 0.2361191940165858
0.9569 1.170087785238881 -0.05086197788615634 0.007962004250787698 -0.04970223431919306 0.1770064064963105 0.2358867486480564
0.957 1.170395287486973 -0.05082279812669379 0.00832268585894546 -0.04960439819797835 0.1771808841155223 0.2356534628303944
0.9571 1.17070328999783 -0.05078353828322456 0.00868327034201422 -0.04950370631753445 0.1773556665244136 0.2354193325480242
0.9572 1.171011794616709 -0.05074419804284926 0.00904373643068763 -0.04940014754502239 0.1775307525559755 0.2351843525829966
0.9573 1.171320803199847 -0.05070477709076789 0.00940405998117133 -0.04929371111742847 0.1777061444533687 0.2349485178654593
0.9574 1.171630317614545 -0.05066527511026409 0.00976421956232025 -0.04918438550696425 0.1778818462341348 0.2347118257755233
0.9575 1.171940339739266 -0.05062569178268923 0.0101241914749498 -0.04907215914410551 0.1780578610268042 0.2344742666283523
0.9576 1.172250871463722 -0.05058602678744585 0.0104839529400125 -0.04895702158413212 0.1782341860917381 0.234235842291935
0.9577 1.172561914688969 -0.05054627980197134 0.01084348076138765 -0.04883896194592166 0.1784108191900707 0.2339965446951944
0.9578 1.172873471327506 -0.05050645050172166 0.01120275151968986 -0.04871796779365472 0.1785877553179533 0.2337563655147749
0.9579 1.173185543303364 -0.05046653856015421 0.01156174070369791 -0.04859403089087496 0.1787650097051998 0.2335153053399912
0.958 1.173498132552209 -0.05042654364871142 0.0119204243652052 -0.04846713886951909 0.1789425770638104 0.2332733480843018
0.9581 1.173811241021436 -0.05038646543680294 0.01227877852755702 -0.04833728274069687 0.1791209584980319 0.2330300879821246
0.9582 1.174124870670269 -0.05034630359178898 0.01263677827642862 -0.04820445064923739 0.1792991481502827 0.2327863444257259
0.9583 1.17443902346986 -0.05030605777896256 0.01299439860967219 -0.04806863281102785 0.1794776579900611 0.2325416973443468
0.9584 1.174753701403392 -0.05026572766153174 0.01335161448628978 -0.0479298195754482 0.1796564797797879 0.2322961410628894
0.9585 1.17506890646618 -0.05022531290060205 0.01370840001766488 -0.04778800182095484 0.1798356255493296 0.2320496681865242
0.9586 1.175384640665772 -0.05018481315515815 0.01406473077754066 -0.04764316770449543 0.1800150681931845 0.2318022748644858
0.9587 1.175700906022059 -0.05014422808204584 0.01442057982154282 -0.04749530886288548 0.1801948434231805 0.2315539576427816
0.9588 1.176017704567373 -0.05010355733595317 0.01477592118016409 -0.04734441620843365 0.1803749359298441 0.2313047080252923
0.9589 1.176335038346602 -0.05006280056939236 0.01513072883608411 -0.04719047991345473 0.1805553548351471 0.2310545215655155
0.959 1.176652909417289 -0.05002195743268043 0.01548497556393788 -0.04703349030406501 0.1807360800462019 0.2308033922440209
0.9591 1.176971319849749 -0.04998102757392043 0.01583863475937528 -0.04687343905723415 0.1809171313711316 0.2305513150862101
0.9592 1.177290271727175 -0.04994001063898202 0.01619167929478994 -0.046710316126889 0.1810984987163721 0.2302982837295199
0.9593 1.177609767145747 -0.04989890627148183 0.01654408120941078 -0.0465441149179242 0.1812801990665571 0.2300442940425853
0.9594 1.177929808214751 -0.04985771411276418 0.01689581369971307 -0.04637482367685522 0.181461715752498 0.2297897505116215
0.9595 1.17825039705669 -0.04981643380188064 0.01724684794360364 -0.04620243748045826 0.1816445566759769 0.2295334079656077
0.9596 1.178571535807398 -0.04977506497557012 0.01759715640150621 -0.0460269456084521 0.1818267196965646 0.2292769184352351
0.9597 1.178893226616155 -0.04973360726823852 0.01794670913557812 -0.04584834196225006 0.1820102069648736 0.229018616182306
0.9598 1.179215471645812 -0.04969206031193779 0.01829547956535788 -0.04566661618594154 0.1821935132780255 0.228759746812477
0.9599 1.179538273072902 -0.04965042373634548 0.0186434368316756 -0.0454817628231308 0.1823771503057054 0.2284998759636605
0.96 1.179861633087764 -0.04960869716874338 0.01899055173829262 -0.04529377387316769 0.182561126754347 0.2282390028955622
0.9601 1.180185553894666 -0.04956688023399641 0.01933679527380136 -0.04510264148118943 0.182745419069294 0.2279771286076608
0.9602 1.180510037711926 -0.04952497255453067 0.01968213813109656 -0.04490835848953909 0.1829300255461227 0.22771424601532
0.9603 1.180835086772037 -0.04948297375031197 0.02002654880305163 -0.04471091948142951 0.1831149739553172 0.2274503428021464
0.9604 1.181160703321796 -0.04944088343882366 0.02037000187091312 -0.04451031924259643 0.183300255505468 0.2271854452750939
0.9605 1.181486889622426 -0.04939870123504421 0.02071245844563489 -0.04430654659407355 0.1834858670101513 0.2269194920537607
0.9606 1.18181364794971 -0.04935642675142468 0.0210538915100484 -0.04409959668438472 0.1836718053276828 0.226652501757828
0.9607 1.182140980594118 -0.04931405959786598 0.02139426408460727 -0.04388946428306499 0.1838580850736938 0.226384436020938
0.9608 1.182468889860941 -0.04927159938169559 0.02173355493256724 -0.043676144842041 0.184044694972229 0.2261153504926511
0.9609 1.182797378070424 -0.04922904570764418 0.02207172751693395 -0.0434596299362884 0.1842316265343302 0.2258452040049784
0.961 1.183126447557899 -0.04918639817782217 0.02240875014397228 -0.04323991733029626 0.1844189009608173 0.2255739998388569
0.9611 1.183456100673926 -0.0491436563916957 0.02274458945992862 -0.04301700047368905 0.1846065100662129 0.2253017197406832
0.9612 1.183786339784426 -0.04910081994606232 0.02307921383421152 -0.04279087298825885 0.1847944415605642 0.2250283670080886
0.9613 1.184117167270824 -0.04905788843502656 0.0234125894483741 -0.04256153395800324 0.1849827074773794 0.2247539396157326
0.9614 1.18444858553019 -0.04901486144997522 0.02374468387752374 -0.04232897547936153 0.1851713139397652 0.2244784169601588
0.9615 1.184780596975381 -0.04897173857955234 0.02407546307623477 -0.04209319554754062 0.1853602653416369 0.2242017941354065
0.9631 1.190175485766216 -0.04826838553930718 0.02916066145278167 -0.03788027046845916 0.1884297789161776 0.2196209620790631
0.9632 1.190517966564254 -0.04822356689457993 0.02946368660638481 -0.03758936811457704 0.1886245501892475 0.2193245958433803
0.9633 1.190861086852847 -0.04817864446061029 0.02976474557795586 -0.03729522021874008 0.1888196652191443 0.2190270048207218
0.9634 1.19120484937438 -0.04813361776874499 0.03006379900281905 -0.03699783037498236 0.1890151343104417 0.2187281756641097
0.9635 1.191549256890275 -0.04808848634701865 0.03036080858809542 -0.03669719853961839 0.1892109427037244 0.2184281002831749
0.9636 1.191894312181173 -0.04804324972012079 0.03065573406868104 -0.03639332985740987 0.1894071104004328 0.218126770784168
0.9637 1.192240018047121 -0.04799790740936377 0.03094853569611928 -0.03608622548759634 0.1896036180791028 0.2178241784455289
0.9638 1.192586377307761 -0.04795245893264944 0.03123917396127345 -0.03577588823530097 0.1898004746682995 0.2175203134970752
0.9639 1.192933392802521 -0.04790690380443541 0.03152760857239544 -0.03546232500697721 0.189997692176584 0.2172151726016942
0.964 1.193281067390809 -0.0478612415357017 0.03181379877659629 -0.03514553720109258 0.1901952553800885 0.2169087476853044
0.9641 1.193629403952205 -0.04781547163391575 0.03209770360400796 -0.0348255317981585 0.1903931739493764 0.2166010189348444
0.9642 1.193978405386665 -0.04776959360299795 0.03237928258276889 -0.0345023115424151 0.1905914390473691 0.2162919883058563
0.9643 1.194328074614718 -0.04772360694328661 0.03265849348841754 -0.03417588336493477 0.1907900580256689 0.2159816451887869
0.9644 1.194678414577669 -0.04767751115150159 0.03293529499884538 -0.03384625306823455 0.1909890299213514 0.2156699750390131
0.9645 1.195029428237807 -0.04763130572070901 0.03320964574302675 -0.03351342643085794 0.1911883507471309 0.215356986500556
0.9646 1.195381118578612 -0.04758499014028408 0.03348150240813785 -0.03317741136034952 0.1913880311754806 0.215042644316769
0.9647 1.195733488604968 -0.04753856389587405 0.03375082391788263 -0.03283821483699285 0.1915880663360856 0.2147269610487097
0.9648 1.196086541343374 -0.04749202646936108 0.034017566122265 -0.03249584388143203 0.1917884529204475 0.2144099131899005
0.9649 1.196440279842163 -0.04744537733882368 0.03428168695394685 -0.03215030832902398 0.1919891970716073 0.2140914942885533
0.965 1.196794707171719 -0.04739861597849866 0.03454314303062628 -0.03180161607369508 0.192190300816097 0.213771702603835
0.9651 1.197149826424702 -0.04735174185874155 0.03480189022932672 -0.0314497742748151 0.1923917523810422 0.2134505131308215
0.9686 1.210040726141947 -0.0456356828369649 0.04179595325228012 -0.01726533835350283 0.1996961586149949 0.2012328188786386
0.9687 1.210423022625723 -0.04558436031698637 0.04192625577501802 -0.01681119084202047 0.1999105266938888 0.200854583890256
0.9688 1.210806143448319 -0.04553290230342918 0.04205208596147951 -0.01635466208471513 0.2001252471991909 0.2004745481462461
0.9689 1.211190092746773 -0.0454813080843878 0.04217339339676896 -0.01589578878057272 0.2003403241092189 0.2000926843496395
0.969 1.211574874691856 -0.04542957694206184 0.04229012661116047 -0.01543460510272706 0.2005557486248853 0.1997089778357429
0.9691 1.211960493488451 -0.04537770815268801 0.04240223566630233 -0.01497114682369382 0.2007715196709869 0.199323428330742
0.9692 1.212346953375948 -0.04532570098647231 0.04250966874564987 -0.01450545268046683 0.2009876523814981 0.1989360072093336
0.9693 1.212734258628634 -0.04527355470751973 0.04261237598205615 -0.01403756034293243 0.2012041376364715 0.1985467132260973
0.9694 1.213122413556096 -0.04522126857376449 0.04271030555415472 -0.01356750839404153 0.2014209741016731 0.1981555239703778
0.9695 1.213511422503628 -0.045168841836898 0.04280340734066691 -0.01309533553244533 0.2016381535619573 0.1977624320097564
0.9696 1.21390128985264 -0.0451162737422964 0.04289162963127447 -0.01262108587270751 0.201855689957582 0.1973674099485223
0.9697 1.214292020021083 -0.04506356352894681 0.04297492253970582 -0.01214480016367816 0.2020735829889464 0.1969704527739408
0.9698 1.214683617463869 -0.04501071042937249 0.04305323418692997 -0.01166651811680476 0.2022639694024194 0.1965936867920227
0.9699 1.215076086673302 -0.04495771366955689 0.04312651420371524 -0.01118628836117218 0.2024825210659231 0.1961928271734094
0.97 1.215469432179521 -0.04490457246886661 0.0431947115214334 -0.01070415243039659 0.2027014260994873 0.1957899924029925
0.9701 1.21586365855094 -0.04485128603997311 0.04325777531139661 -0.0102201577313447 0.2029206672989753 0.1953851563576255
0.9702 1.216258770394698 -0.04479785358877329 0.04331565405057437 -0.00973434994857699 0.2031402582980834 0.1949783009955507
0.9703 1.216654772357123 -0.04474427431430879 0.04336829840389304 -0.00924677532001173 0.2033601770773415 0.1945694251542096
0.9704 1.21705166912419 -0.04469054740868409 0.04341565672081122 -0.00875748566216659 0.2035804450705629 0.1941584989191187
0.9705 1.217449465421999 -0.04463667205698341 0.04345767956864966 -0.00826653049481169 0.2038010584651042 0.1937455096566731
0.9706 1.217848166017249 -0.04458264743718644 0.0434943145047561 -0.007773958506942268 0.2040219837964463 0.1933304236464762
0.9707 1.21824777571773 -0.04452847272008231 0.04352551270229153 -0.007279823894482563 0.2042432746445416 0.1929132569274132
0.9708 1.218648299372812 -0.04447414706918286 0.04355122364454317 -0.006784179195366768 0.2044649016364095 0.1924939783681133
0.9709 1.219049741873951 -0.04441966964063392 0.0435713966502047 -0.006287078262995869 0.2046868639506143 0.1920725698515306
0.971 1.219452108155196 -0.04436503958312578 0.0435859869510944 -0.005788573381722921 0.2049091595852403 0.1916490453162523
0.9711 1.219855403193709 -0.04431025603780203 0.0435949394036656 -0.005288731291147498 0.205131811343354 0.1912233065593726
0.9712 1.220259632010286 -0.04425531813816672 0.04359820494569631 -0.004787598301027343 0.2053547822003908 0.1907954031232639
0.9713 1.220664799669896 -0.04420022500999049 0.0435957346768909 -0.004285236154043267 0.2055780835121876 0.1903653003637424
0.9714 1.221070911282222 -0.04414497577121493 0.04358748062330823 -0.003781705451486634 0.2058017076251641 0.1899329857191043
0.9715 1.22147797200221 -0.0440895695318554 0.04357339337888579 -0.003277066999398509 0.20602566449691 0.1894984282002521
0.9716 1.221885987030629 -0.04403400539390289 0.04355342500246891 -0.002771383988103277 0.2062499569999848 0.1890616155980808
0.9717 1.222294961614643 -0.04397828245122316 0.04352752585071803 -0.00226471651083566 0.2064745507752786 0.1886225389449063
0.9718 1.222704901048383 -0.04392239978945536 0.04349564981489237 -0.001757132930061878 0.2066994755984238 0.1881811664388122
0.9719 1.223115810673538 -0.04386635648590854 0.0434577483783864 -0.001248696704086392 0.2069247180275695 0.1877374861159551
0.972 1.22352769587995 -0.04381015160945646 0.04341377476796847 -0.0007394756682215631 0.207150270000028 0.1872914773474951
0.9721 1.223940562106221 -0.04375378422043087 0.04336368116298653 -0.0002295372738173301 0.2073761417633062 0.1868431105567811
0.9722 1.224354414840324 -0.04369725337051298 0.0433074222747805 0.0002810486545815443 0.2076022032214956 0.1863924617260874
0.9723 1.224769259620237 -0.04364055810262305 0.04324495104276028 0.0007922117309089316 0.2078286977839359 0.1859393432842098
0.9724 1.225185102034571 -0.04358369745080828 0.04317622114816236 0.001303879904697805 0.2080555035876855 0.1854838113711013
0.9725 1.225601947723221 -0.04352667044012909 0.04310119094797837 0.001815977822043834 0.2082826170370085 0.1850258508541079
0.9726 1.226019802378022 -0.04346947608654296 0.04301981205682893 0.002328434290082837 0.2085100352415919 0.1845654455317369
0.9727 1.226438671743415 -0.04341211339678694 0.04293204154275151 0.002841171379918324 0.2087377630333141 0.1841025628867602
0.9728 1.226858561617128 -0.04335458136825769 0.0428378337280509 0.003354113443319469 0.2089657646981562 0.1836371996268618
0.9729 1.227279477850866 -0.04329687898888999 0.04273714792638797 0.003867180574678594 0.2091940785115027 0.1831693149627752
0.973 1.22770142635101 -0.04323900523703293 0.04262994099508471 0.004380293875311708 0.2094226882506226 0.1826988967930408
0.9731 1.228124413079337 -0.04318095908132408 0.04251616954485167 0.004893371860289422 0.2096515793016713 0.1822259211132928
0.9732 1.228548444053735 -0.04312273948056152 0.04239579259086563 0.005406332463978757 0.2098807542511008 0.1817503685501168
0.9733 1.228973525348951 -0.0430643453835739 0.04226877224411853 0.005919088602026336 0.210110235854279 0.1812722104942154
0.9734 1.229399663097333 -0.04300577572908794 0.04213506532229657 0.00643155795762172 0.2103399988753928 0.1807914263837637
0.9735 1.229826863489599 -0.04294702944559387 0.04199463084747848 0.006943655838380859 0.2105700145476535 0.1803080046410672
0.9736 1.230255132775609 -0.04288810545120881 0.04184743332110542 0.00745529089862778 0.2108003155755784 0.1798219074335512
0.9737 1.230684477265155 -0.04282900265353724 0.04169343476743594 0.00796637379029408 0.2110308953353863 0.1793331209188143
0.9738 1.231114903328764 -0.04276971994952955 0.04153259523480923 0.00847681477220881 0.2112617356426486 0.1788416118133954
0.9739 1.231546417398516 -0.04271025622533806 0.04136487975243847 0.00898652105575309 0.2114928347921558 0.1783473613559912
0.974 1.23197902596887 -0.04265061035617014 0.04119025337557177 0.00949539876718148 0.2117241943463656 0.177850350363239
0.9741 1.232412735597515 -0.04259078120613956 0.04100868078974889 0.01000335261792086 0.2119559803764782 0.1773504214485316
0.9742 1.232847552906226 -0.04253076762811428 0.04082012819269512 0.01051028795262832 0.212187844582074 0.1768478153052918
0.9743 1.233283484581738 -0.04247056846356237 0.04062456476235546 0.01101609988846593 0.2124199813985351 0.1763423419061171
0.9744 1.233720537376641 -0.0424101825423948 0.04042195663646522 0.01152069462645309 0.2126523549163622 0.1758340132104427
0.9745 1.23415871811028 -0.04234960868280545 0.04021227316236176 0.01202396806502798 0.2128849684217822 0.1753227870206074
0.9746 1.234598033669684 -0.04228884569110852 0.03999548194985713 0.01252582535283593 0.2131177806209078 0.1748086653248966
0.9747 1.235038491010497 -0.04222789236157277 0.03977155882623681 0.01302615198486551 0.2133508476724081 0.1742915663172286
0.9748 1.235480097157938 -0.04216674747625304 0.03954047505643111 0.0135248465746966 0.2135841446250567 0.1737715144304503
0.9749 1.235922859207772 -0.04210540980481834 0.03930220203050164 0.01402180275412057 0.2138176469561489 0.1732484615037884
0.975 1.2363667843273 -0.04204387810437754 0.03905671630762631 0.01451691039499633 0.214051372994315 0.1727223811899439
0.9751 1.236811879756365 -0.04198215111930093 0.03880399419327725 0.01501005933575836 0.2142851466470702 0.172193379943423
0.9752 1.237258152808381 -0.04192022758103956 0.03854401228872689 0.01550113785591676 0.2145194487988154 0.1716610309390135
0.9753 1.237705610871375 -0.04185810620794037 0.0382767495422724 0.01599003311314213 0.2147537942754536 0.1711257141213935
0.9754 1.238154261409053 -0.0417957857050588 0.03800218423492889 0.01647662851352148 0.2149883286793442 0.1705872369803082
0.9755 1.238604111961883 -0.04173326476396692 0.03772029895962223 0.01696081396690386 0.2152230430807312 0.1700456147643985
0.9756 1.239055170148194 -0.04167054206255917 0.0374310770877775 0.0174424653507109 0.2154579444185836 0.1695007936164732
0.9757 1.239507443665306 -0.04160761626485344 0.03713450004795654 0.01792146133669092 0.2156930101577603 0.1689527166928485
0.9758 1.239960940290672 -0.04154448602078926 0.03683055778798323 0.0183976855416069 0.2159282588704635 0.1684013933462417
0.9759 1.240415667883042 -0.04148114996602159 0.03651923394266565 0.01887101466436543 0.2161636580401298 0.1678467783203399
0.976 1.240871634383653 -0.04141760672171113 0.03620051910592493 0.01934132390838086 0.216399214521867 0.1672888395495394
0.9761 1.241328847817441 -0.04135385489431053 0.03587440401987286 0.01980848706629804 0.2166349311846508 0.1667275574389644
0.9762 1.241787316294268 -0.0412898930753467 0.03554088058763776 0.02027237769988257 0.2168707871350846 0.16616288555013
0.9763 1.242247048010187 -0.04122571984119846 0.03519994400544901 0.02073286586435037 0.2171067840132539 0.1655947926704431
0.9764 1.242708051248713 -0.04116133375287077 0.03485158711180672 0.02118982314070894 0.2173428891032747 0.1650232571836698
0.9765 1.243170334382135 -0.04109673335576373 0.03449581012399988 0.02164311629974922 0.2175843662424525 0.1644440421441775
0.9766 1.243633905872845 -0.04103191717943809 0.03413261279089169 0.0220926113704691 0.2178207327342021 0.1638654760886696
0.9767 1.244098774274691 -0.0409668837373752 0.0337619974992942 0.02253817318385598 0.2180572117508061 0.163283352922782
0.9768 1.244564948234359 -0.04090163152673311 0.03338396482349885 0.02297966756509446 0.2182937759840822 0.1626976455452047
0.9769 1.245032436492785 -0.04083615902809738 0.03299852268677927 0.02341695416181877 0.2185304219389332 0.1621083079521149
0.977 1.245501247886591 -0.04077046470522756 0.03260567839928086 0.02384989512617232 0.2187671583125727 0.1615153260776671
0.9771 1.245971391349545 -0.04070454700479784 0.03220544329772265 0.02427834681870437 0.2190039576734802 0.1609186401938124
0.9772 1.246442875914059 -0.04063840435613345 0.03179782756002322 0.02470216906531975 0.2192408160634599 0.160318227898367
0.9773 1.246915710712714 -0.04057203517094124 0.03138284641868273 0.0251212165252118 0.2194777124649177 0.1597140393443545
0.9774 1.247389904979805 -0.04050543784303523 0.03096052047075377 0.02553534425653268 0.2197146665068395 0.1591060487896436
0.9775 1.247865468052938 -0.04043861074805641 0.03053086280750372 0.02594440502790578 0.2199516332893737 0.1584942188710243
0.9776 1.248342409374631 -0.04037155224318701 0.03009390096272326 0.02634824999473871 0.2201886382320388 0.1578785029296887
0.9777 1.248820738493978 -0.040304260666859 0.02964965709877612 0.02674672997827807 0.2204256545299877 0.1572588624520103
0.9778 1.249300465068322 -0.04023673433845659 0.02919815664789856 0.02713969328934703 0.2206626465034702 0.1566352675525925
0.9779 1.249781598864974 -0.04016897155801282 0.02873943326901034 0.02752698703209234 0.2208996461480253 0.1560076647294597
0.978 1.250264149762964 -0.04010097060589979 0.02827351696422378 0.02790845683407317 0.221136611698982 0.1553760163344787
0.9781 1.250748127754829 -0.04003272974251258 0.02780044329375639 0.02828394743484475 0.2213735273585452 0.1547402889446152
0.9782 1.25123354294844 -0.03996424720794658 0.02732025315872263 0.02865330296303282 0.2216104195025766 0.1541004306784468
0.9783 1.251720405568861 -0.03989552122166809 0.02683298429851658 0.02901636398138965 0.2218472467708756 0.1534564028969919
0.9784 1.252208725960249 -0.03982654998217825 0.02633868304171962 0.02937297181745006 0.2220840035138399 0.1528081573767278
0.9785 1.252698514587798 -0.03975733166666966 0.02583739635458843 0.02972296546754546 0.2223206718489642 0.1521556589609413
0.9786 1.25318978203972 -0.03968786443067598 0.0253291730124346 0.03006618295241158 0.2225572290134702 0.151498860572566
0.9787 1.253682539029267 -0.03961814640771392 0.02481407024839283 0.03040246152567583 0.2227936773639646 0.1508377113507191
0.9788 1.254176796396798 -0.03954817570891775 0.02429214457012631 0.0307316375487956 0.2230300072928399 0.1501721762333838
0.9789 1.25467256511189 -0.03947795042266613 0.02376345440625097 0.03105354352969975 0.2232661790223935 0.1495021937901475
0.979 1.255169856275489 -0.0394074686142004 0.02322806632572516 0.03136801536154741 0.2235022059503417 0.1488277301556296
0.9791 1.255668681122122 -0.03933672832523543 0.02268604574309165 0.03167488408405448 0.223738050839054 0.1481487340793454
0.9792 1.256169051022135 -0.03926572757356141 0.02213746766642989 0.03197398092045977 0.2239737087915373 0.1474651523431437
0.9793 1.256670977483997 -0.03919446435263728 0.0215824039743692 0.03226513899427148 0.2242091739049308 0.1467769444514145
0.9794 1.257174472156649 -0.03912293663117491 0.02102093228448945 0.03254818436783831 0.224444215894999 0.1460841772325035
0.9795 1.257679546831903 -0.03905114235271486 0.02045313940242799 0.03282294786338269 0.2246792181829191 0.1453865460763051
0.9796 1.258186213446893 -0.03897907943519185 0.01987910836858567 0.03308925686716038 0.224913953822146 0.1446841376975348
0.9797 1.258694484086583 -0.03890674577049145 0.01929893234778071 0.03334693833401237 0.2251484171758302 0.1439768899883572
0.9798 1.259204370986332 -0.03883413922399614 0.01871270535616772 0.03359581909082207 0.2253825858905104 0.1432647581518335
0.9799 1.259715886534513 -0.03876125763412175 0.01812052624380473 0.03383572465395354 0.2256164317941441 0.1425476895868884
0.98 1.260229043275188 -0.03868809881184317 0.01752250058529335 0.03406648018164018 0.2258499625210076 0.1418256160479844
0.9801 1.260743853910857 -0.03861466054020941 0.01691873435893307 0.03428791139982237 0.2260831372114373 0.1410984923573221
0.9802 1.261260331305249 -0.03854094057384772 0.01630933860797751 0.03449984060767497 0.2263159240803166 0.1403662598922057
0.9803 1.261778488486195 -0.03846693663845599 0.01569443535376805 0.03470209333812063 0.2265483399018728 0.1396288416852622
0.9804 1.262298338648556 -0.03839264643028418 0.01507413996487908 0.03489449267588195 0.2267803270408922 0.1388862265792005
0.9805 1.262819895157224 -0.03831806761560291 0.01444858283681297 0.03507686162863935 0.2270118809574455 0.1381383143031245
0.9806 1.263343171550189 -0.03824319783016058 0.01381789419925114 0.03524902355330165 0.2272429740692321 0.1373850427551718
0.9807 1.263868181541677 -0.03816803467862694 0.0131822092907876 0.03541079928533608 0.2274735619723546 0.1366263794314037
0.9808 1.264394939025369 -0.03809257573402471 0.01254167256290778 0.03556201945767837 0.227703667356523 0.1358622524915527
0.9809 1.264923458077683 -0.03801681853714646 0.01189642895618337 0.03570250045660719 0.2279332329124494 0.1350925922869141
0.981 1.265453752961146 -0.03794076059595897 0.0112466301791316 0.03583206477786474 0.2281622222390862 0.134317326561623
0.9811 1.265985838127837 -0.03786439938499238 0.01059242908800075 0.03595054441008867 0.2283906295186241 0.1335364434710062
0.9812 1.26651972822292 -0.03778773234471526 0.00993399614260991 0.03605775686787775 0.2286184402844266 0.1327498126573077
0.9813 1.267055438088251 -0.0377107568808947 0.00927149293160411 0.03615352785081595 0.2288455953854826 0.1319574055992754
0.9814 1.267592982766088 -0.03763347036394048 0.00860509643732156 0.0362376841239786 0.2290720862659414 0.1311591314657475
0.9815 1.268132377502875 -0.03755587012823358 0.007934984298238263 0.03631005202157505 0.2292978742215798 0.1303549373750879
0.9816 1.268673637753128 -0.03747795347143824 0.007261342040015139 0.03637045742797016 0.2295229295768773 0.1295447441667786
0.9817 1.269216779183415 -0.03739971765379716 0.006584362480537056 0.03641873326307504 0.2297472449017924 0.1287284887897578
0.985 1.28831286599629 -0.03461838724967343 -0.01598959945408213 0.03021489280299334 0.236454583141321 0.09784573772302255
0.9851 1.288931125094384 -0.03452734556370279 -0.01661821904150797 0.02976745925809308 0.2366262300845534 0.09677113757068291
0.9852 1.289551987316635 -0.03443585815529216 -0.01723909534242628 0.02930401043092269 0.2367952337718637 0.09568706321876267
0.9853 1.290175479730875 -0.03434392026954707 -0.01785177537312499 0.0288245488672128 0.2369614721835987 0.09459338415873378
0.9854 1.290801629869262 -0.0342515270694061 -0.01845579511503729 0.02832909577598558 0.2371248738159642 0.0934899463600506
0.9855 1.291430465739472 -0.03415867363365544 -0.01905068462429029 0.02781768227074344 0.2372853336837165 0.09237662961362069
0.9856 1.292062015836231 -0.03406535495488099 -0.0196359657017362 0.02729034949809424 0.2374427781800284 0.09125328169866172
0.9857 1.292696309153208 -0.03397156593735704 -0.02021115346110815 0.0267471495592334 0.2375970680849793 0.09011978625257958
0.9858 1.293333375195292 -0.03387730139486705 -0.02077575734312591 0.0261881565587093 0.2377481627638975 0.0889760027127954
0.9859 1.293973243991251 -0.03378255604845597 -0.02132926755101036 0.02561344336341901 0.2378958728468776 0.08782172179681406
0.986 1.294615946106797 -0.03368732452410989 -0.02187118638112773 0.02502311082556623 0.2380401515104996 0.08665685025287434
0.9861 1.29526151265808 -0.03359160135036063 -0.02240099657985925 0.02441726655883529 0.2381808686862157 0.0854812102964627
0.9862 1.295909975325614 -0.03349538095581325 -0.02291817693976475 0.02379603276400021 0.2383178920017723 0.08429466161638843
0.9863 1.296561366368656 -0.03339865766659114 -0.02342220003048039 0.02315955027297643 0.2384511121482469 0.08309705346817367
0.9864 1.297215718640071 -0.03330142570369796 -0.02391253460998525 0.02250798096803069 0.238580455495 0.08188820658868508
0.9865 1.297873065601673 -0.03320367918029119 -0.02438863307493944 0.02184147811239851 0.2387056412132259 0.08066797329017089
0.9866 1.298533441340098 -0.03310541209886477 -0.02484995700532224 0.02116025114825581 0.2388267028025438 0.07943614341954611
0.9867 1.299196880583196 -0.0330066183483359 -0.02529595395279324 0.02046449933684085 0.2389434240548947 0.07819259771784754
0.9868 1.299863418716991 -0.03290729170103358 -0.02572606521143785 0.01975445169851181 0.2390556978032494 0.07693711463474935
0.9869 1.300533091803213 -0.03280742580958363 -0.02613973541029763 0.01903034738305032 0.2391633425817335 0.07566956762110366
0.987 1.301205936597444 -0.03270701420368595 -0.02653638746937816 0.01829245448262803 0.2392661801304219 0.07438970017926569
0.9871 1.301881990567881 -0.03260605028677998 -0.02691547515777524 0.0175410574608085 0.2393641768681017 0.07309746138841305
0.9872 1.30256129191477 -0.03250452733259304 -0.02727639952510954 0.01677646043436906 0.2394570045204051 0.07179251592935799
0.9873 1.303243879590514 -0.03240243848156676 -0.02761859731878596 0.01599899363577611 0.2395445898181511 0.0704747349541831
0.9874 1.303929793320507 -0.03229977673715625 -0.02794148465525359 0.01520901203732679 0.2396267418763368 0.06914386702485545
0.9875 1.304619073624701 -0.03219653496199632 -0.02824449025304013 0.01440687854283574 0.2397032912613625 0.06779981210734704
0.9876 1.30531176183997 -0.03209270587392921 -0.02852702254966104 0.0135929970917461 0.2397740268521107 0.0664422791317668
0.9877 1.306007900143271 -0.03198828204188728 -0.02878850623596771 0.01276778747181941 0.2398387944758624 0.06507110475245832
0.9878 1.306707531575666 -0.03188325588162414 -0.02902835611947499 0.01193169598462958 0.2398973519152637 0.06368606929575805
0.9879 1.30741070006723 -0.03177761965128771 -0.02924598943364888 0.01108519722155905 0.2399495245535337 0.06228693436073073
0.988 1.308117450462891 -0.0316713654468278 -0.02944082907565108 0.01022878620792081 0.2399950713010953 0.06087350723701564
0.9881 1.308827828549239 -0.03156448519723067 -0.02961229740236489 0.00936299366305976 0.2400338215970165 0.05944556177690381
0.9882 1.309541881082353 -0.03145697065957216 -0.02975981052854447 0.00848837464117491 0.2400654548808566 0.05800282446383047
0.9883 1.3102596558167 -0.0313488134138816 -0.02988280828900217 0.007605511257915408 0.2400898079713855 0.05654511138326977
0.9884 1.310981201535134 -0.03124000485780672 -0.02998072242530531 0.006715020859543301 0.2401066312616567 0.05507215046377327
0.9885 1.311706568080085 -0.0311305362010711 -0.03005299134343698 0.005817542722549688 0.2401156420807426 0.05358372128537704
0.9886 1.312435806385951 -0.03102039845971305 -0.03009906645405463 0.004913754120938282 0.2401165865563204 0.05207954233432464
0.9887 1.31316896851279 -0.03090958245009649 -0.03011840098609721 0.004004367666035172 0.2401092077166068 0.05055929848981233
0.9888 1.313906107681347 -0.03079807878268157 -0.03011046294911105 0.003090103630724155 0.2400931613125913 0.04902294499221638
0.9889 1.314647278309501 -0.03068587785554411 -0.0300747317071091 0.002171762229841775 0.2400682644117179 0.04746996200033879
0.989 1.315392536050196 -0.03057296984763096 -0.03001069535796606 0.001250127550924712 0.2400341022360603 0.04590026843099644
0.9891 1.316141937830919 -0.03045934471173768 -0.02991785473155252 0.0003260564855857607 0.2399903752115724 0.04431342679405762
0.9892 1.316895541894827 -0.03034499216719535 -0.02979573218687584 -0.0005995839532851408 0.2399367697393463 0.04270929682743158
0.9893 1.317653407843586 -0.03022990169225073 -0.02964386374789221 -0.001525879785469697 0.239872930734856 0.04108753808140681
0.9894 1.31841559668202 -0.03011406251612452 -0.02946180950098451 -0.002451877302123168 0.2397985514529758 0.03944782886568208
0.9895 1.319182170864665 -0.02999746361073063 -0.02924914019129092 -0.00337659252641804 0.2397132183786396 0.03778988788537975
0.9896 1.319953194344325 -0.02988009368203896 -0.02900545773156064 -0.00429900525772458 0.2396165557337491 0.03611342050355989
0.9897 1.320728732622733 -0.02976194116106226 -0.02873038157559786 -0.005218051758863993 0.2395081163720568 0.03441811760918329
0.9898 1.321508852803437 -0.02964299419444745 -0.02842356843957959 -0.00613263021358963 0.2393875693623264 0.03270365412700087
0.9899 1.322293623647033 -0.02952324063464972 -0.02808469657760755 -0.007041602920325786 0.2392544372011019 0.03096969296623562
0.99 1.323083115628857 -0.02940266802966645 -0.0277134766902107 -0.007943787938763492 0.2391082668016591 0.02921589352154498
0.9901 1.323877400999293 -0.02928126361230696 -0.02730965643285949 -0.00883797200564229 0.2389486190815557 0.02744193247112725
0.9902 1.32467655384683 -0.02915901428897185 -0.02687301540839604 -0.00972289585333468 0.2387749780813909 0.02564746749644175
0.9903 1.325480650164024 -0.02903590662791487 -0.02640337253178079 -0.01059726478787842 0.2385868205357372 0.02383219457044286
0.9904 1.326289767916532 -0.02891192684695675 -0.02590059859642517 -0.01145973717526334 0.2383836541594199 0.02199564263429232
0.9905 1.3271039871154 -0.02878706080062102 -0.02536459861226534 -0.01230893935045006 0.2381649278085937 0.02013753321757182
0.9906 1.327923389892779 -0.02866129396665667 -0.02479532838548876 -0.01314345726086243 0.2379300566178343 0.01825747857830532
0.9907 1.328748060581292 -0.02853461143191252 -0.02419279761187327 -0.01396183358592463 0.2376784504432126 0.01635508577487635
0.9908 1.329578085797244 -0.02840699787752479 -0.02355706831521064 -0.01476257600049304 0.2374094733857525 0.01442996254592076
0.9909 1.330413554527932 -0.02827843756337592 -0.0228882652551381 -0.01554415480287412 0.2371224910422834 0.01248173198643732
0.991 1.331254558223275 -0.02814891431178161 -0.02218656939713387 -0.01630500176363058 0.236816802369711 0.01050998689247402
0.9911 1.332101190892057 -0.02801841149035729 -0.02145223132077475 -0.01704351638343165 0.2364917281067678 0.008514333658905477
0.9912 1.332953549203047 -0.027886911994014 -0.02068557271630411 -0.01775805157530805 0.2361465098271105 0.006494283614556086
0.9913 1.333811732591319 -0.02775439822602921 -0.01988698419473138 -0.01844694504896791 0.2357803769881716 0.004449507984056383
0.9914 1.334675843370085 -0.02762085207813288 -0.01905693934117095 -0.01910849040255083 0.2353925337330744 0.002379535344523142
0.9915 1.335545986848409 -0.02748625490954636 -0.01819598976445967 -0.01974095645736865 0.234982132690393 0.0002839264955103873
0.995 1.370944150961667 -0.02191068816123693 0.01812132022570933 -0.01074914575613356 0.1954066908710617 -0.09281500584218123
0.9951 1.372143224614433 -0.02171843511436077 0.01862733104932454 -0.00941302014191159 0.1930319091367113 -0.09612196397888757
0.9952 1.373356472414871 -0.02152368580676459 0.01904508727611121 -0.00803105103863654 0.190539859372458 -0.09946485453415747
0.9953 1.37458434396723 -0.02132636028076663 0.01936877836990306 -0.006608244462534608 0.187924040682631 -0.1028427256863392
0.9954 1.375827312983124 -0.02112637428084362 0.01959267518982697 -0.005150282055141017 0.1851775653904286 -0.1062542549472793
0.9955 1.377085879128319 -0.02092363892401547 0.01971118710744111 -0.003663570645714438 0.1822931407715614 -0.1096979621255948
0.9956 1.378360570055398 -0.02071806033703119 0.0197189286788676 -0.00215528358205848 0.1792628182841974 -0.1131720493481336
0.9957 1.379651943645701 -0.02050953925617665 0.01961079545267028 -0.0006333949432432012 0.176078146707403 -0.1166741770656675
0.9958 1.380960590487478 -0.02029797058489062 0.01938205231099271 0.000893271647412739 0.1727301678253525 -0.1202018654782459
0.9959 1.382287136621405 -0.02008324290362235 0.01902843326179897 0.002415016678840769 0.1692091907421292 -0.1237518926416711
0.996 1.383632246589574 -0.01986523792547859 0.01854624942543097 0.003921216766066867 0.1655048259452858 -0.127320594947903
0.9961 1.384996626829982 -0.01964382989014854 0.01793253041732654 0.005400338967468326 0.1616062212909594 -0.1309039939437175
0.9962 1.386381029465601 -0.01941888488733595 0.01718515618874051 0.006839880117434989 0.1575011360729383 -0.1344965577223363
0.9963 1.387786256545571 -0.01919026009941499 0.01630301210259763 0.00822639258344411 0.1531768563887508 -0.1380924115602736
0.9964 1.389213164806232 -0.01895780295120512 0.01528620344733343 0.00954549601016008 0.1486197155339453 -0.1416847785081581
0.9965 1.390662671032051 -0.01872135015255823 0.01413619699961236 0.01078189157220966 0.143814813215304 -0.1452653304783866
0.9966 1.39213575811148 -0.01848072661676983 0.012856102376591 0.01191943307037172 0.138746217916803 -0.1488247534114027
0.9967 1.3936334819011 -0.01823574423455315 0.01145087650629789 0.01294121188982235 0.1333968516000608 -0.1523518824997657
0.9968 1.395156979033928 -0.01798620047928591 0.0099276050515769 0.0138296720751363 0.127748303407655 -0.1558337602636399
0.9969 1.396707475835614 -0.01773187681426249 0.00829577656277919 0.01456678672903699 0.1217807715765827 -0.1592552409493319
0.997 1.398286298546906 -0.01747253686648835 0.006567620159376136 0.01513427580801944 0.1154728556789589 -0.1625988889415987
0.9971 1.399894885094135 -0.01720792432379527 0.004758361546773163 0.01551390560227402 0.1088018370448938 -0.1658437440528531
0.9972 1.401534798704218 -0.01693776050227027 0.002886627798062275 0.0156878536977771 0.1017429722804769 -0.1689656471570651
0.9973 1.403207743730207 -0.01666174151855635 0.000974732218733702 0.0156391997800175 0.0942703065796291 -0.1719359870889843
0.9974 1.404915584142465 -0.01637953498565772 -0.000950972634500969 0.01535248779430125 0.08635575645839257 -0.1747212494185387
0.9975 1.406660365255602 -0.01609077613030911 -0.002859818002406908 0.01481447974535236 0.07796971718724542 -0.177281873100046
0.9976 1.40844433941127 -0.01579506320315125 -0.004716577038086048 0.01401503479841121 0.06908058537046646 -0.1795712409369558
0.9977 1.410269996534297 -0.01549195201765215 -0.006481315039583357 0.01294820960842448 0.05965553408820864 -0.1815338188178315
0.9978 1.412140100742244 -0.01518094940675057 -0.00810939648415224 0.01161353040475106 0.04966115695478561 -0.1831033495541628
0.9979 1.414057734541843 -0.01486150532300376 -0.00955166252058065 0.01001760133830389 0.0390625761064029 -0.1842015968428993
0.998 1.41602635262704 -0.01453300322193519 -0.01075500972294379 0.00817582706994537 0.02782628107749695 -0.1847345287802135