0.001 0.3012256090977647 -0.4782320854273257 -0.1905356558925815 0.01552315089285561 0.1909993757367091 -0.2576238748727075
0.002 0.3013979319975469 -0.478187127196438 -0.1907870852048086 0.01529661119896131 0.1908948945298619 -0.2575703248902925
0.003 0.3015704236360311 -0.4781421083838292 -0.1910387458298602 0.01506919948607022 0.1907905306945838 -0.2575168708878232
0.004 0.3017430843053628 -0.4780970288471269 -0.1912906012512325 0.0148409334930733 0.1906863022792669 -0.2574634115034165
0.005 0.30191591429855 -0.4780518884434853 -0.191542531417377 0.01461170296967793 0.1905819628446402 -0.2574098113612777
0.006 0.3020889139094678 -0.4780066870295824 -0.1917946601824758 0.01438164329091325 0.1904777825106362 -0.2573562503721426
0.007 0.3022620834328582 -0.4779614244616193 -0.1920468996640142 0.01415048682271886 0.1903738922926884 -0.2573023529593017
0.008 0.30243542316434 -0.477916100595318 -0.1922994891329908 0.01391873435686315 0.1902698455800651 -0.2572490731571742
0.009 0.3026089334004051 -0.4778707152859189 -0.1925521561219433 0.01368584283218631 0.1901660558500267 -0.2571953707741164
0.01 0.3027826144384281 -0.4778252683881802 -0.1928050669898809 0.01345221217428899 0.190062282523436 -0.2571419601179226
0.011 0.3029564665766662 -0.4777797597563741 -0.1930579824191417 0.01321736548931324 0.1899587531108952 -0.2570879487590029
0.012 0.3031304901142642 -0.4777341892442873 -0.1933113328181754 0.01298200147051196 0.1898551335236794 -0.2570346440527425
0.013 0.3033046853512589 -0.4776885567052166 -0.1935644817745629 0.0127451984729008 0.189751842062263 -0.2569804260083372
0.014 0.3034790525885801 -0.4776428619919683 -0.1938180314964598 0.0125078024867457 0.1896484192979077 -0.2569267747866407
0.015 0.3036535921280575 -0.4775971049568565 -0.1940717695996791 0.01226942368866621 0.1895453213793324 -0.2568731812672613
0.016 0.3038283042724219 -0.4775512854517006 -0.1943253892615548 0.01203001537429887 0.1894420747703711 -0.2568189704040784
0.017 0.3040031893253099 -0.4775054033278233 -0.1945794257284532 0.01178971957050083 0.1893390651421701 -0.2567652170884536
0.018 0.3041782475912678 -0.4774594584360483 -0.1948336805194953 0.01154852018243009 0.1892362121606383 -0.2567115285343915
0.019 0.3043534793757549 -0.4774134506266995 -0.1950879190736606 0.01130631309761859 0.1891334561520724 -0.2566574932529775
0.02 0.3045288849851475 -0.477367379749598 -0.1953422342168128 0.01106294586778343 0.1890308488798296 -0.2566031480236883
0.021 0.3047044647267423 -0.47732124565406 -0.1955969092660758 0.01081902671743339 0.1889281524233334 -0.2565494411302248
0.022 0.3048802189087609 -0.4772750481888953 -0.1958515281779838 0.01057379726008902 0.1888256908271246 -0.2564951107256168
0.023 0.3050561478403526 -0.4772287872024052 -0.1961065817397249 0.01032809480771289 0.1887230566335962 -0.2564416534890532
0.024 0.3052322518315993 -0.4771824625423805 -0.1963615583038273 0.0100809954026541 0.1886208842766431 -0.2563873977405747
0.025 0.3054085311935188 -0.4771360740560986 -0.1966167071658542 0.00983292948726408 0.1885194514709996 -0.2563318169309502
0.026 0.3055849862380678 -0.4770896215903228 -0.1968720698786442 0.00958395447830515 0.1884167462150679 -0.256279026075973
0.027 0.3057616172781479 -0.4770431049912992 -0.1971275785289015 0.00933416739739701 0.1883146542930487 -0.2562250141305813
0.028 0.3059384246276076 -0.4769965241047552 -0.1973832329238965 0.00908323730631452 0.1882128854028874 -0.2561709101327471
0.029 0.3061154086012476 -0.4769498787758966 -0.1976389062018899 0.00883140452878735 0.1881109456667398 -0.2561166002594003
0.03 0.3062925695148227 -0.4769031688494065 -0.197894906602581 0.00857865303861891 0.1880092967094959 -0.2560626367302013
0.031 0.3064699076850488 -0.4768563941694428 -0.19815081315608 0.00832466258923786 0.1879078240047415 -0.2560080735201904
0.032 0.3066474234296038 -0.4768095545796357 -0.1984069722880229 0.00806973168535871 0.1878064309419901 -0.2559537526598482
0.033 0.3068251170671338 -0.4767626499230856 -0.1986632507318593 0.007813723462575737 0.187705294600862 -0.2558992011617939
0.034 0.3070029889172564 -0.4767156800423614 -0.1989195650778956 0.007556915924456787 0.1876038648921354 -0.2558447544208341
0.035 0.3071810393005641 -0.4766686447794988 -0.1991762587653128 0.007299204747995641 0.1875026983472581 -0.2557907107662224
0.036 0.3073592685386297 -0.4766215439759962 -0.1994329748556547 0.007040336731618648 0.1874017382944578 -0.2557363481069722
0.037 0.3075376769540092 -0.4765743774728145 -0.1996894897863768 0.006780293640849909 0.1873007511788805 -0.2556813436996242
0.038 0.3077162648702463 -0.4765271451103738 -0.1999464351868956 0.006519461013691206 0.1871998866672583 -0.2556269674023677
0.039 0.3078950326118766 -0.4764798467285517 -0.2002035364066485 0.006257539283289177 0.1870992752894794 -0.2555725058281078
0.04 0.3080739805044321 -0.4764324821666809 -0.2004607429160935 0.005994661056811332 0.1869986263340534 -0.2555180632075844
0.041 0.3082531088744449 -0.4763850512635464 -0.2007180290365596 0.005730686101825853 0.1868981796887212 -0.2554634851297341
0.042 0.3084324180494514 -0.4763375538573849 -0.2009755728684238 0.00546579567820496 0.1867978372460539 -0.2554091840488496
0.043 0.3086119083579966 -0.4762899897858803 -0.2012329775858762 0.005199720834538846 0.1866975172549593 -0.2553543683628393
0.044 0.3087915801296385 -0.4762423588861632 -0.2014906603044114 0.004932721543405544 0.1865973553498558 -0.2552998250492184
0.045 0.3089714336949521 -0.4761946609948076 -0.2017483068756005 0.004664624834440204 0.186497182624349 -0.2552449854785789
0.046 0.3091514693855345 -0.4761468959478283 -0.202006291151059 0.004395658276031389 0.1863972078242133 -0.2551906546193728
0.047 0.3093316875340075 -0.4760990635806817 -0.2022641539536854 0.004125375687055552 0.1862973994871457 -0.2551356758315548
0.048 0.3095120884740239 -0.476051163728258 -0.2025220065621174 0.003853881110950391 0.1861977845653011 -0.2550804678770411
0.049 0.3096926725402702 -0.4760031962248836 -0.2027802756842474 0.003581779265567714 0.186098078798353 -0.2550259336563776
0.05 0.309873440068472 -0.4759551609043164 -0.2030387867625836 0.003308469213252535 0.1859987526694827 -0.2549714272290219
0.051 0.3100543913953981 -0.4759070575997441 -0.203297063186541 0.003034133572969652 0.1858992156805813 -0.2549165162425925
0.052 0.310235526858865 -0.4758588861437826 -0.2035553791628533 0.002758594915477641 0.1857998529772834 -0.2548614092389095
0.053 0.3104168467977413 -0.4758106463684713 -0.2038138265256999 0.00248197858622548 0.1857007177934305 -0.2548063197854246
0.054 0.3105983515519526 -0.4757623381052729 -0.2040724006953235 0.002204429790500797 0.1856015071040718 -0.2547512823834494
0.055 0.310780041462484 -0.4757139611850709 -0.2043312629882049 0.001925782072878551 0.1855017452311697 -0.2546987694660739
0.056 0.3109619168713879 -0.4756655154381658 -0.2045900373747009 0.001645983161476766 0.1854038086947675 -0.2546414080931029
0.057 0.3111439781217858 -0.4756170006942722 -0.2048487904625755 0.001365017142729755 0.1853050859442172 -0.2545860618429161
0.058 0.3113262255578738 -0.4755684167825203 -0.2051079925731233 0.001083195779931628 0.1852065484622141 -0.2545313177993265
0.059 0.3115086595249279 -0.4755197635314482 -0.2053670827747681 0.000800371602265232 0.185107803134836 -0.2544764423118211
0.06 0.311691280369308 -0.475471040769003 -0.205626340809963 0.0005162296681386626 0.1850095199055053 -0.254421428052383
0.061 0.3118740884384612 -0.4754222483225369 -0.2058855464892987 0.0002310100090536227 0.1849112606150089 -0.2543662317966378
0.062 0.3120570840809293 -0.4753733860188047 -0.2061447015611269 -0.00005529270444855349 0.1848129153799191 -0.2543108548809221
0.063 0.3122402676463513 -0.4753244536839613 -0.2064040735213236 -0.000342830232367225 0.1847150016882503 -0.2542555013673389
0.064 0.3124236394854685 -0.4752754511435606 -0.2066633810966652 -0.0006313451064656888 0.184616924035669 -0.2542001303104904
0.065 0.3126071999501301 -0.4752263782225503 -0.2069230218379536 -0.000920921489105567 0.1845191384015994 -0.2541450387528903
0.066 0.3127909493932967 -0.4751772347452712 -0.2071826094996821 -0.001211686942761109 0.184421472922253 -0.2540897164157375
0.067 0.3129748881690467 -0.4751280205354546 -0.2074419507619271 -0.001503695401734298 0.1843237267202192 -0.2540338944074414
0.068 0.3131590166325787 -0.4750787354162183 -0.2077017041001138 -0.001796627930652758 0.1842262269874035 -0.2539785844076463
0.069 0.3133433351402195 -0.4750293792100659 -0.2079615335886935 -0.002090746667807037 0.1841288918142606 -0.253923267815928
0.07 0.3135278440494261 -0.4749799517388821 -0.2082215237689422 -0.002385740647332033 0.1840314319884078 -0.2538682486809481
0.071 0.3137125437187918 -0.4749304528239326 -0.2084812535199263 -0.002682539974590337 0.1839346959412612 -0.2538122478179829
0.072 0.313897434508052 -0.4748808822858581 -0.208741263349064 -0.00297972956306447 0.1838373205583053 -0.2537571499505775
0.073 0.3140825167780871 -0.4748312399446759 -0.2090012911028742 -0.003278341371910229 0.1837403505989809 -0.2537017311581928
0.074 0.3142677908909296 -0.4747815256197721 -0.2092610521089557 -0.003578364627648267 0.1836435863794308 -0.2536456499581974
0.075 0.3144532572097674 -0.4747317391299041 -0.2095213145620345 -0.00387921642732171 0.1835469341728759 -0.2535904240645918
0.076 0.3146389160989497 -0.4746818802931937 -0.2097812781528398 -0.004181290661691872 0.183450143396398 -0.2535345943658476
0.077 0.3148247679239922 -0.474631948927127 -0.2100415030778292 -0.004484450536257567 0.1833536369631203 -0.2534791557778073
0.078 0.3150108130515811 -0.4745819448485499 -0.2103016464889431 -0.004788994573084141 0.1832573873196515 -0.2534232970997537
0.079 0.3151970518495803 -0.4745318678736666 -0.2105618170359944 -0.005094622836644636 0.1831611757016531 -0.253367533140284
0.08 0.3153834846870336 -0.4744817178180366 -0.2108219920669146 -0.005401424693537173 0.1830650037369073 -0.2533116349612492
0.081 0.3155701119341728 -0.4744314944965713 -0.2110821235881178 -0.005709390847668278 0.1829689262010415 -0.2532556781109894
0.082 0.3157569339624207 -0.4743811977235318 -0.2113422931953798 -0.006018593550601803 0.1828730369901885 -0.2531996145390847
0.083 0.3159439511443976 -0.4743308273125251 -0.2116027760485948 -0.006328890942337573 0.1827774141634229 -0.2531439500184118
0.084 0.3161311638539265 -0.4742803830765026 -0.2118631020365299 -0.006640260919155303 0.1826815860324118 -0.2530881099210279
0.085 0.3163185724660371 -0.4742298648277567 -0.2121237554126687 -0.006952847450243937 0.1825862278805277 -0.2530326543997667
0.086 0.3165061773569724 -0.4741792723779171 -0.2123840825878416 -0.007266618687399307 0.1824906151816428 -0.2529767074476628
0.087 0.3166939789041942 -0.4741286055379499 -0.2126444179817295 -0.007581739195583291 0.1823953336720504 -0.2529206320214943
0.088 0.3168819774863873 -0.4740778641181516 -0.2129047626199407 -0.007897917119961364 0.1823000277388127 -0.2528646323606275
0.089 0.3170701734834657 -0.4740270479281498 -0.213165263949179 -0.00821540185289053 0.1822050231713098 -0.2528086302242573
0.09 0.317258567276578 -0.4739761567768968 -0.2134254070000953 -0.00853399434523169 0.1821098023523885 -0.2527523206136529
0.091 0.3174471592481123 -0.4739251904726692 -0.2136857546139821 -0.00885392347718843 0.1820149623451922 -0.2526960799243066
0.092 0.3176359497817025 -0.4738741488230641 -0.213946341312579 -0.00917501403227727 0.1819203640803935 -0.2526401437756137
0.093 0.3178249392622334 -0.4738230316349955 -0.2142069543940339 -0.00949725825598206 0.1818258644955599 -0.2525843301827801
0.094 0.3180141280758463 -0.4737718387146916 -0.2144670700091523 -0.00982086872857861 0.1817312552625461 -0.2525277045353141
0.095 0.3182035166099441 -0.4737205698676919 -0.2147273661988679 -0.01014566791789838 0.1816368662037472 -0.2524712966308883
0.096 0.318393105253197 -0.4736692248988456 -0.2149880269637373 -0.01047154639971866 0.1815426974992204 -0.2524154823358924
0.097 0.3185828943955501 -0.4736178036123051 -0.2152481350840435 -0.01079898143556435 0.1814486019561121 -0.2523586856338975
0.098 0.3187728844282259 -0.4735663058115262 -0.2155084238118584 -0.01112733831116702 0.1813544113175608 -0.2523023879673674
0.099 0.3189630757437316 -0.4735147312992625 -0.2157688676287048 -0.01145704109788451 0.1812606561548954 -0.2522462420395375
0.1 0.3191534687358663 -0.4734630798775655 -0.2160292624320604 -0.01178796515770666 0.1811669044390411 -0.2521899713892516
0.101 0.3193440637997234 -0.4734113513477771 -0.2162893985006058 -0.01212017338771301 0.1810731803552195 -0.2521333727169718
0.102 0.3195348613316991 -0.4733595455105304 -0.2165495492662409 -0.01245360167963648 0.1809795107706137 -0.2520768228627467
0.103 0.319725861729498 -0.4733076621657444 -0.2168096808153017 -0.01278835358473168 0.1808861075957661 -0.2520202278730923
0.104 0.3199170653921367 -0.4732557011126207 -0.2170696289686244 -0.01312452037376428 0.1807928615237082 -0.2519633009865962
0.105 0.3201084727199529 -0.473203662149642 -0.2173301470995705 -0.01346168650237722 0.1806999222768273 -0.2519073033031509
0.106 0.320300084114609 -0.4731515450745673 -0.2175900350708424 -0.01380016520567082 0.1806066467865993 -0.2518505034708817
0.107 0.3204918999790988 -0.4730993496844284 -0.2178500324037929 -0.0141399130099652 0.1805136210053724 -0.2517938847195202
0.108 0.3206839207177539 -0.4730470757755284 -0.2181101939649808 -0.01448111356596893 0.180421126655056 -0.2517373396348342
0.109 0.3208761467362496 -0.4729947231434359 -0.2183699247907074 -0.01482350575774712 0.1803283194247899 -0.2516803894521765
0.11 0.3210685784416094 -0.4729422915829852 -0.2186299959097489 -0.01516707797988007 0.1802357872067947 -0.2516239597710924
0.111 0.3212612162422138 -0.472889780888269 -0.2188897713407089 -0.01551196960880433 0.1801432646381463 -0.2515672139307413
0.112 0.3214540605478049 -0.472837190852638 -0.2191494029185334 -0.01585824573342026 0.1800509084906742 -0.251510284652057
0.113 0.3216471117694917 -0.4727845212686955 -0.2194089890103394 -0.01620584680620028 0.1799587304127728 -0.2514532900002062
0.114 0.3218403703197589 -0.4727317719282959 -0.2196685603714488 -0.01655464752431773 0.1798665659872269 -0.2513964570901428
0.115 0.3220338366124694 -0.47267894262254 -0.2199281534030463 -0.01690484362017182 0.1797747398091925 -0.2513395527251351
0.116 0.322227511062875 -0.4726260331417717 -0.2201876793176803 -0.01725625188766873 0.1796828813148228 -0.2512827529502885
0.117 0.3224213940876196 -0.4725730432755747 -0.2204468874683035 -0.01760914400302503 0.1795911789024406 -0.2512254905602508
0.118 0.3226154861047457 -0.4725199728127699 -0.2207062450157768 -0.01796313969493075 0.1794995537315827 -0.2511686809069235
0.119 0.3228097875337019 -0.4724668215414099 -0.2209656925153525 -0.01831855263004713 0.1794082182764712 -0.2511119613870664
0.12 0.3230042987953496 -0.4724135892487774 -0.2212247691913461 -0.018675427758625 0.1793170190705792 -0.2510547790804559
0.121 0.3231990203119676 -0.4723602757213808 -0.2214837426376996 -0.01903343436272108 0.1792256971429649 -0.2509976757594697
0.122 0.3233939525072608 -0.4723068807449508 -0.2217424793475484 -0.01939301097321682 0.1791346234908212 -0.2509402039298513
0.123 0.3235890958063648 -0.4722534041044366 -0.2220013059862194 -0.01975366430519629 0.1790436004150452 -0.250883124610192
0.124 0.3237844506358538 -0.4721998455840028 -0.2222602690968246 -0.02011581270284445 0.1789529336350553 -0.2508262254331344
0.125 0.3239800174237466 -0.4721462049670253 -0.2225188896012288 -0.02047931190689734 0.178862307672058 -0.2507689730996534
0.126 0.3241757965995132 -0.4720924820360876 -0.2227772775410917 -0.02084421329670867 0.1787717166450758 -0.2507115582689716
0.127 0.3243717885940821 -0.4720386765729777 -0.2230355832475864 -0.02121038202310459 0.1786812190856188 -0.2506541516166813
0.128 0.3245679938398464 -0.4719847883586841 -0.2232938827857643 -0.02157790700776242 0.1785909002135069 -0.2505969348575359
0.129 0.3247644127706706 -0.4719308171733915 -0.2235520084566315 -0.0219468586009418 0.1785007340900375 -0.2505395113950758
0.13 0.3249610458218975 -0.4718767627964783 -0.2238097230730722 -0.02231715401968866 0.1784104476663756 -0.250481755110879
0.131 0.3251578934303552 -0.4718226250065115 -0.2240678299717317 -0.02268882199144916 0.1783207011332298 -0.2504245999845003
0.132 0.3253549560343638 -0.471768403581244 -0.2243255157049778 -0.02306188439449938 0.1782308698532833 -0.2503670540460677
0.133 0.3255522340737426 -0.4717140982976108 -0.2245831442095562 -0.02343635422105922 0.1781412702499881 -0.2503095415816699
0.134 0.3257497279898163 -0.4716597089317236 -0.2248405134021715 -0.02381220630197049 0.1780517128126203 -0.2502518775582218
0.135 0.3259474382254223 -0.4716052352588688 -0.2250979400086422 -0.02418946317605541 0.1779624002630381 -0.2501944373267704
0.136 0.3261453652249199 -0.4715506770535033 -0.2253549204708819 -0.02456806083405048 0.1778729796788087 -0.2501366193575614
0.137 0.3263435094341924 -0.4714960340892494 -0.225611987427348 -0.02494811814156717 0.1777838932670629 -0.2500790239736775
0.138 0.32654187130066 -0.4714413061388917 -0.2258687892403577 -0.0253295557648629 0.1776948459097599 -0.2500212907120917
0.139 0.3267404512732824 -0.4713864929743742 -0.2261255693472264 -0.02571235546737141 0.1776059746908603 -0.2499637290277202
0.14 0.3269392498025687 -0.4713315943667943 -0.2263820033505201 -0.02609659736580974 0.1775171536216012 -0.2499058897715482
0.141 0.3271382673405831 -0.4712766100864 -0.2266384009658009 -0.02648229824934453 0.1774285858112068 -0.2498481617018329
0.142 0.327337504340954 -0.4712215399025857 -0.2268946277749686 -0.02686943433388127 0.177340193196268 -0.2497903583683253
0.143 0.3275369612588785 -0.4711663835838888 -0.2271503912044511 -0.02725801492898517 0.1772517202067562 -0.2497322394131926
0.144 0.327736638551133 -0.4711111408979833 -0.2274062582244957 -0.02764798796987284 0.1771635259366806 -0.2496743885522003
0.145 0.3279365366760782 -0.4710558116116793 -0.2276617783899999 -0.02803938998630555 0.177075378935271 -0.249616354542219
0.146 0.328136656093668 -0.4710003954909153 -0.2279171795384805 -0.02843225686602884 0.1769874316787503 -0.2495583226160692
0.147 0.3283369972654552 -0.4709448923007569 -0.2281723652363519 -0.02882651977549122 0.1768995077986702 -0.2495003153125383
0.148 0.3285375606546022 -0.470889301805391 -0.2284276707693288 -0.02922235796311665 0.1768121357144613 -0.2494425105432399
0.149 0.3287383467258852 -0.4708336237681213 -0.2286822646380659 -0.02961951483909463 0.1767243737391474 -0.2493842218981057
0.15 0.3289393559457037 -0.470777857951366 -0.2289369901861909 -0.03001818063524422 0.1766370272317676 -0.2493262469754191
0.151 0.3291405887820881 -0.4707220041166517 -0.2291913376013868 -0.03041829562430176 0.1765496745517697 -0.2492680670875839
0.152 0.3293420457047068 -0.47066606202461 -0.2294454152223968 -0.0308198861818737 0.1764624441076349 -0.2492097632479451
0.153 0.3295437271848742 -0.4706100314349725 -0.2296994191201383 -0.03122295850365914 0.1763755044942853 -0.2491515622834739
0.154 0.3297456336955592 -0.4705539121065677 -0.2299530429493019 -0.03162743904033661 0.1762884577273388 -0.2490932642721035
0.155 0.3299477657113917 -0.4704977037973151 -0.2302064567901878 -0.03203354856976055 0.1762017564416876 -0.249034828738301
0.156 0.330150123708672 -0.4704414062642218 -0.2304597568274073 -0.03244107606181794 0.1761151532089781 -0.2489765300476794
0.157 0.3303527081653781 -0.4703850192633786 -0.2307128600825491 -0.03285006457601642 0.1760286955095949 -0.2489182998898359
0.158 0.3305555195611728 -0.4703285425499542 -0.2309654322824549 -0.03326054782045641 0.17594224930413 -0.2488596664301331
0.159 0.3307585583774135 -0.4702719758781908 -0.2312178758566233 -0.03367260474955374 0.1758554310564733 -0.2488013487286985
0.16 0.3309618250971595 -0.4702153190014011 -0.2314701237887559 -0.03408603837275006 0.1757699338220104 -0.2487426742841726
0.161 0.3311653202051799 -0.470158571671963 -0.2317220534344556 -0.03450111624479763 0.1756840248089867 -0.2486840603463844
0.162 0.3313690441879613 -0.4701017336413137 -0.23197390891212 -0.03491757616039515 0.1755982072251625 -0.248625683037843
0.163 0.3315729975337176 -0.4700448046599475 -0.2322252929779331 -0.03533571334689348 0.1755126363208479 -0.2485669515177447
0.164 0.3317771807323974 -0.4699877844774094 -0.2324763238233608 -0.03575521382494733 0.1754269367639531 -0.2485082064104826
0.165 0.3319815942756926 -0.4699306728422914 -0.2327272490944211 -0.03617628391598311 0.1753415675143372 -0.2484495784440067
0.166 0.332186238657046 -0.4698734695022269 -0.2329778044005537 -0.03659892094958224 0.1752562823606023 -0.248390801672804
0.167 0.3323911143716606 -0.469816174203887 -0.2332280431521903 -0.03702309011567544 0.1751711839990065 -0.2483319497174222
0.168 0.3325962219165084 -0.4697587866929754 -0.2334781608719505 -0.03744879954366158 0.1750862464932134 -0.248273270929857
0.169 0.3328015617903381 -0.4697013067142233 -0.2337278730542132 -0.03787606545181829 0.1750014551563134 -0.2482144201055221
0.17 0.3330071344936837 -0.4696437340113856 -0.2339772789035066 -0.0383048332745807 0.174916743944487 -0.2481555857553752
0.171 0.333212940528874 -0.4695860683272337 -0.234226074802329 -0.03873518683020739 0.1748320346466006 -0.2480963146006251
0.172 0.3334189804000409 -0.4695283094035545 -0.2344748998252945 -0.03916706278811165 0.1747476231852553 -0.2480374359899914
0.173 0.3336252546131277 -0.4694704569811417 -0.2347235431950821 -0.0396005577620878 0.1746634814546804 -0.2479786682891447
0.174 0.3338317636758987 -0.469412510799793 -0.234971613110246 -0.04003564408393209 0.174579394467946 -0.2479195461231309
0.175 0.3340385080979473 -0.4693544705983052 -0.2352193586736786 -0.04047224559167113 0.1744953407221703 -0.2478604391072351
0.176 0.3342454883907062 -0.4692963361144674 -0.2354666613911519 -0.04091037046773161 0.1744113595530941 -0.247801185803406
0.177 0.3344527050674542 -0.4692381070850588 -0.2357138132179661 -0.04135016554893312 0.1743276880330798 -0.2477420583301537
0.178 0.334660158643328 -0.4691797832458407 -0.2359605236676034 -0.04179149825868136 0.1742440873518471 -0.2476828389182303
0.179 0.334867849635329 -0.4691213643315537 -0.2362070351111556 -0.04223451133919342 0.1741590052412245 -0.2476200879923743
0.18 0.3350757785623329 -0.4690628500759115 -0.2364529988007105 -0.04267898377214523 0.1740774379992617 -0.2475643509912632
0.181 0.3352839459451006 -0.4690042402115963 -0.2366986088423505 -0.0431251024907863 0.1739942378818405 -0.2475049807429581
0.182 0.3354923523062853 -0.4689455344702526 -0.2369439446716743 -0.0435728366717955 0.173911265543826 -0.2474456809809691
0.183 0.3357009981704429 -0.4688867325824829 -0.2371888887857516 -0.04402219494192878 0.1738284237009189 -0.2473862966276314
0.184 0.3359098840640409 -0.4688278342778427 -0.237433426670106 -0.04447315479500701 0.1737457231355112 -0.2473268301000669
0.185 0.3361190105154688 -0.4687688392848345 -0.2376774491513441 -0.0449256757888315 0.1736630197670229 -0.2472672431882894
0.186 0.3363283780550466 -0.4687097473309021 -0.2379212509554374 -0.04537992376574683 0.1735806954385544 -0.2472077877741629
0.187 0.3365379872150343 -0.468650558142427 -0.2381645953882956 -0.04583578073889595 0.1734984714825239 -0.2471481773517205
0.188 0.3367478385296423 -0.4685912714447211 -0.2384074699644153 -0.04629320717138855 0.1734162801117861 -0.2470884772227879
0.189 0.3369579325350404 -0.4685318869620226 -0.2386499546368524 -0.04675225291165463 0.1733342504788964 -0.2470287928226557
0.19 0.3371682697693682 -0.4684724044174892 -0.2388921023896301 -0.0472130598658549 0.173252517526146 -0.2469691105226659
0.191 0.3373788507727444 -0.4684128235331945 -0.2391339223157186 -0.04767540608563886 0.1731706320517563 -0.246909386753508
0.192 0.3375896760872762 -0.4683531440301206 -0.239375126247901 -0.04813942261845078 0.1730892532516482 -0.2468496984700844
0.193 0.3378007462570704 -0.4682933656281538 -0.2396157091128428 -0.04860505814954741 0.1730076980104007 -0.2467896358957816
0.194 0.3380120618282426 -0.4682334880460779 -0.2398561846429393 -0.04907243746758172 0.1729265058476153 -0.2467298662759365
0.195 0.3382236233489271 -0.4681735110015698 -0.2400961005597615 -0.04954143760193634 0.1728453999538766 -0.2466699526377848
0.196 0.3384354313692875 -0.4681134342111929 -0.2403355626316596 -0.05001207028896244 0.1727643898686299 -0.2466099825535439
0.197 0.3386474864415271 -0.468053257390392 -0.2405746403373473 -0.05048443815651213 0.1726836538883829 -0.246550053361094
0.198 0.3388597891198978 -0.4679929802534867 -0.2408131958597007 -0.05095845541072781 0.1726029955796104 -0.2464900190942793
0.199 0.3390723399607119 -0.4679326025136663 -0.2410511983593336 -0.05143413592424867 0.1725224621524181 -0.2464298834890948
0.2 0.3392851395223516 -0.4678721238829845 -0.2412887719166453 -0.05191152115929288 0.172442078169699 -0.2463697368538638
0.201 0.3394981883652801 -0.4678115440723517 -0.2415258564943771 -0.05239057711226379 0.172361845542098 -0.2463095610682273
0.202 0.3397114870520506 -0.4677508627915307 -0.241762394784302 -0.05287135710078744 0.1722817488977258 -0.2462492434206776
0.203 0.3399250361473198 -0.4676900797491311 -0.2419985900884197 -0.05335380324885954 0.1722018359869743 -0.2461890986378959
0.204 0.3401388362178547 -0.4676291946526005 -0.2422341855920869 -0.05383798684121644 0.172122060265594 -0.2461287785083982
0.205 0.3403528878325466 -0.4675682072082228 -0.2424693097293457 -0.0543238326246211 0.1720424194085965 -0.2460685131505239
0.206 0.3405671915624193 -0.4675071171211079 -0.2427038838418377 -0.05481147183007785 0.171963076229787 -0.246008098078824
0.207 0.3407817479806426 -0.4674459240951887 -0.2429379306706858 -0.05530079759202754 0.17188376793659 -0.2459476199741931
0.208 0.3409965576625406 -0.4673846278332125 -0.2431713233947006 -0.05579176721741916 0.1718044772778237 -0.2458870587200023
0.209 0.3412116211856043 -0.4673232280367369 -0.2434043586955465 -0.05628455917063904 0.1717255515410474 -0.2458265777512187
0.21 0.3414269391295023 -0.4672617244061228 -0.2436368470227384 -0.05677902343778834 0.1716466796118562 -0.2457661115579333
0.211 0.3416425120760913 -0.4672001166405274 -0.2438687273825274 -0.05727527614040127 0.1715680111038655 -0.2457054788354319
0.212 0.341858340609428 -0.4671384044378986 -0.2441000540057336 -0.05777323233771003 0.1714894699939709 -0.245644840532336
0.213 0.3420744253157797 -0.4670765874949688 -0.2443308127405953 -0.05827293439785043 0.1714110771303937 -0.2455841510934893
0.214 0.3422907667836367 -0.4670146655072476 -0.2445609532770326 -0.05877440745868059 0.1713328262610135 -0.2455233315724802
0.215 0.3425073656037227 -0.4669526381690164 -0.2447906243025525 -0.05927763497671613 0.1712548098769353 -0.2454626347414178
0.216 0.3427242223690068 -0.4668905051733216 -0.2450195468668727 -0.05978260186552843 0.1711768304498098 -0.245401681425747
0.217 0.3429413376747138 -0.4668282662119674 -0.2452480383351613 -0.06028934479962917 0.1710990916615589 -0.2453408760428004
0.218 0.3431587121183381 -0.4667659209755098 -0.2454757532765224 -0.06079780172833882 0.1710213883855408 -0.2452798664004909
0.219 0.3433763462996534 -0.4667034691532502 -0.2457029170357015 -0.06130811159966923 0.1709439381863616 -0.2452188347270532
0.22 0.3435942408207258 -0.4666409104332279 -0.2459295515647355 -0.06182015220296999 0.1708666516679695 -0.2451578591928986
0.221 0.3438123962859247 -0.4665782445022143 -0.2461554533904896 -0.06233394372495003 0.1707894276699635 -0.2450967361574556
0.222 0.3440308133019343 -0.4665154710457053 -0.2463809177194938 -0.06284963522323795 0.1707125545133699 -0.2450357236683609
0.223 0.344249492477768 -0.4664525897479149 -0.2466055634790965 -0.06336702606993548 0.1706356955272244 -0.2449745131852994
0.224 0.3444684344247777 -0.4663896002917689 -0.2468296218469764 -0.06388621356349853 0.1705590148174251 -0.2449133191141354
0.225 0.3446876397566671 -0.4663265023588962 -0.2470530425204152 -0.0644072313751632 0.1704825115843682 -0.2448520829880718
0.226 0.3449071090895043 -0.4662632956296243 -0.2472757386627545 -0.06493005127191908 0.1704061559931802 -0.2447907408895749
0.227 0.3451268430417338 -0.4661999797829702 -0.2474978264261861 -0.06545463857161055 0.1703299365082197 -0.244729439859639
0.228 0.3453468422341884 -0.4661365544966342 -0.2477190620168958 -0.06598106083188142 0.1702538230907532 -0.2446678292197539
0.229 0.3455671072901028 -0.4660730194469934 -0.2479398214881487 -0.06650931684284589 0.1701779936959951 -0.2446064737281097
0.23 0.3457876388351248 -0.4660093743090929 -0.2481598905150029 -0.06703938432271251 0.1701022930789008 -0.2445450267216712
0.231 0.3460084374973285 -0.4659456187566404 -0.2483792672134042 -0.06757125305178093 0.1700267325970649 -0.2444835621311764
0.232 0.3462295039072281 -0.4658817524619974 -0.248597850120269 -0.06810499047045725 0.1699513378286116 -0.2444219297339223
0.233 0.3464508386977891 -0.4658177750961727 -0.2488156531740075 -0.06864054541281921 0.1698760784253681 -0.2443601909473695
0.234 0.3466724425044412 -0.4657536863288161 -0.2490328397180445 -0.06917794695670452 0.169800985170841 -0.2442985029673052
0.235 0.3468943159650938 -0.4656894858282078 -0.2492492133742447 -0.06971717246318754 0.169726061872227 -0.2442367065153506
0.236 0.3471164597201448 -0.4656251732612548 -0.2494649735688105 -0.07025829419297745 0.1696513582155027 -0.244174959329153
0.237 0.3473388744124972 -0.4655607482934801 -0.2496799326801416 -0.0708012383200253 0.1695768148447043 -0.24411316552602
0.238 0.3475615606875723 -0.4654962105890177 -0.249894004235181 -0.07134604005133152 0.1695023236410836 -0.2440511412693264
0.239 0.3477845191933203 -0.465431559810603 -0.2501074534523139 -0.0718926886517697 0.169428060974241 -0.2439892333656143
0.24 0.3480077505802362 -0.4653667956195664 -0.2503202195959873 -0.07244124322442936 0.1693540311977097 -0.2439273432706975
0.241 0.3482312555013718 -0.4653019176758249 -0.2505319452612535 -0.07299160688807627 0.1692800169980582 -0.2438651538002434
0.242 0.3484550346123516 -0.4652369256378744 -0.2507430160764992 -0.0735438767366568 0.1692062414111096 -0.2438030496027827
0.243 0.3486790885713826 -0.4651718191627826 -0.2509534012843014 -0.07409806487258347 0.1691327115077499 -0.2437410206243519
0.244 0.3489034180392716 -0.4651065979061796 -0.2511628320866788 -0.07465408354382694 0.1690592481241067 -0.2436787530058926
0.245 0.3491280236794381 -0.465041261522251 -0.2513714788728278 -0.0752119996729215 0.1689859776695136 -0.2436164817147542
0.246 0.349352906157927 -0.4649758096637299 -0.2515793189156476 -0.07577182298274479 0.1689128819441888 -0.2435541875285344
0.247 0.3495780661434238 -0.464910241981889 -0.2517863121119949 -0.07633354488674533 0.168839956433538 -0.243491829458294
0.248 0.3498035043072694 -0.4648445581265315 -0.2519924750298831 -0.07689714762066986 0.1687671776102666 -0.2434294222614523
0.249 0.350029221323472 -0.4647787577459832 -0.2521978458641987 -0.07746265688686149 0.168694594586975 -0.2433670285620276
0.25 0.3502552178687239 -0.4647128404870855 -0.2524023120619763 -0.07803011032670626 0.1686221883412581 -0.2433045218840363
0.251 0.3504814946224146 -0.4646468059951852 -0.252605802479853 -0.07859943562911254 0.1685498939265617 -0.2432418673454931
0.252 0.3507080522666458 -0.4645806539141274 -0.2528085061849769 -0.07917069366255426 0.1684778002723268 -0.2431792335182283
0.253 0.3509348914862453 -0.4645143838862466 -0.2530104128254709 -0.0797438961224358 0.1684059318297489 -0.2431166395323212
0.254 0.3511620129687831 -0.4644479955523591 -0.2532112850521706 -0.0803189724169666 0.1683341108330907 -0.2430538639045824
0.255 0.351389417404585 -0.4643814885517524 -0.2534113189275085 -0.0808960133041647 0.1682631829906285 -0.2429906240852788
0.256 0.3516171054867475 -0.4643148625221785 -0.2536104528206606 -0.0814749796270778 0.1681911523314493 -0.242928296175153
0.257 0.3518450779111535 -0.4642481170998447 -0.2538086975902634 -0.0820559247151712 0.1681199705528942 -0.2428654655177651
0.258 0.3520733353764885 -0.4641812519194048 -0.2540058803803867 -0.0826387589893026 0.1680488606825511 -0.2428024663375762
0.259 0.3523018785842517 -0.4641142666139492 -0.2542021849887429 -0.0832235600968313 0.1679779662003048 -0.242739454968553
0.26 0.3525307082387767 -0.4640471608149983 -0.2543975226044753 -0.0838102844611765 0.1679071928542177 -0.2426763794611504
0.261 0.3527598250472433 -0.4639799341524918 -0.2545919414895399 -0.0843990064118088 0.167836685822598 -0.242613287655014
0.262 0.3529892297196936 -0.4639125862547803 -0.2547852945145427 -0.0849896921125022 0.1677662814854092 -0.2425500413589512
0.263 0.3532189229690493 -0.4638451167486158 -0.2549778247362762 -0.0855823189918496 0.167696114816122 -0.2424869002353961
0.264 0.3534489055111256 -0.4637775252591431 -0.2551692949425863 -0.0861769184818072 0.1676261081895825 -0.2424236454433905
0.265 0.3536791780646474 -0.4637098114098906 -0.2553597328245537 -0.08677346282262401 0.1675562171727278 -0.2423603163505618
0.266 0.3539097413512666 -0.4636419748227607 -0.2555491584723708 -0.08737198951134401 0.1674865035009754 -0.2422968715568449
0.267 0.3541405960955764 -0.4635740151180203 -0.2557376008034664 -0.0879725064965792 0.1674170142028586 -0.2422334442517511
0.268 0.3543717430251285 -0.4635059319142918 -0.2559251054487335 -0.0885750449293398 0.1673477347637845 -0.2421700151903266
0.269 0.3546031828704496 -0.463437724828544 -0.2561114009174882 -0.0891795154018311 0.1672785287401444 -0.2421064069799005
0.27 0.3548349163650569 -0.4633693934760812 -0.2562967409734866 -0.0897860037434415 0.1672095756085763 -0.2420428105949838
0.271 0.3550669442454753 -0.4633009374705348 -0.2564810172173368 -0.0903944957131268 0.1671407933803276 -0.2419791461007796
0.272 0.3552992672512536 -0.4632323564238534 -0.2566641875337622 -0.0910049858691656 0.1670721771032186 -0.2419153733898068
0.273 0.355531886124982 -0.4631636499462928 -0.2568462837249765 -0.091617452304197 0.1670037240816425 -0.2418515781530786
0.274 0.3557648016123084 -0.4630948176464056 -0.2570272928268729 -0.092231960514085 0.1669354847311255 -0.2417877201658286
0.275 0.3559980144619556 -0.4630258591310326 -0.2572072472022048 -0.092848473162776 0.1668674218958245 -0.2417238293147174
0.276 0.3562315254257374 -0.462956774005292 -0.2573860908883469 -0.0934670112534131 0.1667995578226868 -0.2416599048705693
0.277 0.3564653352585776 -0.462887561872569 -0.257563757818009 -0.0940875243249971 0.166731813583991 -0.2415958544577728
0.278 0.3566994447185268 -0.4628182223345066 -0.2577402916515178 -0.0947100666188789 0.1666642173507775 -0.2415317584707071
0.279 0.356933854566778 -0.4627487549909945 -0.2579157231221795 -0.0953346656082347 0.1665968855373861 -0.2414676146081689
0.28 0.3571685655676873 -0.4626791594401594 -0.25809000036519 -0.0959612779010945 0.1665297130353074 -0.2414034031315592
0.281 0.3574035784887894 -0.4626094352783547 -0.2582630797401413 -0.0965899355850119 0.1664627389366368 -0.2413391218845712
0.282 0.3576388941008157 -0.4625395821001486 -0.2584349857864311 -0.097220611085145 0.166395905702794 -0.2412747663755436
0.283 0.3578745131777131 -0.4624695994983163 -0.2586057685641732 -0.09785334126574501 0.1663292827533479 -0.24121040055489
0.284 0.3581104364966617 -0.4623994870638266 -0.2587752794955831 -0.0984880940495784 0.1662628215773311 -0.2411459349544521
0.285 0.3583466648380924 -0.4623292443858332 -0.2589436692408409 -0.0991249110433575 0.1661965756974528 -0.241081469754584
0.286 0.358583198985706 -0.4622588710516626 -0.2591107706258019 -0.0997638183014221 0.1661305134015614 -0.2410168606999923
0.287 0.3588200397264917 -0.4621883666468044 -0.2592766762624107 -0.1004047283963704 0.1660646185441582 -0.2409522625246638
0.288 0.3590571878507449 -0.4621177307548984 -0.2594413330344562 -0.1010477245794134 0.1659989323351061 -0.2408875737689617
0.289 0.3592946441520868 -0.4620469629577272 -0.2596047451293495 -0.1016927810847883 0.1659334240627548 -0.2408227961284857
0.29 0.359532409427483 -0.4619760628352002 -0.2597668066130663 -0.1023398723877491 0.165868062216003 -0.2407578921999478
0.291 0.3597704844772613 -0.4619050299653474 -0.2599277371146627 -0.1029890601061942 0.16580293449109 -0.2406930868358855
0.292 0.3600088701051342 -0.461833863924304 -0.2600872644209964 -0.1036403031450075 0.1657379532928298 -0.2406280978616358
0.293 0.3602475671182138 -0.461762564286302 -0.2602455357345452 -0.1042936365443965 0.1656731677633848 -0.2405630694242518
0.294 0.360486576327034 -0.4616911306236562 -0.2604025412761426 -0.1049490658246671 0.1656086261966788 -0.2404980010639382
0.295 0.3607258985455694 -0.4616195625067557 -0.2605581853680125 -0.1056065670898694 0.1655442477861454 -0.2404328568122454
0.296 0.3609655345912556 -0.4615478595040488 -0.260712489688555 -0.1062661308998446 0.1654799985390001 -0.2403676618273113
0.297 0.3612054852850067 -0.4614760211820336 -0.2608654538476932 -0.1069278352664159 0.1654160296682148 -0.2403023554018621
0.298 0.3614457514512387 -0.4614040471052466 -0.2610170801430764 -0.1075915793528514 0.1653521924384693 -0.2402370192241844
0.299 0.3616863339178864 -0.4613319368362485 -0.2611673002700209 -0.1082574376804792 0.165288575102949 -0.2401716056008337
0.3 0.3619272335164265 -0.4612596899356138 -0.2613161816965586 -0.1089253983166416 0.1652251391429728 -0.2401061351131786
0.301 0.3621684510818945 -0.4611873059619184 -0.2614636622251283 -0.1095954549004383 0.1651617370692702 -0.2400405537172956
0.302 0.3624099874529098 -0.4611147844717281 -0.2616097400695663 -0.1102676313456773 0.1650987005321235 -0.2399749496983164
0.303 0.3626518434716915 -0.4610421250195845 -0.2617543304073428 -0.11094186745828 0.1650357935451724 -0.2399092176734566
0.304 0.3628940199840836 -0.4609693271579941 -0.2618975694298117 -0.111618265260754 0.1649731475888405 -0.2398434858828704
0.305 0.363136517839573 -0.4608963904374156 -0.2620393942233355 -0.112296767063335 0.1649115898126141 -0.239777889452226
0.306 0.363379337891311 -0.4608233144062476 -0.2621796638690659 -0.1129773779765746 0.1648484025871968 -0.2397117776880787
0.307 0.363622480996137 -0.4607500986108147 -0.2623185293182258 -0.113660108152035 0.1647863194094205 -0.2396458318785278
0.308 0.3638659480145971 -0.4606767425953558 -0.2624559087388028 -0.1143449864255558 0.1647259940896979 -0.2395803014474722
0.309 0.3641097398109667 -0.4606032459020103 -0.2625917697896334 -0.1150319498511343 0.1646627453413149 -0.2395136932019087
0.31 0.3643538572532723 -0.4605296080708071 -0.2627262033491705 -0.1157210610381358 0.1646012653411609 -0.2394475831148691
0.311 0.364598301213314 -0.4604558286396486 -0.2628590417443459 -0.1164123101278109 0.164539974176472 -0.2393813242208372
0.312 0.364843072566687 -0.4603819071443005 -0.262990381404133 -0.1171056824633798 0.1644788766037086 -0.239315028554937
0.313 0.365088172192803 -0.4603078431183757 -0.2631201152149683 -0.1178011980888294 0.1644179732710345 -0.2392485986311874
0.314 0.3653336009749147 -0.4602336360933231 -0.2632484177133625 -0.1184988490905573 0.1643572879278917 -0.2391822218231633
0.315 0.3655793598001363 -0.460159285598413 -0.2633750457802819 -0.1191986238638148 0.1642967657871693 -0.2391156727895422
0.316 0.365825449559467 -0.460084791160724 -0.2635000944219294 -0.119900567882137 0.1642364694498159 -0.2390490508932721
0.317 0.3660718711478146 -0.460010152305128 -0.2636235737518277 -0.1206046600793595 0.164177446397664 -0.238981981370903
0.318 0.3663186254640174 -0.4599353685542783 -0.2637454591142094 -0.1213108972807459 0.1641164909655651 -0.2389156567608219
0.319 0.366565713410868 -0.4598604394285944 -0.2638656711051958 -0.1220192613888522 0.1640567701551661 -0.2388488131244008
0.32 0.3668131358951369 -0.4597853644462482 -0.263984333086682 -0.1227298059499792 0.1639972933838657 -0.2387819753799151
0.321 0.3670608938275952 -0.4597101431231498 -0.2641012586153912 -0.1234424815393298 0.1639379798975902 -0.2387149825361948
0.322 0.36730898812304 -0.459634774972933 -0.2642165625745854 -0.1241573339479671 0.1638788955947599 -0.2386479536220191
0.323 0.3675574197003158 -0.4595592595069414 -0.2643302002043875 -0.1248743627999922 0.1638200322525668 -0.2385808581489991
0.324 0.3678061894823418 -0.459483596234214 -0.264442116016327 -0.1255935198161543 0.1637613348454768 -0.2385136629181708
0.325 0.3680552983961332 -0.459407784661469 -0.2645523574850767 -0.1263148643674199 0.1637028700596875 -0.2384464176513317
0.326 0.3683047473728274 -0.4593318242930916 -0.2646608440986602 -0.127038359218399 0.1636445892439684 -0.2383790639015481
0.327 0.3685545373477075 -0.4592557146311168 -0.264767646629916 -0.1277640562067112 0.16358655412799 -0.238311675770263
0.328 0.3688046692602293 -0.4591794551752146 -0.2648726314635732 -0.1284918853405011 0.1635286785127847 -0.2382441487140349
0.329 0.3690551440540429 -0.4591030454226778 -0.2649758922994739 -0.1292219102262647 0.1634710384116278 -0.2381765762803317
0.33 0.3693059626770211 -0.4590264848684024 -0.2650773846072539 -0.1299540987654939 0.1634135961395037 -0.2381089345744758
0.331 0.3695571260812831 -0.4589497730048747 -0.2651770852848956 -0.1306884685255139 0.1633563672194991 -0.2380412112746725
0.332 0.3698086352232198 -0.4588729093221561 -0.2652749768976941 -0.1314250127919854 0.163299343623253 -0.2379734058058333
0.333 0.370060491063521 -0.4587958933078668 -0.2653710274647123 -0.1321637483677624 0.1632425389575201 -0.2379054987228935
0.334 0.3703126945672003 -0.4587187244471683 -0.2654653123879212 -0.1329046420052436 0.1631859303126162 -0.2378375785287669
0.335 0.3705652467036215 -0.4586414022227515 -0.2655577025538341 -0.1336476977500639 0.1631295089099296 -0.2377695379503059
0.336 0.3708181484465242 -0.4585639261148166 -0.2656482106269146 -0.1343930013349119 0.1630733607359397 -0.2377013899936428
0.337 0.371071400774052 -0.4584862956010604 -0.2657369143623727 -0.1351404561842894 0.1630174068097124 -0.2376332331270662
0.338 0.3713250046687786 -0.458408510156656 -0.2658236905501815 -0.13589011649087 0.1629608124455444 -0.2375648655089594
0.339 0.3715789611177329 -0.4583305692542411 -0.2659085293082337 -0.1366419483228962 0.1629061011858208 -0.2374965632842342
0.34 0.371833271112429 -0.4582524723638967 -0.26599142428715 -0.1373959702251401 0.1628507657893262 -0.2374280763450673
0.341 0.372087935648892 -0.4581742189531344 -0.2660724488773236 -0.1381521765315832 0.1627956474537197 -0.237359571397402
0.342 0.3723429557276857 -0.4580958084868774 -0.2661514944927013 -0.13891057227154 0.1627407383149721 -0.2372909578592282
0.343 0.3725983323539397 -0.4580172404274428 -0.2662285761794037 -0.1396711902329749 0.1626852098496357 -0.2372218711884947
0.344 0.3728540665373798 -0.4579385142345279 -0.266303673517811 -0.1404339717321766 0.1626315941353041 -0.2371534804693169
0.345 0.3731101592923534 -0.4578596293651879 -0.2663767535258812 -0.1411989847476537 0.1625773651379521 -0.2370845936533156
0.346 0.3733666116378591 -0.4577805852738232 -0.2664478426306892 -0.1419661553853312 0.1625230673894446 -0.2370158155985616
0.347 0.3736234245975752 -0.4577013814121588 -0.26651690901601 -0.1427355251612485 0.1624697849778197 -0.2369465662598283
0.348 0.3738805991998895 -0.4576220172292277 -0.2665838712322925 -0.1435071153204297 0.1624159059008774 -0.2368774522210579
0.349 0.3741381364779266 -0.4575424921713534 -0.2666488727033513 -0.144280902250887 0.1623625443760701 -0.2368082904758653
0.35 0.3743960374695781 -0.4574628056821306 -0.266711742747051 -0.1450568782783877 0.1623093879999816 -0.2367389891130176
0.351 0.3746543032175321 -0.4573829572024085 -0.2667724860208765 -0.1458350460701644 0.1622564430430477 -0.236669570834542
0.352 0.3749129347693035 -0.4573029461702714 -0.2668312104372797 -0.1466154235416704 0.1622037394296009 -0.2366001484871455
0.353 0.3751719331772627 -0.4572227720210204 -0.2668877424125483 -0.147398012154121 0.1621520132801823 -0.2365314065235185
0.354 0.3754312994986668 -0.457142434187155 -0.2669421165523466 -0.1481827750435925 0.1620995173235048 -0.2364606531190928
0.355 0.375691034795689 -0.4570619320983545 -0.26699437779429 -0.1489697436693991 0.1620469179948404 -0.2363911428234548
0.356 0.3759511401354507 -0.4569812651814585 -0.2670444886950182 -0.1497589372881595 0.1619951132609837 -0.2363213385956103
0.357 0.3762116165900518 -0.4569004328604475 -0.2670923754110861 -0.1505503206969024 0.1619435193200184 -0.2362514121183426
0.358 0.3764724652366002 -0.4568194345564246 -0.2671380627556185 -0.1513438863954955 0.1618921348401345 -0.2361814027226066
0.359 0.3767336871572469 -0.4567382696875957 -0.2671815555549957 -0.1521396803265846 0.1618410021145626 -0.2361113207269019
0.36 0.3769952834392134 -0.4566569376692491 -0.2672227966471847 -0.1529376576524791 0.1617900793600383 -0.2360411374069147
0.361 0.377257255174826 -0.4565754379137365 -0.2672617337459118 -0.1537378393624434 0.1617393834949935 -0.2359708155081393
0.362 0.3775196034615478 -0.4564937698304528 -0.2672984357640034 -0.1545402092077917 0.1616889064919122 -0.2359004350813303
0.363 0.377782329402011 -0.4564119328258158 -0.2673328804461939 -0.1553448142917767 0.1616386931843605 -0.2358299869691806
0.364 0.3780454341040487 -0.456329926303246 -0.2673649411419792 -0.156151566310728 0.1615886548947924 -0.2357593755050393
0.365 0.3783089186807281 -0.4562477496631464 -0.2673947473176667 -0.1569605647042986 0.1615388951526075 -0.2356887279715349
0.366 0.3785727842503838 -0.4561654023028806 -0.2674221955504457 -0.1577717303131128 0.1614893362056072 -0.2356179696482826
0.367 0.3788370319366519 -0.4560828836167538 -0.2674472919707078 -0.1585851126152854 0.1614400257164691 -0.2355471166628461
0.368 0.379101662868502 -0.4560001929959901 -0.2674700062104704 -0.1594006784485505 0.1613909334697682 -0.2354761631421838
0.369 0.3793666781802725 -0.4559173298287117 -0.2674903419706767 -0.160218462150427 0.1613420957057381 -0.2354051207005148
0.37 0.3796320790117046 -0.4558342934999191 -0.267508238613284 -0.1610384186664397 0.1612934690054368 -0.2353339534466268
0.371 0.379897866507976 -0.4557510833914665 -0.2675237303184198 -0.1618605651625664 0.1612450740938897 -0.2352627064386185
0.372 0.3801640418197363 -0.4556676988820421 -0.2675367822196928 -0.1626849216750652 0.161196930048452 -0.2351913621702464
0.373 0.3804306061031415 -0.4555841393471453 -0.26754734770974 -0.1635114564134658 0.1611490111230177 -0.2351202407712591
0.374 0.3806975605198897 -0.4555004041590655 -0.2675554736564829 -0.1643401719362239 0.1611013145734091 -0.2350483646896363
0.375 0.3809649062372571 -0.4554164926868581 -0.2675611151748961 -0.1651711291119546 0.1610539067676201 -0.2349767407150473
0.376 0.3812326444281318 -0.4553324042963236 -0.2675641694549387 -0.1660042026871329 0.1610066692578523 -0.2349049520182082
0.377 0.3815007762710526 -0.4552481383499833 -0.2675647785445582 -0.1668394854525291 0.160960515631274 -0.2348343577053851
0.378 0.3817693029502438 -0.455163694207057 -0.267562789775187 -0.1676769639585137 0.1609129689771403 -0.2347611770754975
0.379 0.3820382256556512 -0.4550790712234406 -0.267558232879272 -0.1685166131726485 0.1608664717128149 -0.2346891130501492
0.38 0.3823075455829819 -0.4549942687516807 -0.2675511322464313 -0.1693584661612008 0.1608202377887674 -0.2346169822529965
0.381 0.3825772639337383 -0.4549092861409526 -0.2675413805051303 -0.1702024680455093 0.1607742175817415 -0.2345447040390294
0.382 0.3828473819152578 -0.4548241227370365 -0.267529006958736 -0.1710486439156012 0.1607284370543448 -0.2344723222732545
0.383 0.3831179007407494 -0.4547387778822923 -0.2675140092524106 -0.1718970115936535 0.160682467351123 -0.2343998361018425
0.384 0.3833888216293333 -0.4546532509156367 -0.26749634629982 -0.1727475394368748 0.1606376278085306 -0.2343272611007649
0.385 0.3836601458060782 -0.454567541172517 -0.2674760390114506 -0.1736002499159422 0.1605925965881816 -0.234254596653324
0.386 0.3839318745020401 -0.4544816479848881 -0.267453028567944 -0.1744551165189628 0.1605478007141502 -0.2341818173566344
0.387 0.384204008954302 -0.4543955706811865 -0.2674272457402108 -0.1753121386027645 0.1605032410879877 -0.2341088763400649
0.388 0.3844765504060133 -0.4543093085863055 -0.2673987729325422 -0.1761713268605166 0.1604589312908939 -0.2340358622015109
0.389 0.384749500106429 -0.4542228610215703 -0.2673675423818606 -0.1770326590282816 0.1604148503275287 -0.2339627305082621
0.39 0.3850228593109501 -0.4541362273047113 -0.2673335288093929 -0.177896175852592 0.1603708816963663 -0.2338895757804479
0.391 0.3852966292811643 -0.454049406749839 -0.267296778660987 -0.1787618240128615 0.1603274884370765 -0.2338162012677519
0.392 0.3855708112848853 -0.4539623986674178 -0.2672571702751031 -0.1796296418762 0.1602841866601915 -0.2337427369177329
0.393 0.3858454065961963 -0.4538752023642392 -0.2672147612333719 -0.1804995801819404 0.1602411135229838 -0.2336691838981553
0.394 0.3861204164954891 -0.4537878171433962 -0.2671694814191343 -0.1813716581636776 0.1601982885709544 -0.2335954967470253
0.395 0.3863958422695065 -0.4537002423042554 -0.2671213633722128 -0.1822458910723861 0.1601557297814036 -0.2335217197633634
0.396 0.386671685211385 -0.453612477142431 -0.2670703083897037 -0.1831222394331893 0.1601134062180419 -0.2334477831057705
0.397 0.3869479466206962 -0.4535245209497556 -0.2670164049639191 -0.1840007369012736 0.1600713089503815 -0.2333735540938082
0.398 0.3872246278034904 -0.4534363730142558 -0.266959528441062 -0.1848813411536972 0.1600295328279159 -0.2332996185094144
0.399 0.3875017300723393 -0.4533480326201209 -0.2668997657490439 -0.1857640787818805 0.1599879776573342 -0.2332253901444393
0.4 0.3877792547463788 -0.453259499047677 -0.2668370068943691 -0.1866489427035483 0.1599468887629009 -0.2331514536122359
0.401 0.3880572031513542 -0.4531707715733583 -0.2667712615938436 -0.1875359005737756 0.1599058598441289 -0.2330766073241242
0.402 0.3883355766196632 -0.4530818494696779 -0.266702523544896 -0.1884249841866887 0.1598649055351651 -0.2330016935203138
0.403 0.3886143764904011 -0.452992732005199 -0.266630778898422 -0.1893161781355123 0.1598242071232225 -0.2329279796302831
0.404 0.3888936041094043 -0.4529034184445067 -0.2665559559323818 -0.1902094566921898 0.1597837887379038 -0.2328519060414452
0.405 0.3891732608292975 -0.4528139080481774 -0.2664781203800053 -0.1911048442909506 0.159744198127465 -0.2327773986325768
0.406 0.3894533480095389 -0.4527242000727495 -0.2663971553318464 -0.1920023020226904 0.1597043907176574 -0.232702170607303
0.407 0.3897338670164645 -0.4526342937706939 -0.2663130971797143 -0.192901838893833 0.1596647981089716 -0.2326272187358485
0.408 0.3900148192233362 -0.4525441883903832 -0.2662259083618896 -0.1938034770872963 0.1596255257381181 -0.2325517074181029
0.409 0.3902962060103881 -0.4524538831760607 -0.2661356171714413 -0.1947071944842903 0.1595866662311747 -0.2324763309120621
0.41 0.3905780287648737 -0.4523633773678109 -0.2660421567254518 -0.1956129772080899 0.1595476782595403 -0.2324008068194188
0.411 0.3908602888811136 -0.4522726702015275 -0.2659454898601711 -0.1965208061396275 0.1595094376803844 -0.2323249526714347
0.412 0.3911429877605419 -0.4521817609088811 -0.2658456252368916 -0.1974307122438807 0.1594713621989118 -0.2322490845027845
0.413 0.3914261268117573 -0.4520906487172903 -0.2657425658413497 -0.1983426706892554 0.1594335348743341 -0.2321729089992846
0.414 0.3917097074505693 -0.4519993328498858 -0.2656362529781223 -0.1992566606530154 0.1593957462385727 -0.2320972544665182
0.415 0.3919937311000488 -0.4519078125254813 -0.26552666425038 -0.200172702024178 0.1593583305469739 -0.2320208409888376
0.416 0.392278199190578 -0.4518160869585391 -0.2654137530163871 -0.2010907513934643 0.159320941355923 -0.2319440312148803
0.417 0.392563113159898 -0.4517241553591387 -0.2652976132297118 -0.2020108613979524 0.1592842780730507 -0.2318680349798843
0.418 0.3928484744531619 -0.4516320169329405 -0.2651781163761622 -0.2029329872912193 0.1592477566678588 -0.2317913243742372
0.419 0.3931342845229838 -0.4515396708811561 -0.2650552620630864 -0.2038571115163454 0.1592113837941143 -0.2317146757578152
0.42 0.3934205448294919 -0.4514471164005116 -0.2649290389258309 -0.2047832393213033 0.1591753141613336 -0.2316377797806954
0.421 0.3937072568403779 -0.4513543526832143 -0.2647994398759319 -0.205711389122511 0.1591395732948999 -0.2315607834383429
0.422 0.3939944220309507 -0.4512613789169175 -0.2646663936284148 -0.2066414965675803 0.1591041645994353 -0.2314839931021316
0.423 0.3942820418841881 -0.4511681942846877 -0.2645299840757775 -0.2075736306630014 0.1590689337914729 -0.2314064896660459
0.424 0.3945701178907908 -0.4510747979649665 -0.2643900774566128 -0.2085077035782795 0.1590334825720507 -0.2313291236782875
0.425 0.3948586515492348 -0.4509811891315365 -0.2642467087862759 -0.2094437710689203 0.1589990744104308 -0.2312513430623471
0.426 0.3951476443658251 -0.4508873669534847 -0.2640998699860874 -0.2103817997252084 0.1589648117482435 -0.2311736854609514
0.427 0.3954370978547517 -0.450793330595168 -0.2639494998428912 -0.21132177346062 0.1589306443590313 -0.2310961355463501
0.428 0.3957270135381425 -0.4506990792161735 -0.2637955770492506 -0.2122636888126653 0.1588970451914564 -0.2310178196946183
0.429 0.3960173929461198 -0.4506046119712845 -0.2636381180084456 -0.2132075484473837 0.1588635113713905 -0.2309392767424414
0.43 0.3963082376168559 -0.4505099280104413 -0.2634770616264884 -0.2141533333961676 0.1588299704797765 -0.2308614882228401
0.431 0.3965995490966282 -0.450415026478704 -0.2633124170331956 -0.2151010255528595 0.1587968813721616 -0.2307828400275919
0.432 0.3968913289398777 -0.4503199065162139 -0.2631441651743017 -0.2160506521600598 0.1587642134168009 -0.2307046739952283
0.433 0.3971835787092647 -0.4502245672581561 -0.2629722408304702 -0.2170021538903311 0.1587314623967278 -0.2306262949671692
0.434 0.3974762999757273 -0.4501290078347202 -0.2627966726474602 -0.217955575962357 0.1586995599315022 -0.2305471114945739
0.435 0.3977694943185389 -0.4500332273710598 -0.2626174311756193 -0.2189108655443493 0.1586677561061809 -0.2304679505090477
0.436 0.3980631633253679 -0.4499372249872545 -0.2624344836719248 -0.2198680456555322 0.1586360856905812 -0.2303889563951098
0.437 0.3983573085923355 -0.4498409997982699 -0.2622477694888408 -0.2208270673828518 0.1586049099651643 -0.2303096108939041
0.438 0.3986519317240771 -0.4497445509139152 -0.2620573383633237 -0.2217879605255504 0.1585736842769353 -0.2302304714493869
0.439 0.3989470343338008 -0.4496478774388047 -0.2618631323139137 -0.2227506963524873 0.158543113207294 -0.2301508299539802
0.44 0.3992426180433488 -0.4495509784723152 -0.2616651285209953 -0.2237152573633012 0.1585125345445443 -0.2300709634266265
0.441 0.399538684483259 -0.4494538531085444 -0.2614632938999487 -0.2246816412350676 0.1584824291667733 -0.2299912816429504
0.442 0.3998352352928263 -0.4493565004362695 -0.2612576625845886 -0.2256498533695636 0.1584528058952936 -0.2299102337788917
0.443 0.4001322721201656 -0.4492589195389039 -0.2610481476270259 -0.2266198549980823 0.1584229299836903 -0.2298307924235327
0.444 0.4004297966222729 -0.4491611094944549 -0.2608347460846575 -0.2275916484477444 0.158393631376491 -0.2297504393290062
0.445 0.4007278104650914 -0.4490630693754804 -0.2606174613279713 -0.228565235089265 0.1583646331804924 -0.2296699457810136
0.446 0.4010263153235729 -0.4489647982490441 -0.2603962144268444 -0.2295405563259038 0.1583359565364796 -0.2295892507124798
0.447 0.4013253128817436 -0.4488662951766718 -0.2601710521453992 -0.2305176739892432 0.1583074970239032 -0.2295084447696804
0.448 0.4016248048327697 -0.4487675592143081 -0.2599419128684048 -0.2314965097220427 0.1582792495626426 -0.2294275951426314
0.449 0.4019247928790214 -0.4486685894122685 -0.2597088225754414 -0.2324771275792262 0.158251433991554 -0.2293468193580099
0.45 0.4022252787321402 -0.4485693848151963 -0.2594716728248512 -0.2334594112566009 0.1582240140464722 -0.2292650300450937
0.451 0.4025262641131055 -0.448469944462015 -0.2592305178381659 -0.234443426623534 0.158196780249682 -0.2291835743240487
0.452 0.4028277507523024 -0.448370267385882 -0.2589852835517537 -0.235429141216893 0.1581700252398947 -0.2291018631989006
0.453 0.4031297403895884 -0.4482703526141428 -0.2587359684364156 -0.2364165311579658 0.1581432101869361 -0.2290201281371542
0.454 0.4034322347743635 -0.448170199168281 -0.2584825714292763 -0.2374056022817527 0.1581171503592834 -0.2289382915559798
0.455 0.4037352356656386 -0.4480698060638737 -0.258225041610997 -0.2383963183828857 0.1580908057398748 -0.2288558043292028
0.456 0.404038744832105 -0.4479691723105391 -0.2579633998860433 -0.2393887026388978 0.1580651125464031 -0.2287737528884148
0.457 0.4043427640522056 -0.4478682969118914 -0.2576975749448321 -0.240382708329752 0.158039631600785 -0.228691075327463
0.458 0.4046472951142052 -0.4477671788654887 -0.2574275525433296 -0.2413783291379294 0.158014561326507 -0.2286086459688376
0.459 0.4049523398162627 -0.4476658171627832 -0.2571533334654768 -0.2423755440785432 0.1579899212449689 -0.2285254384134968
0.46 0.4052578999665027 -0.4475642107890715 -0.2568748737449507 -0.2433743606304983 0.1579652202919351 -0.2284428542440049
0.461 0.4055639773830896 -0.447462358723444 -0.256592131215673 -0.2443747419194224 0.1579410188032973 -0.2283597972978245
0.462 0.4058705738942991 -0.4473602599387317 -0.2563051761444138 -0.2453767083495893 0.1579169267513628 -0.2282763442904648
0.463 0.4061776913385958 -0.4472579134014553 -0.2560138690376605 -0.2463801905035422 0.1578935175406629 -0.2281928307362475
0.464 0.406485331564704 -0.4471553180717721 -0.2557182648406851 -0.247385226236694 0.1578699938563723 -0.2281090518269986
0.465 0.4067934964316867 -0.4470524729034232 -0.2554183199783104 -0.2483917693434273 0.1578471941156431 -0.2280253227782275
0.466 0.4071021878090199 -0.4469493768436789 -0.2551140111430985 -0.2493998128941803 0.1578246415364985 -0.2279414036801755
0.467 0.4074114075766701 -0.4468460288332847 -0.2548053212694504 -0.2504093554847162 0.1578022937161413 -0.2278569627037615
0.468 0.4077211576251726 -0.446742427806408 -0.2544922122626989 -0.2514203511023109 0.1577802312170283 -0.2277725737900997
0.469 0.408031439855708 -0.4466385726905793 -0.2541746879201077 -0.2524328114748743 0.1577591163120504 -0.2276879000437417
0.47 0.4083422561801835 -0.4465344624066389 -0.2538526905139417 -0.2534466987432219 0.1577376144805153 -0.2276027707913318
0.471 0.4086536085213103 -0.4464300958686793 -0.2535262347165265 -0.2544620188290993 0.1577159602555783 -0.2275182748865021
0.472 0.4089654988126862 -0.4463254719839878 -0.2531952851995922 -0.2554787387095787 0.1576951650102801 -0.2274329361311026
0.473 0.4092779289988757 -0.446220589652988 -0.252859824292946 -0.2564968437152578 0.1576748700960099 -0.2273475760009329
0.474 0.409590901035491 -0.4461154477691839 -0.252519813224557 -0.2575163164066413 0.1576546782831887 -0.227262152305801
0.475 0.409904416889277 -0.4460100452190973 -0.2521752464997045 -0.258537148986888 0.1576348908941429 -0.2271761570944277
0.476 0.4102184785381925 -0.4459043808822106 -0.2518260851746045 -0.259559315071366 0.1576152285422478 -0.2270906219853802
0.477 0.4105330879714954 -0.4457984536309044 -0.2514723494256297 -0.2605827984833563 0.1575963907745615 -0.2270042947898338
0.478 0.4108482471898274 -0.4456922623303992 -0.251113963829214 -0.2616075717393728 0.1575774233250451 -0.2269179034493303
0.479 0.4111639582052999 -0.4455858058386904 -0.2507509438265817 -0.2626336435559868 0.1575588523249469 -0.2268315275340835
0.48 0.4114802230415798 -0.4454790830064884 -0.2503832421230406 -0.263660962673824 0.1575407721747455 -0.2267446269595676
0.481 0.4117970437339778 -0.4453720926771545 -0.2500108638924862 -0.2646895440989279 0.1575227945673138 -0.2266578898690331
0.482 0.4121144223295358 -0.4452648336866386 -0.2496337631961807 -0.2657193351988642 0.1575052550793526 -0.2265707715758006
0.483 0.4124323608871152 -0.4451573048634117 -0.2492519451801009 -0.2667503470768142 0.1574880723722304 -0.226483561241991
0.484 0.4127508614774882 -0.4450495050284041 -0.24886537173297 -0.267782539653324 0.1574711694136454 -0.2263959200054648
0.485 0.4130699261834273 -0.4449414329949382 -0.2484740128904809 -0.2688158922483294 0.1574545846155598 -0.2263079241559595
0.486 0.4133895570997952 -0.4448330875686614 -0.2480778654295647 -0.2698504069173899 0.1574383496317424 -0.2262203802557019
0.487 0.4137097563336408 -0.4447244675474797 -0.2476768948716728 -0.2708860372303797 0.1574230771722858 -0.2261317238812499
0.488 0.4140305260042877 -0.4446155717214898 -0.2472710948635169 -0.2719227750340616 0.1574073045547493 -0.2260441047011046
0.489 0.4143518682434316 -0.4445063988729098 -0.2468604356225628 -0.2729606143021827 0.1573918879563123 -0.2259552417316962
0.49 0.4146737851952336 -0.4443969477760104 -0.2464448933923341 -0.2739994992388861 0.1573768649284147 -0.2258663745455461
0.491 0.4149962790164155 -0.4442872171970435 -0.2460244435287067 -0.2750394371669524 0.1573623218182863 -0.2257773679609073
0.492 0.4153193518763564 -0.4441772058941726 -0.245599078873837 -0.2760803917521315 0.157348110082385 -0.2256881483596642
0.493 0.4156430059571919 -0.4440669126174003 -0.2451687790663329 -0.277122357819195 0.157334143251812 -0.2255988858911367
0.494 0.4159672434539096 -0.443956336108495 -0.2447335078020157 -0.2781653004517551 0.1573205366714283 -0.2255090536418374
0.495 0.4162920665744501 -0.4438454751009195 -0.2442932580324001 -0.2792092061042833 0.1573081188065183 -0.2254188299562263
0.496 0.4166174775398066 -0.4437343283197546 -0.2438480023382779 -0.280254043397226 0.1572949169868437 -0.2253291360367861
0.497 0.4169434785841269 -0.4436228944816253 -0.2433977159374115 -0.2812997851431743 0.1572819474133211 -0.2252386501969317
0.498 0.4172700719548144 -0.4435111722946247 -0.2429423972592518 -0.2823464294934594 0.1572700253229147 -0.2251481968413073
0.499 0.4175972599126296 -0.4433991604582372 -0.2424820202654509 -0.2833939416709695 0.1572580381402191 -0.225057318340457
0.5 0.4179250447317987 -0.4432868576632613 -0.2420165494375794 -0.2844422897984296 0.1572467451748751 -0.2249664096479893
0.501 0.4182534287001135 -0.4431742625917304 -0.2415459833441799 -0.2854914652941468 0.1572358294426059 -0.2248752447710014
0.502 0.4185824141190402 -0.4430613739168339 -0.2410702932592286 -0.2865414285682833 0.1572249098520686 -0.2247835988952265
0.503 0.4189120033038249 -0.4429481903028378 -0.2405894773849921 -0.2875921822370727 0.157214513846571 -0.2246918661729794
0.504 0.4192421985836035 -0.4428347104050022 -0.240103477107421 -0.2886436715315736 0.1572043647488955 -0.2245998888537719
0.505 0.4195730023015076 -0.4427209328694998 -0.2396122955262211 -0.2896958849894098 0.157194597448053 -0.2245077325257662
0.506 0.419904416814777 -0.4426068563333335 -0.2391159360806574 -0.2907488101992362 0.1571852766960398 -0.2244154564775478
0.507 0.4202364444948701 -0.4424924794242521 -0.2386143396481228 -0.2918024008533752 0.1571763251107103 -0.2243225833349147
0.508 0.4205690877275744 -0.4423778007606648 -0.2381075207576223 -0.292856647303216 0.1571675371283898 -0.2242298817176446
0.509 0.4209023489131222 -0.442262818951557 -0.2375954421765261 -0.2939115146620592 0.1571590124473723 -0.2241366506786213
0.51 0.4212362304663023 -0.4421475325964024 -0.2370780919364248 -0.2949669802242459 0.1571512042258982 -0.2240434996618398
0.511 0.4215707348165775 -0.4420319402850747 -0.2365554511455379 -0.2960230170149392 0.1571439092196797 -0.2239497880653704
0.512 0.4219058644081987 -0.4419160405977603 -0.2360274855292033 -0.2970795991675118 0.1571365906940383 -0.2238558730048486
0.513 0.4222416217003245 -0.4417998321048678 -0.2354942034301112 -0.2981367023351288 0.1571296712848244 -0.223761658829505
0.514 0.4225780091671379 -0.4416833133669369 -0.234955586333993 -0.2991943191412582 0.1571231360467986 -0.2236673201847947
0.515 0.4229150292979674 -0.4415664829345473 -0.2344116001254812 -0.3002523794119987 0.1571168723855496 -0.2235726884794801
0.516 0.4232526845974073 -0.441449339348225 -0.2338622190340137 -0.3013108807245922 0.157111321501379 -0.2234778042896216
0.517 0.4235909775854399 -0.4413318811383488 -0.2333074567210812 -0.3023698049431145 0.1571059617600821 -0.2233822213141354
0.518 0.4239299107975588 -0.441214106825055 -0.2327472789327591 -0.3034291030063692 0.157100984391931 -0.2232875804185545
0.519 0.4242694867848918 -0.4410960149181422 -0.2321816616796942 -0.3044887599014072 0.1570966940011674 -0.2231911123233274
0.52 0.4246097081143297 -0.4409776039169719 -0.2316106127247655 -0.3055487546671303 0.1570915493221987 -0.2230952918355083
0.521 0.4249505773686497 -0.4408588723103729 -0.2310340919110508 -0.3066090496978165 0.1570878738824483 -0.2229991291539682
0.522 0.4252920971466451 -0.4407398185765392 -0.2304520859242277 -0.3076696082758427 0.1570842565470763 -0.2229027077417067
0.523 0.4256342700632546 -0.4406204411829312 -0.2298645984248196 -0.3087304254665264 0.157081179375614 -0.2228060087830846
0.524 0.4259770987496926 -0.4405007385861725 -0.2292715938240094 -0.3097914381489373 0.1570782191329417 -0.2227089051822392
0.525 0.4263205858535802 -0.4403807092319475 -0.2286730645406799 -0.3108526605016989 0.1570759638666042 -0.2226114535178743
0.526 0.4266647340390787 -0.4402603515548975 -0.2280689907855133 -0.3119140181536038 0.1570737308407111 -0.2225139909496856
0.527 0.4270095459870253 -0.4401396639785142 -0.2274593638206884 -0.3129755086770041 0.1570716836174387 -0.2224160318689206
0.528 0.4273550243950663 -0.4400186449150338 -0.2268441586135424 -0.3140370873674704 0.1570706410612693 -0.222317972815104
0.529 0.4277011719777955 -0.4398972927653289 -0.2262233848609504 -0.3150987448328549 0.1570696891704089 -0.2222195455465481
0.53 0.4280479914668925 -0.4397756059187987 -0.2255969917126195 -0.3161604352957472 0.1570693554131495 -0.2221205708868629
0.531 0.4283954856112619 -0.4396535827532587 -0.224964999494624 -0.3172221282628914 0.1570688884151905 -0.2220219124265729
0.532 0.4287436571771749 -0.4395312216348301 -0.2243273792728767 -0.3182837989968922 0.1570691933690081 -0.2219224827630805
0.533 0.4290925089484094 -0.4394085209178243 -0.2236841090865156 -0.3193454084405821 0.1570698270637041 -0.2218228347961826
0.534 0.4294420437263984 -0.4392854789446298 -0.2230351888178423 -0.3204069322818803 0.1570706861779341 -0.221723083504484
0.535 0.4297922643303703 -0.439162094045597 -0.2223806283437082 -0.3214683490343473 0.1570717563613734 -0.2216226552192962
0.536 0.4301431735974982 -0.4390383645389191 -0.2217203592714992 -0.3225295966214901 0.1570738704321064 -0.2215223470307991
0.537 0.4304947743830474 -0.4389142887305145 -0.2210544094065499 -0.3235906699673996 0.1570758184074655 -0.2214216055179429
0.538 0.4308470695605247 -0.4387898649139075 -0.2203827652679389 -0.3246515337101954 0.1570784079427669 -0.221320617504477
0.539 0.4312000620218297 -0.4386650913701048 -0.2197054037694153 -0.32571214361859 0.157081210210203 -0.2212191425111451
0.54 0.4315537546774069 -0.4385399663674737 -0.2190223117468429 -0.3267724691187249 0.157084328015123 -0.2211174398994415
0.541 0.4319081504563995 -0.438414488161618 -0.21833349520618 -0.327832485940079 0.1570881169153351 -0.2210153861883831
0.542 0.4322632523068062 -0.4382886549952522 -0.2176389297441829 -0.3288921686581547 0.1570922259769507 -0.220913126563516
0.543 0.4326190631956367 -0.4381624650980715 -0.2169386092900235 -0.3299514613401702 0.1570967715608128 -0.220810592325515
0.544 0.432975586109071 -0.4380359166866262 -0.2162325232315329 -0.3310103523078177 0.1571015378199597 -0.2207075453913693
0.545 0.4333328240526193 -0.4379090079641895 -0.2155206593474069 -0.3320687988552225 0.1571067351710845 -0.2206041670883983
0.546 0.4336907800512844 -0.437781737120625 -0.2148030267234764 -0.3331267718277697 0.1571124318802945 -0.2205007034344219
0.547 0.4340494571497246 -0.437654102332253 -0.2140795915564654 -0.3341842289419144 0.1571184777149131 -0.2203967919493222
0.548 0.4344088584124179 -0.437526101761717 -0.2133503476044668 -0.3352411261084916 0.1571249027974683 -0.2202928474243455
0.549 0.4347689869238315 -0.4373977335578432 -0.2126153224199979 -0.3362974730781431 0.1571317662529487 -0.2201879924850364
0.55 0.4351298457885855 -0.4372689958555048 -0.2118744654530523 -0.3373531985515301 0.1571390171950365 -0.2200830958954628
0.551 0.4354914381316289 -0.4371398867754801 -0.2111277806425159 -0.3384082575218119 0.1571464690818293 -0.2199777395124025
0.552 0.4358537670984048 -0.4370104044243112 -0.210375282703377 -0.3394626624617414 0.1571548628494283 -0.219872303691024
0.553 0.4362168358550293 -0.4368805468941588 -0.2096169422795128 -0.3405163443959647 0.1571632625025479 -0.2197665777647958
0.554 0.4365806475884631 -0.4367503122626577 -0.2088527588961195 -0.3415692658421781 0.1571720485937682 -0.2196601452911078
0.555 0.4369452055066917 -0.4366196985927695 -0.208082733201681 -0.3426213988746723 0.1571813180193228 -0.2195535533948356
0.556 0.4373105128389002 -0.4364887039326321 -0.2073068655974266 -0.3436727333444878 0.1571910398902805 -0.2194467370050569
0.557 0.437676572835657 -0.4363573263154096 -0.2065251301513858 -0.3447231931591089 0.157200393335121 -0.2193392091280729
0.558 0.4380433887690952 -0.4362255637591385 -0.2057375358774416 -0.3457727735630572 0.1572116041995895 -0.2192316990102216
0.559 0.4384109639330973 -0.4360934142665748 -0.2049440860854736 -0.3468214250085325 0.1572225213430659 -0.2191237081603689
0.56 0.4387793016434794 -0.4359608758250332 -0.2041447777625602 -0.3478691176828502 0.1572336427196552 -0.2190153374460021
0.561 0.4391484052381813 -0.435827946406233 -0.2033395848420805 -0.3489158029947768 0.1572455806925487 -0.2189063898149152
0.562 0.4395182780774562 -0.4356946239661339 -0.2025285274950914 -0.3499614634369739 0.1572575980629175 -0.2187973246872648
0.563 0.4398889235440616 -0.435560906444775 -0.2017115922782732 -0.3510060538076007 0.1572700851921222 -0.2186880158837105
0.564 0.4402603450434531 -0.4354267917661089 -0.2008887918779825 -0.3520495485809473 0.1572834753993305 -0.2185785545697824
0.565 0.4406325460039807 -0.4352922778378359 -0.2000601162775759 -0.3530918955650009 0.1572967725931675 -0.218468038529237
0.566 0.4410055298770869 -0.4351573625512339 -0.1992255661924718 -0.354133070126166 0.1573105641558198 -0.2183576041860888
0.567 0.4413793001375057 -0.4350220437809885 -0.1983851460221012 -0.3551730447630427 0.1573247003426037 -0.2182467474999983
0.568 0.4417538602834648 -0.4348863193850187 -0.1975388555298585 -0.3562117719539202 0.1573395000495223 -0.2181353770990566
0.569 0.4421292138368891 -0.4347501872043019 -0.1966866874829257 -0.3572492090842006 0.1573545027888005 -0.2180238640713271
0.57 0.4425053643436082 -0.4346136450626957 -0.1958286488362154 -0.3582853247813199 0.1573699195053334 -0.2179114048251268
0.571 0.4428823153735618 -0.4344766907667604 -0.1949647516020393 -0.3593200983612832 0.15738607267335 -0.2177991445067997
0.572 0.4432600705210129 -0.4343393221055722 -0.1940949912204097 -0.3603534739398438 0.157402496315514 -0.2176860899616554
0.573 0.4436386334047584 -0.4342015368505431 -0.1932193668594121 -0.3613854264048312 0.1574195809023465 -0.2175730247592897
0.574 0.4440180076683439 -0.4340633327552313 -0.1923378852988794 -0.3624159231310299 0.1574363528016292 -0.2174593085983034
0.575 0.4443981969802819 -0.4339247075551539 -0.1914505632221499 -0.3634449252398049 0.1574542996514784 -0.2173451025495765
0.576 0.4447792050342688 -0.4337856589675933 -0.1905573846428561 -0.3644723773436135 0.1574722069811889 -0.2172308909750374
0.577 0.4451610355494083 -0.4336461846914041 -0.1896583724624919 -0.3654982730104861 0.1574907434806461 -0.2171158138005815
0.578 0.4455436922704335 -0.433506282406817 -0.1887535404557006 -0.3665225746940016 0.1575099346993896 -0.2170007422575994
0.579 0.4459271789679341 -0.4333659497752382 -0.1878428818479827 -0.3675452413611164 0.1575292966508778 -0.2168850350032727
0.58 0.4463114994385837 -0.4332251844390486 -0.1869263836860971 -0.3685662191414854 0.157548838676507 -0.2167683779775453
0.581 0.4466966575053712 -0.4330839840213994 -0.1860040977020542 -0.3695855037036724 0.1575691251419113 -0.2166522724525934
0.582 0.4470826570178344 -0.4329423461260054 -0.1850760033001577 -0.370603021436835 0.1575899320207897 -0.2165358422696342
0.583 0.4474695018522945 -0.4328002683369347 -0.1841421306699632 -0.3716187784013655 0.1576111466374051 -0.2164181376801425
0.584 0.4478571959120944 -0.432657748218396 -0.1832024726757961 -0.372632722890866 0.1576325512098093 -0.216300170492242
0.585 0.4482457431278403 -0.4325147833145254 -0.18225704407313 -0.3736448098054626 0.1576544805982584 -0.2161819298094722
0.586 0.4486351474576425 -0.4323713711491661 -0.1813058652018851 -0.3746550144180669 0.1576771357294738 -0.2160634593144038
0.587 0.4490254128873644 -0.4322275092256493 -0.180348938097704 -0.3756633094746112 0.1577001911897599 -0.2159442560597508
0.588 0.4494165434308675 -0.4320831950265701 -0.1793862911944903 -0.3766696553621262 0.1577233998625605 -0.2158248107975714
0.589 0.4498085431302643 -0.4319384260135601 -0.1784179249865094 -0.377674006021973 0.1577471923036691 -0.2157048185019566
0.59 0.4502014160561705 -0.4317931996270597 -0.177443846695321 -0.3786763533727175 0.1577714428714626 -0.2155843766874472
0.591 0.4505951663079619 -0.4316475132860833 -0.1764640903780533 -0.3796766364389585 0.1577962061497969 -0.2154635111508768
0.592 0.450989798014033 -0.4315013643879853 -0.175478657664601 -0.380674844223977 0.1578212774638761 -0.2153421112617209
0.593 0.4513853153320591 -0.4313547503082213 -0.1744875777433474 -0.381670933088088 0.1578468645597438 -0.2152202963568347
0.594 0.4517817224492594 -0.4312076684001049 -0.1734908496063645 -0.382664865346208 0.1578729021439231 -0.2150980091092472
0.595 0.4521790235826661 -0.4310601159945648 -0.1724885157046234 -0.3836566320540653 0.1578993703853562 -0.2149752991051374
0.596 0.4525772229793931 -0.4309120903998945 -0.1714805732900427 -0.3846461757528482 0.1579263370193156 -0.2148520445544478
0.597 0.4529763249169093 -0.4307635889015017 -0.1704670630896016 -0.385633481487376 0.157953736800488 -0.2147283776520866
0.598 0.4533763337033135 -0.4306146087616533 -0.1694479732257552 -0.3866185046165623 0.1579813193940559 -0.2146037165363891
0.599 0.4537772536776157 -0.430465147219217 -0.168423361589007 -0.3876012366898341 0.1580098960036244 -0.214479517456124
0.6 0.4541790892100167 -0.4303152014893998 -0.1673932323913212 -0.3885816326979904 0.158038604612917 -0.2143543423828664
0.601 0.4545818447021928 -0.4301647687634817 -0.1663575967219102 -0.3895596439612877 0.1580678648055138 -0.2142285863823171
0.602 0.4549855245875845 -0.4300138462085482 -0.165316507313273 -0.3905352894024007 0.1580973934112748 -0.2141024765441373
0.603 0.4553901333316882 -0.4298624309672175 -0.1642699568474116 -0.3915084941919074 0.1581276907220699 -0.2139759892060147
0.604 0.4557956754323487 -0.4297105201573642 -0.1632179853131465 -0.3924792610107126 0.1581588489827019 -0.2138490798613613
0.605 0.4562021554200571 -0.4295581108718399 -0.1621606188329499 -0.3934475453691753 0.1581895161176163 -0.2137211746774023
0.606 0.4566095778582514 -0.4294052001781884 -0.1610978860833853 -0.3944133272876212 0.1582208331414991 -0.213593376277872
0.607 0.4570179473436196 -0.4292517851183611 -0.1600298067005726 -0.3953765762006197 0.1582528523980262 -0.2134644289279821
0.608 0.4574272685064079 -0.4290978627084228 -0.1589564107608264 -0.3963372650777453 0.1582853938283258 -0.2133353934504779
0.609 0.4578375460107296 -0.428943429938258 -0.1578777269449992 -0.397295382098416 0.1583184111164647 -0.2132057794423766
0.61 0.4582487845548803 -0.4287884837712722 -0.1567937913648943 -0.3982508940085425 0.1583515888004779 -0.2130753310097204
0.611 0.4586609888716536 -0.4286330211440877 -0.1557046201942663 -0.3992037701842285 0.1583854325090449 -0.212944571695337
0.612 0.4590741637286617 -0.4284770389662357 -0.1546102741970816 -0.4001540086081499 0.1584197439008819 -0.2128132932373488
0.613 0.4594883139286607 -0.4283205341198472 -0.1535107414404654 -0.4011015581840953 0.1584545120959414 -0.2126812567916423
0.614 0.4599034443098774 -0.4281635034593345 -0.1524060924268595 -0.4020464219285435 0.158489771493582 -0.2125490913259682
0.615 0.4603195597463405 -0.4280059438110731 -0.1512963473785066 -0.4029885683041917 0.15852554169066 -0.2124163053386679
0.616 0.4607366651482153 -0.427847851973076 -0.1501815317115365 -0.4039279768286676 0.1585616763397805 -0.2122827044157204
0.617 0.4611547654621421 -0.4276892247146648 -0.1490616916060962 -0.4048646343432162 0.1585983649493927 -0.2121488303299513
0.618 0.4615738656715782 -0.4275300587761382 -0.1479368568405194 -0.4057985256936191 0.158635472377013 -0.2120140931629787
0.619 0.4619939707971454 -0.42737035086843 -0.1468070738034023 -0.4067296203334481 0.1586728924500418 -0.2118786189158186
0.62 0.4624150858969776 -0.4272100976727716 -0.1456723644021604 -0.4076579124653632 0.1587111553017542 -0.2117432190411145
0.621 0.4628372160670754 -0.4270492958403403 -0.1445327802180997 -0.408583383455669 0.1587496165938959 -0.2116069213897364
0.622 0.4632603664416643 -0.4268879419919089 -0.143388364411516 -0.4095060319626338 0.158789185465883 -0.2114703497662799
0.623 0.4636845421935542 -0.4267260327174887 -0.1422391436008617 -0.4104258380062913 0.158828281966019 -0.2113324136944505
0.624 0.4641097485345077 -0.4265635645759669 -0.1410851664348171 -0.4113427799249932 0.1588681997224801 -0.2111945884018331
0.625 0.4645359907156067 -0.4264005340947407 -0.1399264671381527 -0.412256845040983 0.1589087384390266 -0.2110555977371273
0.626 0.4649632740276281 -0.4262369377693434 -0.1387630948856005 -0.4131680392827596 0.158949624083238 -0.21091668842886
0.627 0.4653916038014208 -0.4260727720630683 -0.1375950948529774 -0.4140763571694216 0.1589912163245099 -0.2107768675053762
0.628 0.4658209854082887 -0.4259080334065865 -0.1364225038093443 -0.4149817780452267 0.1590330582836195 -0.2106365750888845
0.629 0.466251424260374 -0.4257427181975568 -0.1352453695013061 -0.4158843012658322 0.1590753167368394 -0.2104953651097318
0.63 0.4666829258110528 -0.4255768228002355 -0.1340637324904688 -0.4167839174046004 0.1591182074337709 -0.2103535508693921
0.631 0.4671154955553247 -0.4254103435450743 -0.1328776577499752 -0.4176806403701022 0.1591614796233011 -0.2102111418770717
0.632 0.4675491390302162 -0.4252432767283186 -0.1316871640466842 -0.4185744482896106 0.1592053317461646 -0.2100684877369907
0.633 0.4679838618151826 -0.4250756186115948 -0.1304923236666647 -0.4194653569133261 0.1592496133922506 -0.2099250984756511
0.634 0.4684196695325173 -0.4249073654214969 -0.129293168446061 -0.4203533558831218 0.1592944183698876 -0.2097807566547387
0.635 0.4688565678477646 -0.4247385133491626 -0.1280897581486342 -0.4212384660298861 0.1593397092356043 -0.2096361063169558
0.636 0.4692945624701367 -0.424569058549846 -0.1268821361624906 -0.4221206708886244 0.1593854423842734 -0.2094904627610051
0.637 0.4697336591529384 -0.4243989971424852 -0.1256703565464298 -0.4229999905618315 0.1594316807431778 -0.2093443405437609
0.638 0.4701738636939906 -0.4242283252092596 -0.1244544719389746 -0.4238764325600616 0.1594783970813694 -0.2091978855725847
0.639 0.4706151819360661 -0.4240570387951469 -0.1232345289122991 -0.4247500057214161 0.159525614609955 -0.209050124776132
0.64 0.4710576197673245 -0.423885133907468 -0.1220105834154707 -0.4256207088975202 0.1595733042434477 -0.2089020155097734
0.641 0.471501183121755 -0.4237126065154281 -0.1207826905905638 -0.4264885706654912 0.1596214839375353 -0.2087532355001893
0.642 0.4719458779796225 -0.4235394525496535 -0.1195508979118134 -0.4273536105302746 0.1596701536555226 -0.2086037790854327
0.643 0.472391710367921 -0.4233656679017167 -0.118315263572546 -0.4282158357514034 0.1597195266175979 -0.2084537118542645
0.644 0.47283868636083 -0.4231912484236584 -0.1170758390343459 -0.4290752677786329 0.1597689083072798 -0.2083028983853238
0.645 0.4732868120801767 -0.423016189927502 -0.1158326917131147 -0.4299319247945716 0.1598190802340128 -0.2081512865652322
0.646 0.4737360936959049 -0.4228404881847604 -0.1145858642663538 -0.4307858394884923 0.1598696994152142 -0.2079990648533622
0.647 0.474186537426548 -0.4226641389259358 -0.1133354175457272 -0.43163702486021 0.1599209251992906 -0.2078459238453097
0.648 0.474638149539707 -0.4224871378400134 -0.1120814083740027 -0.4324855115678076 0.1599724897351059 -0.2076923759449861
0.649 0.4750909363525348 -0.4223094805739463 -0.1108238967806228 -0.4333313386745266 0.1600246298800213 -0.2075381186822211
0.65 0.475544904232227 -0.4221311627321338 -0.1095629303189205 -0.4341745407420452 0.1600770511273767 -0.2073830573164173
0.651 0.476000059596516 -0.4219521798758919 -0.108298589099251 -0.435015147703801 0.1601301116689041 -0.2072272566015609
0.652 0.4764564089141738 -0.4217725275229163 -0.1070309082710178 -0.4358531846224934 0.1601836599978723 -0.2070707134014369
0.653 0.4769139587055174 -0.4215922011467379 -0.105759960867535 -0.4366887069718338 0.1602375142546553 -0.206913391445415
0.654 0.4773727155429233 -0.4214111961761695 -0.1044858014464567 -0.4375217551230058 0.1602922275426459 -0.2067554109599923
0.655 0.4778326860513449 -0.4212295079947444 -0.1032084821248435 -0.4383523693266217 0.1603472346690835 -0.2065967040694177
0.656 0.4782938769088393 -0.4210471319401486 -0.1019280849318847 -0.4391805893296541 0.1604027484188748 -0.2064370981496261
0.657 0.4787562948470963 -0.4208640633036431 -0.1006446518814802 -0.4400064968903883 0.160458749369691 -0.2062768073615973
0.658 0.479219946651979 -0.4206802973294771 -0.0993582390684838 -0.4408300980015316 0.1605152306131394 -0.2061157345897934
0.659 0.4796848391640645 -0.4204958292142952 -0.0980689136373419 -0.4416514878798041 0.1605722076487756 -0.2059538909300871
0.66 0.4801509792791951 -0.4203106541065329 -0.0967767392554014 -0.4424707137679462 0.1606296084474213 -0.2057912260697496
0.661 0.4806183739490354 -0.420124767105805 -0.0954817732570707 -0.4432878253023956 0.1606876235896919 -0.2056278516828381
0.662 0.4810870301816355 -0.4199381632622854 -0.0941840766464181 -0.4441028994052475 0.1607460625190111 -0.2054636426991164
0.663 0.4815569550419998 -0.4197508375760764 -0.0928837152598462 -0.4449160115107818 0.1608050498310327 -0.2052985671856268
0.664 0.482028155652666 -0.4195627849965681 -0.0915807360998256 -0.4457272204735117 0.1608644092170278 -0.2051328241433444
0.665 0.4825006391942858 -0.4193740004217919 -0.0902751994484118 -0.4465366147245692 0.1609243216612299 -0.2049661971468957
0.666 0.4829744129062182 -0.4191844786977603 -0.0889671770183985 -0.4473442424537671 0.160984770754026 -0.2047990327031823
0.667 0.4834494840871248 -0.4189942146177982 -0.0876567182251329 -0.4481502193657536 0.161045593674468 -0.2046304710607695
0.668 0.4839258600955757 -0.4188032029218665 -0.086343888664508 -0.4489546117366297 0.1611069604471668 -0.2044613637148545
0.669 0.484403548350662 -0.418611438295872 -0.0850287391557379 -0.4497575149839161 0.1611688166375093 -0.2042914156243559
0.67 0.4848825563326145 -0.4184189153709698 -0.0837113330338509 -0.4505590172817261 0.1612311573719167 -0.204120621912962
0.671 0.4853628915834301 -0.4182256287228539 -0.0823917228219541 -0.4513592177065326 0.1612939852863333 -0.203948974234317
0.672 0.485844561707507 -0.4180315728710374 -0.0810699700491189 -0.4521582092628929 0.1613572960387559 -0.2037764655243695
0.673 0.4863275743722875 -0.4178367422781237 -0.07974613072445205 -0.4529561065531582 0.1614210924378232 -0.2036030933719646
0.674 0.4868119373089064 -0.4176411313490618 -0.07842025762435791 -0.4537530118677412 0.161485374030565 -0.2034288479081328
0.675 0.4872976583128493 -0.4174447344303972 -0.07709240277052215 -0.4545490356049271 0.1615501517090691 -0.2032536783126511
0.676 0.48778474524462 -0.4172475458095058 -0.07576262256136856 -0.455344289855441 0.1616153765090999 -0.2030777088308209
0.677 0.4882732060304123 -0.4170495597138204 -0.07443096727109236 -0.4561388966795506 0.161681102803739 -0.2029006328748173
0.678 0.4887630486627939 -0.4168507703100415 -0.07309748867092118 -0.4569329908296388 0.1617473106003177 -0.2027229936062023
0.679 0.4892542812013968 -0.4166511717033406 -0.07176223360082813 -0.4577266825888257 0.161813997083044 -0.2025442747921146
0.68 0.4897469117736153 -0.4164507579365472 -0.07042524850025654 -0.4585201094378107 0.1618809593987755 -0.2023647906792786
0.681 0.4902409485753157 -0.4162495229893262 -0.06908659505966867 -0.459313421263801 0.1619488061529947 -0.2021840857719399
0.682 0.4907363998715527 -0.4160474607773433 -0.06774630166522394 -0.4601067408156823 0.1620169232410341 -0.202002597236564
0.683 0.4912332739972928 -0.4158445651514133 -0.06640440635577523 -0.4609002302762232 0.1620857795441681 -0.2018198778737379
0.684 0.4917315793581515 -0.4156408298966422 -0.06506097384346065 -0.4616940455980953 0.1621545984397106 -0.2016368064805944
0.685 0.4922313244311364 -0.4154362487315497 -0.06371602630259841 -0.462488309940538 0.1622241401882724 -0.2014524808802949
0.686 0.4927325177653982 -0.4152308153071823 -0.06236961310089168 -0.4632832232608834 0.1622941588103519 -0.2012672048930572
0.687 0.4932351679829965 -0.415024523206212 -0.06102175683422426 -0.4640789231171744 0.1623646472752226 -0.2010809551114151
0.688 0.4937392837796694 -0.4148173659420199 -0.05967250022557341 -0.464875599289838 0.1624356048827847 -0.2008937640352613
0.689 0.4942448739256171 -0.4146093369577667 -0.05832187051377203 -0.4656734088334866 0.162507031396501 -0.200705529093488
0.69 0.4947519472662911 -0.4144004296254499 -0.05696989789240154 -0.466472551587443 0.162578925190001 -0.2005163365371608
0.691 0.4952605127232 -0.4141906372449438 -0.05561659768552175 -0.4672732028267397 0.16265128655677 -0.2003261423026172
0.692 0.4957705792947176 -0.4139799530430274 -0.05426200991901453 -0.4680755590949644 0.1627234098856928 -0.2001347711105639
0.693 0.4962821560569076 -0.4137683701723956 -0.05290614457463203 -0.4688798193928678 0.1627973921698674 -0.1999427445632402
0.694 0.496795252164356 -0.4135558817106563 -0.0515490052933615 -0.4696861725864202 0.1628711475500297 -0.199749503166059
0.695 0.4973098768510144 -0.4133424806593091 -0.05019063908105021 -0.4704948402013618 0.1629454826660035 -0.1995551711283529
0.696 0.4978260394310555 -0.4131281599427136 -0.04883102016716095 -0.4713060253532698 0.1630200056658172 -0.1993599476977525
0.697 0.4983437492997372 -0.4129129124070351 -0.04747016727755204 -0.4721199636074169 0.1630951319937572 -0.1991636017986293
0.698 0.498863015934281 -0.4126967308191788 -0.04610809081130101 -0.4729368768567828 0.1631707054726688 -0.1989662097113757
0.699 0.4993838488947583 -0.4124796078657048 -0.04474477922972434 -0.4737569839612416 0.1632467273520556 -0.198767753277762
0.7 0.4999062578249923 -0.4122615361517278 -0.04338022393166352 -0.4745805283557209 0.1633231997111831 -0.1985682254789999
0.701 0.5004302524534685 -0.4120425081997977 -0.04201442471953701 -0.475407762106982 0.1634001197998785 -0.1983676255457901
0.702 0.5009558425942585 -0.4118225164487633 -0.0406473521377067 -0.4762389170001437 0.1634774834183126 -0.198165933276653
0.703 0.5014830381479554 -0.4116015532526199 -0.03927899102391994 -0.4770742682478178 0.163555294002848 -0.197963149847841
0.704 0.5020118491026219 -0.4113796108793353 -0.03790932001871761 -0.4779140634525481 0.163633541874476 -0.1977592629688862
0.705 0.5025422855347524 -0.411156681509661 -0.03653830826137011 -0.478758579623138 0.1637122280003797 -0.1975542676114903
0.706 0.5030743576102444 -0.4109327572359211 -0.03516591037430891 -0.4796080766163813 0.1637913480432792 -0.1973481465801067
0.707 0.5036080755853871 -0.4107078300607848 -0.03379208876397741 -0.4804628520335964 0.1638709031756705 -0.1971408996113165
0.708 0.5041434498078599 -0.4104818918960182 -0.03241679697601782 -0.4813232011423207 0.1639508936968584 -0.196932521167846
0.709 0.5046804907177456 -0.4102549345612157 -0.03103998848237885 -0.4821893885673067 0.1640313021712222 -0.1967229947342274
0.71 0.5052192088485583 -0.4100269497825119 -0.0296615884720203 -0.483061732252522 0.1641121376926199 -0.1965123133876483
0.711 0.5057596148282841 -0.4097979291912749 -0.02828152913883578 -0.4839405375602002 0.1641933962198798 -0.1963004678564695
0.712 0.5063017193804357 -0.4095678643227729 -0.02689973631298415 -0.4848261175342155 0.1642750751055334 -0.1960874491123275
0.713 0.5068455333251213 -0.4093367466148266 -0.02551614357463905 -0.4857188090170705 0.1643571695990624 -0.1958732600962827
0.714 0.5073910675801315 -0.4091045674064346 -0.02413063590020739 -0.4866189110841715 0.1644396765513437 -0.1956578726544104
0.715 0.5079383331620346 -0.4088713179363807 -0.02274313186263291 -0.4875267893898712 0.1645225972247714 -0.1954412953553261
0.716 0.5084873411872943 -0.4086369893418141 -0.02135351727759965 -0.4884427497006528 0.1646059189791196 -0.195223503124442
0.717 0.5090381028733987 -0.4084015726568121 -0.01996168500584739 -0.4893671668412701 0.1646896444168602 -0.1950045003510334
0.718 0.5095906295400036 -0.408165058810915 -0.01856750026502072 -0.4903003863789957 0.1647737711684382 -0.1947842699619951
0.719 0.510144932610098 -0.4079274386276388 -0.01717083780519971 -0.4912427659856277 0.1648582907453643 -0.1945628042988375
0.72 0.5107010236111798 -0.4076887028229662 -0.0157715483924642 -0.4921946918403637 0.1649432086639327 -0.1943400985243688
0.721 0.5112589141764506 -0.4074488420038089 -0.0143694864188843 -0.4931565298986404 0.1650285141431148 -0.1941161420177886
0.722 0.5118186160460282 -0.4072078466664476 -0.01296448193542785 -0.4941286489640213 0.1651142014447357 -0.1938909185714886
0.723 0.5123801410681743 -0.4069657071949456 -0.01155637218990624 -0.4951114555596904 0.1652002683512513 -0.1936644281113501
0.724 0.5129435012005436 -0.406722413859537 -0.01014495977642721 -0.4961053412242972 0.1652869775136306 -0.193437095031392
0.725 0.5135087085114445 -0.4064779568149873 -0.00873004898534749 -0.4971107105005521 0.1653735329383785 -0.1932075922628784
0.726 0.514075775181125 -0.4062323260989291 -0.007311444116607058 -0.4981279717585246 0.1654607172085299 -0.1929772319042429
0.727 0.5146447135030736 -0.4059855116301669 -0.005888913087407715 -0.4991575487118814 0.1655482684146767 -0.1927455634265832
0.728 0.5152155358853383 -0.4057375032069595 -0.004462226421481253 -0.5001998650096749 0.1656361801525761 -0.1925125788698284
0.729 0.5157882548518672 -0.4054882905052673 -0.003031137707129234 -0.5012553370079045 0.1657244431126696 -0.1922782624214931
0.73 0.516362883043869 -0.4052378630769761 -0.001595381780412297 -0.5023244235343338 0.1658130621629772 -0.1920426111410115
0.731 0.5169394332211905 -0.4049862103480882 -0.0001546977730918497 -0.5034075634552897 0.1659020256778517 -0.1918056176544354
0.732 0.5175179182637192 -0.404733321616886 0.001291212008330211 -0.5045051951905308 0.1659913280792789 -0.1915672639911402
0.733 0.5180983511728021 -0.4044791860520597 0.002742649048378482 -0.505617789506797 0.1660809677392179 -0.1913275466085889
0.734 0.5186807450726899 -0.4042237926908125 0.004199927501362915 -0.5067457968523337 0.1661709338001645 -0.1910864520783847
0.735 0.5192651132120001 -0.4039671304369242 0.005663400674553204 -0.5078897072842389 0.1662612346307108 -0.1908439713118693
0.736 0.519851468965205 -0.4037091880587912 0.007133391739562817 -0.5090499822832806 0.1663525782497655 -0.1906008405417954
0.737 0.5204398258341392 -0.4034499541874252 0.00861028534908351 -0.5102271086918507 0.1664435044301004 -0.1903546518609646
0.738 0.5210301974495321 -0.4031894173144251 0.01009446579745077 -0.5114215837126875 0.1665346949736003 -0.1901083030037996
0.739 0.5216225975725663 -0.4029275657899115 0.01158633709365636 -0.5126338787836184 0.1666263036669516 -0.1898604379634395
0.74 0.522217040096454 -0.4026643878204251 0.01308631131683835 -0.5138645147831438 0.1667177595242613 -0.1896104102503714
0.741 0.5228135390480452 -0.4023998714667906 0.01459484938424493 -0.5151139916378462 0.1668102311895042 -0.1893596705513049
0.742 0.5234121085894547 -0.4021340046419471 0.01611238689722183 -0.516382820312785 0.166902925368007 -0.1891069389607329
0.743 0.524012763019721 -0.4018667751087347 0.01763942072656227 -0.5176715058082504 0.1669953587135562 -0.1888533347826352
0.744 0.5246155167764853 -0.4015981704776504 0.01917645685762595 -0.5189805803999819 0.1670883390078636 -0.1885979588401338
0.745 0.525220384437702 -0.4013281782045594 0.02072400656995102 -0.5203105757600285 0.1671815876881022 -0.1883411053519538
0.746 0.5258273807233741 -0.4010567855883721 0.02228262630609923 -0.5216619944841998 0.1672750943032276 -0.1880827505588734
0.747 0.5264365204973176 -0.4007839797686773 0.02385288209097636 -0.5230353932871163 0.1673688579947775 -0.1878228953372965
0.748 0.5270478187689549 -0.400509747723336 0.02543535906744204 -0.5244313036982772 0.167462781315614 -0.1875615062290177
0.749 0.5276612906951361 -0.4002340762660333 0.02703068162543404 -0.5258502565120759 0.1675571836722355 -0.1872983509173571
0.75 0.5282769515819915 -0.3999569520437879 0.02863948755310133 -0.5272928032863651 0.167651601943078 -0.1870342094842144
0.751 0.5288948168868137 -0.3996783615344169 0.03026244854892951 -0.5287594887253151 0.1677462229315601 -0.1867682833489382
0.752 0.5295149022199728 -0.3993982910439584 0.03190024829703733 -0.5302508581991221 0.1678412439268941 -0.1865007161330782
0.753 0.5301372233468608 -0.3991167267040465 0.03355361200494597 -0.5317674615483561 0.1679363858653845 -0.1862316282718883
0.754 0.5307617961898716 -0.3988336544692417 0.03522328379631187 -0.5333098612094229 0.168031733317743 -0.1859609719628752
0.755 0.531388636830413 -0.398549060114313 0.03691004549536822 -0.5348785840799428 0.1681272727810121 -0.1856887269475545
0.756 0.5320177615109525 -0.3982629292314734 0.03861469649036331 -0.5364742030624926 0.1682230003436267 -0.1854148955108061
0.757 0.5326491866370995 -0.3979752472275649 0.040338081329365 -0.5380972649763176 0.1683190763648005 -0.1851392538411525
0.758 0.5332829287797233 -0.3976859993211923 0.04208104781665659 -0.5397483161292509 0.1684150087152412 -0.1848623820809238
0.759 0.5339190046771066 -0.3973951705398098 0.04384450792327307 -0.5414279063486296 0.1685112559167997 -0.1845836975593933
0.76 0.5345574312371384 -0.3971027457167513 0.04562938988733293 -0.5431365893030553 0.1686074112406055 -0.1843036145519422
0.761 0.5351982255395437 -0.3968087094882078 0.04743664277802099 -0.5448749189548906 0.1687042156686049 -0.1840214172874507
0.762 0.5358414048381545 -0.396513046290152 0.04926728171391964 -0.5466434168881628 0.1688009057470369 -0.1837377971348657
0.763 0.5364869865632199 -0.3962157403552077 0.05112232514937967 -0.5484426463464549 0.1688977298697684 -0.1834525158404907
0.764 0.5371349883237581 -0.3959167757094569 0.05300283428064931 -0.550273124034204 0.168994670695587 -0.1831655602837855
0.765 0.537785427909952 -0.3956161361691968 0.05490993272567359 -0.5521353760024573 0.1690917255369021 -0.1828769133276832
0.766 0.5384383232955852 -0.3953138053376304 0.05684473220522581 -0.5540299489179433 0.1691888789936046 -0.1825865840351453
0.767 0.5390936926405269 -0.3950097666015001 0.05880843799961971 -0.5559573225491011 0.1692861269688644 -0.1822945378882655
0.768 0.53975155429326 -0.3947040031276575 0.06080225524140626 -0.5579180357958799 0.1693837463704247 -0.1820013913093856
0.769 0.540411926793456 -0.3943964978595718 0.06282744433761691 -0.5599125634783565 0.1694808637365942 -0.1817053008936255
0.77 0.5410748288745983 -0.3940872335137695 0.06488528737507387 -0.5619414179631611 0.169578332469928 -0.1814080881753194
0.771 0.5417402794666567 -0.393776192576213 0.06697715098835333 -0.5640050447089966 0.1696758548359577 -0.1811091212941161
0.772 0.5424082976988098 -0.3934633572986055 0.06910439362157267 -0.5661039418382179 0.1697733576375558 -0.1808081974231987
0.773 0.5430789029022216 -0.393148709694632 0.07126845641915699 -0.5682385424483096 0.1698710135967142 -0.1805059347253644
0.774 0.5437521146128692 -0.3928322315361248 0.0734708026524874 -0.5704092872334332 0.1699686347079938 -0.1802016791774431
0.775 0.5444279525744266 -0.3925139043491597 0.07571294990902294 -0.5726165928156483 0.1700662664290943 -0.1798956375377892
0.776 0.5451064367412068 -0.3921937094100762 0.07799645097255383 -0.5748608774630561 0.1701638893487063 -0.1795878221254569
0.777 0.5457875872811567 -0.3918716277414217 0.080322930156974 -0.5771425212319081 0.1702615138744431 -0.1792781865535989
0.778 0.5464714245789147 -0.3915476401078179 0.0826940249980695 -0.5794618823261315 0.170359104258776 -0.1789667557750893
0.779 0.5471579692389291 -0.3912217270117489 0.085111462103865 -0.5818193156555218 0.1704566681180982 -0.1786535000761745
0.78 0.5478472420886373 -0.3908938686892665 0.08757697790075721 -0.5842151440658681 0.1705541859685011 -0.1783384165149846
0.781 0.54853926418171 -0.3905640451056117 0.090092391556577 -0.5866496595496896 0.1706516467498913 -0.1780215045546659
0.782 0.5492340568013613 -0.3902322359507522 0.0926595551561735 -0.5891231351404596 0.1707490412750668 -0.1777028006745809
0.783 0.5499316414637287 -0.3898984206348304 0.0952803836700972 -0.5916358170690959 0.1708480166545997 -0.1773842612226102
0.784 0.5506320399213163 -0.3895625782835242 0.0979568319790723 -0.5941879285193488 0.1709436030316091 -0.1770594218335021
0.785 0.5513352741665184 -0.3892246877333134 0.1006909239345308 -0.5967796277002865 0.1710407200765596 -0.1767350172037555
0.786 0.5520413664352098 -0.3888847275266549 0.1034847372312304 -0.5994111040031473 0.1711377266022861 -0.1764087329981983
0.787 0.5527503392104151 -0.3885426759070578 0.1063403933735227 -0.6020824362304872 0.1712345990921227 -0.1760805488187068
0.788 0.5534622152260539 -0.3881985108140634 0.1092600836050515 -0.6047937088732802 0.1713313288565132 -0.1757504575378409
0.789 0.5541770174707676 -0.3878522098781199 0.1122460432612032 -0.6075449669499414 0.1714279042275706 -0.1754184514029349
0.79 0.5548947691918281 -0.3875037504153591 0.1153005851527025 -0.6103362029393895 0.1715243088834697 -0.1750845262245251
0.791 0.5556154938991313 -0.3871531094222585 0.1184260656813293 -0.6131673733027219 0.1716205328455538 -0.1747486722067944
0.792 0.5563392153692758 -0.386800263570203 0.1216249099204831 -0.6160383710028785 0.171716561051871 -0.1744108773153801
0.793 0.557065957649735 -0.3864451891999265 0.124899584713046 -0.6189490496314882 0.1718123748551783 -0.1740711351936408
0.794 0.5577957450631182 -0.3860878623158452 0.1282526513304152 -0.621899218099692 0.1719079679186356 -0.1737294370209774
0.795 0.5585286022115282 -0.3857282585802672 0.1316867065415541 -0.6248886246221539 0.1720033186433436 -0.1733857709452498
0.796 0.5592645539810168 -0.3853663533074859 0.1352044194035142 -0.627916956707838 0.1720984273628914 -0.1730401428770874
0.797 0.5600036255461397 -0.3850021214577471 0.1388085232316366 -0.6309838360933934 0.1721932648892684 -0.1726925274273428
0.798 0.5607458423746178 -0.3846355376310857 0.1425018094161755 -0.6340888385323822 0.1722877243753689 -0.1723425937305375
0.799 0.5614912302321022 -0.3842665760610375 0.1462871301851385 -0.637231459312932 0.1723822362969381 -0.1719914198356521
0.8 0.5622398151870524 -0.3838952106082115 0.1501674225132351 -0.6404111306111922 0.1724761244204046 -0.1716375627445682
0.801 0.5629916236157241 -0.3835214147537251 0.154145658953021 -0.6436272052434777 0.1725696634759301 -0.1712821202557636
0.802 0.5637466822072784 -0.3831451615925004 0.1582249069251686 -0.6468789627205712 0.172662955521869 -0.170924490649221
0.803 0.5645050179690086 -0.3827664238264072 0.1624082678446458 -0.6501655994113903 0.172755917060865 -0.1705647828545684
0.804 0.5652666582316908 -0.3823851737572675 0.1666989372719216 -0.653486231503673 0.1728485395903605 -0.1702031070168581
0.805 0.5660316306550643 -0.382001383279692 0.1711001602115505 -0.656839890021955 0.1729406587678107 -0.1698392848050568
0.806 0.5667999632334433 -0.3816150238737712 0.1756152513531422 -0.6602255040193534 0.173032266681583 -0.1694736461918315
0.807 0.5675716843014648 -0.3812260665975958 0.1802475845868846 -0.6636419207072372 0.1731234470414597 -0.1691058683647523
0.808 0.5683468225399745 -0.3808344820796097 0.1850006109540824 -0.6670878704888681 0.1732149927959491 -0.1687354440563011
0.809 0.5691254069820639 -0.3804402405107944 0.1898778456614764 -0.670561987382154 0.1733051530844786 -0.1683640541990736
0.81 0.5699074670192484 -0.3800433116366726 0.1948828466961183 -0.6740627987730189 0.1733951591552482 -0.1679900513044485
0.811 0.5706930324078057 -0.3796436647491319 0.2000192596265074 -0.6775887233768142 0.1734846842916466 -0.1676139759070482
0.812 0.5714821332752704 -0.3792412686780558 0.2052907893161572 -0.681138043480833 0.1735736551380591 -0.1672360709498218
0.813 0.5722748001270949 -0.3788360917827688 0.2107012049555079 -0.6847089360528277 0.1736622237857484 -0.1668555760168568
0.814 0.5730710638534774 -0.3784281019432741 0.2162543100255425 -0.6882994443639497 0.1737502177934967 -0.1664735400670026
0.815 0.5738709557363651 -0.3780172665512917 0.2219540027668086 -0.6919074703313725 0.1738376300245143 -0.1660888187634365
0.816 0.5746745074566412 -0.3776035525010824 0.2278042345588983 -0.6955307909052186 0.1739244973898167 -0.165702290521598
0.817 0.5754817511014938 -0.3771869261800551 0.2338089907999465 -0.6991670360719153 0.1740107770374403 -0.1653136629701249
0.818 0.5762927191719812 -0.3767673534591481 0.239972350619086 -0.7028136690890394 0.1740964582400994 -0.1649229238884693
0.819 0.5771074445907928 -0.3763447996829814 0.2462984115630066 -0.7064680254468325 0.1741815217503982 -0.1645300748375765
0.82 0.5779259607102198 -0.3759192296597683 0.2527913367685637 -0.7101272666176448 0.1742659513503303 -0.1641351185033115
0.821 0.5787483013203359 -0.3754906076509795 0.2594553544231956 -0.7137883631997331 0.1743493867080428 -0.1637381884702511
0.822 0.5795745006573958 -0.3750588973607594 0.2662947183939855 -0.7174481559849391 0.1744328296519302 -0.1633388258930134
0.823 0.5804045934124634 -0.3746240619250727 0.2733137455202282 -0.7211032792316888 0.1745152480243534 -0.1629374982402625
0.824 0.5812386147402755 -0.374186063900586 0.2805167832026881 -0.7247501796336917 0.1745969608778266 -0.1625340425927609
0.825 0.5820766002683436 -0.3737448652532692 0.2879082211490078 -0.7283851172842777 0.1746778120421155 -0.1621285670261831
0.826 0.5829185861063121 -0.3733004273467085 0.2954924897851471 -0.732004159345542 0.1747581981720546 -0.1617207411639671
0.827 0.5837646088555699 -0.3728527109301223 0.3032740450099403 -0.735603146730787 0.1748376861607912 -0.1613108901756692
0.828 0.5846147056191348 -0.3724016761260694 0.3112573823321986 -0.7391777164942064 0.1749163975874621 -0.1608989021644188
0.829 0.5854689140118144 -0.3719472824178423 0.3194469995503168 -0.7427233064395433 0.1749939865013935 -0.1604849903422624
0.83 0.5863272721706533 -0.3714894886365292 0.3278474457727157 -0.7462350878727397 0.1750714190215479 -0.1600685228496074
0.831 0.587189818765677 -0.3710282529477404 0.336463259798164 -0.7497080142325302 0.175147691276866 -0.1596501256553554
0.832 0.5880565930109452 -0.3705635328379838 0.34529899390424 -0.7531367961536874 0.1752231130781402 -0.1592295907711997
0.833 0.5889276346759224 -0.3700952851006765 0.3543592101130693 -0.7565158972408127 0.1752976138867047 -0.1588069106910926
0.834 0.589802984097177 -0.3696234658217852 0.3636484727594731 -0.7598394949100475 0.1753713374995703 -0.1583821069262578
0.835 0.5906826821904247 -0.3691480303650756 0.373171318794398 -0.7631015358097812 0.1754441016163759 -0.1579551592772256
0.836 0.5915667704629215 -0.3686689333569668 0.3829322903699421 -0.7662956726249321 0.1755159456271098 -0.1575260763170543
0.837 0.5924552910262254 -0.3681861286709641 0.3929358908110138 -0.7694152652887785 0.1755868473628929 -0.157094857834221
0.838 0.5933482866093378 -0.3676995694116676 0.4031866013083388 -0.7724533987322183 0.1756567918385835 -0.1566615064941652
0.839 0.594245800572236 -0.3672092078983357 0.4136888602045295 -0.7754028369025275 0.1757257584095969 -0.1562260237866821
0.84 0.5951478769198127 -0.3667149956479872 0.4244470621997811 -0.7782560533742688 0.1757937318983921 -0.1557884125336212
0.841 0.5960545603162419 -0.3662168833580272 0.4354655451244414 -0.7810051936920074 0.1758608567886126 -0.1553483834534221
0.842 0.5969658960997752 -0.3657148208883807 0.4467485609479226 -0.7836420640042765 0.1759266244653276 -0.1549068131149672
0.843 0.597881930298 -0.3652087572431126 0.4583003008866109 -0.7861581699195677 0.1759915051835375 -0.1544628346456461
0.844 0.5988027096435612 -0.364698640551519 0.4701248741796435 -0.7885446325853588 0.176055320328238 -0.1540167392110676
0.845 0.5997282815903756 -0.3641844180486669 0.4822262677290185 -0.7907922393283357 0.1761180529280772 -0.1535685345080458
0.846 0.6006586943303515 -0.3636660360553655 0.4946083708525986 -0.7928914031386852 0.176179683385599 -0.1531182200213053
0.847 0.6015939968106317 -0.3631434399575454 0.5072749372538339 -0.7948321774462043 0.1762401939659543 -0.1526658026471618
0.848 0.6025342387513862 -0.3626165741850231 0.5202295834386115 -0.7966042453011148 0.1762995699630795 -0.1522112915035419
0.849 0.6034794706641657 -0.3620853821896319 0.5334757634824468 -0.7981968662827907 0.1763577906229857 -0.1517546893728998
0.85 0.6044297438708472 -0.3615498064226869 0.5470167748098696 -0.7995989340045231 0.1764150258567882 -0.1512958279123718
0.851 0.6053851105231872 -0.3610097883117671 0.5608557105553266 -0.800798895345219 0.1764707015324054 -0.1508352519806371
0.852 0.6063456236230113 -0.3604652682367864 0.5749954742823079 -0.801784835586971 0.1765253672593881 -0.1503723985444455
0.853 0.6073113370430584 -0.3599161855053182 0.5894387278674313 -0.802544382573288 0.1765788060372824 -0.1499074993869329
0.854 0.6082823055485131 -0.3593624783271566 0.6041879082641533 -0.803064735430614 0.1766310048760059 -0.149440553261288
0.855 0.6092585848192483 -0.3588040837880758 0.6192451948370961 -0.803332642956001 0.1766819591319847 -0.1489715395505692
0.856 0.6102402314728048 -0.3582409378227563 0.6346124557636368 -0.803334431791569 0.1767316399617413 -0.1485004972451949
0.857 0.6112273030881425 -0.357672975186851 0.6502912810576998 -0.803055957390308 0.1767800376699128 -0.1480274244143223
0.858 0.6122198582301895 -0.3571001294281483 0.6662829203385517 -0.802482609773039 0.1768271352567263 -0.1475523315462863
0.859 0.6132179564752224 -0.3565223328568016 0.6825882691021884 -0.801599323740699 0.1768729181965877 -0.1470752303853917
0.86 0.6142216584371135 -0.3559395165145858 0.699207859861346 -0.800390536472335 0.1769173727908272 -0.1465961271500267
0.861 0.6152310257944769 -0.355351610143139 0.7161418014582488 -0.7988402252883922 0.1769604904944703 -0.1461150254476682
0.862 0.6162461213187525 -0.3547585421511506 0.7333897783920533 -0.7969318612326827 0.1770022366422938 -0.1456319674236927
0.863 0.6172670089032652 -0.3541602395804498 0.7509510268181882 -0.7946484428845627 0.1770426206491503 -0.145146933339166
0.864 0.6182937535933033 -0.3535566280709483 0.7688242517396183 -0.7919724593245912 0.1770816171906918 -0.1446599465764598
0.865 0.6193264216172524 -0.3529476318243922 0.7870076841960028 -0.7888859095131172 0.17711921823772 -0.1441710200857451
0.866 0.6203650804188337 -0.3523331735668673 0.805498970860728 -0.7853702708833277 0.1771554096377539 -0.1436801633183162
0.867 0.6214097986904958 -0.35171317451001 0.824295160680563 -0.7814065566216883 0.1771901796678943 -0.1431873952569934
0.868 0.622460646407998 -0.3510875543108646 0.843392694171258 -0.7769752359104075 0.1772235156942655 -0.1426927282583322
0.869 0.623517694866255 -0.3504562310303275 0.86278733038584 -0.7720562961770948 0.1772554083337288 -0.1421961760981599
0.87 0.624581016716474 -0.349819121090124 0.882474131058152 -0.7666292093927416 0.1772858460095899 -0.1416977521751888
0.871 0.6256506860046636 -0.3491761392282387 0.902447408421157 -0.7606729599069764 0.177314816961824 -0.1411974767742903
0.872 0.6267267782115572 -0.3485271984527514 0.922700706257636 -0.7541660423880049 0.1773423161099981 -0.1406953622021819
0.873 0.6278093702940209 -0.3478722099939839 0.943226698561408 -0.7470864449652708 0.1773683311108155 -0.1401914293775644
0.874 0.6288985407280126 -0.3472110832549038 0.964017211338318 -0.7394116906275348 0.1773928550395024 -0.1396856937550931
0.875 0.629994369553158 -0.3465437257596895 0.985063137898344 -0.7311188042370569 0.1774156651173385 -0.1391782464946804
0.876 0.6310969384190193 -0.3458700431003852 1.006354387405087 -0.722184386245819 0.1774378438691074 -0.1386687231440287
0.877 0.6322063306331316 -0.3451899388815467 1.027879855466299 -0.7125845524595912 0.1774574181952935 -0.138157918428998
0.878 0.6333226312108879 -0.3445033146627953 1.049627350067857 -0.7022950086244782 0.177475883201848 -0.1376450398096614
0.879 0.6344459269273607 -0.343810069899174 1.071583544805048 -0.6912910269871913 0.1774928476878737 -0.1371305533961465
0.88 0.6355763063711457 -0.3431101018792087 1.093733921227563 -0.6795475039791695 0.177508283986596 -0.1366143765743162
0.881 0.6367138600003263 -0.3424033056605612 1.116062709822197 -0.6670389416658966 0.1775222002069359 -0.1360965210975776
0.882 0.6378586802006562 -0.3416895740031621 1.138552842829375 -0.6537395163024123 0.1775345617679607 -0.1355770333598526
0.883 0.6390108613460665 -0.3409687972996992 1.161185869566452 -0.6396230728644431 0.1775453998398765 -0.1350559119676462
0.884 0.6401704998616125 -0.340240863503336 1.183941891098063 -0.6246631641881843 0.1775547015975324 -0.1345331838199812
0.885 0.6413376942889666 -0.3395056580525238 1.206799515347606 -0.6088331078726227 0.1775624675069462 -0.1340088744245028
0.886 0.6425125453546007 -0.3387630637927597 1.229735791082061 -0.5921060083616418 0.177568525930632 -0.1334829515665397
0.887 0.6436951560407693 -0.3380129608951492 1.252726090193467 -0.5744548119540732 0.1775733980777718 -0.1329556046068905
0.888 0.6448856316594468 -0.3372552267715989 1.275744098545165 -0.5558523315117081 0.1775765671052669 -0.1324266931928613
0.889 0.6460840799293635 -0.3364897359864808 1.298761709991783 -0.5362713322008452 0.17757821172323 -0.1318962980358865
0.89 0.647290611056289 -0.335716360164581 1.32174893935201 -0.5156845626030725 0.1775783350192247 -0.1313644405604733
0.891 0.6485053378167439 -0.334934967895145 1.344673877625523 -0.4940648483503804 0.1775769452042843 -0.1308311516699116
0.892 0.649728375645295 -0.3341454246318151 1.367502596168632 -0.4713851415434245 0.1775740486576409 -0.1302964582947616
0.893 0.6509598427256447 -0.3333475925882452 1.390199049774147 -0.447618578808207 0.1775696544330782 -0.1297603837433081
0.894 0.652199860085687 -0.3325413306291654 1.412725038289139 -0.4227386195130154 0.1775637737826876 -0.1292229599635533
0.895 0.6534485516967601 -0.331726494156649 1.435040083569425 -0.3967190812427904 0.1775572587105212 -0.1286843745904189
0.896 0.6547060445773085 -0.3309029349913351 1.457101376646849 -0.3695342688122396 0.1775475961409889 -0.1281441750773262
0.897 0.6559724689011976 -0.3300705012483157 1.47886365665214 -0.3411590541630174 0.1775373259336705 -0.1276028721143706
0.898 0.6572479581109226 -0.3292290372074129 1.500279184184223 -0.3115690245444236 0.1775253909321544 -0.1270604100353528
0.899 0.6585326490359992 -0.3283783831775182 1.521297609606854 -0.2807405824803127 0.1775125023489391 -0.1265166025843263
0.9 0.6598266820168012 -0.3275183753546785 1.541865896716352 -0.2486510644270855 0.177497493741718 -0.1259714533284896
0.9001 0.6599566046389548 -0.3274318536810046 1.543895842823851 -0.2453719134658705 0.177496124189315 -0.1259169780824513
0.9002 0.6600866222643828 -0.3273452366219357 1.545920673213567 -0.242079915139377 0.1774944809022725 -0.1258623335348074
0.9003 0.6602167350394876 -0.3272585240065737 1.547940339777941 -0.2387750490507499 0.1774930188345666 -0.1258077294542975
0.9004 0.6603469431110512 -0.3271717156635755 1.549954773210529 -0.235457289043317 0.1774914548272433 -0.1257531173177539
0.9005 0.6604772466262383 -0.3270848114211517 1.551963917445938 -0.2321266271702761 0.1774897662635417 -0.1256986581654099
0.9006 0.6606076457325959 -0.3269978111070644 1.553967714867757 -0.2287830268240822 0.1774882929655691 -0.1256440040008862
0.9007 0.6607381405780557 -0.3269107145486268 1.555966104813262 -0.2254264727832769 0.1774867025660292 -0.1255892912809289
0.9008 0.6608687313109362 -0.3268235215727008 1.557959031122748 -0.2220569541758301 0.1774850580665225 -0.1255346785272991
0.9009 0.6609994180799418 -0.3267362320056946 1.559946432323597 -0.2186744412955091 0.1774833263695158 -0.1254800549252403
0.901 0.6611302010341672 -0.3266488456735632 1.561928255788786 -0.2152789167572771 0.1774816836515457 -0.1254254107004121
0.9011 0.6612610803230964 -0.3265613624018038 1.563904437487585 -0.2118703680110104 0.1774799385975053 -0.1253707850111106
0.9012 0.6613920560966051 -0.3264737820154571 1.565874911632587 -0.2084487709124803 0.1774783457279873 -0.1253160574466678
0.9013 0.6615231285049629 -0.326386104339104 1.567839620582187 -0.2050140916349139 0.1774767296021008 -0.1252613649472958
0.9014 0.6616542976988332 -0.3262983291968631 1.569798510512527 -0.2015663364814632 0.1774749367469183 -0.1252066919999481
0.9015 0.6617855638292767 -0.3262104564123923 1.571751506503621 -0.1981054684576559 0.1774731967041765 -0.1251520408809121
0.9016 0.6619169270477496 -0.3261224858088823 1.573698561239777 -0.194631473899985 0.1774714156082205 -0.1250972100867614
0.9017 0.6620483875061097 -0.3260344172090596 1.57563960535266 -0.1911443298309062 0.1774697009040373 -0.12504249168063
0.9018 0.6621799453566136 -0.3259462504351819 1.577574581508046 -0.187644021668027 0.1774680477265791 -0.124987801645044
0.9019 0.6623116007519205 -0.3258579853090366 1.579503424090587 -0.1841305345349472 0.1774662252037937 -0.1249330657663706
0.902 0.6624433538450935 -0.3257696216519408 1.581426068465948 -0.1806038454052398 0.1774644883353653 -0.1248782507838963
0.9021 0.6625752047896 -0.3256811592847377 1.583342455555488 -0.1770639341662595 0.1774626069099454 -0.124823379370852
0.9022 0.6627071537393148 -0.3255925980277957 1.585252512817544 -0.1735107893623616 0.1774607546767057 -0.1247687110313086
0.9023 0.6628392008485204 -0.3255039377010066 1.58715619523257 -0.1699443861634244 0.1774591293037588 -0.1247138978492691
0.9024 0.6629713462719088 -0.3254151781237846 1.589053423504511 -0.1663647073013145 0.1774571444968096 -0.1246590720362379
0.9025 0.663103590164584 -0.3253263191150617 1.590944142341698 -0.162771737313466 0.1774551890601832 -0.124604222446866
0.9026 0.6632359326820618 -0.3252373604932895 1.592828282693211 -0.1591654624246679 0.1774535109751319 -0.1245494223794005
0.9027 0.6633683739802725 -0.325148302076436 1.594705775251342 -0.1555458603547973 0.1774515551235984 -0.1244945975425455
0.9028 0.6635009142155635 -0.3250591436819818 1.59657656829438 -0.151912915972633 0.1774495832408264 -0.124439733276289
0.9029 0.6636335535446976 -0.3249698851269227 1.598440580131784 -0.1482666134200933 0.1774477667917406 -0.1243848536553325
0.903 0.663766292124858 -0.3248805262277636 1.600297761079029 -0.1446069363690463 0.1774460044372966 -0.1243300907637264
0.9031 0.663899130113649 -0.3247910668005189 1.602148033537073 -0.1409338613383715 0.1774439535869889 -0.1242750352021983
0.9032 0.6640320676690949 -0.3247015066607099 1.603991336902991 -0.1372473706489595 0.1774419321401644 -0.1242203304547156
0.9033 0.6641651049496464 -0.3246118456233634 1.605827606463046 -0.1335474685354304 0.1774400245788692 -0.1241653166836879
0.9034 0.6642982421141773 -0.3245220835030109 1.607656767145551 -0.1298341175218226 0.1774380366815081 -0.1241104142202964
0.9035 0.6644314793219911 -0.3244322201136833 1.609478766700029 -0.1261073165950237 0.1774360326085079 -0.124055492297592
0.9036 0.6645648167328172 -0.324342255268913 1.611293515229958 -0.1223670346980702 0.1774340995897145 -0.1240005624864262
0.9037 0.6646982545068173 -0.3242521887817296 1.613100959187558 -0.1186132606295179 0.1774321285701966 -0.1239456335629998
0.9038 0.6648317928045834 -0.3241620204646594 1.614901030244001 -0.1148459902909339 0.1774300258474045 -0.1238907436174167
0.9039 0.6649654317871433 -0.324071750129721 1.616693663414745 -0.1110652017664348 0.1774279528791758 -0.1238355908661152
0.904 0.6650991716159572 -0.3239813775884284 1.618478783293341 -0.107270880253687 0.1774261033836931 -0.1237807975511864
0.9041 0.6652330124529248 -0.3238909026517827 1.620256323260244 -0.1034630030230496 0.1774239163801894 -0.1237257642517199
0.9042 0.6653669544603829 -0.3238003251302755 1.622026215452669 -0.0996415697396161 0.1774218318560108 -0.1236708023561095
0.9043 0.6655009978011091 -0.3237096448338841 1.623788382728257 -0.0958065563661974 0.1774197955651668 -0.1236158530999529
0.9044 0.6656351426383223 -0.3236188615720704 1.625542762955327 -0.0919579481777412 0.1774176518830628 -0.1235607368278112
0.9045 0.6657693891356865 -0.3235279751537793 1.627289281744364 -0.0880957420226255 0.1774155920641935 -0.1235057572794251
0.9046 0.665903737457309 -0.3234369853874355 1.62902786948453 -0.08421990926882481 0.177413433294825 -0.1234507175539044
0.9047 0.6660381877677457 -0.3233458920809431 1.630758463227077 -0.08033044857160899 0.1774112748037638 -0.1233956177454607
0.9048 0.6661727402320013 -0.3232546950416831 1.632480982179283 -0.07642734679914531 0.1774092430015318 -0.1233406472587984
0.9049 0.6663073950155298 -0.3231633940765107 1.634195349504393 -0.07251058275028521 0.1774069202412588 -0.1232855877415514
0.905 0.6664421522842386 -0.3230719889917536 1.63590151013411 -0.06858014507929922 0.1774048789915854 -0.1232305283622728
0.9051 0.6665770122044887 -0.3229804795932111 1.637599377575157 -0.06463602556015868 0.1774026765825717 -0.1231753254380265
0.9052 0.6667119749430971 -0.3228888656861503 1.639288883615364 -0.06067820684296787 0.177400548962093 -0.1231202602127753
0.9053 0.6668470406673372 -0.3227971470753059 1.640969954428627 -0.05670668287517633 0.177398241016302 -0.1230651240100409
0.9054 0.6669822095449435 -0.3227053235648764 1.642642529925272 -0.05272143462554968 0.1773960543190214 -0.1230101073779034
0.9055 0.6671174817441101 -0.3226133949585236 1.644306513044174 -0.04872245250158247 0.1773937408323745 -0.1229549849365992
0.9056 0.6672528574334949 -0.3225213610593695 1.645961843344963 -0.04470973249575694 0.1773914859836206 -0.1228998707143145
0.9057 0.6673883367822197 -0.3224292216699946 1.647608446263204 -0.04068325633158853 0.1773893790905055 -0.1228447738130699
0.9058 0.6675239199598732 -0.3223369765924359 1.649246248872298 -0.03664300895620975 0.1773870284318575 -0.1227895863586062
0.9059 0.6676596071365123 -0.3222446256281847 1.650875172725093 -0.0325889886719789 0.1773847057099254 -0.12273448589656
0.906 0.667795398482664 -0.3221521685781848 1.652495143558598 -0.02852117944761912 0.1773823624729628 -0.122679270056562
0.9061 0.6679312941693277 -0.3220596052428295 1.654106090779397 -0.02443957581155987 0.177380031304678 -0.1226240230293294
0.9062 0.6680672943679754 -0.321966935421961 1.655707924001763 -0.02034415788189781 0.1773776365746476 -0.1225688870764429
0.9063 0.6682033992505558 -0.3218741589148665 1.657300588642273 -0.01623492842757968 0.17737543546197 -0.1225137355937374
0.9064 0.6683396089894953 -0.3217812755202778 1.658883991973495 -0.01211187059161001 0.177373141253656 -0.1224585158578249
0.9065 0.6684759237576983 -0.3216882850363683 1.660458063715516 -0.007974972824726145 0.1773706649164923 -0.1224032033741938
0.9066 0.6686123437285517 -0.3215951872607493 1.66202272036827 -0.003824227784003376 0.1773683351408081 -0.12234810283058
0.9067 0.6687488690759254 -0.3215019819904719 1.663577892237066 0.0003403669512602736 0.1773659387752876 -0.1222928179572516
0.9068 0.6688854999741737 -0.3214086690220205 1.665123498993408 0.004518829608379571 0.1773636355901755 -0.12223752881823
0.9069 0.6690222365981382 -0.3213152481513133 1.666659460843993 0.00871115998967054 0.1773612860609576 -0.122182310728335
0.907 0.6691590791231498 -0.3212217191736981 1.668185706638059 0.01291736984177383 0.1773588248054682 -0.1221271724349467
0.9071 0.6692960277250291 -0.3211280818839532 1.669702144914541 0.01713746688409712 0.1773563141032194 -0.1220718081545514
0.9072 0.669433082580091 -0.3210343360762809 1.671208703405108 0.02137146761190545 0.1773539113433188 -0.1220164751952185
0.9073 0.6695702438651438 -0.3209404815443092 1.672705301452391 0.02561935983863373 0.177351425170883 -0.1219612756369177
0.9074 0.6697075117574927 -0.3208465180810873 1.674191861243248 0.02988116742054081 0.1773491310992716 -0.1219059059546966
0.9075 0.6698448864349416 -0.3207524454790848 1.675668306742927 0.03415688619148316 0.1773465638851231 -0.1218508198097526
0.9076 0.6699823680757947 -0.3206582635301865 1.677134550238367 0.03844652657723702 0.1773439150737433 -0.1217954337916568
0.9077 0.6701199568588592 -0.3205639720256949 1.678590511473435 0.04275010059150275 0.1773414795865319 -0.121740060246519
0.9078 0.6702576529634472 -0.3204695707563229 1.680036110795375 0.0470676048139822 0.1773392105456646 -0.1216848381027244
0.9079 0.6703954565693766 -0.3203750595121954 1.681471267145816 0.05139905044800508 0.1773365119359446 -0.1216294104682966
0.908 0.6705333678569736 -0.3202804380828445 1.682895898155367 0.0557444377466807 0.1773339599047375 -0.1215739997647774
0.9081 0.6706713870070756 -0.3201857062572088 1.684309928289698 0.06010377889075446 0.1773313823065233 -0.1215187560959101
0.9082 0.6708095142010329 -0.3200908638236303 1.685713263692375 0.06447707964709148 0.177329001941091 -0.1214633860699815
0.9083 0.6709477496207099 -0.3199959105698514 1.687105823205516 0.0688643343254739 0.1773263200102984 -0.1214079868077491
0.9084 0.6710860934484881 -0.3199008462830136 1.688487531901213 0.07326555361329367 0.1773236240692296 -0.1213525870199649
0.9085 0.6712245458672674 -0.3198056707496553 1.689858306347245 0.07768074024692484 0.1773211579318884 -0.121297264424819
0.9086 0.6713631070604686 -0.3197103837557073 1.691218047128245 0.0821099006557284 0.1773185429919773 -0.1212418752359033
0.9087 0.6715017772120369 -0.3196149850864947 1.69256669284187 0.0865530269358409 0.1773158091431469 -0.1211863395682727
0.9088 0.6716405565064393 -0.3195194745267292 1.69390414138486 0.091010134447201 0.1773133301065362 -0.1211311907226674
0.9089 0.6717794451286737 -0.3194238518605104 1.695230314132187 0.0954812185041098 0.1773106250521588 -0.1210756429970994
0.909 0.6719184432642649 -0.3193281168713225 1.696545126323414 0.099966290521025 0.177308034565673 -0.1210201214793094
0.9091 0.6720575510992695 -0.3192322693420311 1.697848488656695 0.1044653424397396 0.177305375039013 -0.1209647454720078
0.9092 0.6721967688202785 -0.3191363090548813 1.699140321977577 0.1089783783351551 0.1773025844360643 -0.1209091071266957
0.9093 0.6723360966144182 -0.319040235791495 1.700420530662363 0.1135054034291935 0.1772999767784731 -0.1208537898717646
0.9094 0.6724755346693518 -0.3189440493328688 1.701689043862179 0.1180464117562331 0.1772972253523456 -0.1207983755278555
0.9095 0.6726150831732836 -0.318847749459372 1.702945759031136 0.1226014163842967 0.1772945909935373 -0.1207429351320451
0.9096 0.6727547423149607 -0.3187513359507417 1.704190591318994 0.1271704014564908 0.1772918380303306 -0.1206874941260431
0.9097 0.6728945122836728 -0.3186548085860832 1.705423461960509 0.1317533779186821 0.1772891298725444 -0.120631975840584
0.9098 0.6730343932692582 -0.3185581671438666 1.706644272627188 0.1363503395792627 0.1772865128680524 -0.1205765001119357
0.9099 0.6731743854621022 -0.3184614114019224 1.707852939766273 0.1409612953653431 0.1772834915264698 -0.1205208851173083
0.91 0.6733144890531428 -0.3183645411374413 1.709049376039483 0.145586232683784 0.1772809085358759 -0.1204654289781961
0.9101 0.6734547042338703 -0.3182675561269714 1.710233492797488 0.1502251557924759 0.1772782988205757 -0.1204099245096357
0.9102 0.6735950311963311 -0.3181704561464134 1.711405194431848 0.1548780663286158 0.1772753103961028 -0.1203543485204261
0.9103 0.6737354701331283 -0.3180732409710209 1.712564403434022 0.1595449494311518 0.1772725749304907 -0.1202989883035186
0.9104 0.6738760212374274 -0.3179759103753954 1.713711019422717 0.1642258161391227 0.1772697658977037 -0.1202433216619801
0.9105 0.6740166847029544 -0.317878464133486 1.714844953093738 0.1689206563687055 0.1772670169416176 -0.1201877666196866
0.9106 0.674157460724 -0.317780902018584 1.715966114267684 0.1736294728987735 0.1772641786652995 -0.1201323089673478
0.9107 0.6742983494954232 -0.3176832238033229 1.717074416691916 0.1783522549962789 0.1772610964092227 -0.1200767298964963
0.9108 0.6744393512126504 -0.3175854292596736 1.718169762570106 0.1830889997878458 0.1772585490581862 -0.1200211389134125
0.9109 0.6745804660716827 -0.3174875181589438 1.719252067407162 0.1878397107070525 0.177255665227209 -0.1199655998123349
0.911 0.6747216942690917 -0.3173894902717734 1.720321231187434 0.1926043724050331 0.1772528904188787 -0.119910064443974
0.9111 0.6748630360020274 -0.3172913453681325 1.721377165891096 0.1973829894488583 0.1772498156707114 -0.1198543647972448
0.9112 0.6750044914682187 -0.3171930832173189 1.722419775937413 0.2021755537287672 0.1772470613702282 -0.1197987807925991
0.9113 0.6751460608659743 -0.3170947035879554 1.723448976385456 0.2069820546045287 0.177244177960465 -0.1197432286326882
0.9114 0.675287744394188 -0.3169962062479868 1.724464656201873 0.2118024909407365 0.1772412054011284 -0.1196875525500781
0.9115 0.6754295422523381 -0.3168975909646772 1.725466741768025 0.2166368499304436 0.177238332780364 -0.1196320294232063
0.9116 0.6755714546404924 -0.3167988575046068 1.726455130514159 0.2214851289387051 0.1772353693948221 -0.1195763510405941
0.9117 0.6757134817593088 -0.3167000056336697 1.72742971952716 0.2263473264818657 0.1772324578732137 -0.1195208099092084
0.9118 0.6758556238100385 -0.316601035117072 1.728390425204843 0.2312234267408725 0.1772296918425205 -0.1194652299731974
0.9119 0.6759978809945282 -0.3165019457193256 1.729337153999273 0.2361134189531225 0.17722662011032 -0.1194095159810071
0.912 0.6761402535152242 -0.3164027372042495 1.730269796708505 0.2410173025608612 0.1772235841109834 -0.1193535994749381
0.9121 0.6762827415751707 -0.3163034093349652 1.731188268136943 0.2459350686204507 0.1772205946362952 -0.1192981165635627
0.9122 0.6764253453780182 -0.3162039618738916 1.732092476815032 0.2508667002588756 0.1772176801515314 -0.1192424012562104
0.9123 0.6765680651280204 -0.3161043945827469 1.732982311490575 0.255812188689072 0.177214580846466 -0.1191867477648311
0.9124 0.6767109010300403 -0.3160047072225419 1.733857681760979 0.2607715303826126 0.1772110040929612 -0.1191309821454828
0.9125 0.6768538532895515 -0.3159048995535767 1.734718492104129 0.2657447089351654 0.1772086725059762 -0.1190754151117686
0.9126 0.6769969221126405 -0.3158049713354417 1.735564649498598 0.27073171316782 0.1772055925485269 -0.1190196929556371
0.9127 0.6771401077060108 -0.3157049223270108 1.736396039166746 0.2757325372452447 0.1772026254732438 -0.1189640647568169
0.9128 0.6772834102769821 -0.3156047522864412 1.737212583249944 0.2807471637085865 0.1771994325048419 -0.1189082849960161
0.9129 0.6774268300334978 -0.3155044609711671 1.738014172204225 0.2857755840825092 0.1771965804155751 -0.1188526409758932
0.913 0.6775703671841224 -0.3154040481378999 1.738800710359688 0.290817777122455 0.1771934847168261 -0.1187969234164271
0.9131 0.6777140219380487 -0.3153035135426241 1.739572089837773 0.2958737375280744 0.1771905094350031 -0.1187411550987854
0.9132 0.6778577945050969 -0.3152028569405941 1.740328223376467 0.3009434497394701 0.1771872792796202 -0.1186854256756801
0.9133 0.6780016850957196 -0.3151020780863305 1.741069000175803 0.3060268952158884 0.1771843375609711 -0.1186296814553362
0.9134 0.6781456939210027 -0.315001176733619 1.741794324600876 0.3111240663368635 0.17718112834434 -0.1185739190842228
0.9135 0.6782898211926702 -0.3149001526355051 1.742504104564743 0.3162349449213141 0.1771780244092423 -0.1185180730227366
0.9136 0.6784340671230842 -0.3147990055442923 1.743198218711055 0.3213595139471941 0.1771748396340396 -0.1184624077990335
0.9137 0.6785784319252502 -0.3146977352115385 1.743876575171854 0.3264977604445964 0.1771718417265505 -0.1184067238712056
0.9138 0.6787229158128173 -0.3145963413880533 1.744539083910814 0.3316496609517312 0.1771704194267649 -0.1183512813801157
0.9139 0.6788675190000843 -0.3144948238238947 1.745185626634711 0.3368152074342474 0.177165709222121 -0.118295263862222
0.914 0.6790122417019989 -0.3143931822683661 1.745816101864404 0.3419943783497685 0.1771623569739147 -0.1182394168406671
0.9141 0.6791570841341627 -0.3142914164700117 1.746430419959953 0.3471871523264364 0.1771592582037167 -0.1181835508613939
0.9142 0.6793020465128318 -0.3141895261766161 1.747028466383408 0.3523935150970713 0.1771560643575912 -0.1181278634912706
0.9143 0.6794471290549238 -0.3140875111351983 1.747610135338424 0.3576134453048882 0.1771528559703175 -0.1180719296342622
0.9144 0.6795923319780153 -0.3139853710920106 1.748175337700271 0.3628469238014832 0.1771496790033148 -0.1180162214664005
0.9145 0.6797376555003486 -0.3138831057925337 1.748723947921393 0.3680939284247526 0.1771466188069697 -0.117960441852219
0.9146 0.6798830998408323 -0.3137807149814736 1.749255878618304 0.3733544475748602 0.1771433023713656 -0.1179044506316107
0.9147 0.6800286652190469 -0.3136781984027611 1.749771016096731 0.3786284504339834 0.17714006352827 -0.1178488649788016
0.9148 0.6801743518552437 -0.3135755557995437 1.750269266056627 0.3839159207730267 0.1771370151416577 -0.1177930166487371
0.9149 0.6803201599703517 -0.3134727869141871 1.750750507231439 0.3892168310459942 0.177133615556892 -0.1177371596629194
0.915 0.6804660897859762 -0.3133698914882676 1.751214638718479 0.3945311664982334 0.1771304896392816 -0.1176813389042115
0.9151 0.6806121415244068 -0.3132668692625722 1.751661564097305 0.3998589001811762 0.177127142865736 -0.1176253109910285
0.9152 0.6807583154086165 -0.3131637199770932 1.752091161852993 0.4052000073306957 0.177123882472606 -0.1175694061586541
0.9153 0.6809046116622656 -0.3130604433710262 1.752503332246412 0.4105544602688381 0.1771206683090034 -0.1175137159884605
0.9154 0.6810510305097049 -0.3129570391827644 1.75289797099228 0.4159222392811102 0.1771173789029547 -0.1174578285736738
0.9155 0.6811975721759791 -0.3128535071498983 1.753274962889 0.4213033238106169 0.1771142663336587 -0.117402014566664
0.9156 0.6813442368868294 -0.31274984700921 1.753634208956631 0.4266976789123125 0.1771107500501752 -0.1173459986628918
0.9157 0.6814910248686959 -0.3126460584966701 1.753975596111848 0.432105281040121 0.1771076858016367 -0.1172902712349516
0.9158 0.6816379363487214 -0.3125421413474348 1.754299009024433 0.4375261069760814 0.1771043136374802 -0.1172343535343885
0.9159 0.6817849715547545 -0.3124380952958425 1.754604346478892 0.4429601247950754 0.1771010079226542 -0.1171786327802653
0.916 0.6819321307153523 -0.3123339200754096 1.754891504703186 0.4484073040181045 0.1770974677474678 -0.1171226276072761
0.9161 0.6820794140597829 -0.3122296154188261 1.755160356319205 0.4538676271241639 0.1770943930318909 -0.1170667358789052
0.9162 0.6822268218180307 -0.3121251810579556 1.755410799092543 0.4593410545798173 0.1770911930443105 -0.1170108982489934
0.9163 0.6823743542207965 -0.3120206167238275 1.75564273661518 0.4648275562001803 0.1770875503108982 -0.1169548803544598
0.9164 0.6825220114995025 -0.311915922146635 1.755856045813428 0.4703271070593162 0.1770843735072374 -0.1168989002659297
0.9165 0.6826697938862951 -0.3118110970557337 1.756050607632592 0.4758396766696043 0.1770810086323504 -0.1168430346909312
0.9166 0.6828177016140488 -0.3117061411796338 1.756226332126429 0.4813652283912935 0.1770775921861201 -0.1167870957598732
0.9167 0.6829657349163675 -0.3116010542459997 1.756383081621599 0.486903738524695 0.1770743441961919 -0.1167313005197763
0.9168 0.6831138940275887 -0.3114958359816447 1.756520761442224 0.4924551642572894 0.1770709632911239 -0.1166753411196653
0.9169 0.6832621791827877 -0.3113904861125291 1.756639252558151 0.4980194767104899 0.177067626726966 -0.1166195059554011
0.917 0.6834105906177797 -0.3112850043637533 1.756738450328853 0.5035966414235532 0.1770640337209472 -0.1165635461097052
0.9171 0.6835591285691224 -0.311179390459557 1.756818230772759 0.5091866286895464 0.1770607295505612 -0.1165075487858274
0.9172 0.6837077932741217 -0.3110736441233149 1.756878482847072 0.5147893973539924 0.1770572938334266 -0.1164516098380278
0.9173 0.6838565849708322 -0.3109677650775315 1.75691909854615 0.5204049118394583 0.1770539007734263 -0.1163957609826735
0.9174 0.6840055038980618 -0.3108617530438385 1.756939966844777 0.5260331365762775 0.1770504927546769 -0.11633963043801
0.9175 0.6841545502953758 -0.310755607742991 1.756940958421833 0.5316740383583543 0.1770469349220704 -0.1162835206327364
0.9176 0.6843037244030987 -0.3106493288948627 1.756921970105677 0.5373275763519906 0.1770437196066329 -0.1162278527252146
0.9177 0.6844530264623186 -0.3105429162184441 1.756882881627114 0.5429937110177087 0.1770401376443222 -0.1161718263423262
0.9178 0.6846024567148902 -0.3104363694318356 1.756823577314301 0.5486724050169407 0.177036697389215 -0.1161157644739692
0.9179 0.6847520154034386 -0.3103296882522452 1.756743951714294 0.5543636148058408 0.1770333238699497 -0.1160598701005139
0.918 0.6849017027713604 -0.3102228723959859 1.75664387661424 0.5600673098619507 0.1770299170288622 -0.1160038099430554
0.9181 0.6850515190628325 -0.3101159215784699 1.75652324597022 0.5657834372875569 0.1770263024024117 -0.1159478315968695
0.9182 0.6852014645228095 -0.3100088355142044 1.756381927037819 0.5715119658415441 0.1770228867523943 -0.115892005311113
0.9183 0.6853515393970304 -0.3099016139167887 1.756219820182728 0.5772528491482529 0.1770194925811613 -0.1158359315899515
0.9184 0.6855017439320226 -0.3097942564989107 1.756036798444772 0.5830060403823759 0.1770160212428422 -0.1157798270359937
0.9185 0.685652078375103 -0.3096867629723397 1.755832742245169 0.5887715042293733 0.1770122469872536 -0.1157238310184984
0.9186 0.6858025429743831 -0.3095791330479276 1.755607545204485 0.5945491851792508 0.1770090014485069 -0.1156680181498152
0.9187 0.685953137978774 -0.3094713664355996 1.755361079466754 0.6003390501182741 0.1770054644425809 -0.115611930806169
0.9188 0.6861038636379853 -0.3093634628443524 1.755093226872692 0.6061410481970161 0.1770020154544988 -0.1155559175926175
0.9189 0.6862547202025345 -0.3092554219822512 1.754803872455919 0.6119551331183153 0.1769983602445224 -0.1154999865783992
0.919 0.6864057079237462 -0.3091472435564234 1.75449289712156 0.61778125192975 0.1769950200638606 -0.1154438422696516
0.9191 0.6865568270537581 -0.3090389272730553 1.754160171081201 0.6236193682907523 0.1769913205922704 -0.1153878480530605
0.9192 0.6867080778455233 -0.308930472837388 1.753805590991603 0.6294694249777518 0.1769879453968917 -0.1153318115895818
0.9193 0.6868594605528159 -0.3088218799537125 1.753429025811865 0.635331375276351 0.1769844760330756 -0.1152758217390784
0.9194 0.6870109754302316 -0.3087131483253678 1.753030358344048 0.6412051699928918 0.1769807749357854 -0.1152196755817232
0.9195 0.6871626227331937 -0.3086042776547328 1.752609472029552 0.647090759293989 0.1769771322185901 -0.1151636744856122
0.9196 0.6873144027179575 -0.3084952676432246 1.752166237650546 0.652988096242625 0.176973763260017 -0.1151077669425233
0.9197 0.6874663156416117 -0.3083861179912943 1.751700538451486 0.65889711217655 0.1769701010402367 -0.1150514984353452
0.9198 0.6876183617620841 -0.3082768283984204 1.751212249538706 0.6648177728467043 0.1769665951114277 -0.1149954673896792
0.9199 0.6877705413381441 -0.3081673985631083 1.750701257110551 0.6707500161366231 0.17696316282167 -0.1149396440611111
0.92 0.6879228546294072 -0.308057828182881 1.750167435829743 0.6766937839931783 0.1769594230344571 -0.1148836200330163
0.9201 0.6880753018963395 -0.3079481169542786 1.749610650810827 0.6826490268993201 0.176955853248577 -0.1148274336344222
0.9202 0.6882278834002598 -0.307838264572852 1.749030794550147 0.6886156898533167 0.1769523453852238 -0.1147714110053881
0.9203 0.6883805994033454 -0.3077282707331601 1.74842773662647 0.6945937132831485 0.1769488523217212 -0.1147153633828837
0.9204 0.6885334501686343 -0.3076181351287611 1.747801360527988 0.7005830428541002 0.1769452519186662 -0.1146593015123733
0.9205 0.6886864359600311 -0.3075078574522151 1.747151531519218 0.7065836160378299 0.176941450676677 -0.1146031747742623
0.9206 0.6888395570423088 -0.3073974373950705 1.746478139036254 0.7125953740126403 0.1769378762434202 -0.1145470938312589
0.9207 0.6889928136811142 -0.3072868746478679 1.745781051572628 0.7186182589250012 0.1769344905048729 -0.114491350913006
0.9208 0.689146206142972 -0.3071761689001316 1.74506014312767 0.7246522124575321 0.1769306494017688 -0.1144350216494761
0.9209 0.6892997346952877 -0.3070653198403627 1.744315295285369 0.7306971690016963 0.1769272155925436 -0.1143790219640111
0.921 0.6894533996063522 -0.3069543271560395 1.743546374123472 0.7367530707737172 0.1769232852607705 -0.1143227509418311
0.9211 0.689607201145347 -0.3068431905336093 1.742753263569387 0.742819848115889 0.1769197487573054 -0.114266767847455
0.9212 0.6897611395823462 -0.3067319096584848 1.741935828790972 0.7488974437008224 0.1769161881562302 -0.1142107500058864
0.9213 0.6899152151883224 -0.3066204842150379 1.741093951099504 0.7549857902282402 0.1769126148942217 -0.1141546028647568
0.9214 0.6900694282351503 -0.3065089138865979 1.740227505680568 0.7610848188628183 0.1769089345508177 -0.1140985875940326
0.9215 0.6902237789956096 -0.3063971983554445 1.739336356633237 0.767194468996519 0.176905302575478 -0.1140424687742731
0.9216 0.6903782677433914 -0.3062853373028029 1.738420394587133 0.7733146667698843 0.1768984560685531 -0.1139888016248294
0.9217 0.6905328947531018 -0.3061733304088396 1.737479469135119 0.7794453536337125 0.1768965711243332 -0.1139312461815551
0.9218 0.6906876603002638 -0.3060611773526584 1.736513476433239 0.7855864536700383 0.1768934165762035 -0.1138746270367874
0.9219 0.6908425646613257 -0.3059488778122926 1.735522269239268 0.7917379006232428 0.1768900130905171 -0.1138182801245981
0.922 0.6909976081136623 -0.3058364314647035 1.734505737900502 0.7978996172251415 0.1768867044078352 -0.1137625017954707
0.9221 0.6911527909355785 -0.305723837985774 1.733463741095852 0.804071540601116 0.1768824415802749 -0.1137056657131705
0.9222 0.6913081134063181 -0.305611097050301 1.73239615860509 0.810253592635338 0.1768794979532944 -0.1136500349492631
0.9223 0.6914635758060634 -0.3054982083319959 1.731302857459384 0.816445703070398 0.1768758632737108 -0.1135938563120665
0.9224 0.6916191784159425 -0.3053851715034739 1.73018371014575 0.8226477965414301 0.1768722055784177 -0.1135377506514735
0.9225 0.6917749215180315 -0.3052719862362532 1.729038593113015 0.828859795378047 0.1768684721441624 -0.1134814884257615
0.9226 0.691930805395362 -0.305158652200747 1.727867370206461 0.835081631571214 0.1768649079504462 -0.1134254147101531
0.9227 0.6920868303319212 -0.3050451690662599 1.726669914094861 0.841313217275391 0.1768611979803955 -0.1133693239511736
0.9228 0.6922429966126621 -0.3049315365009818 1.725446101959838 0.847554480947073 0.1768576294162854 -0.1133133507301049
0.9229 0.6923993045235028 -0.3048177541719833 1.724195793378994 0.853805344283781 0.1768539216004507 -0.1132573039570027
0.923 0.6925557543513333 -0.3047038217452108 1.722918863659398 0.860065728064409 0.1768502892972406 -0.113201414572404
0.9231 0.6927123463840208 -0.3045897388854799 1.721615185254556 0.866335553621114 0.1768465124721261 -0.1131449777414066
0.9232 0.6928690809104133 -0.3044755052564705 1.720284625685786 0.87261472994092 0.1768427940906016 -0.1130889424014428
0.9233 0.6930259582203431 -0.3043611205207233 1.718927052244651 0.878903185049 0.1768390877667855 -0.1130327191885733
0.9234 0.693182978604634 -0.3042465843396318 1.717542333630673 0.88520082578399 0.1768354106514492 -0.1129764829661267
0.9235 0.6933401423551057 -0.3041318963734372 1.716130342519243 0.891507580902966 0.1768316354879255 -0.1129203327401948
0.9236 0.6934974497645746 -0.3040170562812259 1.714690947694864 0.897823354463102 0.1768280533886 -0.1128642784742857
0.9237 0.6936549011268653 -0.3039020637209204 1.713224008651163 0.904148061981327 0.17682439164688 -0.1128081690016117
0.9238 0.6938124967368076 -0.3037869183492757 1.711729410581039 0.910481619113677 0.1768206242064614 -0.1127520478703725
0.9239 0.6939702368902494 -0.3036716198218725 1.7102070095438 0.916823936416309 0.176816984179161 -0.1126960802699497
0.924 0.6941281218840544 -0.3035561677931132 1.708656677557457 0.923174921479761 0.1768132484645058 -0.1126400298481435
0.9241 0.6942861520161104 -0.3034405619162162 1.707078283883631 0.929534489220766 0.1768095402334682 -0.1125835348472426
0.9242 0.6944443275853364 -0.3033248018432078 1.705471686064695 0.935902548891887 0.1768057702547836 -0.11252765986999
0.9243 0.6946026488916816 -0.30320888722492 1.703836766099545 0.942279002203292 0.1768021131789507 -0.1124717192983865
0.9244 0.6947611162361358 -0.303092817710982 1.702173384506283 0.948663762552392 0.1767983186325767 -0.1124153749751511
0.9245 0.6949197299207309 -0.3029765929498162 1.7004814088503 0.955056727544655 0.1767947156314577 -0.1123593268526645
0.9246 0.6950784902485499 -0.3028602125886306 1.698760703542085 0.961457809765815 0.1767908637922368 -0.1123031603856301
0.9247 0.6952373975237258 -0.3027436762734155 1.697011143950394 0.967866914310294 0.176787106844829 -0.1122468476860014
0.9248 0.6953964520514532 -0.3026269836489355 1.695232582702507 0.974283933509523 0.1767835638656518 -0.1121909498369483
0.9249 0.6955556541379885 -0.3025101343587244 1.693424899153869 0.980708775405549 0.1767797956991706 -0.1121349454666176
0.925 0.6957150040906579 -0.3023931280450797 1.691587952817482 0.987141340903144 0.1767759504644979 -0.1120786153623971
0.9251 0.6958745022178619 -0.3022759643490552 1.68972161419555 0.993581530010339 0.1767722901179079 -0.112022755753722
0.9252 0.6960341488290801 -0.3021586429104568 1.687825746954589 1.000029242040536 0.1767685860308106 -0.1119663177314106
0.9253 0.6961939442348753 -0.3020411633678355 1.685900216142301 1.006484369787596 0.1767648492805836 -0.111910243883143
0.9254 0.6963538887469028 -0.3019235253584811 1.683944887980543 1.012946810287312 0.1767609496307191 -0.1118539026558822
0.9255 0.6965139826779097 -0.3018057285184164 1.681959631136377 1.01941646403519 0.1767572503017922 -0.111798005954787
0.9256 0.6966742263417465 -0.3016877724823921 1.679944307782852 1.025893217767597 0.176753563146275 -0.1117418673880392
0.9257 0.6968346200533669 -0.3015696568838776 1.67789877908051 1.032376971416981 0.1767498188307851 -0.111685920627079
0.9258 0.6969951641288383 -0.3014513813550589 1.675822933044368 1.038867611928951 0.1767461270584736 -0.1116295628784233
0.9259 0.6971558588853424 -0.3013329455268292 1.673716604120874 1.045365033988932 0.1767424544426312 -0.1115735693655643
0.926 0.6973167046411845 -0.3012143490287825 1.671579666966287 1.05186912408055 0.1767386564501351 -0.1115175658721172
0.9261 0.6974777017157965 -0.3010955914892104 1.669411998998181 1.058379773892615 0.1767349069786368 -0.1114614555735885
0.9262 0.6976388504297439 -0.3009766725350922 1.667213457842195 1.064896867721631 0.1767311213305694 -0.1114049538301534
0.9263 0.6978001511047313 -0.3008575917920907 1.664983900086937 1.071420288653875 0.176727431222419 -0.1113491020181201
0.9264 0.6979616040636062 -0.3007383488845441 1.662723203656682 1.077949930782538 0.176723811205029 -0.1112930993966374
0.9265 0.6981232096303678 -0.3006189434354612 1.660431223350891 1.084485675901598 0.1767199205311064 -0.1112368743456473
0.9266 0.6982849681301687 -0.3004993750665136 1.658107829616555 1.0910274001151 0.1767162478470047 -0.1111809274737408
0.9267 0.6984468798893253 -0.3003796433980295 1.655752886566784 1.097574995224346 0.1767124000919493 -0.1111245471787031
0.9268 0.6986089452353186 -0.3002597480489866 1.653366251622313 1.104128327194967 0.1767087621453963 -0.11106853470831
0.9269 0.6987711644968048 -0.3001396886370071 1.650947799466461 1.110687290014326 0.17670515820162 -0.1110126243298949
0.927 0.6989335380036161 -0.3000194647783492 1.648497386902855 1.117251758528767 0.1767013993294086 -0.110956498617799
0.9271 0.699096066086771 -0.2998990760879007 1.646014881087677 1.123821600584476 0.1766977107077518 -0.1109003430946292
0.9272 0.6992587490784786 -0.2997785221791715 1.643500148519755 1.130396698592186 0.1766938193231219 -0.1108441088687052
0.9273 0.6994215873121423 -0.2996578026642899 1.640953051337416 1.136976930819729 0.1766899977755295 -0.1107881023921271
0.9274 0.6995845811223701 -0.2995369171539924 1.638373450459613 1.143562166599147 0.1766863823586295 -0.1107320233790376
0.9275 0.699747730844977 -0.2994158652576173 1.635761210720885 1.150152276901947 0.1766827004051406 -0.1106758868956242
0.9276 0.6999110368169925 -0.2992946465830984 1.633116196603465 1.156747134251845 0.1766788229132785 -0.1106196184062293
0.9277 0.7000744993766657 -0.2991732607369593 1.630438277947654 1.163346607676051 0.1766751911502959 -0.1105636223496366
0.9278 0.7002381188634738 -0.2990517073243033 1.627727318302408 1.169950561865483 0.176671464386291 -0.1105077411465224
0.9279 0.7004018956181254 -0.2989299859488088 1.62498317162938 1.176558870791126 0.176667935360254 -0.1104515590059034
0.928 0.7005658299825683 -0.2988080962127203 1.622205708873556 1.183171396118298 0.1766640658543754 -0.1103953477567325
0.9281 0.7007299222999955 -0.2986860377168441 1.619394795187029 1.189788006297129 0.1766603347337053 -0.1103392712588409
0.9282 0.7008941729148513 -0.2985638100605365 1.616550294111037 1.196408558055837 0.1766567691936323 -0.1102834083289456
0.9283 0.7010585821728376 -0.298441412841701 1.613672066313377 1.203032916536132 0.1766529691214608 -0.110227247121389
0.9284 0.70122315042092 -0.2983188456567789 1.610759978531261 1.209660945116682 0.1766492558722069 -0.1101708555546406
0.9285 0.7013878780073347 -0.2981961081007411 1.60781389371746 1.216292499024467 0.1766455834104794 -0.1101147301162058
0.9286 0.7015527652815954 -0.2980731997670824 1.604833680982887 1.222927443456832 0.1766419234593455 -0.1100588548780023
0.9287 0.7017178125944979 -0.297950120247814 1.601819198619301 1.229565624363474 0.1766382269837476 -0.1100029078491228
0.9288 0.7018830202981288 -0.2978268691334533 1.598770313657964 1.236206904925117 0.1766343854184023 -0.1099467546557238
0.9289 0.7020483887458711 -0.2977034460130198 1.59568688382694 1.242851137181166 0.1766308250487163 -0.109890594615517
0.929 0.7022139182924091 -0.2975798504740253 1.592568782738557 1.249498176235603 0.1766269395842284 -0.1098344298593468
0.9291 0.7023796092937395 -0.2974560821024673 1.589415874251398 1.256147868914679 0.1766233838055896 -0.1097785163631429
0.9292 0.7025454621071734 -0.2973321404828208 1.58622802129982 1.262800072436601 0.1766197983149085 -0.109722725739103
0.9293 0.7027114770913453 -0.29720802519803 1.583005083845638 1.269454629921777 0.1766158427310783 -0.1096663220562261
0.9294 0.7028776546062194 -0.2970837358295022 1.579746929193369 1.27611138705395 0.1766121888335156 -0.1096103773242295
0.9295 0.7030439950130973 -0.2969592719570965 1.576453427137816 1.282770194835743 0.1766086335397857 -0.1095543428168463
0.9296 0.7032104986746236 -0.2968346331591206 1.573124435837862 1.28943089867254 0.1766049780980495 -0.1094983027444316
0.9297 0.703377165954793 -0.296709819012319 1.569759823986405 1.296093335371171 0.1766013597379454 -0.1094425693481328
0.9298 0.7035439972189584 -0.2965848290918671 1.566359457670539 1.30275735181202 0.1765976917346697 -0.1093861309264656
0.9299 0.7037109928338358 -0.2964596629713613 1.562923199989266 1.309422788466257 0.1765940453292499 -0.1093302429646175
0.93 0.7038781531675145 -0.2963343202228124 1.559450917415732 1.316089483748925 0.176590207162351 -0.1092742256548562
0.9301 0.7040454785894598 -0.2962088004166371 1.555942468701583 1.32275727235602 0.1765867952779844 -0.1092182245784217
0.9302 0.7042129694705247 -0.2960831031216488 1.552397735745798 1.329425999911924 0.1765830913214654 -0.1091622549224659
0.9303 0.7043806261829547 -0.2959572279050508 1.548816566259122 1.336095486618897 0.1765793633459938 -0.1091061612193343
0.9304 0.7045484491003942 -0.2958311743324273 1.54519884000091 1.342765577549767 0.1765757294354422 -0.1090500905887195
0.9305 0.704716438597896 -0.295704941967734 1.541544414296814 1.349436100276256 0.1765721681630765 -0.1089937389506139
0.9306 0.7048845950519278 -0.2955785303732904 1.537853158874058 1.356106883345954 0.1765684551723224 -0.1089381201898892
0.9307 0.7050529188403778 -0.2954519391097727 1.534124942374446 1.362777761643729 0.1765650170306571 -0.1088822083566128
0.9308 0.7052214103425653 -0.2953251677362028 1.530359631812807 1.369448560050145 0.1765613436042266 -0.1088260561876755
0.9309 0.7053900699392454 -0.2951982158099406 1.52655709471324 1.376119101222824 0.1765576716384215 -0.1087699697704306
0.931 0.705558898012618 -0.2950710828866762 1.522717188359136 1.382789213381167 0.1765541508940732 -0.1087143041808049
0.9311 0.7057278949463353 -0.2949437685204201 1.518839793590004 1.389458716937844 0.1765506143866333 -0.1086584183880645
0.9312 0.7058970611255092 -0.2948162722634939 1.514924770091284 1.396127439550208 0.1765468452389169 -0.1086021668420566
0.9313 0.7060663969367178 -0.2946885936665234 1.510971989728333 1.402795192597132 0.1765432534530645 -0.1085458984031681
0.9314 0.7062359027680155 -0.2945607322784279 1.506981320304317 1.409461802748837 0.1765397422791853 -0.1084902071316655
0.9315 0.7064055790089384 -0.2944326876464116 1.502952632597274 1.416127080742943 0.1765360142282167 -0.1084342514426564
0.9316 0.7065754260505149 -0.2943044593159549 1.498885789717165 1.422790844088574 0.1765326446432178 -0.1083781478652413
0.9317 0.7067454442852701 -0.2941760468308053 1.494780662326224 1.42945291012689 0.1765290756687265 -0.1083223820791876
0.9318 0.706915634107236 -0.2940474497329672 1.490637124652687 1.436113086847748 0.1765254376132511 -0.1082663178114271
0.9319 0.7070859959119597 -0.2939186675626951 1.48645503522867 1.44277118486057 0.1765219569126272 -0.1082105023759538
0.932 0.7072565300965104 -0.2937896998584812 1.482234273865105 1.449427016297251 0.1765184460225368 -0.1081546060088715
0.9321 0.7074272370594878 -0.2936605461570481 1.477974713882044 1.456080386489333 0.176515021105047 -0.1080987614570803
0.9322 0.7075981172010298 -0.2935312059933386 1.473676214706607 1.462731107538281 0.176511367357692 -0.108042562990193
0.9323 0.7077691709228223 -0.293401678900507 1.469338653701038 1.469378973049833 0.1765078478514808 -0.1079866917274088
0.9324 0.707940398628105 -0.293271964409908 1.464961909085803 1.476023797798006 0.1765044501276098 -0.1079308097590577
0.9325 0.7081118007216826 -0.293142062051089 1.460545838418204 1.482665376501904 0.1765007937660064 -0.1078750376821167
0.9326 0.7082833776099305 -0.2930119713517785 1.456090322430803 1.489303508727293 0.1764973057516843 -0.10781922689847
0.9327 0.7084551297008042 -0.2928816918378784 1.451595233330247 1.49593799383383 0.1764938306087254 -0.1077632059351945
0.9328 0.7086270574038489 -0.2927512230334526 1.447060441387348 1.502568629016723 0.1764904103962731 -0.1077072500676805
0.9329 0.7087991611302069 -0.2926205644607172 1.442485819046189 1.509195206864018 0.1764868979887961 -0.1076512934633648
0.933 0.7089714412926257 -0.2924897156400307 1.437871245295848 1.515817522683759 0.1764832189666711 -0.1075953975995413
0.9331 0.709143898305468 -0.2923586760898856 1.433216589233091 1.522435368982741 0.1764797893359076 -0.1075393839504721
0.9332 0.7093165325847196 -0.2922274453268962 1.428521729820653 1.529048531168657 0.1764764772924088 -0.1074836112509004
0.9333 0.7094893445479982 -0.2920960228657887 1.423786541646036 1.535656803551029 0.1764729457756363 -0.1074279849535222
0.9334 0.7096623346145622 -0.2919644082193915 1.419010894144143 1.542259969312606 0.1764694349812872 -0.1073718150760376
0.9335 0.7098355032053209 -0.2918326008986262 1.414194669048819 1.548857814598128 0.1764660956243505 -0.1073162965950293
0.9336 0.7100088507428404 -0.2917006004124936 1.409337736482493 1.555450117936712 0.1764627911869691 -0.1072602063473099
0.9337 0.7101823776513565 -0.2915684062680679 1.40443998688408 1.56203666853055 0.1764594149805907 -0.107205062131711
0.9338 0.7103560843567809 -0.2914360179704818 1.399501283408646 1.568617235743309 0.1764559326605259 -0.1071485514841475
0.9339 0.7105299712867104 -0.291303435022919 1.394521506981988 1.575191608251354 0.1764525644778099 -0.1070930505790022
0.934 0.7107040388704399 -0.2911706569266028 1.389500544262019 1.581759560016234 0.1764490861386317 -0.1070370669785021
0.9341 0.7108782875389652 -0.2910376831807842 1.384438264771411 1.588320860911387 0.1764458541147602 -0.1069815002398794
0.9342 0.7110527177249987 -0.2909045132827317 1.379334557960336 1.594875285519431 0.1764424239911294 -0.1069256311295421
0.9343 0.7112273298629743 -0.2907711467277216 1.374189295350923 1.601422610931173 0.1764390588148802 -0.1068695799020168
0.9344 0.7114021243890588 -0.2906375830090255 1.369002361357345 1.607962596398501 0.1764357610779205 -0.1068141167439814
0.9345 0.7115771017411626 -0.2905038216178995 1.363773633177048 1.614495020574243 0.1764324982417934 -0.1067580035746366
0.9346 0.7117522623589464 -0.290369862043574 1.358503002252537 1.621019638497642 0.1764290853648698 -0.1067023228815007
0.9347 0.7119276066838331 -0.2902357037732413 1.353190341177567 1.627536217563762 0.1764258505720855 -0.1066466751033854
0.9348 0.7121031351590164 -0.2901013462920452 1.347835546001255 1.63404452833458 0.1764225131102294 -0.1065908406087491
0.9349 0.7122788482294715 -0.2899667890830702 1.34243848346185 1.64054431896217 0.1764192985869026 -0.1065353866735389
0.935 0.7124547463419646 -0.289832031627327 1.336999049147591 1.647035354001051 0.1764159433195826 -0.1064794858497254
0.9351 0.7126308299450619 -0.2896970734037458 1.331517129032389 1.653517393567765 0.1764126931002012 -0.1064239330846215
0.9352 0.7128070994891407 -0.2895619138891601 1.325992605888002 1.659990188367229 0.1764095095015315 -0.1063681253873439
0.9353 0.7129835554264003 -0.2894265525582989 1.320425364945553 1.666453489102517 0.1764062406562869 -0.1063122813384628
0.9354 0.7131601982108701 -0.2892909888837704 1.314815299878167 1.672907053714426 0.1764029785722362 -0.1062565322124513
0.9355 0.7133370282984206 -0.2891552223360556 1.309162289906237 1.679350630368337 0.176399817958059 -0.1062009210736467
0.9356 0.7135140461467749 -0.2890192523834917 1.303466227806156 1.685783963428294 0.1763964800174135 -0.1061451011531698
0.9357 0.7136912522155177 -0.2888830784922627 1.297727007658823 1.692206800121195 0.1763933824147953 -0.1060894681042557
0.9358 0.7138686469661051 -0.2887467001263866 1.291944514445975 1.698618884451274 0.1763903342472629 -0.1060341494757837
0.9359 0.7140462308618778 -0.2886101167477028 1.286118640307297 1.705019953204701 0.1763869544985049 -0.1059782226841152
0.936 0.7142240043680683 -0.2884733278158603 1.280249283731191 1.711409759969416 0.1763837966019262 -0.1059225240775524
0.9361 0.7144019679518157 -0.2883363327883055 1.274336328508841 1.717788031199439 0.1763805962863218 -0.1058671337316338
0.9362 0.7145801220821719 -0.2881991311202691 1.268379674759712 1.724154512125295 0.1763775067069871 -0.1058112402948261
0.9363 0.7147584672301149 -0.2880617222647538 1.262379213390824 1.730508928263676 0.1763745124276589 -0.1057556275313572
0.9364 0.7149370038685607 -0.2879241056725225 1.256334839663975 1.736851019665694 0.1763713845074418 -0.1057002095169802
0.9365 0.7151157324723718 -0.2877862807920837 1.25024645088636 1.74318051122771 0.1763681815483759 -0.1056445708664309
0.9366 0.71529465351837 -0.2876482470696809 1.244113947881332 1.749497135160005 0.1763652115823382 -0.1055893296213827
0.9367 0.7154737674853465 -0.2875100039492781 1.237937220514905 1.755800619062212 0.1763622851493935 -0.105533459333897
0.9368 0.7156530748540737 -0.2873715508725473 1.231716181015429 1.76209068720992 0.1763590724006388 -0.1054780426924514
0.9369 0.7158325761073161 -0.2872328872788549 1.225450715529854 1.768367060484322 0.1763561868090587 -0.1054222185770383
0.937 0.7160122717298433 -0.2870940126052505 1.219140730344598 1.774629461187573 0.1763531931114314 -0.1053669356163869
0.9371 0.7161921622084389 -0.2869549262864507 1.212786132592935 1.780877610964818 0.1763500810486492 -0.1053113100744646
0.9372 0.7163722480319135 -0.2868156277548277 1.206386819299173 1.787111219768417 0.1763470816182033 -0.105255831105137
0.9373 0.7165525296911155 -0.286676116440395 1.199942698356006 1.793330012083403 0.1763441181084026 -0.1051999976653532
0.9374 0.7167330076789456 -0.2865363917707939 1.193453667988394 1.799533693679773 0.1763411522576555 -0.1051445472802467
0.9375 0.7169136824903641 -0.2863964531712808 1.186919642859769 1.805721979633975 0.1763381407281535 -0.1050891325942466
0.9376 0.7170945546224057 -0.2862563000647113 1.180340530425073 1.811894582404202 0.1763351595380869 -0.105033989105873
0.9377 0.7172756245741924 -0.2861159318715282 1.173716226962963 1.818051198011102 0.1763322404716515 -0.1049787818164933
0.9378 0.7174568928469419 -0.2859753480097476 1.167046654354207 1.824191540489574 0.1763295269393199 -0.1049231796725113
0.9379 0.7176383599439832 -0.2858345478949428 1.160331722374513 1.830315314114039 0.1763266402940068 -0.104867493433751
0.938 0.7178200263707666 -0.2856935309402317 1.153571335711075 1.836422217097091 0.1763237440625235 -0.1048120087901467
0.9381 0.7180018926348789 -0.285552296556263 1.146765409550451 1.842511944781793 0.1763207537011696 -0.1047565694245097
0.9382 0.7181839592460516 -0.2854108441512 1.139913862060798 1.848584197321772 0.176317985484019 -0.1047013438403075
0.9383 0.7183662267161769 -0.2852691731307075 1.133016605564852 1.854638672098581 0.176315131017362 -0.1046461060866291
0.9384 0.7185486955593196 -0.2851272828979367 1.126073559430277 1.860675062882343 0.1763125153203101 -0.1045905537570641
0.9385 0.7187313662917281 -0.2849851728535101 1.119084635403218 1.866693055150811 0.176309809650315 -0.1045353073058609
0.9386 0.7189142394318494 -0.2848428423955078 1.112049755888433 1.872692337741551 0.1763069122254309 -0.10448001538066
0.9387 0.7190973155003404 -0.2847002909194511 1.104968847367265 1.878672602658554 0.1763041621070356 -0.1044243610029942
0.9388 0.7192805950200823 -0.2845575178182875 1.097841821763603 1.884633535203931 0.1763013984122906 -0.1043690564973576
0.9389 0.7194640785161917 -0.2844145224823782 1.090668604061432 1.890574809070706 0.1762987806671071 -0.1043137460005423
0.939 0.7196477665160361 -0.2842713042994784 1.083449125802497 1.896496115841811 0.1762960248573184 -0.1042585643976591
0.9391 0.7198316595492456 -0.2841278626547259 1.076183301401489 1.902397124368788 0.1762935757537489 -0.1042030337275444
0.9392 0.7200157581477264 -0.2839841969306223 1.068871070770756 1.908277521164896 0.1762906794250568 -0.1041481884036588
0.9393 0.7202000628456754 -0.2838403065070208 1.061512351480455 1.914136968211235 0.1762879203121415 -0.1040929376144432
0.9394 0.7203845741795924 -0.2836961907611067 1.054107076993079 1.919975146165772 0.1762855223082717 -0.1040375702465591
0.9395 0.7205692926882937 -0.2835518490673843 1.046655182242054 1.925791723091897 0.1762828162535212 -0.1039825475187774
0.9396 0.7207542189129287 -0.2834072807976607 1.039156595638064 1.931586365960619 0.1762802839492948 -0.1039270919492512
0.9397 0.7209393533969894 -0.283262485321027 1.031611253561273 1.937358745901028 0.1762776706306828 -0.1038716285775247
0.9398 0.7211246966863277 -0.2831174620038454 1.024019090319173 1.943108514073639 0.1762752963938953 -0.1038166201894102
0.9399 0.7213102493291679 -0.2829722102097319 1.016380045012372 1.948835346129688 0.176272691368953 -0.1037614943688851
0.94 0.721496011876123 -0.2828267292995373 1.00869405858954 1.954538889632925 0.176270186532447 -0.1037065426367827
0.9401 0.7216819848802054 -0.282681018631334 1.000961064155531 1.960218811765164 0.1762676457523185 -0.10365108955072
0.9402 0.7218681688968443 -0.2825350775603983 0.993181010851499 1.96587476027452 0.1762650817683458 -0.1035963992236744
0.9403 0.7220545644839 -0.2823889054391918 0.985353841035629 1.97150639280572 0.176262682227894 -0.1035409210482832
0.9404 0.7222411722016768 -0.2822425016173462 0.977479499179743 1.977113353341517 0.1762603650071165 -0.1034860395977744
0.9405 0.7224279926129392 -0.282095865441645 0.969557932659018 1.982695297403946 0.1762580201035722 -0.1034309697994862
0.9406 0.722615026282927 -0.2819489962560084 0.961589093447784 1.988251863548058 0.1762555570760813 -0.1033755339293405
0.9407 0.722802273779369 -0.2818018934014726 0.953572925217804 1.993782707851144 0.1762533371044219 -0.1033206858386008
0.9408 0.7229897356724992 -0.2816545562161746 0.945509384377075 1.999287460969057 0.1762508021463612 -0.1032658301362983
0.9409 0.7231774125350712 -0.2815069840353334 0.9373984275569121 2.004765769145007 0.1762484360252085 -0.1032106434203718
0.941 0.7233653049423741 -0.2813591761912338 0.929240009465174 2.010217269773911 0.1762464038895548 -0.1031557523180488
0.9411 0.7235534134722489 -0.2812111320132062 0.921034083358964 2.015641590553181 0.1762442123103121 -0.1031005486904588
0.9412 0.7237417387051015 -0.2810628508276096 0.912780610366113 2.021038370030917 0.1762416355387099 -0.1030456730079306
0.9413 0.7239302812239202 -0.2809143319578143 0.90447955572981 2.02640724628275 0.1762395217114446 -0.102990678564756
0.9414 0.7241190416142919 -0.2807655747241816 0.896130881470223 2.031747838041131 0.1762374223698891 -0.10293575619024
0.9415 0.7243080204644167 -0.2806165784440465 0.887734553217491 2.03705977258891 0.1762351832526373 -0.1028811676521135
0.9416 0.7244972183651256 -0.2804673424316988 0.87929053811066 2.042342681850033 0.1762330611449968 -0.1028259080476107
0.9417 0.7246866359098943 -0.2803178659983647 0.870798801005929 2.047596173864556 0.1762306937658931 -0.1027713063311812
0.9418 0.7248762736948617 -0.2801681484521863 0.86225931813348 2.052819880254219 0.1762289293165512 -0.1027159691653676
0.9419 0.7250661323188458 -0.2800181890982043 0.853672058231578 2.058013415926991 0.1762265893499799 -0.1026616476673378
0.942 0.7252562123833599 -0.2798679872383381 0.845037003986034 2.06317639274786 0.1762246299231321 -0.1026066964189994
0.9421 0.7254465144926292 -0.2797175421713658 0.83635412627345 2.068308428249532 0.176222466451157 -0.1025517786851286
0.9422 0.7256370392536075 -0.2795668531929054 0.827623403720586 2.073409130499284 0.176220847039301 -0.102497150434428
0.9423 0.7258277872759962 -0.279415919595395 0.81884483106891 2.078478111483264 0.1762185675662335 -0.1024418679444879
0.9424 0.7260187591722578 -0.2792647406680716 0.810018378981165 2.083514973621928 0.1762166832525481 -0.1023875408086494
0.9425 0.7262099555576366 -0.2791133156969532 0.80114403623286 2.088519324449185 0.1762146416361353 -0.1023325352521948
0.9426 0.7264013770501737 -0.2789616439648172 0.7922217885088962 2.093490762789931 0.1762128729146024 -0.1022784916891165
0.9427 0.726593024270726 -0.2788097247511803 0.7832516331941452 2.098428884594013 0.1762107719771349 -0.1022233398748916
0.9428 0.7267848978429833 -0.2786575573322779 0.7742335620579839 2.103333296605947 0.176209165395676 -0.1021686494476824
0.9429 0.7269769983934848 -0.2785051409810438 0.7651675646289975 2.108203590784802 0.1762071550899489 -0.1021138836194152
0.943 0.72716932655164 -0.2783524749670885 0.7560536466361427 2.113039353580251 0.1762056293658825 -0.1020589108563485
0.9431 0.7273618829497441 -0.2781995585566792 0.7468917978145106 2.117840180596489 0.1762036616726492 -0.1020046894441134
0.9432 0.7275546682229979 -0.2780463910127178 0.7376820327463134 2.1226056618806 0.1762015985651143 -0.1019503635481358
0.9433 0.7277476830095246 -0.2778929715947208 0.7284243469686641 2.127335379863369 0.1762000496507449 -0.1018956452110612
0.9434 0.7279409279503896 -0.2777392995587948 0.7191187500662687 2.132028917519688 0.1761985645729928 -0.1018409295209665
0.9435 0.728134403689619 -0.2775853741576188 0.7097652562944527 2.136685860904868 0.1761966259525118 -0.1017865947607259
0.9436 0.7283281108742178 -0.2774311946404189 0.7003638704680554 2.141305784683837 0.1761952008270352 -0.1017321332598514
0.9437 0.7285220501541899 -0.2772767602529482 0.690914614628111 2.145888269444001 0.1761935281899907 -0.1016774655390301
0.9438 0.7287162221825556 -0.2771220702374642 0.681417502367113 2.150432889304327 0.1761920765491911 -0.1016232130251661
0.9439 0.7289106276153729 -0.2769671238327053 0.671872555078518 2.154939207290287 0.1761903501299639 -0.1015684943749872
0.944 0.7291052671117555 -0.2768119202738701 0.6622797932430209 2.159406813443514 0.1761889905640411 -0.1015141064058104
0.9441 0.7293001413338921 -0.2766564587925919 0.6526392468553081 2.163835256516885 0.1761874649238452 -0.1014598450998044
0.9442 0.7294952509470679 -0.2765007386169184 0.6429509345298213 2.168224105974643 0.1761859882699576 -0.1014050309983781
0.9443 0.7296905966196833 -0.2763447589712874 0.6332149091995941 2.172572936140917 0.17618463537128 -0.1013505784608563
0.9444 0.7298861790232739 -0.2761885190765025 0.6234311746503556 2.176881293283796 0.1761832876150671 -0.1012964989650236
0.9445 0.7300819988325307 -0.2760320181497118 0.6135997885532966 2.181148748338051 0.1761816526048329 -0.1012422432008047
0.9446 0.7302780567253214 -0.2758752554043817 0.6037207876765327 2.185374847401063 0.1761811295964101 -0.1011883287365171
0.9447 0.7304743533827098 -0.2757182300502742 0.5937942087569487 2.189559151654409 0.176179021820633 -0.1011335018794524
0.9448 0.7306708894889788 -0.2755609412934229 0.5838201004040523 2.193701208049947 0.1761777955221182 -0.1010794694987492
0.9449 0.7308676657316465 -0.2754033883361078 0.573798511514622 2.197800571000163 0.1761765970832041 -0.1010249463001074
0.945 0.7310646828014942 -0.275245570376832 0.5637294919796217 2.201856785971769 0.1761751991818455 -0.1009710089305399
0.9451 0.7312619413925806 -0.275087486610295 0.55361309427049 2.205869397920325 0.176174038148445 -0.1009166530007777
0.9452 0.7314594422022692 -0.2749291362273699 0.5434493803500549 2.209837948965302 0.176173132986683 -0.1008623575803906
0.9453 0.7316571859312457 -0.2747705184150763 0.5332384096829634 2.213761980315835 0.1761720437691927 -0.1008084914444498
0.9454 0.7318551732835417 -0.2746116323565571 0.5229802475485734 2.217641030506666 0.1761708010349183 -0.100754356547171
0.9455 0.7320534049665567 -0.2744524772310509 0.5126749524645463 2.221474633937038 0.176169708724506 -0.1007004125289403
0.9456 0.7322518816910804 -0.274293052213866 0.5023226045516784 2.225262326461165 0.1761686400889483 -0.1006462088958454
0.9457 0.732450604171313 -0.274133356476356 0.4919232724841648 2.2290036415148 0.176167793982832 -0.1005921236136656
0.9458 0.7326495731248911 -0.2739733891858931 0.4814770344166829 2.232698107238306 0.1761666833773735 -0.100538095268117
0.9459 0.732848789272908 -0.2738131495058409 0.4709839708679143 2.236345244179899 0.1761660452146313 -0.1004837265911203
0.946 0.7330482533399374 -0.2736526365955274 0.4604441650748424 2.239944589751167 0.1761651996985478 -0.1004300746481817
0.9461 0.7332479660540563 -0.2734918496102202 0.4498576999829646 2.243495658324526 0.1761639265077881 -0.1003763096672614
0.9462 0.7334479281468685 -0.2733307877010959 0.4392246755470035 2.246997973782648 0.1761632715016049 -0.1003222114181761
0.9463 0.7336481403535281 -0.2731694500152164 0.4285451743407855 2.250451047632258 0.1761625756223099 -0.1002687790698165
0.9464 0.7338486034127635 -0.2730078356954988 0.4178192975715902 2.253854397297262 0.1761618827383366 -0.1002140070587968
0.9465 0.7340493180668997 -0.2728459438806878 0.4070471566548278 2.25720754895521 0.1761611387332394 -0.1001606020712086
0.9466 0.7342502850618859 -0.2726837737053287 0.3962288362106985 2.260510005198051 0.1761608774565259 -0.100106959365703
0.9467 0.7344515051473158 -0.2725213242997376 0.3853644636496546 2.26376126956482 0.1761600615856296 -0.1000527848038341
0.9468 0.7346529790764541 -0.2723585947899751 0.3744541394703323 2.266960857473695 0.1761592541599888 -0.09999933620009928
0.9469 0.7348547076062625 -0.2721955842978139 0.3634979836527847 2.270108268658989 0.1761585358610967 -0.09994588563016304
0.947 0.735056691497422 -0.2720322919407127 0.3524961148307508 2.273203017454511 0.1761580409463086 -0.09989162709036019
0.9471 0.7352589315143591 -0.2718687168317867 0.3414486580236548 2.2762445901005 0.1761575061526316 -0.09983803797111745
0.9472 0.7354614284252721 -0.2717048580797754 0.3303557362350467 2.279232498520452 0.1761572764084471 -0.09978444707354138
0.9473 0.7356641830021559 -0.2715407147890166 0.3192174835030195 2.28216622509313 0.1761568662059432 -0.09973099392589663
0.9474 0.7358671960208278 -0.2713762860594118 0.3080340360262284 2.285045278231791 0.1761562760220895 -0.09967732320444567
0.9475 0.7360704682609541 -0.2712115709864007 0.2968055292290054 2.287869140358662 0.1761558677990542 -0.09962389121898595
0.9476 0.7362740005060745 -0.2710465686609259 0.2855321143333437 2.290637307723372 0.1761556351777356 -0.09956999221149306
0.9477 0.7364777935436319 -0.2708812781694061 0.274213928491887 2.293349262430443 0.1761553973818488 -0.09951680821652843
0.9478 0.736681848164996 -0.2707156985937015 0.2628511283419185 2.296004495556002 0.1761547598934241 -0.09946354086344018
0.9479 0.7368861651654925 -0.2705498290110848 0.2514438692332974 2.298602490800776 0.1761550342340677 -0.09940979659341184
0.948 0.7370907453444286 -0.2703836684942079 0.2399923077136089 2.301142728555194 0.1761552176629275 -0.09935615613244808
0.9481 0.7372955895051209 -0.2702172161110707 0.2284966120624476 2.303624683022775 0.1761547454848462 -0.09930300944854774
0.9482 0.7375006984549248 -0.2700504709249882 0.2169569496740509 2.306047840958959 0.1761544780155888 -0.09925000170314639
0.9483 0.7377060730052591 -0.2698834319945591 0.2053734938564991 2.308411680238097 0.1761547597058741 -0.09919638991151118
0.9484 0.7379117139716376 -0.2697160983736314 0.1937464167927427 2.310715661486708 0.1761547696753126 -0.09914336473668645
0.9485 0.7381176221736951 -0.2695484691112702 0.1820759039343774 2.312959265517566 0.1761550547073205 -0.09908994783414123
0.9486 0.7383237984352174 -0.2693805432517242 0.1703621459247892 2.315141965195679 0.1761547640703212 -0.09903665242246221
0.9487 0.7385302435841697 -0.2692123198343912 0.158605328476267 2.317263223840007 0.1761551341837737 -0.09898327029183551
0.9488 0.7387369584527253 -0.2690437978937847 0.1468056445440906 2.319322499841955 0.1761554666617435 -0.0989301398276165
0.9489 0.7389439438772963 -0.2688749764595004 0.1349632960714744 2.321319271632702 0.1761556702876129 -0.09887714333851221
0.949 0.7391512006985619 -0.2687058545561785 0.1230784891585592 2.323252992698325 0.1761555702414405 -0.09882416825986534
0.9491 0.7393587297615001 -0.2685364312034723 0.1111514301122667 2.325123116752257 0.1761562035305713 -0.09877110274811436
0.9492 0.7395665319154162 -0.2683667054160113 0.0991823382570364 2.326929118274965 0.17615667138157 -0.09871782857455073
0.9493 0.7397746080139735 -0.2681966762033647 0.0871714250400068 2.328670442506413 0.1761569200325643 -0.09866487461211919
0.9494 0.739982958915226 -0.268026342570007 0.07511892182459556 2.330346543788817 0.1761573819351293 -0.09861213197504681
0.9495 0.7401915854816458 -0.267855703515281 0.06302505630194776 2.331956879132655 0.1761578801286464 -0.09855911462678618
0.9496 0.7404004885801593 -0.2676847580333604 0.05089005635798705 2.333500899534913 0.1761585037245229 -0.09850611101556278
0.9497 0.7406096690821742 -0.2675135051132151 0.0387141683986334 2.334978049154287 0.1761591671068897 -0.0984533885754862
0.9498 0.7408191278636146 -0.2673419437385721 0.02649763015188766 2.336387776039124 0.1761599211940398 -0.09840055274261673
0.9499 0.7410288658049509 -0.2671700728878781 0.01424069274818252 2.33772953024049 0.1761605023336966 -0.09834771868433363
0.95 0.7412388837912347 -0.2669978915342613 0.001943614369835256 2.339002751051559 0.1761612819849817 -0.0982948572078093
0.9501 0.741449182712129 -0.2668253986454954 -0.0103933502297282 2.340206887098065 0.1761620577450836 -0.09824258296158139
0.9502 0.7416597634619437 -0.2666525931839571 -0.02276993397783289 2.341341368668919 0.1761627552962746 -0.09818960812038344
0.9503 0.7418706269396665 -0.2664794741065899 -0.03518586728349538 2.342405640084502 0.1761638403691278 -0.09813682460535328
0.9504 0.7420817740489989 -0.2663060403648638 -0.04764087488611612 2.343399138254399 0.1761644874396284 -0.09808457311883126
0.9505 0.7422932056983895 -0.2661322909047365 -0.06013467570029995 2.344321299287978 0.1761657997874194 -0.09803167013115671
0.9506 0.7425049228010669 -0.2659582246666115 -0.07266698123093751 2.345171552161027 0.1761665480884253 -0.09797929667381169
0.9507 0.7427169262750758 -0.2657838405852996 -0.0852374980170824 2.345949340356379 0.1761677422883962 -0.0979269464652341
0.9508 0.7429292170433129 -0.2656091375899755 -0.0978459374127022 2.346654081518425 0.1761692416498127 -0.09787418195594165
0.9509 0.743141796033559 -0.2654341146041402 -0.110491983302526 2.34728521119428 0.1761702510150184 -0.09782192760789593
0.951 0.7433546641785177 -0.2652587705455755 -0.1231753327249268 2.34784215911233 0.1761712973954666 -0.0977698811627821
0.9511 0.7435678224158499 -0.2650831043263042 -0.1358956746868633 2.348324342279554 0.1761726133515012 -0.09771740003786507
0.9512 0.74378127168821 -0.2649071148525491 -0.148652680774314 2.348731191985538 0.1761740947436869 -0.09766476995697031
0.9513 0.7439950129432825 -0.264730801024686 -0.1614460239930245 2.349062131887627 0.1761751692955049 -0.0976128168409781
0.9514 0.7442090471338201 -0.2645541617372037 -0.1742753755671021 2.349316586935305 0.1761768568916875 -0.09756067986941981
0.9515 0.7444233752176793 -0.2643771958786603 -0.1871403993688013 2.349493968643715 0.1761782752905456 -0.09750853912341809
0.9516 0.7446379981578595 -0.2641999023316371 -0.200040744749756 2.349593712079367 0.176179687466545 -0.09745647916123401
0.9517 0.7448529169225399 -0.2640222799726973 -0.2129760591239406 2.34961521431702 0.1761816897580229 -0.09740394666203599
0.9518 0.7450681324851179 -0.2638443276723383 -0.2259459913589799 2.349557908183974 0.1761830705022426 -0.09735200598524575
0.9519 0.7452836458242496 -0.2636660442949459 -0.2389501751441482 2.349421202916603 0.1761846707860228 -0.09730076872984517
0.952 0.7454994579238855 -0.263487428698754 -0.2519882393044451 2.349204515284565 0.1761866012102662 -0.09724819426948349
0.9521 0.7457155697733139 -0.2633084797357905 -0.2650598098162313 2.34890726159086 0.176188413960691 -0.09719650088883061
0.9522 0.7459319823671971 -0.2631291962518375 -0.2781644964717325 2.348528839619322 0.1761899626938838 -0.09714448547188508
0.9523 0.7461486967056147 -0.2629495770863807 -0.2913019235770784 2.34806867381537 0.1761920936210473 -0.09709281634602249
0.9524 0.7463657137941011 -0.2627696210725619 -0.3044716832290673 2.34752617641188 0.1761941833984336 -0.09704077972214653
0.9525 0.7465830346436896 -0.2625893270371336 -0.3176733774900725 2.346900749614371 0.1761958808369216 -0.09698972468612233
0.9526 0.7468006602709517 -0.2624086938004071 -0.3309066016958832 2.346191799253198 0.1761983570331188 -0.09693767580594088
0.9527 0.7470185916980388 -0.2622277201762065 -0.3441709342033126 2.345398737675975 0.1762004209288041 -0.09688587355027628
0.9528 0.7472368299527268 -0.2620464049718171 -0.3574659504025322 2.34452096863059 0.1762030200575651 -0.09683413804283207
0.9529 0.7474553760684541 -0.2618647469879383 -0.3707912284953141 2.343557899208939 0.1762048159889978 -0.09678286349856885
0.953 0.7476742310843701 -0.2616827450186301 -0.3841463236911309 2.342508938942364 0.1762074850828821 -0.09673135087348284
0.9531 0.7478933960453738 -0.2615003978512646 -0.3975307972528834 2.34137348383433 0.1762097460018403 -0.09667975976979046
0.9532 0.7481128720021611 -0.2613177042664736 -0.4109441968994714 2.340150941072245 0.1762121355995761 -0.09662869333951532
0.9533 0.7483326600112669 -0.2611346630380968 -0.4243860673138881 2.338840714440397 0.1762145092975243 -0.09657701661965401
0.9534 0.7485527611351102 -0.2609512729331306 -0.4378559442247307 2.337442193562955 0.1762172379969588 -0.09652568569908677
0.9535 0.7487731764420401 -0.2607675327116736 -0.4513533473233691 2.335954797706886 0.1762200835902768 -0.09647452834602646
0.9536 0.7489939070063807 -0.2605834411268739 -0.464877808357537 2.334377916985527 0.1762226695342654 -0.09642322864751128
0.9537 0.749214953908476 -0.2603989969248768 -0.4784288334970395 2.332710960684641 0.1762251662809669 -0.09637226933640196
0.9538 0.749436318234739 -0.260214198844767 -0.4920059290567864 2.330953315803991 0.1762278525198163 -0.09632131974241075
0.9539 0.749658001077697 -0.2600290456185163 -0.5056085970808367 2.3291043921769 0.1762309449745531 -0.09627002491852456
0.954 0.7498800035360374 -0.2598435359709286 -0.5192363220061385 2.327163588993078 0.176233919298715 -0.09621897201520985
0.9541 0.7501023267146589 -0.2596576686195802 -0.5328885945240102 2.32513029692346 0.1762372104041001 -0.09616814606478685
0.9542 0.750324971724717 -0.2594714422747677 -0.5465648820816769 2.323003926710552 0.1762400217743525 -0.09611721399520608
0.9543 0.7505479396836749 -0.2592848556394478 -0.5602646545710322 2.320783866124903 0.1762427647936425 -0.09606655215202381
0.9544 0.7507712317153498 -0.2590979074091804 -0.5739873800005856 2.31846951882822 0.1762464673390124 -0.09601550221053989
0.9545 0.750994848949968 -0.2589105962720704 -0.5877324965212969 2.316060286375917 0.1762492017937579 -0.09596468999247448
0.9546 0.7512187925242081 -0.2587229209087079 -0.6014994573827512 2.31355556016498 0.1762527428097782 -0.09591445902579254
0.9547 0.7514430635812576 -0.2585348799921116 -0.6152876917429061 2.310954745257821 0.1762560269011014 -0.09586382726866557
0.9548 0.7516676632708616 -0.2583464721876635 -0.6290966325475837 2.308257240648413 0.17625961667503 -0.09581280688146704
0.9549 0.7518925927493747 -0.2581576961530536 -0.6429256972834406 2.305462442664881 0.1762634781930492 -0.09576246345678699
0.955 0.7521178531798141 -0.2579685505382154 -0.6567742975958942 2.302569744011049 0.1762669581388231 -0.0957120765977295
0.9551 0.7523434457319111 -0.2577790339852641 -0.6706418326537543 2.299578555987907 0.1762707247063672 -0.09566146104248734
0.9552 0.7525693715821661 -0.2575891451284351 -0.6845277037688446 2.296488267391423 0.1762747067217056 -0.09561096832350614
0.9553 0.7527956319139014 -0.2573988825940191 -0.6984312885406055 2.293298291352268 0.176278059159294 -0.09556118129811582
0.9554 0.7530222279173162 -0.2572082450003021 -0.7123519715363673 2.29000802330686 0.1762818832903554 -0.09551072540951205
0.9555 0.7532491607895406 -0.2570172309574943 -0.7262891169280756 2.286616864726336 0.1762859393229619 -0.09546042736620526
0.9556 0.7534764317346938 -0.2568258390676704 -0.740242089494334 2.283124215705078 0.1762902263841751 -0.09541032443354457
0.9557 0.7537040419639364 -0.2566340679247034 -0.7542102344336012 2.279529479011489 0.176294122772248 -0.09536029824609822
0.9558 0.7539319926955301 -0.2564419161141937 -0.7681929031788406 2.275832061162463 0.1762982071931344 -0.09531017205136466
0.9559 0.7541602851548944 -0.2562493822134066 -0.7821894174444452 2.272031368510262 0.176302878355226 -0.0952605301123214
0.956 0.7543889205746634 -0.2560564647912018 -0.7961991129615987 2.268126802746504 0.1763070235448154 -0.09521055594589499
0.9561 0.7546179001947454 -0.2558631624079653 -0.810221300274786 2.264117774950493 0.1763112914818047 -0.09516054809430995
0.9562 0.754847225262382 -0.2556694736155404 -0.824255285586088 2.260003684125043 0.1763157688699227 -0.09511081881434254
0.9563 0.7550768970322064 -0.2554753969571562 -0.838300367862292 2.255783946982034 0.1763203884946613 -0.09506127832972673
0.9564 0.7553069167663061 -0.2552809309673596 -0.852355833202361 2.251457975329485 0.1763250731038005 -0.09501154670785335
0.9565 0.7555372857342818 -0.2550860741719401 -0.866420969163063 2.24702517663711 0.1763295401659289 -0.09496228590699465
0.9566 0.7557680052133094 -0.2548908250878609 -0.880495029977 2.242484969271387 0.1763342923279996 -0.0949125463429759
0.9567 0.7559990764882039 -0.2546951822231829 -0.894577288670556 2.237836762926944 0.1763390551297676 -0.09486333292472132
0.9568 0.7562305008514794 -0.2544991440769926 -0.9086669900915439 2.233079971293998 0.1763440233345288 -0.09481331134715502
0.9569 0.7564622796034152 -0.2543027091393267 -0.922763376779667 2.228214020661642 0.1763486849853499 -0.09476448554617584
0.957 0.7566944140521188 -0.2541058758910976 -0.93686568007352 2.223238330405523 0.1763543274408758 -0.09471548394389612
0.9571 0.7569269055135913 -0.2539086428040146 -0.950973119779179 2.218152310172047 0.1763594257961423 -0.09466624899107864
0.9572 0.7571597553117922 -0.2537110083405114 -0.965084906044373 2.212955394521981 0.1763647490881458 -0.09461678720392247
0.9573 0.7573929647787066 -0.2535129709536626 -0.979200250008779 2.20764701014615 0.176369438462809 -0.0945681364048442
0.9574 0.7576265352544112 -0.2533145290871101 -0.993318335648513 2.202226577102533 0.1763753815429813 -0.09451916999505407
0.9575 0.7578604680871441 -0.2531156811749792 -1.00743834333984 2.19669353667327 0.1763807968999818 -0.0944701853108611
0.9576 0.7580947646333701 -0.2529164256418018 -1.02155945159766 2.191047307959336 0.1763865340818025 -0.09442109133603357
0.9577 0.7583294262578524 -0.2527167609024327 -1.035680814238067 2.185287338414099 0.1763917158253439 -0.09437279844353319
0.9578 0.7585644543337214 -0.2525166853619685 -1.049801591057967 2.179413061312061 0.176397624314124 -0.09432417289764176
0.9579 0.7587998502425451 -0.2523161974156634 -1.063920916552395 2.17342391210982 0.1764034285531257 -0.09427517777197297
0.958 0.7590356153744022 -0.2521152954488473 -1.078037921837246 2.167319339945202 0.1764093980470107 -0.094226818681117
0.9581 0.7592717511279515 -0.2519139778368391 -1.09215173115349 2.161098788539554 0.1764156418173191 -0.09417817959045525
0.9582 0.7595082589105075 -0.2517122429448603 -1.106261451899215 2.154761703890772 0.1764216091385095 -0.09413008902503876
0.9583 0.7597451401381119 -0.2515100891279511 -1.120366184182049 2.14830755553445 0.1764277907726449 -0.09408168619594837
0.9584 0.7599823962356112 -0.2513075147308801 -1.134465009736532 2.141735773488207 0.1764342661625061 -0.09403302087929825
0.9585 0.7602200286367281 -0.2511045180880561 -1.148557017698705 2.135045833806338 0.1764404910379052 -0.09398522646889022
0.9586 0.7604580387841415 -0.2509010975234398 -1.162641266473007 2.128237190312765 0.1764469393209409 -0.09393710465520815
0.9587 0.7606964281295607 -0.2506972513504505 -1.176716814975844 2.12130931612009 0.1764530445089726 -0.09388942309920449
0.9588 0.7609351981338049 -0.2504929778718786 -1.190782705135305 2.114261670674122 0.1764599095184523 -0.09384143060014759
0.9589 0.761174350266881 -0.2502882753797873 -1.204837976615174 2.107093741296195 0.1764663217632672 -0.0937934983891397
0.959 0.7614138860080653 -0.2500831421554241 -1.2188816452682 2.09980499614828 0.1764734677677778 -0.0937455774210969
0.9591 0.7616538068459791 -0.2498775764691239 -1.232912728668742 2.092394915890268 0.1764811086333016 -0.09369763610933758
0.9592 0.7618941142786765 -0.2496715765802123 -1.246930224146735 2.084862988062633 0.1764875984773675 -0.09365040176033711
0.9593 0.7621348098137223 -0.24946514073691 -1.260933120064725 2.0772087060184 0.1764941088929013 -0.09360280100099715
0.9594 0.7623758949682754 -0.2492582671762347 -1.274920396425522 2.069431561452437 0.1765019026626399 -0.09355546961457795
0.9595 0.7626173712691754 -0.2490509541239017 -1.28889101770388 2.061531056015941 0.1765087997864344 -0.09350781150238452
0.9596 0.7628592402530259 -0.2488431997942236 -1.3028439396764 2.05350669026204 0.1765160218154034 -0.0934608542605523
0.9597 0.7631015034662799 -0.2486350023900096 -1.316778106143284 2.045357976676618 0.1765233663194456 -0.09341383417982939
0.9598 0.7633441624653285 -0.2484263601024623 -1.330692445174755 2.037084421474309 0.1765314426324575 -0.09336641276793817
0.9599 0.763587218816588 -0.2482172711110733 -1.344585879495971 2.028685552715645 0.1765391273571483 -0.09331953215580834
0.96 0.7638306740965895 -0.2480077335835214 -1.358457316955011 2.020160891087067 0.1765469588918371 -0.09327265471035275
0.9601 0.7640745298920671 -0.2477977456755635 -1.372305650995624 2.011509970885628 0.1765543675062732 -0.09322601789036419
0.9602 0.7643187878000508 -0.2475873055309279 -1.386129767675315 2.002732320028627 0.1765621061459993 -0.0931787476016233
0.9603 0.7645634494279577 -0.2473764112812074 -1.399928543350508 1.993827484160155 0.1765699469696924 -0.09313266282101967
0.9604 0.7648085163936859 -0.2471650610457472 -1.41370082803951 1.98479500796836 0.1765784648778919 -0.09308609218324955
0.9605 0.7650539903257071 -0.2469532529315373 -1.427445479442234 1.975634450052447 0.1765860604286963 -0.09303963522947668
0.9606 0.7652998728631633 -0.2467409850330952 -1.441161326024705 1.966345366353914 0.1765947229876519 -0.09299315385300261
0.9607 0.7655461656559627 -0.2465282554323575 -1.454847196886537 1.956927329307334 0.1766034445991745 -0.09294683272594458
0.9608 0.7657928703648763 -0.2463150621985619 -1.468501897219178 1.947379899537179 0.1766114700873074 -0.0929010433708678
0.9609 0.7660399886616381 -0.2461014033881319 -1.482124229800689 1.937702664613173 0.1766206485919178 -0.09285474624407772
0.961 0.7662875222290436 -0.2458872770445586 -1.495712983227406 1.927895213431949 0.1766296603719844 -0.09280859235390294
0.9611 0.7665354727610506 -0.2456726811982827 -1.509266925281889 1.917957133723727 0.1766381661216548 -0.09276294767305177
0.9612 0.7667838419628823 -0.2454576138665738 -1.522784819215346 1.907888025252407 0.1766469896384663 -0.09271677967824923
0.9613 0.7670326315511284 -0.245242073053408 -1.536265419695187 1.897687508047297 0.1766559389760563 -0.09267102347001792
0.9614 0.7672818432538532 -0.2450260567493443 -1.549707454538425 1.887355182551856 0.1766648896341513 -0.09262560043252964
0.9615 0.7675314788106975 -0.2448095629314015 -1.563109650460768 1.87689068608135 0.176674439734089 -0.09258071807760725
0.9616 0.7677815399729875 -0.244592589562931 -1.576470717697211 1.86629363998979 0.1766835669361236 -0.09253523121564732
0.9617 0.7680320285038426 -0.2443751345934893 -1.589789352482866 1.855563692286236 0.1766934791248277 -0.09248971934250781
0.9618 0.768282946178285 -0.2441571959587078 -1.603064242287289 1.844700486440787 0.1767028185512461 -0.09244452236763824
0.9619 0.76853429478335 -0.2439387715801645 -1.616294058639483 1.833703682396077 0.1767130404826012 -0.0923993973526399
0.962 0.7687860761181985 -0.2437198593652482 -1.629477454576916 1.822572946866398 0.176722670854904 -0.09235427708476034
0.9621 0.7690382919942302 -0.2435004572070289 -1.642613082805051 1.811307951056253 0.1767328860145737 -0.09230958456586733
0.9622 0.7692909442351988 -0.243280562984117 -1.655699568171565 1.799908378106572 0.1767424247235449 -0.09226497051229766
0.9623 0.7695440346773273 -0.243060174560532 -1.668735539758348 1.788373931175783 0.1767535701446031 -0.09222010499451504
0.9624 0.7697975651694256 -0.2428392897855573 -1.681719597571773 1.776704305773548 0.1767631425360074 -0.09217560842775682
0.9625 0.7700515375730111 -0.2426179064936058 -1.694650332669286 1.764899214618315 0.1767736047852468 -0.09213140357458167
0.9626 0.7703059537624275 -0.242396022504074 -1.707526329283992 1.752958380521764 0.1767845791496152 -0.09208699831288657
0.9627 0.7705608156249653 -0.2421736356211981 -1.720346155445329 1.740881543979448 0.1767948934089009 -0.09204310133985838
0.9628 0.7708161250609898 -0.2419507436339098 -1.733108357891715 1.728668440892856 0.1768054696973346 -0.09199893002310526
0.9629 0.7710718839840599 -0.2417273443156872 -1.745811472935374 1.716318829944185 0.1768163120999078 -0.0919552565286961
0.963 0.7713280943210603 -0.2415034354244068 -1.758454037656719 1.70383247657723 0.1768269542929977 -0.09191131722070563
0.9631 0.7715847580123244 -0.2412790147021924 -1.771034557170404 1.691209156701509 0.1768382901588627 -0.09186747086843512
0.9632 0.7718418770117665 -0.2410540798752597 -1.78355153233845 1.67844865799753 0.1768499823498688 -0.09182379722056548
0.9633 0.7720994532870135 -0.2408286286537642 -1.796003446374437 1.66555078198058 0.1768614957500708 -0.09178029996151019
0.9634 0.7723574888195349 -0.2406026587316425 -1.808388777548577 1.652515340260747 0.1768732553427342 -0.09173692559039551
0.9635 0.7726159856047799 -0.2403761677864548 -1.82070597606927 1.639342158391239 0.176884104602682 -0.09169377414701063
0.9636 0.7728749456523101 -0.2401491534792217 -1.832953489368009 1.626031069044219 0.1768964210590879 -0.09165069838419763
0.9637 0.773134370985942 -0.2399216134542639 -1.845129747432184 1.612581921048853 0.1769085663125483 -0.09160798604557292
0.9638 0.7733942636438814 -0.2396935453390361 -1.85723316931418 1.598994581545061 0.1769205434112618 -0.09156514721483415
0.9639 0.7736546256788675 -0.2394649467439605 -1.869262156444346 1.585268921416586 0.1769323999011629 -0.09152282294365274
0.964 0.7739154591583151 -0.2392358152622569 -1.881215096908143 1.571404830246391 0.1769441289318155 -0.0914800476434724
0.9641 0.7741767661644587 -0.2390061484697714 -1.89309037182086 1.55740220860585 0.1769574953420061 -0.0914372601873969
0.9642 0.7744385487944999 -0.2387759439248044 -1.904886336180164 1.543260978451517 0.176969879224665 -0.09139497446885006
0.9643 0.774700809160756 -0.2385451991679321 -1.916601342804891 1.528981068210653 0.1769824560285695 -0.09135305765560084
0.9644 0.7749635493908084 -0.2383139117218337 -1.928233725811464 1.514562420191787 0.1769948520534025 -0.09131125005956471
0.9645 0.7752267716276574 -0.2380820790911045 -1.939781801248217 1.500004992438193 0.1770079997376307 -0.09126910378532346
0.9646 0.7754904780298738 -0.2378496987620786 -1.951243881741811 1.485308768419346 0.1770209029160232 -0.0912272622493808
0.9647 0.7757546707717571 -0.237616768202642 -1.962618257365909 1.470473729197472 0.1770342724118742 -0.09118566107904974
0.9648 0.776019352043492 -0.2373832848620456 -1.973903205533698 1.455499884327601 0.1770474155514317 -0.09114404657052005
0.9649 0.7762845240513098 -0.2371492461707151 -1.985096993960092 1.44038725824164 0.1770606246375813 -0.09110290697987386
0.965 0.7765501890176489 -0.2369146495400595 -1.996197872911848 1.425135890879589 0.1770747254870678 -0.09106159817010369
0.9651 0.7768163491813213 -0.2366794923622771 -2.007204076284814 1.409745828810564 0.1770885929120567 -0.09102071992697562
0.9652 0.7770830067976774 -0.2364437720101557 -2.018113832958967 1.394217148559287 0.1771021902978209 -0.09097980169804316
0.9653 0.7773501641387742 -0.2362074858368759 -2.028925351205055 1.378549944107677 0.1771172044409976 -0.09093892925783878
0.9654 0.7776178234935483 -0.2359706311758063 -2.039636825509723 1.362744310209806 0.1771307129107143 -0.09089866726672725
0.9655 0.777885987167986 -0.2357332053402999 -2.05024644048029 1.346800385708812 0.1771449830228758 -0.09085796860581193
0.9656 0.7781546574853007 -0.2354952056234859 -2.060752362590598 1.330718300375832 0.1771594535374965 -0.09081796456924666
0.9657 0.7784238367861103 -0.2352566292980578 -2.071152749970888 1.314498222910557 0.1771743889063709 -0.09077748032250045
0.9658 0.7786935274286159 -0.2350174736160626 -2.081445739789548 1.298140332324623 0.1771885478297867 -0.09073777590351635
0.9659 0.778963731788785 -0.2347777358086823 -2.091629460058632 1.281644822752806 0.1772037800200536 -0.09069807421945231
0.966 0.7792344522605363 -0.2345374130860158 -2.101702027729533 1.265011918153689 0.1772192571618048 -0.09065812393323291
0.9661 0.7795056912559259 -0.234296502636857 -2.111661539621898 1.248241852202116 0.1772349744909866 -0.09061880264599356
0.9662 0.7797774512053383 -0.2340550016284694 -2.12150608265864 1.231334886308844 0.1772497078192451 -0.09057968559389105
0.9663 0.7800497345576781 -0.2338129072063571 -2.131233735728419 1.21429129955615 0.1772652058786829 -0.09054000918227498
0.9664 0.7803225437805641 -0.2335702164940352 -2.140842554237852 1.197111391553188 0.1772807401854755 -0.09050170305658006
0.9665 0.7805958813605272 -0.2333269265927945 -2.15033058217224 1.179795483710926 0.177296989658097 -0.09046291904999076
0.9666 0.7808697498032115 -0.2330830345814654 -2.159695860812022 1.162343916654456 0.1773126671890645 -0.09042400210366451
0.9667 0.7811441516335745 -0.2328385375161742 -2.168936399814873 1.144757061646161 0.1773288146496708 -0.09038532941511143
0.9668 0.7814190893960959 -0.2325934324301023 -2.178050215181899 1.127035295953028 0.1773452253035027 -0.09034710006790771
0.9669 0.7816945656549836 -0.2323477163332364 -2.187035292381999 1.10917904002073 0.1773624886174421 -0.09030926577451942
0.967 0.7819705829943855 -0.2321013862121187 -2.195889623278977 1.091188719418215 0.1773792619853638 -0.09027106100087039
0.9671 0.7822471440186032 -0.2318544390295928 -2.204611164963077 1.073064798088258 0.1773950941668305 -0.09023360201108165
0.9672 0.7825242513523102 -0.2316068717245455 -2.213197880917543 1.054807749919833 0.1774123836076614 -0.09019602080034958
0.9673 0.7828019076407712 -0.2313586812116451 -2.221647707603313 1.036418081387842 0.177429201107 -0.09015853367389219
0.9674 0.7830801155500639 -0.2311098643810765 -2.229958578173656 1.017896325014827 0.1774470512070559 -0.0901214301943094
0.9675 0.7833588777673079 -0.2308604180982732 -2.238128409172837 0.999243030940548 0.1774641875316098 -0.09008437871878432
0.9676 0.7836381970008915 -0.2306103392036436 -2.246155106113689 0.980458789442114 0.1774817254730523 -0.09004773118063542
0.9677 0.7839180759807056 -0.2303596245122956 -2.254036558777413 0.961544196561999 0.1774996200849501 -0.09001120816851681
0.9678 0.7841985174583778 -0.2301082708137548 -2.261770652241759 0.942499885188643 0.1775182345809678 -0.08997460156882711
0.9679 0.7844795242075141 -0.2298562748716817 -2.269355253435829 0.923326524824944 0.17753639784037 -0.08993859974387251
0.968 0.7847610990239387 -0.2296036334235842 -2.276788216921887 0.90402479285116 0.1775547410138731 -0.08990230981287675
0.9681 0.7850432447259417 -0.229350343180522 -2.284067389152115 0.884595407427383 0.1775725651782394 -0.08986655716716296
0.9682 0.7853259641545271 -0.2290964008268123 -2.291190603382161 0.8650391117071941 0.1775916970397689 -0.08983113331738982
0.9683 0.7856092601736659 -0.2288418030197297 -2.298155683348845 0.845356676726457 0.1776111947697028 -0.08979569134186124
0.9684 0.7858931356705541 -0.2285865463891988 -2.304960438851923 0.825548902636696 0.1776295209999391 -0.08976052913972252
0.9685 0.7861775935558706 -0.2283306275374859 -2.31160266567924 0.805616614748121 0.1776489464953052 -0.08972537429177599
0.9686 0.7864626367640417 -0.2280740430388841 -2.318080159788212 0.7855606816390258 0.1776679443751673 -0.08969030401269193
0.9687 0.7867482682535099 -0.2278167894393965 -2.324390694496143 0.7653819875863266 0.1776878703286639 -0.08965625794564221
0.9688 0.7870344910070047 -0.227558863256411 -2.33053203880364 0.7450814553249706 0.1777081721482248 -0.0896220366419123
0.9689 0.7873213080318178 -0.2273002609783725 -2.336501952998352 0.7246600354112318 0.1777278924106609 -0.08958801346575537
0.969 0.7876087223600821 -0.2270409790644514 -2.342298174847185 0.7041187089930924 0.1777484073628945 -0.08955407853823358
0.9691 0.787896737049057 -0.226781013944204 -2.347918448948661 0.683458500676757 0.1777691330165092 -0.08952038256013227
0.9692 0.7881853551814139 -0.2265203620172318 -2.353360508499772 0.6626804575186456 0.1777889143963459 -0.08948692121131706
0.9693 0.7884745798655298 -0.2262590196528318 -2.358622060596781 0.6417856582507264 0.177810674299971 -0.08945380798313438
0.9694 0.7887644142357825 -0.2259969831896455 -2.36370081854153 0.6207752161321803 0.1778309851972293 -0.08942034767382219
0.9695 0.7890548614528521 -0.2257342489352987 -2.368594488823406 0.599650291007531 0.1778520271596248 -0.08938788664559559
0.9696 0.789345924704024 -0.2254708131660391 -2.373300754259958 0.5784120619802623 0.1778732579530513 -0.08935520628294985
0.9697 0.7896376072035013 -0.225206672126368 -2.377817305254405 0.557061752279386 0.1778951578798545 -0.08932273369362216
0.9698 0.7899299121927166 -0.2249418220286638 -2.382141812185893 0.5356006183303688 0.1779164996478059 -0.08929127611329105
0.9699 0.7902228429406525 -0.2246762590528035 -2.386271942931985 0.5140299482512809 0.1779385853943148 -0.08925937910950282
0.97 0.7905164027441637 -0.2244099793457762 -2.390205359106928 0.4923510775323799 0.1779613276478378 -0.08922815385350384
0.9701 0.7908105949283064 -0.2241429790212894 -2.39393971308599 0.4705653672105006 0.177983485934637 -0.08919717919399829
0.9702 0.7911054228466719 -0.2238752541593755 -2.397472654563205 0.4486742290496823 0.1780063657308858 -0.08916615625671838
0.9703 0.7914008898817251 -0.2236068008059839 -2.400801814649193 0.4266791003498104 0.1780286734065124 -0.08913552840488054
0.9704 0.791696999445147 -0.2233376149725725 -2.403924833066867 0.4045814665644858 0.1780518534573017 -0.08910457969393593
0.9705 0.7919937549781854 -0.2230676926356906 -2.406839340671623 0.3823828495852297 0.1780747443843211 -0.08907422088140922
0.9706 0.7922911599520079 -0.2227970297365577 -2.409542949023047 0.36008481001192 0.1780981595416431 -0.08904463118214782
0.9707 0.7925892178680623 -0.2225256221806319 -2.412033285013865 0.3376889511989875 0.17812261082307 -0.08901489153608973
0.9708 0.7928879322584414 -0.2222534658371753 -2.414307955215326 0.3151969154181685 0.1781453306697969 -0.08898563474823228
0.9709 0.7931873066862534 -0.221980556538811 -2.416364572520552 0.2926103919810341 0.1781700145081837 -0.08895663034177627
0.971 0.7934873447459999 -0.2217068900810725 -2.418200737099481 0.2699310998258067 0.1781940179513375 -0.08892750245874174
0.9711 0.7937880500639568 -0.2214324622219467 -2.419814053262633 0.2471608220316708 0.1782186421456625 -0.08889893139330039
0.9712 0.7940894262985641 -0.2211572686814122 -2.421202117417012 0.2243013635304031 0.1782438510307803 -0.08887096328236015
0.9713 0.7943914771408204 -0.2208813051409639 -2.422362521795766 0.2013545894231226 0.1782684241352127 -0.08884285891861023
0.9714 0.7946942063146821 -0.2206045672431384 -2.423292866738254 0.1783223931259668 0.1782927206435513 -0.0888157410161157
0.9715 0.7949976175774718 -0.2203270505910231 -2.423990742919362 0.1552067345913452 0.1783197112515997 -0.08878860853177088
0.9716 0.7953017147202923 -0.2200487507477654 -2.424453742348109 0.1320095996114332 0.1783446899528551 -0.08876131585979187
0.9717 0.795606501568445 -0.219769663236069 -2.42467944396616 0.1087330320533565 0.1783706294601921 -0.08873452828273627
0.9718 0.7959119819818584 -0.2194897835376831 -2.42466545730572 0.0853791184190313 0.1783965014047429 -0.08870784217623404
0.9719 0.7962181598555206 -0.2192091070928842 -2.424409360007884 0.06194999303273427 0.1784224052049571 -0.08868207692817681
0.972 0.796525039119921 -0.2189276292999507 -2.423908751111149 0.03844783904348412 0.1784495595514072 -0.08865643148099843
0.9721 0.7968326237414959 -0.2186453455146244 -2.423161219808767 0.01487488967128634 0.1784769147475444 -0.08863070856722959
0.9722 0.7971409177230861 -0.2183622510495683 -2.422164359972962 -0.00876657440041556 0.1785037167243322 -0.08860583448596995
0.9723 0.7974499251043969 -0.2180783411738122 -2.420915784044183 -0.03247421987073329 0.1785306130337382 -0.08858072621882968
0.9724 0.7977596499624701 -0.2177936111121921 -2.419413084131402 -0.05624566681934589 0.1785587985320405 -0.08855624791035892
0.9725 0.7980700964121593 -0.2175080560447765 -2.417653870586254 -0.0800784817904523 0.1785861321123845 -0.08853224564791115
0.9726 0.7983812686066173 -0.2172216711062865 -2.415635753005767 -0.1039701746703113 0.1786135804822803 -0.08850868412351352
0.9727 0.7986931707377876 -0.2169344513855054 -2.413356349911115 -0.1279182182909972 0.1786433806316762 -0.0884856149338817
0.9728 0.7990058070369069 -0.2166463919246763 -2.410813289003177 -0.1519200088656056 0.1786705924403169 -0.08846260945094389
0.9729 0.799319181775016 -0.2163574877188938 -2.408004196245989 -0.1759729080369394 0.1787006487348959 -0.08843960668712721
0.973 0.799633299263475 -0.2160677337154829 -2.404926714390499 -0.2000742173635139 0.1787299482188517 -0.08841700632361175
0.9731 0.799948163854494 -0.2157771248133647 -2.401578489002521 -0.224221180512103 0.1787585669339367 -0.08839523480085633
0.9732 0.800263779941665 -0.2154856558624178 -2.397957174757997 -0.2484109889159825 0.1787887840094747 -0.08837378722050096
0.9733 0.800580151960512 -0.2151933216628241 -2.394060442310947 -0.2726407774462487 0.1788189271237407 -0.08835303078778105
0.9734 0.800897284389038 -0.2149001169644044 -2.3898859638272 -0.2969076177917633 0.1788480028871987 -0.08833147378772684
0.9735 0.801215181748294 -0.214606036465943 -2.385431432027192 -0.3212085363510688 0.1788787204406289 -0.088311869318374
0.9736 0.801533848602951 -0.2143110748145019 -2.380694546772553 -0.3455404889084717 0.1789100191384524 -0.08829124565291473
0.9737 0.80185328956188 -0.2140152266047192 -2.375673026481109 -0.3699003822176945 0.1789400084956849 -0.08827130931442052
0.9738 0.802173509278749 -0.2137184863781016 -2.370364600770441 -0.3942850568061802 0.1789715703858179 -0.08825269042477851
0.9739 0.802494512452622 -0.2134208486222981 -2.364767008100215 -0.4186912964397485 0.1790031815597417 -0.08823367992692392
0.974 0.8028163038285741 -0.213122307770366 -2.358878018466751 -0.4431158223017158 0.1790350436076997 -0.08821533196595381
0.9741 0.803138888198316 -0.2128228582000209 -2.352695405593323 -0.467555298048737 0.1790668456555521 -0.08819694546825878
0.9742 0.80346227040083 -0.2125224942328749 -2.346216970275236 -0.492006319748966 0.1790993157550652 -0.088179673625864
0.9743 0.803786455323012 -0.2122212101336619 -2.339440524344431 -0.5164654240956336 0.1791319469197369 -0.08816281980860401
0.9744 0.804111447900331 -0.2119190001094488 -2.332363913602725 -0.5409290853179652 0.1791648657938013 -0.08814571925685263
0.9745 0.804437253117501 -0.2116158583088296 -2.324984986667898 -0.5653937152650078 0.1791980879935782 -0.08812945672909098
0.9746 0.804763876009157 -0.2113117788211115 -2.317301628598734 -0.5898556559796891 0.1792310681992363 -0.08811358565543551
0.9747 0.805091321660549 -0.2110067556754801 -2.309311743628305 -0.6143111888236767 0.1792654961740266 -0.08809883993760782
0.9748 0.80541959520825 -0.2107007828401545 -2.301013265964851 -0.6387565262636984 0.179299849431188 -0.08808303838862065
0.9749 0.80574870184087 -0.2103938542215223 -2.292404146619717 -0.6631878206332766 0.1793343982569593 -0.08806921940838874
0.975 0.80607864679979 -0.2100859636632639 -2.283482374011732 -0.6876011497114983 0.179369031167416 -0.08805515397028291
0.9751 0.806409435379902 -0.2097771049454576 -2.274245950049511 -0.7119925296543633 0.1794042253830495 -0.08804149540933598
0.9752 0.80674107293037 -0.2094672717836685 -2.264692932081974 -0.7363579064498582 0.1794401590031749 -0.08802868638164897
0.9753 0.8070735648553991 -0.2091564578280233 -2.254821383312188 -0.7606931564818043 0.1794750610474294 -0.08801628973308101
0.9754 0.807406916615019 -0.2088446566622646 -2.244629408697498 -0.784994087721758 0.1795110008236609 -0.08800427103053661
0.9755 0.807741133725889 -0.2085318618027906 -2.234115156254166 -0.809256441954681 0.1795468526244976 -0.08799296674598688
0.9756 0.808076221762108 -0.208218066697674 -2.22327679060276 -0.833475884964428 0.1795839434544893 -0.08798145729068219
0.9757 0.808412186356041 -0.2079032647256659 -2.21211253710156 -0.857648013064635 0.1796214193564666 -0.08797139206816847
0.9758 0.80874903319917 -0.2075874491951804 -2.20062063492272 -0.881768357827228 0.1796588253845508 -0.08796160026925408
0.9759 0.809086768042951 -0.2072706133432555 -2.188799380480752 -0.905832368730069 0.1796958173712829 -0.08795194615523713
0.976 0.809425396699692 -0.2069527503345027 -2.176647104352003 -0.929835429279534 0.1797340890008915 -0.08794298404903088
0.9761 0.809764925043442 -0.2066338532600287 -2.164162181477561 -0.953772849724985 0.1797727732014977 -0.08793547477428727
0.9762 0.810105359010907 -0.2063139151363422 -2.151343030020251 -0.977639865260161 0.1798110536242954 -0.08792714503734302
0.9763 0.810446704602371 -0.2059929289042358 -2.138188119283172 -1.00143163888839 0.179849844946718 -0.08792021136954338
0.9764 0.810788967882643 -0.2056708874276495 -2.124695960207467 -1.025143255203558 0.179887862932641 -0.08791283477469318
0.9765 0.811132154982021 -0.2053477834925125 -2.110865116907529 -1.048769731341087 0.1799290126683692 -0.08790746274842998
0.9766 0.811476272097272 -0.2050236098055573 -2.096694206550909 -1.072306002902052 0.1799694762202236 -0.08790257844015244
0.9767 0.811821325492629 -0.2046983589931186 -2.082181893702645 -1.095746934283351 0.1800092097931445 -0.08789754703209049
0.9768 0.8121673215008151 -0.2043720235999026 -2.0673269073683 -1.11908730910738 0.1800489537599722 -0.08789274516725029
0.9769 0.812514266524081 -0.2040445960877356 -2.052128026611197 -1.142321840534045 0.1800911581072661 -0.08788960965963616
0.977 0.812862167035261 -0.2037160688342862 -2.036584084628341 -1.165445161526756 0.1801315667542777 -0.08788651342040167
0.9771 0.813211029578858 -0.2033864341317631 -2.020693988584374 -1.188451819834812 0.1801743011613868 -0.08788428920468946
0.9772 0.813560860772142 -0.203055684185587 -2.004456703228627 -1.211336306912094 0.1802158778725868 -0.08788243850893525
0.9773 0.813911667306273 -0.2027238111130359 -1.987871258458824 -1.234093019270634 0.180257861847545 -0.08788157409160276
0.9774 0.814263455947449 -0.2023908069418631 -1.970936738047438 -1.256716277964371 0.180301599268872 -0.08788170697960704
0.9775 0.814616233538069 -0.2020566636088879 -1.95365232143981 -1.279200328298548 0.1803445817303692 -0.08788152589709675
0.9776 0.814970006997933 -0.2017213729585566 -1.936017242444965 -1.301539342262585 0.1803874786896101 -0.08788170027814733
0.9777 0.815324783325446 -0.2013849267414774 -1.918030808838737 -1.323727403194028 0.1804324681082665 -0.08788401769359289
0.9778 0.815680569598871 -0.2010473166129218 -1.899692406779995 -1.345758518252934 0.1804772642662084 -0.08788667733838602
0.9779 0.8160373729775821 -0.2007085341312963 -1.881001503749516 -1.367626628747464 0.1805223259223026 -0.08788953506615889
0.978 0.816395200703364 -0.2003685707565841 -1.861957649580168 -1.389325577189063 0.1805670819123623 -0.08789391714503129
0.9781 0.816754060101727 -0.2000274178487548 -1.842560462107349 -1.410849137643322 0.180612548028676 -0.08789818036118059
0.9782 0.81711395858325 -0.199685066666139 -1.822809670119434 -1.432191007448814 0.1806574608079384 -0.08790311925651466
0.9783 0.817474903644954 -0.1993415083637698 -1.802705071694189 -1.453344800458468 0.1807041081434448 -0.08790908328957785
0.9784 0.817836902871703 -0.1989967339916916 -1.782246552792802 -1.474304047140994 0.1807509155924065 -0.08791574993234902
0.9785 0.8181999639376329 -0.1986507344932295 -1.761434114617386 -1.495062212511063 0.1807985160378281 -0.08792328697650577
0.9786 0.818564094607616 -0.1983035007032271 -1.74026783401219 -1.515612669728851 0.1808460184203446 -0.08793128649734824
0.9787 0.818929302738742 -0.1979550233462409 -1.718747894497889 -1.535948722568549 0.1808941690466794 -0.08794109820298364
0.9788 0.819295596281851 -0.1976052930347032 -1.696874583023048 -1.556063587969657 0.1809422119181641 -0.08795136895712663
0.9789 0.819662983283082 -0.1972543002670391 -1.674648289093104 -1.575950411824167 0.1809916595089918 -0.08796289989774884
0.979 0.82003147188546 -0.196902035425748 -1.652069504459443 -1.595602258644661 0.1810413341975985 -0.08797442460537055
0.9791 0.820401070330522 -0.1965484887754402 -1.629138840955624 -1.615012117799637 0.1810906645210286 -0.08798678062863365
0.9792 0.820771786959968 -0.1961936504608314 -1.605857020992894 -1.634172898700026 0.1811427760799167 -0.08800065758628184
0.9793 0.82114363021736 -0.1958375105046973 -1.582224877836327 -1.653077438500482 0.1811926960872631 -0.08801432279951418
0.9794 0.821516608649845 -0.1954800588057778 -1.558243367988521 -1.671718494967749 0.1812440345316752 -0.08802937272843056
0.9795 0.821890730909928 -0.1951212851366374 -1.53391357819596 -1.690088748805528 0.181295254178013 -0.08804568311733936
0.9796 0.822266005757271 -0.1947611791414802 -1.509236712570299 -1.70818081376574 0.1813475496339156 -0.08806260009654966
0.9797 0.822642442060545 -0.1943997303339133 -1.484214100241562 -1.725987224734682 0.1813996646446539 -0.08808027414930582
0.9798 0.823020048799315 -0.1940369280946608 -1.45884721795734 -1.743500437513176 0.1814529568843677 -0.08809950216176306
0.9799 0.823398835065967 -0.1936727616692291 -1.433137663090203 -1.760712845399343 0.1815064369372494 -0.08811975294724939
0.98 0.8237788100676811 -0.1933072201655148 -1.407087188801455 -1.777616768000076 0.1815595258652427 -0.08813980190004142
0.9801 0.824159983128448 -0.1929402925513643 -1.380697676055923 -1.794204451017129 0.181613383080679 -0.08816166354246988
0.9802 0.82454236369113 -0.1925719676520713 -1.353971159876158 -1.81046807029961 0.1816694014759601 -0.08818578101240682
0.9803 0.824925961319571 -0.1922022341478215 -1.32690983127029 -1.826399742093979 0.1817240951397646 -0.08820913372515508
0.9804 0.825310785700753 -0.1918310805710784 -1.299516022617171 -1.841991504255062 0.1817799834670692 -0.08823476945083769
0.9805 0.825696846647004 -0.1914584953039052 -1.271792236666333 -1.857235341435117 0.1818357931466099 -0.08826086680827551
0.9806 0.82608415409825 -0.1910844665752275 -1.243741135841698 -1.872123165287688 0.1818925855052662 -0.0882883722096313
0.9807 0.826472718124334 -0.1907089824580317 -1.215365533479844 -1.886646826483915 0.1819510838408348 -0.08831680204375736
0.9808 0.826862548927371 -0.1903320308664958 -1.186668438973021 -1.900798114886005 0.1820075791791343 -0.08834577439428536
0.9809 0.827253656844172 -0.1899535995530555 -1.157653009200445 -1.914568766016883 0.1820661168647283 -0.08837656719901052
0.981 0.827646052348719 -0.189573676105396 -1.128322601786912 -1.927950454416667 0.1821247841398994 -0.08840873615185509
0.9811 0.828039746054699 -0.1891922479433777 -1.098680738463563 -1.940934795933656 0.1821851031015878 -0.08844344561881014
0.9812 0.8284347487181 -0.1888093023158829 -1.068731138696588 -1.953513362186138 0.1822442350141799 -0.08847682003555701
0.9813 0.828831071239868 -0.1884248262975905 -1.038477706728133 -1.965677665480421 0.1823045209554085 -0.08851202136410967
0.9814 0.82922872466863 -0.1880388067856697 -1.00792454430542 -1.977419177706871 0.1823651728463782 -0.08854857365289966
0.9815 0.829627720203476 -0.1876512304963956 -0.977075956070604 -1.988729314462324 0.1824269634561131 -0.08858775287120489
0.9816 0.83002806919682 -0.1872620839616793 -0.9459364354240331 -1.999599454272041 0.1824879158082114 -0.08862590845689002
0.9817 0.830429783157321 -0.1868713535255149 -0.914510703474834 -2.01002093658895 0.1825504357149711 -0.08866639644053841
0.9818 0.830832873752881 -0.1864790253403357 -0.882803683639406 -2.019985058641483 0.1826142918232653 -0.08870936992710686
0.9819 0.831237352813714 -0.1860850853632835 -0.8508205216040861 -2.029483087743396 0.1826779237177385 -0.08875273609829916
0.982 0.831643232335497 -0.1856895193523816 -0.818566576156053 -2.038506250431817 0.1827418502626883 -0.08879754304915158
0.9821 0.83205052448259 -0.1852923128626115 -0.7860474443315254 -2.047045755876947 0.1828065655475619 -0.08884376933204947
0.9822 0.832459241591348 -0.1848934512418921 -0.7532689467459974 -2.055092777915096 0.1828715591383548 -0.08889047814610565
0.9823 0.83286939617351 -0.1844929196269551 -0.720237146904889 -2.062638476983331 0.1829358726044905 -0.08893900479168634
0.9824 0.8332810009196751 -0.1840907029391154 -0.6869583456700399 -2.069673996991012 0.1830034426709363 -0.08899057510799628
0.9825 0.833694068702865 -0.1836867858799326 -0.6534390924947056 -2.076190458132352 0.18307031044949 -0.08904238780495123
0.9826 0.834108612582191 -0.1832811529267598 -0.6196861841605584 -2.082178986065106 0.1831383515706731 -0.0890958875788366
0.9827 0.834524645806594 -0.182873788328177 -0.585706681551331 -2.087630691071668 0.1832062894100502 -0.08915162016242617
0.9828 0.8349421818187019 -0.182464676099305 -0.5515078967268446 -2.092536684160426 0.1832751309015071 -0.08920897436868466
0.9829 0.835361234258775 -0.1820538000169956 -0.517097418998606 -2.096888087274044 0.1833452542185175 -0.08926781015659241
0.983 0.835781816968767 -0.181641143614894 -0.4824831025359496 -2.100676024548536 0.1834146500986656 -0.08932832700064369
0.9831 0.836203943996478 -0.181226690178371 -0.4476730819911879 -2.103891645222199 0.1834860013867219 -0.08939051873032118
0.9832 0.8366276295998319 -0.1808104227393179 -0.4126757720014211 -2.106526109284427 0.1835565887316724 -0.08945349780355462
0.9833 0.837052888251264 -0.1803923240708031 -0.3774998764713495 -2.10857060382688 0.18362885489505 -0.08951853580380952
0.9834 0.837479734642221 -0.1799723766815809 -0.3421543926398175 -2.110016358183957 0.1837016407053532 -0.08958680706848825
0.9835 0.837908183687792 -0.1795505628104532 -0.3066486113938 -2.110854626408808 0.1837740890883702 -0.08965452466360015
0.9836 0.838338250531463 -0.1791268644204747 -0.2709921327996069 -2.111076722235872 0.1838480938431252 -0.08972640583175215
0.9837 0.838769950549998 -0.1787012631930005 -0.235194860927375 -2.110673994056822 0.1839219362235377 -0.08979874555903437
0.9838 0.8392032993584559 -0.1782737405215655 -0.1992670187347385 -2.10963786731133 0.1839967834832195 -0.08987389330727896
0.9839 0.8396383128153529 -0.1778442775055934 -0.1632191430637556 -2.107959819834891 0.1840724900803437 -0.08994941211365369
0.984 0.840075007027963 -0.1774128549439326 -0.1270620991455909 -2.105631409281718 0.1841343812924408 -0.09001776067786618
0.9841 0.8405133983577669 -0.1769794533282029 -0.0908070806070802 -2.102644276051189 0.1842226689669386 -0.09010862962612975
0.9842 0.840953503426062 -0.1765440528359576 -0.0544656160923545 -2.09899014501196 0.1843005653295096 -0.09019216246321012
0.9843 0.841395339119724 -0.1761066333236488 -0.01804958015276875 -2.094660850355202 0.1843801931299356 -0.09028072478146332
0.9844 0.841838922597139 -0.1756671743193885 0.01842881686937947 -2.089648317485624 0.1844593431412239 -0.0903665183857541
0.9845 0.8422842712943041 -0.1752256550155013 0.05495700729743403 -2.083944608784003 0.1845387968503096 -0.09045701653871997
0.9846 0.842731402931109 -0.1747820542608588 0.0915220658682175 -2.07754189568773 0.184620506775092 -0.09054966703114994
0.9847 0.843180335517797 -0.1743363505529887 0.1281107098696564 -2.070432493102834 0.1847012659157238 -0.0906436050295816
0.9848 0.843631087361613 -0.1738885220299515 0.1647092897481743 -2.062608865297549 0.1847822432653604 -0.0907392170286873
0.9849 0.8440836770736611 -0.1734385464619757 0.2013037820302986 -2.054063632945964 0.1848652294865102 -0.09083875870492804
0.985 0.844538123575951 -0.1729864012428392 0.2378797924336962 -2.044789578039311 0.1849484986383045 -0.09094011491173497
0.9851 0.844994446108668 -0.1725320633809953 0.2744225385960682 -2.034779672522834 0.1850320668138682 -0.09104359559439106
0.9852 0.845452664237656 -0.172075509490426 0.3109168602907316 -2.024027082450233 0.1851170578740064 -0.09114993559324183
0.9853 0.845912797862127 -0.1716167157812182 0.3473472019073814 -2.012525171123184 0.1852027809064412 -0.09126106549147744
0.9854 0.846374867222616 -0.171155658049847 0.3836976167041868 -2.000267516818461 0.1852896126948633 -0.0913735702717665
0.9855 0.846838892909169 -0.1706923116691616 0.4199517559123765 -1.987247940905295 0.1853751804327318 -0.09148681294371028
0.9856 0.847304895869791 -0.170226651578055 0.4560928734944467 -1.973460500472136 0.1854637478832052 -0.09160618100364555
0.9857 0.847772897419162 -0.1697586522708125 0.4921038111110889 -1.958899519154035 0.1855520601471579 -0.09172407058695203
0.9858 0.848242919247621 -0.1692882877861232 0.5279670056702468 -1.943559587471287 0.1856417537134518 -0.09184892686246268
0.9859 0.8487149834304351 -0.1688155316957385 0.5636644740712056 -1.927435591286039 0.1857311822989258 -0.09197511143286675
0.986 0.8491891124373701 -0.1683403570927691 0.5991778212743144 -1.910522720038384 0.1858227864828202 -0.09210529579631017
0.9861 0.849665329142564 -0.167862736579607 0.6344882345048846 -1.892816486688631 0.1859137455929571 -0.09223692247119367
0.9862 0.850143656834718 -0.1673826422554475 0.6695764717480388 -1.874312734863747 0.1860057105640892 -0.09237346216819965
0.9863 0.85062411922763 -0.1669000457034096 0.7044228696011574 -1.85500768056455 0.1860986011146803 -0.09251134161899241
0.9864 0.8511067404710631 -0.166414917977227 0.739007338833843 -1.83489790030711 0.1862022637002778 -0.0926638751104332
0.9865 0.851591545161978 -0.1659272295874984 0.7733093622120046 -1.813980372172334 0.1862918211482417 -0.09280102788884842
0.9866 0.852078558356146 -0.1654369504874778 0.8073079887193469 -1.792252484210094 0.1863869494398323 -0.09295055427832395
0.9867 0.85256780558014 -0.1649440500583836 0.840981840305294 -1.769712060839375 0.1864828497721453 -0.09310323043105312
0.9868 0.853059312843741 -0.1644484970942119 0.874309109067547 -1.74635737457244 0.1865803034227226 -0.09325889815521922
0.9869 0.853553106652769 -0.1639502597860248 0.9072675492474011 -1.722187173205568 0.1866781736305501 -0.09342046433125245
0.987 0.854049214022342 -0.1634493057057025 0.9398344939047411 -1.697200713171343 0.1867777866642946 -0.09358162848569013
0.9871 0.854547662490611 -0.1629456017891256 0.9719868372274471 -1.671397755000101 0.1868771847534307 -0.09375344287417746
0.9872 0.855048480132965 -0.1624391143187718 1.003701054653252 -1.644778613639621 0.1869777450925607 -0.09392596937123208
0.9873 0.8555516955767331 -0.1619298089056954 1.034953189069492 -1.61734416345469 0.1870782730992897 -0.09410112245220277
0.9874 0.856057338016417 -0.1614176504708683 1.06571886520135 -1.589095876057955 0.1871804557890411 -0.09428097105709771
0.9875 0.856565437229462 -0.1609026032258507 1.095973288119464 -1.560035839374304 0.1872834085642542 -0.09446542014634297
0.9876 0.857076023592596 -0.1603846306527618 1.12569124711826 -1.53016678880549 0.1873868859903216 -0.09465596579701162
0.9877 0.857589128098764 -0.159863695483524 1.154847122814157 -1.49949212207807 0.187492128798331 -0.09485160415942445
0.9878 0.858104782374682 -0.1593397596783411 1.183414895567474 -1.468015947855402 0.1875973399790001 -0.095050803546848
0.9879 0.858623018699039 -0.1588127844033824 1.211368143634396 -1.435743088955331 0.1877032355215177 -0.09525368030865342
0.988 0.859143870021378 -0.1582827300076331 1.238680066349734 -1.402679140369632 0.1878097269070435 -0.09546158318272591
0.9881 0.859667369981681 -0.1577495559988713 1.265323475847153 -1.368830473882622 0.1879186591070267 -0.09567509109034017
0.9882 0.860193552930703 -0.1572132210187361 1.291270819153898 -1.334204281028279 0.188026601093571 -0.09589323565011477
0.9883 0.8607224539510731 -0.1566736828168392 1.316494186258335 -1.298808608749253 0.1881356101191082 -0.09611700829051577
0.9884 0.8612541088792171 -0.1561308982238782 1.340965320168079 -1.262652383606334 0.1882459260316852 -0.09634777230241255
0.9885 0.861788554328126 -0.155584823123703 1.364655633917486 -1.225745450622161 0.1883584724474704 -0.09658167494362678
0.9886 0.862325827711016 -0.1550354124242841 1.387536225259834 -1.188098604042801 0.18846976768507 -0.09682281116029601
0.9887 0.862865967265931 -0.1544826200275332 1.409577890084747 -1.149723625403413 0.1885830553783569 -0.09706900331648492
0.9888 0.863409012081313 -0.1539263987979143 1.43075114731871 -1.110633321202402 0.1886957727829587 -0.09732013668113002
0.9889 0.863955002122617 -0.1533667005297925 1.45102625139281 -1.070841551271554 0.1888105984619358 -0.09757943491595993
0.989 0.864503978259992 -0.1528034759134527 1.47037321607043 -1.03036327705929 0.1889261933776911 -0.09784520406600303
0.9891 0.865055982297106 -0.1522366744997238 1.488761844837454 -0.989214595567719 0.1890415434061959 -0.09811750036801484
0.9892 0.865611057001157 -0.1516662446631375 1.506161747936471 -0.947412778035411 0.1891578560874746 -0.09839547164499113
0.9893 0.866169246134143 -0.1510921335635466 1.522542371259227 -0.904976308504446 0.1892760794233574 -0.09867895021566646
0.9894 0.866730594485439 -0.1505142871061238 1.537873028321331 -0.8619249266111521 0.1893944694578306 -0.09897222297982562
0.9895 0.867295147905769 -0.149932649899657 1.552122929950358 -0.818279666282112 0.1895132357854475 -0.09927079324340932
0.9896 0.867862953342632 -0.149347165213051 1.56526122676484 -0.7740629085737982 0.1896330501209317 -0.09957800684768943
0.9897 0.868434058877264 -0.1487577749299415 1.577257031306299 -0.7292984072169748 0.1897536164926246 -0.09989058252584158
0.9898 0.869008513763217 -0.1481644195013181 1.588079472969891 -0.684011346468565 0.1898744051211817 -0.1002162331335522
0.9899 0.8695863684666471 -0.147567037896053 1.597697731926741 -0.6382283756706144 0.1899960655425328 -0.1005465902807308
0.99 0.870167674708395 -0.1469655675492165 1.606081084877251 -0.5919776621722228 0.1901187236414996 -0.1008839852403045
0.9901 0.87075248550797 -0.1463599443080591 1.613198959158623 -0.5452889227833334 0.1902421441045507 -0.1012328473102447
0.9902 0.871340855229532 -0.1457501023755318 1.619020980637701 -0.4981934871010923 0.1903659457769778 -0.1015905634550949
0.9903 0.871932839629996 -0.1451359742512052 1.623517031364516 -0.4507243271690827 0.1904898041724175 -0.1019567479118798
0.9904 0.872528495909366 -0.1445174906694361 1.626657307376576 -0.402916110397035 0.1906143984852648 -0.1023317798137257
0.9905 0.873127882763437 -0.1438945805346307 1.628412384296565 -0.3548052452129555 0.1907399103485179 -0.1027176170939913
0.9906 0.873731060439001 -0.1432671708534286 1.628753285926966 -0.3064299229528631 0.1908672620535178 -0.1031101134934741
0.9907 0.874338090791701 -0.1426351866636313 1.627651552225839 -0.2578301669365557 0.1909920188467952 -0.10351592301893
0.9908 0.8749490373466891 -0.1419985509596824 1.625079316773643 -0.2090478732771391 0.1911194678228555 -0.1039317170734054
0.9909 0.87556396536226 -0.1413571846144901 1.621009393028573 -0.1601268613449033 0.191246147133641 -0.1043596161982959
0.991 0.876182941896644 -0.1407110062973724 1.615415355234961 -0.1111129105979068 0.1913729949465618 -0.1047982213971596
0.9911 0.876806035878141 -0.1400599323878876 1.608271631162966 -0.06205380783303394 0.1915010768465696 -0.1052504477123465
0.9912 0.877433318178819 -0.1394038768852935 1.599553602095808 -0.01299938911679249 0.1916274445241271 -0.1057136029242551
0.9913 0.8780648616919819 -0.1387427513133641 1.589237708924039 0.03599842390576402 0.1917559164131118 -0.106189775565252
0.9914 0.8787007414136661 -0.1380764646202669 1.577301552066907 0.0848855820944245 0.1918841857039456 -0.1066767280275489
0.9915 0.879341034528405 -0.1374049230731856 1.56372400708694 0.1336058731394266 0.1920115179134872 -0.1071779170679013
0.9916 0.879985820499561 -0.1367280301473489 1.548485363387605 0.1821008885831892 0.1921395163408221 -0.1076931796112506
0.9917 0.880635181164494 -0.1360456864090922 1.531567437410682 0.2303099896337546 0.1922670944472257 -0.1082230710572029
0.9918 0.881289200834921 -0.1353577893925638 1.512953714240424 0.2781702814192211 0.1923934853090423 -0.1087702503299935
0.9919 0.881947966402797 -0.1346642334696442 1.492629496497911 0.3256165853639689 0.1925214101650916 -0.1093263145122866
0.992 0.882611567452097 -0.133964909712613 1.470582050700271 0.3725814216897678 0.1926453802411111 -0.10990859663373
0.9921 0.883280096376909 -0.1332597057490724 1.446800773891878 0.4189949915509163 0.1927722456934396 -0.1104966462014612
0.9922 0.883953648506277 -0.1325485056085761 1.421277360705689 0.4647851642274353 0.192897734320789 -0.1111062150779362
0.9923 0.884632322236273 -0.131831189560387 1.39400598030623 0.5098774754659118 0.1930219015989756 -0.111733210677625
0.9924 0.88531621916982 -0.1311076339417202 1.364983468149484 0.5541951255809857 0.193145100731553 -0.1123790029498577
0.9925 0.886005444264822 -0.1303777109757876 1.334209527394848 0.5976589905657894 0.1932659981807646 -0.1130446700430814
0.9926 0.886700105991217 -0.1296412885788875 1.301686926801977 0.6401876355911106 0.1933870124383061 -0.113727445539347
0.9927 0.887400316497622 -0.1288982301557284 1.267421729281444 0.6816973473339329 0.1935039579170356 -0.1144351399401593
0.9928 0.888106191788292 -0.1281483943820941 1.231423520607494 0.7221021618725414 0.1936223290085806 -0.115158950185312
0.9929 0.888817851911185 -0.1273916349738823 1.193705645466671 0.7613139197724621 0.1937369127017236 -0.1159068542807529
0.993 0.889535421157999 -0.126627800441455 1.15428546332673 0.7992423210687123 0.193849422693952 -0.1166798563396568
0.9931 0.890259028277128 -0.12585673382815 1.113184615812115 0.835795000918705 0.1939566240042788 -0.117477979920679
0.9932 0.890988806700566 -0.1250782724316743 1.07042929601179 0.870877619356321 0.1940653358045256 -0.1182952210436887
0.9933 0.891724894785901 -0.1242922475070061 1.026050544570968 0.904393967051877 0.1941682432982739 -0.1191430626583257
0.9934 0.892467436074635 -0.1234984839492678 0.980084544071547 0.936246087177584 0.1942693042820456 -0.1200180161857704
0.9935 0.893216579568207 -0.122696799954906 0.932572941751256 0.966334429950178 0.1943643275142712 -0.1209213740587141
0.9936 0.8939724800232181 -0.1218870066593302 0.8835631660927999 0.994558006991158 0.1944582645888932 -0.1218491828533635
0.9937 0.894735298267525 -0.121068907748983 0.833108773119668 1.020814598874098 0.1945448904780639 -0.1228139818997553
0.9938 0.895505201539023 -0.1202422990455989 0.781269796816998 1.045000965760889 0.1946244561199966 -0.1238097432745158
0.9939 0.896282363849156 -0.1194069680601799 0.7281131094478273 1.067013104122551 0.1947005487142596 -0.1248393774954298
0.994 0.897066966373384 -0.1185626935139416 0.673712801182245 1.086746528564677 0.1947737661613623 -0.125897159356673
0.9941 0.897859197871103 -0.1177092448231948 0.6181505637031249 1.104096593429406 0.1948370244083633 -0.1269976560587898
0.9942 0.898659255137778 -0.1168463815447855 0.5615160897680818 1.118958854869875 0.1948911847663252 -0.1281367820185068
0.9943 0.89946734349235 -0.1159738527783343 0.5039074785169672 1.131229473459959 0.1949411688257299 -0.1293127796557324
0.9944 0.900283677303368 -0.1150913965211007 0.4454316490893998 1.140805668600341 0.1949728795508748 -0.1305404597017468
0.9945 0.901108480557643 -0.1141987389707851 0.3862047611125607 1.147586226155759 0.1950060738815681 -0.131799047151463
0.9946 0.90194198747573 -0.1132955937710467 0.326352640040952 1.151472058036161 0.1950212432065954 -0.1331120181732751
0.9947 0.902784443179022 -0.1123816611938814 0.2660112026303505 1.152366831594339 0.19502502015708 -0.1344706920783428
0.9948 0.903636104413853 -0.111456627252268 0.2053268801486944 1.150177662913979 0.195012552337177 -0.1358850218301793
0.9949 0.9044972403386869 -0.1105201627356745 0.1444570402487906 1.144815892584762 0.1949902830028617 -0.1373476140743213
0.995 0.905368133381236 -0.109571922160073 0.0835703911923289 1.136197930376686 0.1949517741776996 -0.1388681027894014
0.9951 0.90624908017326 -0.1086115426230012 0.02284737890079869 1.12424620764641 0.1948971052062303 -0.1404472599956433
0.9952 0.907140392571823 -0.1076386425529649 -0.03751944431590065 1.108890211590976 0.1948182736327003 -0.1420919717616372
0.9953 0.908042398776999 -0.1066528203410093 -0.0973250796940147 1.090067632305873 0.194720503931853 -0.143802590835947
0.9954 0.908955444557385 -0.1056536528405945 -0.1563517785669215 1.067725627745415 0.1945962408492452 -0.1455834653463106
0.9955 0.909879894596422 -0.1046406937199407 -0.2143687926677482 1.041822212463244 0.1944495626009275 -0.1474363758534739
0.9956 0.910816133974397 -0.1036134716487111 -0.2711321854346564 1.012327778371237 0.1942689263203183 -0.1493780600090797
0.9957 0.9117645698032339 -0.1025714882981987 -0.3263847253016359 0.979226766516476 0.1940613105747944 -0.1513920313551661
0.9958 0.912725633033754 -0.101514216131019 -0.3798558713706723 0.942519500133419 0.1938182592892514 -0.1534956091018241
0.9959 0.913699780458215 -0.1004410959525683 -0.4312618814276806 0.902224182325822 0.1935399791174138 -0.1556918501502153
0.996 0.914687496934509 -0.0993515341920853 -0.4803060620047619 0.858379079685486 0.1932173207920961 -0.1579866530230844
0.9961 0.915689297862797 -0.09824489987588279 -0.5266791930061913 0.811044907531719 0.1928409987766963 -0.1603920260013889
0.9962 0.916705731950481 -0.0971205212490401 -0.5700601598730985 0.7603074134328263 0.1924171779132693 -0.1629032402680209
0.9963 0.917737384307631 -0.0959776819943083 -0.6101168383669821 0.7062801918406812 0.1919365745716887 -0.1655362631674345
0.9964 0.9187848799224499 -0.0948156169879132 -0.6465072754012304 0.6491077192104342 0.1913881745075429 -0.1682981298194159
0.9965 0.919848887575403 -0.0936335075209581 -0.6788812305514783 0.5889686416851171 0.1907811238776795 -0.1711884867277983
0.9966 0.920930124261597 -0.09243047590178639 -0.7068821390206685 0.5260792972932935 0.1900849795370772 -0.1742340254473131
0.9967 0.922029360204495 -0.0912055793383314 -0.730149581896257 0.4606974974340826 0.1892938327448953 -0.1774338393410329
0.9968 0.923147424560492 -0.0899578029794479 -0.748322358721221 0.3931265475298062 0.188402674739646 -0.180801758936179
0.9969 0.924285211934421 -0.0886860519693406 -0.7610422633942646 0.3237194985921654 0.1873929759846436 -0.1843550546359808
0.997 0.925443689851346 -0.0873891423384591 -0.7679587145492053 0.2528836117675299 0.1862612940233965 -0.1880991157873581
0.9971 0.926623907362029 -0.08606579051541489 -0.7687343785325593 0.1810849875498125 0.1849542144788962 -0.1920515170299376
0.9972 0.927827004999503 -0.08471460119582901 -0.7630519734430443 0.1088532971215499 0.1835217403270804 -0.1962386291971169
0.9973 0.929054226355333 -0.0833340532419776 -0.7506224815718876 0.03678652801080323 0.1818901831128309 -0.2006621656480345
0.9974 0.930306931609578 -0.0819224832077487 -0.7311950025003221 -0.03444439665573562 0.1800436113234676 -0.2053506164637636
0.9975 0.931586613432998 -0.0804780659808453 -0.7045685659095539 -0.1040913150894555 0.1779536636298034 -0.2103291141795215
0.9976 0.932894915790299 -0.07899879190049301 -0.6706062431478417 -0.1713251051251142 0.175577250833266 -0.2156169258520131
0.9977 0.934233656318319 -0.07748243953286423 -0.6292519631652111 -0.2352329196724455 0.1728712445061582 -0.2212414250918359
0.9978 0.935604853146239 -0.0759265430522322 -0.5805504986957954 -0.2948168924702937 0.1697935188213612 -0.2272382479176103
0.9979 0.93701075728473 -0.07432835286070714 -0.52467115709573 -0.3489950207621344 0.166275786965911 -0.2336309090161527
0.998 0.938453892065188 -0.07268478764989296 -0.4619357584565135 -0.3966052017747624 0.1622361525233498 -0.2404645978090686
0.9981 0.939937101599155 -0.07099237551489659 -0.3928515429545069 -0.436413764605533 0.1576064294109621 -0.2477902539752081
0.9982 0.941463610913434 -0.06924718089991856 -0.3181496520000885 -0.4671303513669136 0.1522185378839793 -0.2556025535970616
0.9983 0.94303710139226 -0.06744471297126459 -0.2388297527002194 -0.487431694934945 0.145986272927923 -0.2639972192062443
0.9984 0.944661806572448 -0.06557980929801882 -0.1562112031157414 -0.4959978466407481 0.1387191369588673 -0.2730024634802393
0.9985 0.946342635428206 -0.06364648618456277 -0.07199066109507656 -0.4915657656756959 0.1301857223010683 -0.2826637860150259
0.9986 0.94808533344094 -0.0616377431673034 0.01169486863146391 -0.4730071277077077 0.1201079734505002 -0.2930203959026987
0.9987 0.9498966966389381 -0.05954530325483986 0.092202343093469 -0.4394399177131639 0.108111550096647 -0.3040980890059737
0.9988 0.95178486157303 -0.05735926104661906 0.1663204714140728 -0.3903871513724022 0.09372838711951795 -0.315913462998073
0.9989 0.953759706971808 -0.05506759535169676 0.2302232949055325 -0.3260012305485675 0.07629939561085082 -0.3284007073380056
0.999 0.955833424573059 -0.05265547650794801 0.2794633490404911 -0.2473792330279472 0.05495273049050359 -0.3414183980600626