0.001 0.3737975223654098 -0.0889603145979108 0.1268592789792053 0.02041658250938302 -0.05031890909298941 -0.74663737550674
0.002 0.3739235040820081 -0.0889583030465638 0.1268160044063993 0.02051808028438336 -0.0503847507061243 -0.7466094737935047
0.003 0.3740496298572636 -0.0889562810082899 0.1267725960764676 0.02061967805760917 -0.05045050560057101 -0.7465814956245875
0.004 0.3741758999814527 -0.0889542484563851 0.1267290633515883 0.02072137307999408 -0.05051619590716995 -0.746553486363045
0.005 0.374302314745705 -0.0889522053640457 0.1266854013785369 0.02082316798987407 -0.05058180313928814 -0.7465254299399138
0.006 0.3744288744420059 -0.0889501517043676 0.1266416075083039 0.02092505935141452 -0.05064735027325507 -0.7464973063836739
0.007 0.3745555793632013 -0.0889480874503461 0.1265976817622648 0.02102704927069637 -0.05071281578447143 -0.7464691212554191
0.008 0.3746824298029991 -0.0889460125748754 0.1265536259448519 0.02112913348676537 -0.05077823218699003 -0.746440880778343
0.009 0.3748094260559742 -0.0889439270507479 0.1265094412335449 0.02123132148402648 -0.05084354812202787 -0.7464126065167549
0.01 0.374936568417571 -0.08894183085065401 0.1264651218710102 0.02133360493506228 -0.05090881316245464 -0.7463842590034356
0.011 0.3750638571841071 -0.0889397239471817 0.1264206731851712 0.02143598661465006 -0.05097400146941942 -0.7463558704567781
0.012 0.3751912926527766 -0.0889376063128157 0.1263760927692462 0.02153847111472386 -0.05103909257346311 -0.7463274348516541
0.013 0.3753188751216537 -0.0889354779199374 0.1263313716833452 0.0216410494599981 -0.05110412783856924 -0.7462988912450504
0.014 0.3754466048896961 -0.088933338740824 0.1262865277645611 0.02174373356196113 -0.05116906452339057 -0.746270362270273
0.015 0.3755744822567481 -0.0889311887476484 0.1262415443440204 0.02184650902425867 -0.05123397411007098 -0.7462417491081119
0.016 0.3757025075235447 -0.0889290279124786 0.1261964270772893 0.02194938683813471 -0.05129877267129832 -0.7462130705888358
0.017 0.3758306809917146 -0.0889268562072768 0.1261511759969347 0.02205236538692016 -0.05136348756584549 -0.7461843414785343
0.018 0.3759590029637844 -0.0889246736038998 0.1261057930624509 0.02215544226399361 -0.05142813558315924 -0.7461555722881513
0.019 0.3760874737431809 -0.0889224800740976 0.1260602707511643 0.022258619038311 -0.05149270154940552 -0.7461267524201679
0.02 0.3762160936342361 -0.0889202755895133 0.1260146163367261 0.02236189180954002 -0.05155721125926524 -0.7460978636574148
0.021 0.3763448629421895 -0.0889180601216828 0.1259688237688672 0.02246526040656102 -0.05162166417008939 -0.7460689006738889
0.022 0.3764737819731931 -0.0889158336420339 0.1259228953705111 0.02256874038768022 -0.05168594871322808 -0.7460398918190577
0.023 0.3766028510343132 -0.0889135961218861 0.1258768269753381 0.02267231062732213 -0.05175022784404078 -0.7460108058812162
0.024 0.3767320704335356 -0.0889113475324499 0.1258306220157855 0.02277598328366868 -0.05181441685324578 -0.7459816729028867
0.025 0.3768614404797687 -0.0889090878448265 0.1257842877109335 0.02287976170447958 -0.05187850380843009 -0.7459525369796197
0.026 0.3769909614828468 -0.0889068170300069 0.1257378062479817 0.02298363288799748 -0.05194252467776832 -0.7459232980108063
0.027 0.3771206337535343 -0.088904535058872 0.1256911919372258 0.02308760835057626 -0.05200646800168095 -0.7458940241811219
0.028 0.3772504576035292 -0.0889022419021914 0.1256444328687145 0.02319167804025726 -0.05207035473563603 -0.7458646518896418
0.029 0.3773804333454667 -0.0888999375306234 0.1255975365333033 0.02329584261357522 -0.05213419512141946 -0.7458352261581444
0.03 0.3775105612929229 -0.0888976219147143 0.1255505009847778 0.023400120091628 -0.05219788506154264 -0.7458057646889341
0.031 0.3776408417604192 -0.0888952950248978 0.1255033250050938 0.02350449127033628 -0.05226153225564778 -0.7457762341159279
0.032 0.377771275063425 -0.08889295683149449 0.1254560066064988 0.02360896598321355 -0.05232507886648666 -0.7457466404253774
0.033 0.3779018615183624 -0.0888906073047114 0.1254085494478949 0.02371353544735564 -0.0523885801413296 -0.7457169932086927
0.034 0.3780326014426096 -0.0888882464146415 0.1253609538650791 0.02381821212470373 -0.05245196893807338 -0.745687314891453
0.035 0.3781634951545044 -0.088885874131263 0.1253132123472724 0.02392298759955631 -0.05251527943991641 -0.745657550687819
0.036 0.378294542973349 -0.08888349042443899 0.1252653288883016 0.02402786325321085 -0.05257851388487917 -0.7456277307879735
0.037 0.3784257452194131 -0.0888810952639167 0.1252173016202114 0.02413283146714159 -0.05264171186047566 -0.7455978339285555
0.038 0.3785571022139378 -0.0888786886193272 0.1251691338513796 0.02423791289368909 -0.05270476316418383 -0.745567910692614
0.039 0.37868861427914 -0.0888762704601844 0.1251208209608689 0.02434308514627865 -0.05276778815749588 -0.7455379067216759
0.04 0.3788202817382155 -0.0888738407558853 0.1250723640203668 0.02444836093232208 -0.05283068569983347 -0.7455078434681626
0.041 0.3789521049153441 -0.0888713994757086 0.1250237605663805 0.02455373600788589 -0.0528935372157784 -0.7454777016114856
0.042 0.3790840841356925 -0.0888689465888144 0.1249750129932976 0.02465921611842292 -0.05295628302001321 -0.7454475172195247
0.043 0.3792162197254186 -0.0888664820642442 0.1249261211270524 0.02476479286223946 -0.05301897588194902 -0.745417273690631
0.044 0.379348512011676 -0.08886400587091919 0.1248770845748337 0.02487047810415195 -0.05308154503766062 -0.7453869869236398
0.045 0.3794809613226173 -0.088861517977641 0.1248278997995092 0.02497625894474408 -0.05314405707095837 -0.7453566221892265
0.046 0.3796135679873986 -0.0888590183530899 0.1247785671537115 0.02508213707484652 -0.05320651179947908 -0.7453261829620772
0.047 0.3797463323361834 -0.0888565069658253 0.1247290912851418 0.02518812807364417 -0.05326882438327395 -0.7452957233179187
0.048 0.3798792547001466 -0.0888539837842844 0.1246794617633983 0.02529421417982316 -0.05333108011922147 -0.7452651587177487
0.049 0.380012335411479 -0.0888514487767819 0.1246296889415584 0.0254003981868853 -0.05339328030069038 -0.7452345540010133
0.05 0.3801455748033908 -0.0888489019115094 0.1245797675745901 0.02550668770268572 -0.05345537144950732 -0.7452038979751126
0.051 0.3802789732101162 -0.0888463431565348 0.1245296949985255 0.02561307987122691 -0.05351737184919075 -0.7451731657583193
0.052 0.3804125309669177 -0.08884377247980201 0.1244794713255078 0.025719568005003 -0.05357931758177654 -0.7451423532165421
0.053 0.3805462484100895 -0.0888411898491295 0.1244291023637441 0.02582616199751304 -0.05364116295121623 -0.7451115114801025
0.054 0.380680125876963 -0.0888385952322106 0.1243785839090486 0.02593286539282513 -0.05370288241197942 -0.7450806251329611
0.055 0.3808141637059093 -0.0888359885966128 0.1243279087724488 0.02603966564952116 -0.05376453474119121 -0.7450496367590412
0.056 0.3809483622363455 -0.0888333699097764 0.1242770843846196 0.02614656055079625 -0.0538261490516876 -0.7450185878686089
0.057 0.3810827218087371 -0.0888307391390147 0.1242261094672395 0.02625355866231517 -0.05388767079633092 -0.7449874771226047
0.058 0.3812172427646034 -0.0888280962515131 0.1241749827237446 0.02636066138087565 -0.05394909396015251 -0.7449563136033663
0.059 0.3813519254465216 -0.0888254412143283 0.1241236990090649 0.02646786674508906 -0.05401042104345798 -0.744925063489327
0.06 0.3814867701981309 -0.0888227739943882 0.1240722664343051 0.0265751705646089 -0.05407169296560537 -0.7448937671290382
0.061 0.381621777364137 -0.08882009455849051 0.1240206802130422 0.02668258303525373 -0.05413283530244185 -0.7448624211149557
0.062 0.3817569472903165 -0.0888174028733029 0.1239689377467463 0.02679009114434333 -0.05419392944289921 -0.7448309857882216
0.063 0.3818922803235215 -0.0888146989053619 0.1239170416141796 0.02689770230415338 -0.05425493304013768 -0.7447994939935731
0.064 0.3820277768116836 -0.0888119826210723 0.1238649890485418 0.02700542689943233 -0.05431578453604857 -0.7447679456242872
0.065 0.3821634371038187 -0.0888092539867067 0.123812779912666 0.02711323730010148 -0.05437664597517185 -0.7447363063930734
0.066 0.3822992615500312 -0.0888065129684048 0.1237604211724585 0.0272211704382153 -0.05443731389039927 -0.7447046661598436
0.067 0.382435250501519 -0.0888037595321728 0.1237079017723987 0.02732918847873416 -0.05449798664527601 -0.7446729083344495
0.068 0.3825714043105772 -0.0888009936438822 0.1236552239111208 0.02743731574861477 -0.05455853194752235 -0.7446410884171324
0.069 0.3827077233306035 -0.0887982152692703 0.1236023870984108 0.02754554460054737 -0.05461899511384549 -0.7446091915038511
0.07 0.3828442079161023 -0.0887954243739385 0.1235493980767228 0.02765388003867192 -0.05467935595170332 -0.7445772700040543
0.071 0.3829808584226892 -0.08879262092335199 0.1234962462148157 0.02776231396956111 -0.05473964353092382 -0.7445452492338192
0.072 0.3831176752070958 -0.0887898048828392 0.1234429352402032 0.02787085492277607 -0.05479982033871408 -0.7445131689909108
0.073 0.3832546586271746 -0.0887869762175911 0.1233894665760733 0.02797949364750496 -0.05485993982990455 -0.7444810227682103
0.074 0.383391809041903 -0.0887841348926602 0.12333584093936 0.02808824073807117 -0.0549199445535007 -0.7444488361013387
0.075 0.3835291268113887 -0.0887812808729606 0.1232820475276601 0.02819708424847225 -0.05497988483196608 -0.7444165303351943
0.076 0.383666612296874 -0.0887784141232663 0.1232280970420821 0.02830602937043522 -0.05503975425361624 -0.7443841795501976
0.077 0.3838042658607403 -0.0887755346082115 0.123173983305213 0.02841508818922414 -0.05509946724821092 -0.7443517636679472
0.078 0.3839420878665136 -0.0887726422922894 0.1231197114132725 0.02852424810392542 -0.05515910882135071 -0.7443193007504709
0.079 0.3840800786788686 -0.0887697371398514 0.1230652753842485 0.02863350995251908 -0.05521866463096723 -0.7442867586037483
0.08 0.3842182386636339 -0.0887668191151069 0.1230106740469673 0.02874286526589751 -0.05527818139721658 -0.7442541163594281
0.081 0.3843565681877965 -0.0887638881821218 0.122955911547247 0.02885233911004184 -0.05533752736899119 -0.7442214452066868
0.082 0.384495067619507 -0.0887609443048189 0.122900986417348 0.02896191085610072 -0.05539681210028472 -0.7441887047890925
0.083 0.3846337373280844 -0.0887579874469762 0.1228458929883626 0.02907158312604059 -0.05545601681379651 -0.7441558690015966
0.084 0.3847725776840209 -0.0887550175722267 0.1227906415464454 0.02918136565318181 -0.05551510385362161 -0.7441230156911499
0.085 0.3849115890589866 -0.0887520346440575 0.122735216624526 0.02929124028635881 -0.05557414835267859 -0.744090028012145
0.086 0.3850507718258351 -0.0887490386258092 0.1226796274149469 0.02940122685541601 -0.05563305891460813 -0.7440569953346305
0.087 0.3851901263586082 -0.088746029480675 0.1226238717402277 0.02951131130729998 -0.05569190941071068 -0.744023881778674
0.088 0.3853296530325403 -0.0887430071717003 0.1225679539218653 0.02962150900348103 -0.05575062215866056 -0.7439907446312136
0.089 0.3854693522240646 -0.0887399716617816 0.1225118641912734 0.02973180486892755 -0.05580927207016696 -0.7439575028573962
0.09 0.3856092243108171 -0.0887369229136658 0.1224556068307348 0.02984220057685676 -0.05586784579385881 -0.743924186163953
0.091 0.3857492696716424 -0.0887338608899499 0.1223991788803007 0.02995270825867719 -0.05592627649069123 -0.7438908024564843
0.092 0.3858894886865984 -0.0887307855530797 0.1223425849518668 0.03006332038321262 -0.05598461720431029 -0.7438573678667008
0.093 0.3860298817369618 -0.0887276968653491 0.1222858191323157 0.03017403211185237 -0.05604288334174809 -0.7438238414186608
0.094 0.3861704492052327 -0.0887245947889 0.1222288820464574 0.03028485147842383 -0.0561010328440919 -0.7437902428433508
0.095 0.3863111914751406 -0.0887214792857207 0.1221717779399011 0.03039577642932651 -0.05615908900659057 -0.7437565969055944
0.096 0.3864521089316491 -0.0887183503176455 0.122114501105878 0.03050679347380991 -0.05621711416274778 -0.7437228503084428
0.097 0.3865932019609609 -0.0887152078463542 0.122057049841601 0.03061792403934434 -0.05627498773251573 -0.7436890317230706
0.098 0.386734470950524 -0.08871205183337071 0.1219994291380879 0.03072916298866058 -0.05633274661872353 -0.7436551680527995
0.099 0.3868759162890361 -0.0887088822400629 0.121941634716473 0.0308404952841885 -0.05639047168197908 -0.7436212034944192
0.1 0.3870175383664503 -0.0887056990276414 0.12188366878955 0.03095194241147056 -0.05644804452530203 -0.7435871979914341
0.101 0.3871593375739806 -0.0887025021571589 0.1218255270883137 0.03106348752528661 -0.05650555427231955 -0.7435530973859449
0.102 0.3873013143041072 -0.0886992915895096 0.1217672088142857 0.03117514507623509 -0.05656291788649204 -0.7435189312030394
0.103 0.3874434689505815 -0.0886960672854279 0.1217087181009704 0.03128690009328364 -0.05662023001038992 -0.7434846902904654
0.104 0.3875858019084326 -0.0886928292054884 0.1216500508350682 0.03139875640440787 -0.05667746801690317 -0.7434503578004665
0.105 0.3877283135739715 -0.0886895773101041 0.1215912065162737 0.03151072930068255 -0.05673453341873686 -0.7434159757753774
0.106 0.3878710043447977 -0.0886863115595264 0.1215321850725803 0.03162280189634081 -0.05679152862652116 -0.7433815082921212
0.107 0.3880138746198037 -0.088683031913844 0.1214729895548067 0.03173497736360798 -0.05684844285007226 -0.743346981703023
0.108 0.3881569247991818 -0.0886797383329819 0.1214136142336067 0.03184725489807932 -0.05690526904743609 -0.7433123641683586
0.109 0.3883001552844288 -0.0886764307767008 0.121354059649028 0.03195964286141582 -0.05696196224099924 -0.7432776791973484
0.11 0.3884435664783517 -0.0886731092045963 0.121294326802726 0.03207213166208253 -0.05701857884945794 -0.7432429055071901
0.111 0.3885871587850738 -0.0886697735760978 0.1212344136635067 0.03218473314328149 -0.05707505244280767 -0.7432080740633832
0.112 0.38873093261004 -0.0886664238504679 0.1211743192941126 0.03229743615858065 -0.05713144484286056 -0.7431731569662694
0.113 0.3888748883600227 -0.0886630599868017 0.1211140436854322 0.03241023892129469 -0.05718776719775827 -0.7431381494405794
0.114 0.3890190264431276 -0.0886596819440255 0.121053591637256 0.03252314786318871 -0.05724399804524452 -0.743103106627391
0.115 0.3891633472687991 -0.0886562896808962 0.1209929552710675 0.03263616851394158 -0.05730009378733943 -0.7430679662270038
0.116 0.389307851247827 -0.08865288315600039 0.1209321344962017 0.03274928706611517 -0.0573561137445893 -0.7430327089567836
0.117 0.389452538792351 -0.0886494623277536 0.1208711353577492 0.03286251760723172 -0.0574119873147397 -0.7429974171471031
0.118 0.389597410315868 -0.0886460271543993 0.1208099468169487 0.03297584467236343 -0.05746781276116641 -0.7429620185593158
0.119 0.3897424662332372 -0.088642577594008 0.1207485781675089 0.03308928384912054 -0.05752347867656114 -0.7429265695974009
0.12 0.3898877069606859 -0.0886391136044767 0.1206870216103913 0.03320282384984298 -0.05757908925423825 -0.7428910243182901
0.121 0.390033132915816 -0.08863563514352731 0.1206252801086398 0.03331647586959662 -0.05763455802648123 -0.7428554179027481
0.122 0.39017874451761 -0.0886321421687065 0.1205633563313673 0.03343022788485764 -0.05768993146794518 -0.7428197596000444
0.123 0.3903245421864363 -0.0886286346373844 0.1205012447529726 0.03354408941993343 -0.05774521020925937 -0.7427840070657128
0.124 0.3904705263440563 -0.0886251125067535 0.1204389430484507 0.03365805698977198 -0.05780037678505866 -0.7427481615160814
0.125 0.3906166974136296 -0.0886215757338285 0.1203764543250494 0.03377212980720912 -0.05785544269569219 -0.7427122397482504
0.126 0.390763055819721 -0.0886180242754446 0.1203137811741279 0.03388630397699425 -0.05791041558503225 -0.7426762845573235
0.127 0.3909096019883059 -0.0886144580882569 0.1202509154191864 0.03400058773900541 -0.05796527622200209 -0.742640203886202
0.128 0.3910563363467767 -0.0886108771287395 0.1201878590785649 0.03411497725737052 -0.05802002855396678 -0.7426040371513721
0.129 0.3912032593239497 -0.0886072813531845 0.1201246142265411 0.03422946805953991 -0.05807470389909992 -0.7425677903148604
0.13 0.3913503713500702 -0.0886036707177012 0.1200611834497882 0.03434407117930498 -0.05812924643893567 -0.7425315034589858
0.131 0.39149767285682 -0.088600045178215 0.1199975553319709 0.03445877634733771 -0.05818369281287739 -0.7424951386603783
0.132 0.3916451642773228 -0.0885964046904662 0.1199337352320517 0.03457358674061321 -0.05823803599128214 -0.7424586497722471
0.133 0.3917928460461512 -0.0885927492100099 0.1198697237406135 0.03468850299654931 -0.05829226660363016 -0.7424220788373376
0.134 0.391940718599333 -0.088589078692214 0.119805519233371 0.03480352296247545 -0.05834641543923047 -0.7423854248077034
0.135 0.3920887823743572 -0.0885853930922588 0.1197411207035951 0.03491865597206292 -0.05840041439471233 -0.7423487066187267
0.136 0.3922370378101811 -0.0885816923651362 0.1196765297262769 0.03503389009674663 -0.05845433609314033 -0.7423119089013756
0.137 0.3923854853472365 -0.0885779764656482 0.1196117402850318 0.03514923537135295 -0.05850813601307104 -0.7422750582160692
0.138 0.3925341254274363 -0.0885742453484062 0.1195467565849429 0.03526467884442489 -0.05856185412958784 -0.7422380760528986
0.139 0.3926829584941811 -0.0885704989678299 0.1194815770356557 0.03538024038480398 -0.05861539884810092 -0.7422010410053767
0.14 0.3928319849923657 -0.0885667372781467 0.1194161994585471 0.03549589724238532 -0.05866889135517344 -0.7421638930862701
0.141 0.3929812053683863 -0.0885629602333901 0.1193506254367761 0.03561166716196889 -0.05872224056437188 -0.7421266837550767
0.142 0.3931306200701463 -0.088559167787399 0.1192848526327281 0.03572753717974502 -0.05877551308633325 -0.7420893747099823
0.143 0.3932802295470639 -0.0885553598938167 0.1192188805981849 0.03584351616274114 -0.05882869321528898 -0.7420520095732511
0.144 0.3934300342500785 -0.0885515365060897 0.1191527098783112 0.03595959602659222 -0.05888176164644094 -0.7420145304205396
0.145 0.3935800346316575 -0.088547697577467 0.1190863382915303 0.03607578992644389 -0.05893467868999629 -0.7419769785200317
0.146 0.393730231145803 -0.0885438430609987 0.1190197669151436 0.0361920822352837 -0.0589875086749317 -0.7419393258301389
0.147 0.3938806242480593 -0.0885399729095352 0.1189529894531051 0.03630849328758473 -0.05904016204519572 -0.7419016101081443
0.148 0.3940312143955191 -0.0885360870757259 0.1188860158997972 0.03642500234894024 -0.05909278008038188 -0.7418638310468165
0.149 0.394182002046831 -0.0885321855120187 0.1188188357819862 0.03654161724862762 -0.05914527152518061 -0.7418259163352546
0.15 0.3943329876622061 -0.08852826817065799 0.1187514544867736 0.03665834205552342 -0.0591976950823074 -0.7417879597510344
0.151 0.3944841717034256 -0.0885243350036846 0.1186838654940294 0.03677517182207138 -0.05924994760846095 -0.7417498742182007
0.152 0.3946355546338471 -0.0885203859629341 0.1186160771643009 0.03689211140640913 -0.05930208137503641 -0.7417117404498
0.153 0.3947871369184126 -0.0885164210000358 0.1185480809071754 0.03700914985658104 -0.05935416761007268 -0.741673482233577
0.154 0.3949389190236549 -0.0885124400664119 0.118479878204131 0.03712630193027411 -0.05940607064059722 -0.7416351563499025
0.155 0.3950909014177055 -0.08850844311327601 0.1184114702786661 0.03724355474758515 -0.05945789683942508 -0.7415967381132292
0.156 0.3952430845703012 -0.0885044300916325 0.1183428524947546 0.0373609173901187 -0.05950958583616115 -0.741558225716895
0.157 0.3953954689527919 -0.0885004009522751 0.1182740272691534 0.03747838935182837 -0.05956120080093334 -0.7415196179275541
0.158 0.3955480550381478 -0.0884963556457857 0.1182049942720473 0.03759596019534527 -0.05961269121872623 -0.741480928741896
0.159 0.3957008433009662 -0.0884922941225335 0.1181357535627581 0.03771364033979553 -0.05966405728733394 -0.7414421649141997
0.16 0.3958538342174802 -0.0884882163326738 0.1180662998808499 0.03783142830594667 -0.05971529440500681 -0.7414033005807049
0.161 0.3960070282655647 -0.0884841222261466 0.1179966342913749 0.03794932857693711 -0.05976638217356669 -0.7413643481705954
0.162 0.3961604259247449 -0.0884800117526759 0.1179267587684462 0.03806732766459716 -0.0598174109716884 -0.7413252638078541
0.163 0.3963140276762036 -0.0884758848617681 0.1178566725169621 0.03818544047047503 -0.05986830144416203 -0.7412861428261448
0.164 0.3964678340027884 -0.0884717415027113 0.1177863710089418 0.03830365188263047 -0.05991909263597676 -0.7412469068425351
0.165 0.39662184538902 -0.08846758162457349 0.1177158584026301 0.03842197361176902 -0.0599697523460605 -0.7412076048965556
0.166 0.3967760623210992 -0.0884634051762021 0.1176451296067822 0.03854040316269128 -0.06002028366879664 -0.741168201585115
0.167 0.3969304852869151 -0.0884592121062223 0.1175741850392557 0.03865893855747422 -0.06007070089626404 -0.7411286995741305
0.168 0.3970851147760527 -0.0884550023630362 0.1175030267621008 0.03877758010965195 -0.06012100221499896 -0.7410890823514473
0.169 0.3972399512798006 -0.0884507758948212 0.1174316529453237 0.03889632915778967 -0.0601712128932214 -0.7410493987119527
0.17 0.3973949952911589 -0.0884465326495291 0.117360061782671 0.03901518593019405 -0.06022127597963225 -0.7410096388485366
0.171 0.3975502473048472 -0.0884422725748849 0.1172882472571958 0.03913415111098312 -0.06027119677697821 -0.7409697539260238
0.172 0.3977057078173128 -0.0884379956183853 0.1172162175786106 0.03925322237656045 -0.06032101140153144 -0.740929797436273
0.173 0.3978613773267378 -0.0884337017272979 0.1171439707195897 0.03937239251273708 -0.06037076077071834 -0.740889727076265
0.174 0.398017256333048 -0.0884293908486594 0.1170715032468812 0.03949167791867133 -0.06042031731836729 -0.7408495676214633
0.175 0.3981733453379206 -0.0884250629292751 0.1169988127881773 0.03961106961733332 -0.06046976595653684 -0.7408093261515712
0.176 0.3983296448447927 -0.0884207179157168 0.1169259030342406 0.03973056447965239 -0.06051911485007479 -0.7407689954779238
0.177 0.3984861553588686 -0.0884163557543222 0.1168527708343995 0.0398501677183738 -0.06056834894446885 -0.7407285601680155
0.178 0.398642877387129 -0.0884119763911934 0.1167794163594974 0.03996987460052365 -0.06061747286128102 -0.7406880358899617
0.179 0.3987998114383389 -0.0884075797721955 0.1167058350254227 0.04008969243083662 -0.06066644775027505 -0.7406474083065875
0.18 0.3989569580230554 -0.0884031658429555 0.1166320301440931 0.04020962300931231 -0.06071527123042846 -0.7406066986444774
0.181 0.3991143176536372 -0.0883987345488608 0.1165580026373642 0.04032965563606716 -0.06076397277029447 -0.7405658863771947
0.182 0.3992718908442519 -0.0883942858350582 0.1164837483887273 0.04044978863293156 -0.06081261313283146 -0.740524969088203
0.183 0.3994296781108851 -0.0883898196464524 0.1164092681818289 0.04057003341369024 -0.0608611070995738 -0.7404839660282407
0.184 0.3995876799713486 -0.0883853359277045 0.116334560216959 0.04069038376161409 -0.0609094821390194 -0.7404428622938324
0.185 0.399745896945289 -0.0883808346232311 0.1162596253897312 0.0408108394398864 -0.06095774475922014 -0.7404016623370155
0.186 0.3999043295541968 -0.0883763156772026 0.1161844563621546 0.04093140301455128 -0.06100586291718795 -0.7403603423762348
0.187 0.4000629783214142 -0.0883717790335419 0.1161090611329366 0.04105207589509253 -0.06105383013020261 -0.7403189301877481
0.188 0.4002218437721446 -0.0883672246359235 0.1160334366589275 0.04117285443810788 -0.06110169081081661 -0.7402774514709871
0.189 0.4003809264334606 -0.0883626524277713 0.115957577968664 0.04129374530619411 -0.06114939976889854 -0.7402358600941615
0.19 0.4005402268343137 -0.0883580623522578 0.1158814898642003 0.04141473174305222 -0.06119704986945206 -0.7401941556266219
0.191 0.4006997455055425 -0.0883534543523029 0.1158051711793804 0.04153583370600619 -0.06124453224923225 -0.740152382973953
0.192 0.4008594829798816 -0.08834882837057199 0.115728609963607 0.04165704226379919 -0.06129186820059114 -0.7401104431815131
0.193 0.4010194397919713 -0.0883441843494746 0.1156518272183979 0.04177835117044322 -0.06133911765782091 -0.7400684749122026
0.194 0.4011796164783656 -0.0883395222311635 0.1155748010230487 0.04189977421057106 -0.0613862034788444 -0.7400263780524601
0.195 0.4013400135775421 -0.0883348419575329 0.1154975410743825 0.04202129767622889 -0.06143320115780082 -0.7399841759334313
0.196 0.4015006316299107 -0.0883301434702168 0.1154200428757657 0.042142933243066 -0.06148003760631411 -0.739941876638906
0.197 0.401661471177823 -0.0883254267105881 0.1153423122166435 0.04226467036519672 -0.06152678851913661 -0.7398994859805529
0.198 0.4018225327655814 -0.0883206916197568 0.115264339817572 0.04238651393073829 -0.06157340748567894 -0.7398569884891276
0.199 0.4019838169394482 -0.0883159381385684 0.115186127552618 0.04250846631753283 -0.06161986018039603 -0.7398143838639668
0.2 0.4021453242476555 -0.088311166207603 0.1151076767040735 0.04263052968896598 -0.06166617739905652 -0.7397716635824858
0.201 0.4023070552404143 -0.0883063757671734 0.1150289833909646 0.04275269721729943 -0.06171237678771482 -0.739728845032356
0.202 0.4024690104699236 -0.0883015667573233 0.1149500493144649 0.0428749691457872 -0.06175846125954022 -0.739685919939121
0.203 0.4026311904903806 -0.0882967391178267 0.1148708778334075 0.042997343553201 -0.06180443742012431 -0.739642913089503
0.204 0.4027935958579898 -0.0882918927881857 0.1147914584456333 0.04311983196831248 -0.06185024087952178 -0.7395997871087866
0.205 0.4029562271309727 -0.0882870277076291 0.1147117967839871 0.04324242500259087 -0.0618959295793086 -0.7395565615612652
0.206 0.4031190848695777 -0.0882821438151109 0.1146318911081682 0.04336512219152887 -0.06194149894288696 -0.7395132253107192
0.207 0.4032821696360897 -0.0882772410493091 0.1145517346499222 0.04348792939908638 -0.06198689522835644 -0.7394697688014256
0.208 0.4034454819948397 -0.0882723193486236 0.1144713397558276 0.04361083827204243 -0.06203220577170369 -0.7394262112633336
0.209 0.4036090225122149 -0.0882673786511748 0.11439069470795 0.04373385519272755 -0.06207737580886007 -0.7393825549102443
0.21 0.403772791756669 -0.08826241889480251 0.1143097993437442 0.04385698427130373 -0.06212238190438533 -0.7393388076925458
0.211 0.4039367902987311 -0.0882574400170637 0.1142286573704482 0.0439802160545598 -0.06216726803297077 -0.739294949408155
0.212 0.4041010187110171 -0.0882524419552313 0.1141472640883266 0.04410355771944134 -0.06221200264084674 -0.7392509753680316
0.213 0.4042654775682385 -0.0882474246462926 0.1140656202088785 0.04422700000597678 -0.06225662931999223 -0.7392068791142738
0.214 0.4044301674472135 -0.0882423880269473 0.1139837279138251 0.04435054630897914 -0.06230114322064646 -0.7391626868434949
0.215 0.4045950889268769 -0.0882373320336065 0.1139015827552265 0.04447420231258183 -0.06234550168177998 -0.7391183889970996
0.216 0.4047602425882905 -0.0882322566023904 0.1138191829814534 0.0445979662944487 -0.06238970881638127 -0.7390739791154819
0.217 0.404925629014653 -0.0882271616691272 0.1137365294798335 0.04472183520234599 -0.06243377402997966 -0.7390294440991056
0.218 0.4050912487913109 -0.088222047169351 0.1136536205490956 0.04484581314755698 -0.06247770420649075 -0.7389848129212235
0.219 0.4052571025057692 -0.0882169130383004 0.1135704556363268 0.04496989294178782 -0.06252152072081468 -0.7389400576709543
0.22 0.405423190747701 -0.0882117592109169 0.1134870361114406 0.04509407931857684 -0.06256520110916508 -0.7388952018730512
0.221 0.4055895141089588 -0.088206585621843 0.1134033580647124 0.04521837505051028 -0.06260872317011841 -0.7388502377943816
0.222 0.4057560731835853 -0.0882013922054206 0.1133194232512106 0.04534277114570914 -0.06265213546135173 -0.7388051671090018
0.223 0.4059228685678239 -0.0881961788956891 0.113235227832927 0.04546727617966057 -0.06269539420187942 -0.7387599750909192
0.224 0.406089900860129 -0.0881909456263842 0.1131507750534835 0.04559188654902996 -0.06273854170275266 -0.7387146888061098
0.225 0.4062571706611777 -0.0881856923309355 0.1130660552285935 0.04571660796152085 -0.06278149104557463 -0.7386692597496241
0.226 0.4064246785738805 -0.0881804189424652 0.1129810753105711 0.04584142893217705 -0.06282432569992602 -0.7386236996555404
0.227 0.4065924252033919 -0.0881751253937862 0.1128958401530976 0.04596635534249597 -0.06286705579592554 -0.7385780745969025
0.228 0.4067604111571217 -0.0881698116174004 0.1128103355185807 0.0460913937625938 -0.06290959537333388 -0.7385323204362267
0.229 0.4069286370447466 -0.0881644775454967 0.1127245657568297 0.04621653384732454 -0.06295201009285797 -0.7384864543466272
0.23 0.4070971034782201 -0.0881591231099496 0.1126385294141742 0.04634178259122663 -0.06299426850067547 -0.7384404577080526
0.231 0.4072658110717857 -0.0881537482423169 0.1125522314794858 0.04646713057016406 -0.06303643502007257 -0.7383943514856703
0.232 0.4074347604419866 -0.0881483528738383 0.1124656625765911 0.04659258805341259 -0.06307842481761487 -0.7383481148564263
0.233 0.4076039522076777 -0.0881429369354333 0.1123788306260961 0.04671814143011953 -0.06312033855808752 -0.7383017684317481
0.234 0.4077733869900372 -0.0881375003576997 0.1122917234396205 0.04684381283787133 -0.06316201037614898 -0.7382553063515382
0.235 0.407943065412578 -0.0881320430709112 0.1122043485582655 0.04696958763385667 -0.06320356777293512 -0.7382087319475943
0.236 0.4081129881011594 -0.0881265650050159 0.1121167034914004 0.04709546306335406 -0.06324501078021459 -0.7381620316665664
0.237 0.4082831556839988 -0.0881210660896347 0.1120287822543658 0.04722145388893742 -0.06328624322579412 -0.7381152355129256
0.238 0.4084535687916832 -0.0881155462540584 0.1119405942124055 0.04734753499911859 -0.0633274276318065 -0.7380682937817929
0.239 0.4086242280571815 -0.0881100054272471 0.1118521290599336 0.04747373294540908 -0.06336839091868429 -0.7380212470471771
0.24 0.4087951341158563 -0.0881044435378272 0.1117633893776082 0.04760002749340598 -0.06340924855185476 -0.7379740556926393
0.241 0.4089662876054755 -0.0880988605140901 0.1116743752064234 0.04772643152431652 -0.06344996859900249 -0.7379267664510501
0.242 0.4091376891662245 -0.0880932562839901 0.1115850792784756 0.04785294098041843 -0.06349050421812533 -0.737879329003994
0.243 0.4093093394407191 -0.08808763077514201 0.1114955137338887 0.04797955641415829 -0.0635309116996481 -0.7378318201404067
0.244 0.4094812390740167 -0.08808198391482 0.1114056683659516 0.04810626945127076 -0.0635712081972519 -0.7377841574709421
0.245 0.4096533887136289 -0.0880763156299548 0.1113155375176629 0.0482330978767567 -0.06361127466761599 -0.7377363714275674
0.246 0.4098257890095343 -0.0880706258471323 0.1112251259868612 0.04836002461512398 -0.06365123651161249 -0.7376884584007453
0.247 0.4099984406141904 -0.088064914492591 0.1111344390054269 0.04848705210187543 -0.06369108135590042 -0.7376404283720829
0.248 0.4101713441825465 -0.0880591814922205 0.1110434688254553 0.04861419132787014 -0.0637307495784376 -0.737592282013042
0.249 0.4103445003720561 -0.0880534267715593 0.110952215319518 0.04874143085428601 -0.06377027502299308 -0.7375440116020514
0.25 0.4105179098426898 -0.0880476502557922 0.1108606759924442 0.04886877559098636 -0.06380964492247447 -0.7374956146222761
0.251 0.4106915732569475 -0.0880418518697491 0.11076884907743 0.04899622417422995 -0.0638488609530391 -0.7374470741219523
0.252 0.4108654912798722 -0.0880360315379023 0.1106767400235413 0.04912377312308646 -0.06388795640910022 -0.737398418356025
0.253 0.4110396645790621 -0.0880301891843646 0.110584342802734 0.04925143044053064 -0.06392687832956785 -0.7373496471166651
0.254 0.4112140938246838 -0.0880243247328873 0.1104916560391216 0.04937918909037999 -0.06396564949822958 -0.7373007372630419
0.255 0.4113887796894859 -0.0880184381068576 0.1103986782435962 0.04950705737935731 -0.06400425096804318 -0.7372517180965526
0.256 0.4115637228488114 -0.0880125292292972 0.1103054117215581 0.04963502290857066 -0.0640427320094409 -0.7372025487800858
0.257 0.4117389239806117 -0.0880065980228592 0.1102118534622796 0.0497630934739306 -0.06408105213375755 -0.7371532528197744
0.258 0.4119143837654594 -0.0880006444098271 0.1101180054534472 0.04989126406794359 -0.06411926027779101 -0.7371038289782473
0.259 0.4120901028865618 -0.0879946683121112 0.1100238566053894 0.05001955071707284 -0.06415721972335425 -0.7370542684383524
0.26 0.4122660820297749 -0.0879886696512476 0.1099294200091565 0.0501479316011965 -0.06419508649893221 -0.7370045957183835
0.261 0.4124423218836163 -0.0879826483483954 0.1098346847565393 0.05027641735224329 -0.06423278048492444 -0.7369547823220398
0.262 0.4126188231392793 -0.0879766043243345 0.1097396554744996 0.05040500548406374 -0.06427033246528914 -0.7369048469613864
0.263 0.4127955864906469 -0.0879705374994636 0.1096443305739254 0.05053369363394776 -0.06430776256094541 -0.736854802777058
0.264 0.4129726126343051 -0.0879644477937973 0.109548697693153 0.05066249051450495 -0.06434496680171212 -0.7368045712401713
0.265 0.4131499022695574 -0.0879583351269646 0.1094527735784274 0.05079138273180575 -0.06438208002600254 -0.7367542329442644
0.266 0.4133274560984384 -0.08795219941820601 0.109356546046954 0.05092038289835323 -0.06441900110289767 -0.7367037641895426
0.267 0.413505274825728 -0.08794604058637159 0.1092600138681019 0.05104948871802893 -0.06445574346397072 -0.736653158050711
0.268 0.4136833591589663 -0.0879398585499184 0.109163181606696 0.05117869115269493 -0.06449236749607802 -0.7366024136278047
0.269 0.4138617098084667 -0.0879336532269082 0.1090660445847266 0.05130799752301378 -0.06452883267929669 -0.7365515307169036
0.27 0.4140403274873318 -0.087927424535005 0.1089686032348797 0.05143740562460735 -0.0645651377430802 -0.7365005499915755
0.271 0.4142192129114662 -0.087921172391473 0.108870855272668 0.05156691887445536 -0.06460126168028846 -0.7364494097672389
0.272 0.4143983667995927 -0.0879148967131735 0.1087727997432218 0.05169653122372065 -0.06463724138668859 -0.7363981231120314
0.273 0.414577789873266 -0.0879085974165633 0.1086744344769851 0.05182624677570182 -0.06467304914720721 -0.7363466960942993
0.274 0.414757482856888 -0.0879022744176917 0.1085757640581283 0.05195605964374785 -0.06470873656372271 -0.7362951422736265
0.275 0.4149374464777225 -0.0878959276321981 0.1084767788041797 0.05208597952270948 -0.0647442128326008 -0.7362434494113001
0.276 0.4151176814659098 -0.0878895569753098 0.1083774827519444 0.05221600199498379 -0.06477953226182956 -0.7361916203832631
0.277 0.4152981885544827 -0.0878831623618392 0.1082778773875732 0.05234612017260981 -0.06481473107471554 -0.7361396539270192
0.278 0.4154789684793808 -0.0878767437061813 0.1081779567082744 0.05247634316543014 -0.06484974999726686 -0.7360875456285088
0.279 0.4156600219794662 -0.0878703009223117 0.1080777170990088 0.05260666572858891 -0.06488459576949995 -0.73603527526617
0.28 0.4158413497965389 -0.087863833923783 0.1079771634567084 0.05273709047922543 -0.06491928035167521 -0.7359828777463711
0.281 0.4160229526753522 -0.0878573426237234 0.1078762957249984 0.05286761503479362 -0.0649538166379556 -0.7359303537515758
0.282 0.4162048313636282 -0.0878508269348332 0.1077751052681251 0.05299824096052316 -0.06498817723041368 -0.7358776703167491
0.283 0.4163869866120736 -0.0878442867693827 0.1076735981606222 0.05312896521633941 -0.06502238960665258 -0.7358248557023488
0.284 0.4165694191743957 -0.0878377220392095 0.1075717664855814 0.05325979284296347 -0.06505641772288022 -0.7357718704473259
0.285 0.4167521298073177 -0.0878311326557156 0.107469614630856 0.05339072213167415 -0.06509026642407307 -0.7357187582790292
0.286 0.4169351192705953 -0.0878245185298649 0.1073671421600259 0.05352174677076134 -0.0651239753426421 -0.7356655013532583
0.287 0.4171183883270327 -0.0878178795721808 0.1072643429072887 0.05365287346718479 -0.06515750742621993 -0.7356120986560741
0.288 0.4173019377424984 -0.0878112156927431 0.1071612190512188 0.05378409986164573 -0.06519086394511633 -0.7355585552252113
0.289 0.4174857682859418 -0.087804526801185 0.1070577689526053 0.05391542492651245 -0.06522407077876918 -0.73550486047597
0.29 0.4176698807294104 -0.0877978128066914 0.1069539906786348 0.05404685134598219 -0.06525709664216503 -0.7354510395955566
0.291 0.4178542758480646 -0.087791073617995 0.1068498836816425 0.05417837617583341 -0.06528998318371154 -0.7353970627730306
0.292 0.4180389544201957 -0.0877843091433743 0.1067454492588212 0.05430999849051055 -0.06532267442740743 -0.7353429372687893
0.293 0.4182239172272427 -0.0877775192906504 0.1066406778632722 0.05444172054699871 -0.06535519558199955 -0.7352886374139338
0.294 0.4184091650538084 -0.0877707039671841 0.1065355789499263 0.05457354143711896 -0.06538755990390985 -0.7352342168284351
0.295 0.418594698687677 -0.08776386307987349 0.106430142148375 0.05470546327694807 -0.06541974963640243 -0.7351796370431218
0.296 0.4187805189198307 -0.0877569965351507 0.1063243755271524 0.05483747891535434 -0.0654517706848101 -0.7351249244619242
0.297 0.4189666265444673 -0.0877501042389789 0.1062182699172887 0.05496959457344385 -0.06548362416422689 -0.735070035673397
0.298 0.4191530223590177 -0.08774318609685 0.1061118218414291 0.05510181288049577 -0.06551526416437554 -0.7350149826221092
0.299 0.4193397071641628 -0.0877362420137812 0.106005044508775 0.05523412281909881 -0.0655467957032244 -0.7349598099912845
0.3 0.4195266817638515 -0.087729271894312 0.1058979226886863 0.05536653199252894 -0.06557813153276523 -0.7349044641667246
0.301 0.4197139469653181 -0.0877222756425015 0.1057904606109052 0.05549903802647897 -0.06560931782419924 -0.7348489639061951
0.302 0.4199015035791004 -0.0877152531619252 0.105682655283497 0.05563164565131002 -0.06564028979134097 -0.7347933219986535
0.303 0.4200893524190573 -0.0877082043556724 0.1055745077443079 0.05576434729429261 -0.0656711042651982 -0.7347375374341286
0.304 0.4202774943023873 -0.0877011291263423 0.1054660160068149 0.05589714316421434 -0.06570176436526842 -0.7346815758691539
0.305 0.4204659300496462 -0.0876940273760418 0.1053571764232823 0.05603003802675568 -0.06573223544071273 -0.7346254693236799
0.306 0.4206546604847653 -0.087686899006382 0.1052479904275223 0.05616303151395296 -0.06576252315337902 -0.7345692076864389
0.307 0.420843686435071 -0.0876797439184752 0.105138453567354 0.0562961181308164 -0.065792639950514 -0.7345127636069596
0.308 0.4210330087313013 -0.0876725620129313 0.1050285649682003 0.05642930478358368 -0.06582255160484055 -0.7344561680804013
0.309 0.4212226282076265 -0.0876653531898557 0.1049183309848265 0.0565625834441035 -0.06585234277153547 -0.7343994132076171
0.31 0.4214125457016667 -0.0876581173488451 0.1048077455253391 0.05669595576761579 -0.06588195684057931 -0.7343425107640025
0.311 0.4216027620545114 -0.0876508543889845 0.1046968003986011 0.05682942945810509 -0.06591134241806557 -0.7342854700647864
0.312 0.4217932781107382 -0.0876435642088445 0.1045854993934568 0.05696299429795388 -0.06594056926924068 -0.7342282093142174
0.313 0.4219840947184318 -0.0876362467064776 0.1044738510452266 0.05709665241194126 -0.06596966455157408 -0.7341708405010908
0.314 0.4221752127292043 -0.0876289017794146 0.1043618360358711 0.05723041341130418 -0.06599850294931129 -0.7341132940004757
0.315 0.4223666329982133 -0.087621529324662 0.1042494641204661 0.05736426307252156 -0.06602719673655924 -0.7340555690783203
0.316 0.4225583563841825 -0.0876141292386985 0.1041367327724241 0.05749820807552615 -0.06605570533857687 -0.733997689309603
0.317 0.422750383749421 -0.08760670141747109 0.1040236400176277 0.05763224720283912 -0.06608403758436694 -0.7339396476127201
0.318 0.4229427159598434 -0.0875992457563923 0.1039101842398475 0.05776637977364364 -0.06611222145801627 -0.7338814337930528
0.319 0.4231353538849895 -0.0875917621503366 0.1037963639827655 0.05790060497508629 -0.06614020616514805 -0.7338230624145406
0.32 0.4233282983980444 -0.0875842504936367 0.1036821781988674 0.05803492430912006 -0.06616801011194482 -0.7337645298767968
0.321 0.4235215503758592 -0.0875767106800806 0.1035676221820893 0.05816933860662477 -0.06619559840275996 -0.7337058131163161
0.322 0.4237151106989712 -0.0875691426029075 0.103452700942115 0.05830384327589674 -0.06622302698946412 -0.7336469384107347
0.323 0.4239089802516242 -0.0875615461548049 0.1033374091400524 0.05843844216852666 -0.06625025548095632 -0.7335878995107582
0.324 0.4241031599217898 -0.0875539212279045 0.1032217467896668 0.05857313282477827 -0.06627731319542833 -0.733528685115823
0.325 0.4242976506011874 -0.0875462677137791 0.1031057071259769 0.05870791582479579 -0.06630416479270003 -0.7334692683198212
0.326 0.424492453185306 -0.0875385855034386 0.1029892965364679 0.05884278984533411 -0.06633085835418542 -0.7334097007583606
0.327 0.4246875685734248 -0.0875308744873267 0.1028725152419762 0.05897775477779044 -0.06635737799488934 -0.733349989013707
0.328 0.4248829976686352 -0.0875231345553172 0.1027553496312495 0.05911281474215855 -0.06638366201211307 -0.7332900760325729
0.329 0.425078741377861 -0.0875153655967099 0.1026378073470632 0.0592479636161339 -0.06640978325686342 -0.7332299912285457
0.33 0.4252748006118813 -0.0875075675002276 0.1025198904251392 0.05938320035642062 -0.06643574783994205 -0.7331697511432019
0.331 0.4254711762853512 -0.0874997401540118 0.102401586860335 0.05951853296520113 -0.06646148572211187 -0.733109327494306
0.332 0.4256678693168246 -0.0874918834456192 0.1022829059285123 0.0596539492306797 -0.06648708722243933 -0.7330487084241625
0.333 0.4258648806287757 -0.0874839972620177 0.102163832240208 0.05978946155912226 -0.06651243153666959 -0.7329879034375233
0.334 0.4260622111476209 -0.0874760814895829 0.1020443784939987 0.05992506056231367 -0.0665376164020905 -0.7329269523392876
0.335 0.4262598618037422 -0.0874681360140939 0.1019245394032076 0.06006075014640047 -0.06656262644858209 -0.7328658373213162
0.336 0.4264578335315086 -0.0874601607207296 0.1018043087320214 0.0601965257834634 -0.06658742954716149 -0.7328045118804201
0.337 0.4266561272692995 -0.0874521554940647 0.1016836904299387 0.06033239415207316 -0.06661203547160217 -0.7327430331627397
0.338 0.4268547439595273 -0.0874441202180661 0.1015626776915861 0.06046835005088043 -0.06663644207960583 -0.732681353792237
0.339 0.4270536845486604 -0.0874360547760882 0.1014412766873796 0.06060438993403761 -0.06666069667152326 -0.7326195043185649
0.34 0.4272529499872465 -0.0874279590508695 0.1013194796004796 0.06074052213751923 -0.06668472596475164 -0.7325574778384924
0.341 0.4274525412299353 -0.0874198329245285 0.1011972815713635 0.06087674152325981 -0.06670854807515443 -0.7324952312366058
0.342 0.4276524592355034 -0.0874116762785595 0.1010746951895064 0.0610130444332114 -0.06673223334071095 -0.7324328448656796
0.343 0.4278527049668763 -0.0874034889938282 0.1009517046300108 0.06114944086980611 -0.06675565789734119 -0.7323702788527992
0.344 0.4280532793911535 -0.0873952709505683 0.1008283107892964 0.0612859194265562 -0.06677890775339627 -0.7323074918559931
0.345 0.4282541834796318 -0.0873870220283766 0.1007045194464339 0.06142248382094632 -0.06680199392508882 -0.7322445362979349
0.346 0.4284554182078298 -0.0873787421062092 0.1005803228378434 0.06155913544068881 -0.06682486508429505 -0.7321814169292641
0.347 0.4286569845555125 -0.0873704310623771 0.100455724098962 0.06169587133648079 -0.06684754498041634 -0.7321180919380852
0.348 0.4288588835067147 -0.0873620887745422 0.1003307146926092 0.06183269433643856 -0.06687000355360602 -0.7320545702935731
0.349 0.4290611160497674 -0.0873537151197126 0.1002053020393797 0.06196960146763698 -0.06689229312319921 -0.7319908804276271
0.35 0.4292636831773215 -0.0873453099742386 0.1000794760484976 0.06210658938588986 -0.06691438825121875 -0.7319269688639638
0.351 0.429466585886373 -0.08733687321380811 0.0999532369920616 0.06224366794763114 -0.06693623956534954 -0.7318628929311205
0.352 0.4296698251782886 -0.0873284047134423 0.0998265889300002 0.0623808271554039 -0.06695792375115709 -0.7317986269439344
0.353 0.4298734020588311 -0.0873199043474914 0.0996995225747761 0.0625180697080893 -0.0669793971627098 -0.7317341457483143
0.354 0.4300773175381847 -0.0873113719896296 0.099572047313236 0.0626553929711294 -0.06700071161294724 -0.7316694952308947
0.355 0.430281572630981 -0.08730280751285149 0.0994441488814083 0.06279280280886647 -0.06702178316429321 -0.7316046441545504
0.356 0.4304861683563253 -0.0872942107894667 0.0993158314128571 0.06293029414047845 -0.06704265886092313 -0.7315395914864737
0.357 0.4306911057378222 -0.0872855816910953 0.0991870905438642 0.0630678675535512 -0.06706332922012068 -0.7314743167932122
0.358 0.4308963858036022 -0.087276920088664 0.0990579295948842 0.06320552092614779 -0.06708381053026069 -0.7314088690944357
0.359 0.4311020095863488 -0.0872682258524007 0.0989283445601167 0.06334325277759008 -0.06710409508523919 -0.7313432098419086
0.36 0.4313079781233244 -0.0872594988518301 0.0987983377393056 0.06348106975855692 -0.06712417831577551 -0.7312773893241249
0.361 0.4315142924563977 -0.0872507389557689 0.0986678961386708 0.06361896933549095 -0.06714401570956962 -0.7312113462076232
0.362 0.4317209536320712 -0.08724194603232099 0.0985370293430579 0.06375694431838087 -0.0671636855230299 -0.7311451035338562
0.363 0.4319279627015075 -0.08723311994887301 0.0984057315079257 0.06389499965389644 -0.06718314616332219 -0.7310786612496913
0.364 0.4321353207205585 -0.0872242605720888 0.0982739982906866 0.06403313450317471 -0.06720238549243283 -0.7310120052624075
0.365 0.4323430287497915 -0.0872153677679051 0.0981418319159565 0.06417134818836663 -0.0672214211712747 -0.7309451548258857
0.366 0.4325510878545184 -0.0872064414015265 0.0980092343741392 0.06430964033293289 -0.06724028373611188 -0.7308781268678379
0.367 0.432759499104823 -0.0871974813374202 0.0978761924533194 0.06444801199734206 -0.06725890041161649 -0.7308108574675507
0.368 0.43296826357559 -0.0871884874393115 0.0977427155095226 0.06458645904499988 -0.06727732763090619 -0.7307434001249421
0.369 0.4331773823465334 -0.0871794595701781 0.097608795399328 0.06472498205831946 -0.06729553999751596 -0.730675720889243
0.37 0.4333868565022255 -0.0871703975922457 0.0974744346440703 0.06486358346985557 -0.06731354669333889 -0.7306078495011666
0.371 0.4335966871321254 -0.0871613013669823 0.0973396251595771 0.06500226117798431 -0.06733132910670328 -0.730539757094298
0.372 0.4338068753306088 -0.0871521707550934 0.0972043719521994 0.065141011224009 -0.06734892426598662 -0.7304714521547173
0.373 0.4340174221969974 -0.0871430056165165 0.0970686737733725 0.06527983892132028 -0.06736630905519227 -0.730402961941641
0.374 0.4342283288355882 -0.0871338058104162 0.0969325196829525 0.06541874360339012 -0.06738344903487031 -0.7303342406110066
0.375 0.434439596355684 -0.08712457119517859 0.0967959144414997 0.06555771900596232 -0.06740039002882972 -0.7302653171694241
0.376 0.434651225871623 -0.08711530162840581 0.0966588616958314 0.06569676983010496 -0.06741714356137712 -0.730196187833395
0.377 0.4348632185028094 -0.0871059969669112 0.0965213449950457 0.06583589499554597 -0.06743364882248708 -0.7301268153638514
0.378 0.4350755753737439 -0.0870966570667133 0.0963833777675866 0.06597509140398472 -0.06744996278761381 -0.7300572550940749
0.379 0.4352882976140552 -0.0870872817830305 0.0962449489617837 0.06611436024343343 -0.06746605230606507 -0.7299874608574724
0.38 0.4355013863585297 -0.0870778709702758 0.0961060617688601 0.06625369993231488 -0.06748193477119631 -0.7299174551914325
0.381 0.4357148427471441 -0.0870684244820511 0.0959667114810653 0.06639311487870336 -0.06749758722254997 -0.7298472426363804
0.382 0.4359286679250963 -0.0870589421711411 0.0958268923458624 0.06653259709870982 -0.06751302431216703 -0.7297767772249915
0.383 0.436142863042837 -0.0870494238895087 0.0956866108473463 0.06667215027029315 -0.06752826159353323 -0.7297061081365087
0.384 0.4363574292561026 -0.087039869488288 0.0955458611223353 0.06681177455175212 -0.06754327107757691 -0.7296352270819659
0.385 0.4365723677259464 -0.0870302788177797 0.0954046408898891 0.06695146626225222 -0.06755806937477788 -0.7295641142033536
0.386 0.4367876796187717 -0.0870206517274447 0.0952629488439391 0.06709122764772022 -0.067572645501225 -0.729492782473283
0.387 0.4370033661063645 -0.08701098806589801 0.0951207827384994 0.06723105770730782 -0.06758699932671328 -0.7294212261296651
0.388 0.4372194283659264 -0.0870012876809035 0.0949781400964933 0.06737095647759032 -0.06760112501651523 -0.7293494450144574
0.389 0.4374358675801081 -0.0869915504193674 0.0948350216241731 0.06751091790926869 -0.06761505889771932 -0.7292774280065946
0.39 0.4376526849370423 -0.0869817761273329 0.0946914196140935 0.06765095055229021 -0.06762872992559447 -0.7292051846305494
0.391 0.4378698816303784 -0.0869719646499734 0.0945473400413462 0.06779104818189125 -0.06764220701737706 -0.729132726374346
0.392 0.4380874588593157 -0.0869621158315866 0.0944027744937027 0.06793120771338743 -0.06765546940746581 -0.7290600097114714
0.393 0.4383054178286383 -0.0869522295155889 0.0942577286943854 0.06807143626015745 -0.06766850747632846 -0.728987105121253
0.394 0.4385237597487492 -0.0869423055445084 0.0941121875573795 0.06821172855772911 -0.06768129337903275 -0.7289139293320457
0.395 0.4387424858357054 -0.0869323437599791 0.0939661627509171 0.06835208432157385 -0.06769387885607569 -0.7288405476722725
0.396 0.4389615973112532 -0.0869223440027346 0.093819646028437 0.06849250118910261 -0.06770624757017088 -0.7287669198733141
0.397 0.4391810954028629 -0.0869123061126014 0.0936726319270786 0.06863298307296635 -0.06771834006273714 -0.7286930542502709
0.398 0.4394009813437654 -0.086902229928493 0.0935251251599384 0.06877352729508766 -0.06773023533248337 -0.7286189660706046
0.399 0.4396212563729872 -0.0868921152884029 0.0933771212591298 0.06891412966113429 -0.06774192476207788 -0.7285446227819041
0.4 0.4398419217353871 -0.0868819620293984 0.093228615304302 0.0690547947315982 -0.06775336488756143 -0.7284700392035328
0.401 0.440062978681693 -0.0868717699876138 0.0930796112890503 0.06919551940695516 -0.06776459417361563 -0.7283952288238429
0.402 0.4402844284685379 -0.0868615389982441 0.0929300972714766 0.06933630459978366 -0.06777556308338208 -0.7283201534251243
0.403 0.4405062723584975 -0.0868512688955379 0.0927800852162125 0.06947714702278757 -0.06778634237220667 -0.7282448654860497
0.404 0.4407285116201275 -0.0868409595127909 0.0926295640930793 0.06961804858866197 -0.06779688806316847 -0.7281693270069477
0.405 0.4409511475280013 -0.0868306106823388 0.0924785327847912 0.06975900689339198 -0.06780720023520139 -0.7280935464232678
0.406 0.4411741813627478 -0.0868202222355511 0.0923269885116064 0.06990002015481334 -0.06781728525272498 -0.7280175064994348
0.407 0.4413976144110895 -0.0868097940028232 0.0921749283445246 0.0700410919373862 -0.06782711980031653 -0.7279412216841648
0.408 0.4416214479658816 -0.0867993258135703 0.0920223550554267 0.07018221952317425 -0.06783673281501145 -0.727864708499653
0.409 0.4418456833261504 -0.0867888174962196 0.0918692619947758 0.07032340167356521 -0.06784611056259278 -0.7277879419804922
0.41 0.4420703217971328 -0.086778268878204 0.0917156496326235 0.07046463827714905 -0.0678552712714617 -0.7277109243339053
0.411 0.4422953646903153 -0.0867676797859541 0.0915615115634109 0.07060592781149788 -0.06786417925453309 -0.7276336309698597
0.412 0.4425208133234743 -0.0867570500448915 0.0914068513881316 0.0707472673210699 -0.06787286944389731 -0.7275560811826372
0.413 0.442746669020716 -0.08674637947942131 0.091251663489235 0.07088866198440297 -0.06788131485418021 -0.7274782957978869
0.414 0.442972933112517 -0.0867356679129251 0.0910959478560388 0.07103010636747895 -0.06788949923444343 -0.7274002587769147
0.415 0.4431996069357645 -0.0867249151677525 0.0909396984596559 0.07117160352991125 -0.06789745838087378 -0.7273219688760425
0.416 0.4434266918337983 -0.0867141210652153 0.0907829144698414 0.07131314642126791 -0.06790520284126265 -0.7272434139869496
0.417 0.4436541891564515 -0.0867032854255785 0.0906255960963511 0.07145474059787345 -0.06791269310995085 -0.7271645927417131
0.418 0.4438821002600926 -0.0866924080680532 0.0904677413605476 0.07159638160902668 -0.0679199408414682 -0.7270855100789252
0.419 0.4441104265076673 -0.08668148881078901 0.0903093449421252 0.07173807296161758 -0.06792695490996663 -0.727006187360881
0.42 0.4443391692687412 -0.0866705274708662 0.090150406887647 0.0718798092300606 -0.06793373684042136 -0.7269265991848265
0.421 0.4445683299195425 -0.086659523864288 0.0899909205863304 0.07202159189035928 -0.067940266842233 -0.7268467307369092
0.422 0.4447979098430051 -0.0866484778059722 0.0898308888411866 0.07216341900668616 -0.067946568774316 -0.7267666051835667
0.423 0.4450279104288122 -0.086637389109744 0.0896703075149876 0.07230528957788728 -0.06795261921310876 -0.726686202102537
0.424 0.4452583330734399 -0.0866262575883272 0.089509176288325 0.07244720544847684 -0.06795845180408974 -0.7266055657217807
0.425 0.4454891791802012 -0.0866150830533368 0.0893474925437695 0.07258916390876552 -0.06796403580078075 -0.726524657590326
0.426 0.4457204501592912 -0.0866038653152702 0.0891852458389176 0.07273116362822924 -0.06796934099123619 -0.726443445040839
0.427 0.4459521474278314 -0.0865926041834993 0.0890224440135997 0.07287320582597165 -0.06797442933110032 -0.7263619777362508
0.428 0.4461842724099153 -0.0865812994662621 0.0888590786380486 0.07301528711407036 -0.06797925388388967 -0.7262802279096658
0.429 0.4464168265366542 -0.0865699509706545 0.0886951520010552 0.07315740589960573 -0.06798385992495784 -0.7261982095290153
0.43 0.4466498112462222 -0.0865585585026213 0.0885306580255384 0.07329956326809794 -0.06798820129255817 -0.7261159109819142
0.431 0.4468832279839041 -0.0865471218669482 0.0883655997842979 0.07344176245373804 -0.06799230422243996 -0.726033371323303
0.432 0.447117078202141 -0.0865356408672531 0.0881999640430301 0.0735839921593703 -0.06799616191282182 -0.7259504987055853
0.433 0.4473513633605781 -0.0865241153059771 0.0880337573995472 0.07372626144938465 -0.06799976550180119 -0.7258673748506555
0.434 0.447586084926112 -0.08651254498437599 0.0878669760967149 0.0738685661651912 -0.06800313330425965 -0.7257839830190387
0.435 0.4478212443729388 -0.0865009297025115 0.0876996158596901 0.07401090475413326 -0.06800624211274933 -0.7257003050146441
0.436 0.448056843182602 -0.08648926925924171 0.0875316729327523 0.07415327414527701 -0.06800910111968117 -0.7256163222311957
0.437 0.448292882844042 -0.08647756345221309 0.0873631510856902 0.07429567781792966 -0.06801172055324751 -0.7255320887524671
0.438 0.4485293648536445 -0.0864658120778504 0.0871940391444293 0.07443811192689993 -0.06801406645677113 -0.7254475388065814
0.439 0.4487662907152909 -0.0864540149313483 0.0870243400516186 0.07458057512149699 -0.06801616070224648 -0.7253627002659075
0.44 0.4490036619404071 -0.0864421718066614 0.0868540500935535 0.0747230684295277 -0.06801801384099696 -0.7252775797096083
0.441 0.4492414800480154 -0.0864302824964955 0.0866831706569288 0.07486558974729274 -0.06801964887732282 -0.7251921869153345
0.442 0.4494797465647837 -0.0864183467922979 0.0865116899825811 0.07500813743900253 -0.06802098959112197 -0.7251064760334547
0.443 0.4497184630250782 -0.0864063644842478 0.0863396092558345 0.07515071246404252 -0.06802207843450449 -0.7250204526073289
0.444 0.4499576309710141 -0.08639433536124699 0.0861669312804104 0.07529331315680975 -0.06802292418133252 -0.7249341711609746
0.445 0.450197251952508 -0.08638225921090981 0.0859936480213237 0.07543593611835673 -0.06802353795765712 -0.724847574950761
0.446 0.4504373275273307 -0.0863701358195536 0.0858197608662726 0.07557858614772448 -0.06802386440335389 -0.7247607120926194
0.447 0.45067785926116 -0.08635796497218901 0.0856452617192552 0.07572125558241735 -0.06802393709043593 -0.7246735272768969
0.448 0.4509188487276341 -0.0863457464525094 0.0854701501663504 0.0758639447108041 -0.0680237454350376 -0.7245860296311311
0.449 0.4511602975084053 -0.0863334800428817 0.0852944274560332 0.07600665647855516 -0.06802329590903667 -0.7244982611079401
0.45 0.4514022071931947 -0.0863211655243355 0.0851180827036242 0.07614938698205677 -0.06802257674087714 -0.7244101598165781
0.451 0.4516445793798471 -0.0863088026765531 0.0849411195180499 0.07629213264675638 -0.06802162197383316 -0.7243217495210684
0.452 0.4518874156743862 -0.0862963912778595 0.0847635366949847 0.07643489807790082 -0.06802040141883934 -0.7242330599247105
0.453 0.4521307176910698 -0.0862839311052113 0.0845853279287978 0.0765776777417133 -0.06801892170732285 -0.7241440521171148
0.454 0.4523744870524469 -0.0862714219341869 0.0844064881296855 0.07672047145477201 -0.06801716875915372 -0.7240547189009254
0.455 0.452618725389414 -0.0862588635389753 0.0842270215160843 0.07686327896931165 -0.06801516893799109 -0.7239650956107221
0.456 0.452863434341272 -0.0862462556923658 0.0840469186651685 0.07700609917284087 -0.06801291133199443 -0.7238751508909695
0.457 0.4531086155557846 -0.0862335981657371 0.0838661786197279 0.07714893082605732 -0.06801036927778205 -0.7237848890606582
0.458 0.453354270689236 -0.08622089072904621 0.083684799443403 0.07729177083775859 -0.06800757127358958 -0.7236943070641134
0.459 0.4536004014064894 -0.0862081331508177 0.0835027786461589 0.07743462048501626 -0.06800449573608019 -0.7236034200045126
0.46 0.4538470093810473 -0.0861953251981322 0.0833201119865877 0.07757747613705169 -0.06800116943768678 -0.7235121969283304
0.461 0.4540940962951096 -0.0861824666366157 0.0831368011453493 0.07772034091593511 -0.06799757904468709 -0.7234206826674023
0.462 0.4543416638396353 -0.0861695572304276 0.0829528354086009 0.07786320816731116 -0.06799371403269784 -0.7233288165440232
0.463 0.4545897137144025 -0.0861565967422502 0.0827682180983327 0.07800607780584608 -0.0679895967375389 -0.7232366287770498
0.464 0.4548382476280694 -0.08614358493327599 0.0825829406135991 0.07814895021558637 -0.06798518244274826 -0.7231441038226929
0.465 0.4550872672982374 -0.0861305215631971 0.0823970081454356 0.07829182606314379 -0.06798052242920874 -0.7230512797757254
0.466 0.4553367744515119 -0.0861174063901929 0.0822104087411229 0.07843470257089097 -0.06797556569357459 -0.7229581147666081
0.467 0.4555867708235663 -0.086104239170918 0.0820231468230436 0.07857757443285918 -0.0679703868787571 -0.7228646122671618
0.468 0.4558372581592052 -0.0860910196604911 0.0818352149242515 0.07872044592954524 -0.06796490290781559 -0.7227707848701811
0.469 0.4560882382124282 -0.0860777476124821 0.0816466124457528 0.0788633117013296 -0.0679591535372534 -0.7226766307665814
0.47 0.4563397127464945 -0.0860644227789001 0.0814573341079936 0.07900617210195047 -0.0679531277780537 -0.7225821213906165
0.471 0.4565916835339888 -0.0860510449101814 0.081267378988485 0.07914902731288898 -0.06794682870414986 -0.7224872896225271
0.472 0.4568441523568854 -0.0860376137551764 0.0810767435424258 0.07929187119309685 -0.06794027388213443 -0.7223921048217567
0.473 0.4570971210066165 -0.086024129061138 0.0808854230275028 0.07943470668334935 -0.06793342761002245 -0.7222965842117492
0.474 0.4573505912841379 -0.0860105905737081 0.0806934151347973 0.07957753218802628 -0.06792630384168629 -0.7222007196567298
0.475 0.4576045649999964 -0.085996998036905 0.0805007204960879 0.07972034675157706 -0.0679189189191659 -0.7221045307315609
0.476 0.4578590439743987 -0.0859833511931107 0.0803073273137499 0.07986314211575709 -0.06791124904619454 -0.7220079487982379
0.477 0.4581140300372796 -0.0859696497830578 0.0801132421055668 0.0800059273009681 -0.06790331465049743 -0.7219110540749702
0.478 0.4583695250283709 -0.0859558935458161 0.07991845445629049 0.080148692316385 -0.06789509320360115 -0.7218137931734419
0.479 0.4586255307972725 -0.0859420822187796 0.0797229653684408 0.0802914395797007 -0.0678865844057825 -0.7217161929927266
0.48 0.458882049203522 -0.08592821553765299 0.07952676952831096 0.0804341674885693 -0.06787780139103292 -0.7216182326690542
0.481 0.459139082116666 -0.085914293236438 0.07932986790446927 0.0805768752102717 -0.06786875057732156 -0.7215199367179397
0.482 0.4593966314163329 -0.0859003150474196 0.07913225047975619 0.0807195585341547 -0.06785941168093825 -0.7214212633271782
0.483 0.4596546989923037 -0.0858862807011528 0.07893391548266633 0.0808622164361028 -0.06784978319367562 -0.7213222197464097
0.484 0.4599132867445868 -0.0858721899264478 0.07873486410570965 0.0810048481584756 -0.06783988881316711 -0.721222825211545
0.485 0.4601723965834908 -0.0858580424503566 0.07853508989862403 0.0811474528428622 -0.06782971157188797 -0.7211230661280809
0.486 0.4604320304296996 -0.0858438379981588 0.07833458821053967 0.081290028330934 -0.06781924720383235 -0.7210229377159589
0.487 0.4606921902143467 -0.0858295762933465 0.07813335870257392 0.0814325726787262 -0.06780849357606747 -0.7209224573762335
0.488 0.4609528778790924 -0.0858152570576107 0.07793139643321567 0.0815750848106072 -0.06779745645435012 -0.7208216041703694
0.489 0.4612140953761989 -0.085800880010826 0.07772869603470946 0.0817175601498171 -0.06778613764237704 -0.7207203580281476
0.49 0.4614758446686086 -0.0857864448710364 0.07752525908139162 0.0818600010048362 -0.0677745360224274 -0.720618763298103
0.491 0.4617381277300212 -0.0857719513544397 0.07732107816091551 0.0820024048507453 -0.06776264001804685 -0.7205167917794808
0.492 0.4620009465449733 -0.0857573991753731 0.07711614993581721 0.0821447675317655 -0.06775045544270976 -0.7204144341072622
0.493 0.462264303108917 -0.0857427880462973 0.07691047170436882 0.0822870887938099 -0.0677379867133683 -0.7203116946477831
0.494 0.4625281994283005 -0.0857281176777818 0.07670404060593143 0.0824293679639718 -0.06772523295292749 -0.7202085827848297
0.495 0.4627926375206481 -0.0857133877784889 0.07649685294993751 0.082571601191784 -0.067712190818318 -0.7201050829577752
0.496 0.4630576194146435 -0.0856985980551582 0.07628890500642972 0.0827137890619319 -0.06769885530499548 -0.7200012096634835
0.497 0.4633231471502102 -0.0856837482125908 0.07608019238473753 0.0828559289623393 -0.06768522465041923 -0.7198969490272055
0.498 0.4635892227785959 -0.0856688379536333 0.07587071236023979 0.0829980168128227 -0.06767131032100338 -0.7197922892539884
0.499 0.4638558483624561 -0.0856538669791614 0.07566046028253183 0.083140051794548 -0.06765710334384508 -0.7196872377618461
0.5 0.4641230259759384 -0.085638834988064 0.07544943371089685 0.0832820329092844 -0.06764260938649072 -0.7195817970167658
0.501 0.4643907577047687 -0.0856237416772264 0.07523762876360451 0.0834239573642727 -0.06762782163301694 -0.7194759613585042
0.502 0.4646590456463367 -0.0856085867415139 0.07502504095278485 0.0835658259543749 -0.06761273030045307 -0.7193697392737427
0.503 0.4649278919097836 -0.0855933698737548 0.0748116667928152 0.0837076325270221 -0.06759734909156706 -0.7192631067493679
0.504 0.4651972986160892 -0.0855780907647236 0.07459750332906151 0.083849378492779 -0.0675816721456908 -0.7191560838227689
0.505 0.4654672678981618 -0.0855627491031235 0.07438254510891054 0.0839910574332571 -0.06756570337568367 -0.7190486378232244
0.506 0.4657378019009267 -0.0855473445755697 0.07416678900621033 0.0841326725431176 -0.06754942657779605 -0.7189407960322181
0.507 0.4660089027814167 -0.0855318768665713 0.07395023407378911 0.0842742201594679 -0.06753286203836646 -0.7188325604681756
0.508 0.4662805727088644 -0.0855163456585142 0.07373287233142831 0.0844156958242105 -0.06751600022519167 -0.7187238987655601
0.509 0.466552813864793 -0.0855007506316426 0.07351469866487745 0.084557096990064 -0.06749882973797024 -0.7186148030202389
0.51 0.4668256284431102 -0.0854850914640415 0.07329571562977338 0.0846984257607263 -0.06748137405543969 -0.7185053232260044
0.511 0.4670990186502014 -0.0854693678316183 0.0730759170442477 0.0848396777122072 -0.06746362100491013 -0.7183954272459284
0.512 0.4673729867050254 -0.0854535794080844 0.07285529522104655 0.0849808502788111 -0.06744555937401118 -0.7182851045543361
0.513 0.4676475348392089 -0.0854377258649367 0.07263384899140844 0.085121942181936 -0.0674271937759008 -0.7181743634952376
0.514 0.4679226652971443 -0.0854218068714386 0.0724115744319225 0.0852629493677195 -0.06740853439706232 -0.7180631930278855
0.515 0.4681983803360864 -0.0854058220946014 0.0721884676978747 0.0854038722042599 -0.06738956872492759 -0.7179516090680059
0.516 0.4684746822262509 -0.0853897711991649 0.07196452197882262 0.0855447047565299 -0.06737029180102523 -0.7178395795747715
0.517 0.4687515732509146 -0.085373653847578 0.07173973623250557 0.0856854476542458 -0.06735072418394673 -0.7177271196267268
0.518 0.4690290557065149 -0.0853574696999793 0.07151410539261223 0.0858261001630381 -0.06733083781243712 -0.7176142454535598
0.519 0.4693071319027516 -0.0853412184141772 0.07128762728005748 0.0859666564990532 -0.0673106586837545 -0.7175009362265617
0.52 0.4695858041626889 -0.0853248996456302 0.07106029293953975 0.0861071130085508 -0.06729016681728668 -0.7173871621273054
0.521 0.4698650748228594 -0.0853085130474265 0.07083210224520343 0.0862474704268369 -0.06726935969592759 -0.7172729592248678
0.522 0.4701449462333677 -0.0852920582702635 0.07060305046931905 0.0863877278613662 -0.06724824712006326 -0.7171583401400286
0.523 0.4704254207579962 -0.0852755349624276 0.0703731330855934 0.0865278788807917 -0.06722683756266291 -0.7170432620365469
0.524 0.4707065007743108 -0.0852589427697731 0.0701423442752419 0.0866679208645622 -0.06720511130075423 -0.7169277409571821
0.525 0.4709881886737694 -0.0852422813357015 0.06991068184093132 0.0868078536663554 -0.06718309196864431 -0.716811755700807
0.526 0.4712704868618298 -0.0852255503011397 0.06967813859871143 0.0869476709206301 -0.06716075382567325 -0.7166953035221109
0.527 0.4715533977580588 -0.0852087493045193 0.06944471489028342 0.08708737679538001 -0.06713810365056255 -0.7165784388876641
0.528 0.4718369237962438 -0.085191877981754 0.06921040244568299 0.08722696446479369 -0.06711513991786865 -0.7164610994955539
0.529 0.4721210674245038 -0.0851749359662188 0.06897519738141568 0.0873664309071748 -0.06709186218370576 -0.716343295923888
0.53 0.4724058311054021 -0.0851579228887269 0.06873909679514817 0.0875057719519539 -0.06706828482267041 -0.7162250227793631
0.531 0.4726912173160612 -0.0851408383775077 0.06850209552314544 0.0876449883589204 -0.06704439389455273 -0.7161063090563512
0.532 0.4729772285482764 -0.0851236820581842 0.0682641887635166 0.0877840753946386 -0.06702018455248229 -0.7159871124302738
0.533 0.4732638673086338 -0.0851064535537505 0.06802537110711686 0.0879230316344963 -0.06699564567430592 -0.7158674464125097
0.534 0.473551136118626 -0.08508915248454781 0.06778564052245029 0.0880618520125418 -0.06697081012269177 -0.7157473140713781
0.535 0.4738390375147716 -0.0850717784682419 0.06754498872686758 0.0882005346844697 -0.06694564839217583 -0.7156266901406854
0.536 0.4741275740487348 -0.0850543311197994 0.06730341573410623 0.0883390769777196 -0.06692020343833145 -0.7155056032717924
0.537 0.4744167482874459 -0.0850368100514637 0.06706091327790055 0.088477476507761 -0.06689441287692112 -0.7153840280283758
0.538 0.4747065628132241 -0.0850192148727311 0.06681747771377639 0.0886157298836999 -0.06686830681796106 -0.7152619705955114
0.539 0.4749970202239009 -0.0850015451903263 0.06657310446567516 0.0887538324643707 -0.06684188274863787 -0.7151394228706717
0.54 0.4752881231329436 -0.0849838006081777 0.06632778875858778 0.0888917833568173 -0.06681513759263764 -0.7150163906350516
0.541 0.4755798741695829 -0.0849659807273931 0.06608152656918759 0.0890295800093806 -0.06678807074403826 -0.7148928782220473
0.542 0.4758722759789383 -0.0849480851462339 0.06583431187272248 0.089167215176734 -0.06676069173621977 -0.7147688428989474
0.543 0.4761653312221484 -0.08493011346009 0.06558614010097569 0.0893046906353716 -0.06673299727206948 -0.71464434516868
0.544 0.4764590425764991 -0.0849120652614542 0.06533700752148556 0.0894419996085189 -0.06670496809284002 -0.7145193307319913
0.545 0.4767534127355556 -0.0848939401398958 0.06508690914873133 0.0895791403655186 -0.06667662779464756 -0.7143938204941168
0.546 0.4770484444092943 -0.0848757376820351 0.06483583618722744 0.0897161059586096 -0.0666479592347231 -0.7142677763303276
0.547 0.4773441403242375 -0.084857457471516 0.06458378977418389 0.0898529008003008 -0.06661897028681314 -0.7141412582813975
0.548 0.4776405032235872 -0.0848390990889801 0.06433076131630204 0.0899895177947516 -0.06658965321640738 -0.7140142246031634
0.549 0.477937535867363 -0.0848206621120388 0.06407674529062937 0.090125949716771 -0.06656001405486758 -0.713886663974867
0.55 0.4782352410325394 -0.0848021461152464 0.06382173865671234 0.0902621973731324 -0.06653005113028113 -0.7137585956832005
0.551 0.4785336215131851 -0.0847835506700722 0.06356573459639191 0.0903982557624584 -0.06649977955565146 -0.713630014839595
0.552 0.4788326801206042 -0.0847648753448724 0.06330872980107482 0.0905341224971219 -0.06646916403036845 -0.7135009087249132
0.553 0.4791324196834783 -0.0847461197048621 0.06305071785809533 0.0906697922607494 -0.06643822350978408 -0.7133712720743914
0.554 0.4794328430480107 -0.0847272833120864 0.0627916930746863 0.0908052603204511 -0.06640695746771695 -0.7132410928898469
0.555 0.4797339530780709 -0.0847083657253916 0.06253165208545043 0.0909405291418984 -0.06637535645884285 -0.7131104109828879
0.556 0.4800357526553424 -0.0846893665003958 0.06227058610655181 0.091075586557702 -0.06634342685512715 -0.7129791621974369
0.557 0.48033824467947 -0.0846702851894596 0.06200849479816622 0.0912104366002888 -0.06631117140482996 -0.7128474053463288
0.558 0.480641432068211 -0.0846511213416557 0.06174536909367847 0.0913450691036146 -0.06627858216415017 -0.7127150871792497
0.559 0.480945317757585 -0.08463187450273919 0.06148120461992858 0.0914794838432964 -0.06624568408075646 -0.7125822352440937
0.56 0.4812499047020285 -0.0846125442151168 0.06121599665178533 0.0916136751018053 -0.06621244217674095 -0.7124488307869928
0.561 0.4815551958745492 -0.0845931300178157 0.06094973952321835 0.0917476406329231 -0.0661788662333561 -0.7123148831456383
0.562 0.4818611942668818 -0.0845736314464525 0.06068242645447506 0.0918813747397856 -0.06614495754689426 -0.7121803755000999
0.563 0.4821679028896466 -0.0845540480332017 0.06041405384067122 0.0920148755048518 -0.06611071523753676 -0.712045322613432
0.564 0.4824753247725091 -0.0845343793067635 0.06014461472349111 0.0921481351053338 -0.06607614439438343 -0.7119096953218905
0.565 0.482783462964341 -0.0845146247923316 0.05987410407242928 0.0922811524542049 -0.06604123923740852 -0.7117735112334662
0.566 0.4830923205333837 -0.0844947840115605 0.05960251597370362 0.0924139232632645 -0.06600599426130096 -0.7116367624144937
0.567 0.4834019005674133 -0.0844748564825324 0.05932984463320341 0.0925464409822163 -0.06597041735875864 -0.7114994382039929
0.568 0.4837122061739066 -0.0844548417197236 0.05905608571497063 0.0926787016792406 -0.06593451478094574 -0.7113615361550471
0.569 0.4840232404802103 -0.0844347392339711 0.05878123160011237 0.0928107059695402 -0.06589827677120626 -0.7112230806130191
0.57 0.4843350066337107 -0.0844145485324381 0.0585052769517457 0.0929424422205317 -0.0658616924400796 -0.7110840266972664
0.571 0.484647507802006 -0.08439426911857929 0.05822821732559835 0.0930739076057926 -0.06582467149057522 -0.7109442403731918
0.572 0.4849607471730801 -0.0843739004921062 0.05795004488496246 0.0932051020077426 -0.06578740879825843 -0.7108037817084588
0.573 0.4852747279554789 -0.0843534421489515 0.05767075572289745 0.0933360169137395 -0.0657498102658632 -0.7106633357991611
0.574 0.4855894533784874 -0.0843328935812335 0.05739034150311443 0.0934666493447543 -0.06571186890120355 -0.7105219360799719
0.575 0.48590492669231 -0.0843122542772196 0.05710879887213474 0.0935969912192077 -0.06567361132291087 -0.7103798518647472
0.576 0.4862211511682514 -0.0842915237212902 0.05682612057143427 0.0937270413063543 -0.06563500247462374 -0.710237316698058
0.577 0.4865381300989014 -0.0842707013939009 0.05654230005526246 0.0938567940952912 -0.06559605054579508 -0.7100941155503784
0.578 0.4868558667983194 -0.0842497867715457 0.05625733159047751 0.0939862444517272 -0.06555676783249222 -0.7099502023149035
0.579 0.487174364602223 -0.08422877932671879 0.05597120969248905 0.094115384514907 -0.06551715772829599 -0.709805469963028
0.58 0.487493626868177 -0.08420767852787631 0.05568392624965765 0.0942442154583424 -0.06547729700608725 -0.7096546091113886
0.581 0.4878136569757862 -0.0841864838393975 0.05539547819775863 0.0943727244949066 -0.06543685305636514 -0.709515077984562
0.582 0.4881344583268882 -0.0841651947215454 0.05510585713661678 0.0945009110986124 -0.06539620845813398 -0.7093689022844611
0.583 0.4884560343457513 -0.0841438106304273 0.05481505608975015 0.0946287706041551 -0.06535520551751425 -0.7092220031220125
0.584 0.488778388479271 -0.08412233101795449 0.05452307062826913 0.094756296374943 -0.06531386310164197 -0.70907447674298
0.585 0.4891015241971718 -0.0841007553318016 0.05422989335275863 0.0948834814570105 -0.06527217556099574 -0.7089263067952484
0.586 0.4894254449922094 -0.0840790830153656 0.05393551794563751 0.0950103217773434 -0.06523016186120785 -0.7087774986101076
0.587 0.4897501543803767 -0.0840573135077239 0.05363993738731021 0.0951368125927144 -0.06518778487102915 -0.7086280552594849
0.588 0.4900756559011096 -0.0840354462435928 0.05334314634811788 0.0952629467690662 -0.06514508804990104 -0.7084775614751717
0.589 0.4904019531174984 -0.0840134806532844 0.05304513706986315 0.0953887214000447 -0.06510201872604925 -0.7083268897234746
0.59 0.490729049616499 -0.0839914161626638 0.05274590419924036 0.0955141268921275 -0.06505859585319425 -0.7081758411197565
0.591 0.4910569490091477 -0.0839692521931052 0.05244543975147275 0.0956391598907459 -0.06501483752222815 -0.7080238015026511
0.592 0.4913856549307777 -0.0839469881614483 0.05214373811901371 0.0957638115854194 -0.06497147043033484 -0.7078584576857676
0.593 0.4917151710412393 -0.0839246234799529 0.0518407915421125 0.0958880798124135 -0.06492628822578831 -0.7077177262824836
0.594 0.4920455010251212 -0.0839021575562547 0.05153659456933428 0.0960119556020027 -0.06488150652754437 -0.7075636864333706
0.595 0.4923766485919754 -0.0838795897933186 0.05123113965373005 0.0961354354928413 -0.06483682750109238 -0.7074019493722418
0.596 0.4927086174765435 -0.0838569195893928 0.05092441918883707 0.0962585087968034 -0.06479085517116423 -0.7072535979948812
0.597 0.4930414114389875 -0.0838341463379624 0.05061642713803489 0.0963811740662216 -0.06474502848916931 -0.7070975308452067
0.598 0.493375034265121 -0.0838112694277014 0.05030715675667585 0.0965034221525667 -0.06469952060346253 -0.706931816785267
0.599 0.4937094897666448 -0.083788288242425 0.04999659997313857 0.0966252486881048 -0.06465232680884278 -0.7067830245361861
0.6 0.4940447817813843 -0.0837652021610409 0.04968475103424729 0.0967466440592525 -0.06460540910766164 -0.7066252168444821
0.601 0.4943809141735299 -0.0837420105575005 0.04937160115758318 0.0968676029787469 -0.06455818368452604 -0.7064663958709316
0.602 0.4947178908338808 -0.0837187128007488 0.04905714539849688 0.0969881187519015 -0.06451059987410514 -0.7063066920547654
0.603 0.4950557156800905 -0.0836953082546742 0.04874137496613259 0.0971081846037948 -0.0644626610823139 -0.7061466368109789
0.604 0.4953943926569156 -0.0836717962780575 0.04842428317600566 0.0972277933653742 -0.06441438013602106 -0.7059856925311095
0.605 0.4957339257364688 -0.0836481762245205 0.04810586261835715 0.0973469385344857 -0.06436580489207362 -0.705823221499842
0.606 0.4960743189184722 -0.0836244474424736 0.04778610537306004 0.0974656128784238 -0.06431674971300032 -0.7056616705840757
0.607 0.4964155762305164 -0.08360060927506301 0.04746500572988267 0.0975838075105199 -0.06426741232486009 -0.7054985703535246
0.608 0.4967577017283205 -0.08357666106011701 0.04714255412040139 0.0977015165087468 -0.0642184641586226 -0.7053277346405811
0.609 0.4971006994959969 -0.0835526021300922 0.0468187448135462 0.0978187336343168 -0.06416767493610552 -0.7051701900869847
0.61 0.4974445736463175 -0.0835284318120183 0.04649356812961835 0.097935449564548 -0.06411820203691449 -0.7049966385954893
0.611 0.497789328320985 -0.0835041494274429 0.04616701970259046 0.0980516563744136 -0.06406767740589006 -0.7048289588360619
0.612 0.4981349676909053 -0.0834797542923751 0.04583908921013501 0.0981673475127191 -0.0640154053146022 -0.7046720855511477
0.613 0.4984814959564652 -0.0834552457172284 0.04550977001752244 0.0982825141304353 -0.06396396658653115 -0.7045045552582239
0.614 0.4988289173478121 -0.0834306230067635 0.04517905396394957 0.0983971502965659 -0.06391213209811998 -0.7043362782675763
0.615 0.4991772361251371 -0.0834058854600295 0.04484693449588204 0.0985112441017168 -0.06385999342089132 -0.7041672337468994
0.616 0.4995264565789631 -0.0833810323703053 0.04451340290120625 0.0986247919262178 -0.06380745224449289 -0.7039974349369124
0.617 0.4998765830304333 -0.0833560630250392 0.04417845001365174 0.0987377817133427 -0.06375649523855851 -0.7038128766256357
0.618 0.500227619831607 -0.0833309767057888 0.04384207020843026 0.0988502071842845 -0.06370137598940667 -0.7036555147224594
0.619 0.5005795713657552 -0.0833057726881595 0.04350425454735499 0.0989620584241413 -0.0636477974597945 -0.7034833865552325
0.62 0.5009324420476632 -0.0832804502417422 0.04316499486290043 0.0990733275878705 -0.06359386549609597 -0.7033104757942732
0.621 0.5012862363239345 -0.0832550086300505 0.04282428243949338 0.0991840073611574 -0.06353956772428142 -0.7031367809140546
0.622 0.5016409586732991 -0.0832294471104571 0.04248211150719551 0.0992940850245715 -0.06348498187231727 -0.7029619759188832
0.623 0.5019966136069264 -0.0832037649341291 0.04213847057873676 0.0994035559004516 -0.06342992926944629 -0.7027870023020416
0.624 0.502353205668741 -0.0831779613459626 0.04179335461242601 0.0995124069968284 -0.06337458223327896 -0.7026109036785358
0.625 0.502710739435742 -0.0831520355845167 0.04144675366013581 0.0996206310306885 -0.06331886826994411 -0.7024339500822667
0.626 0.5030692195183278 -0.0831259868819463 0.04109865879747681 0.0997282213268574 -0.0632628130515264 -0.702256300097958
0.627 0.5034286505606238 -0.0830998144639341 0.04074906328191662 0.0998351618654401 -0.06320639999293814 -0.7020777594081663
0.628 0.5037890372408143 -0.0830735175496221 0.04039795668203237 0.0999414495667333 -0.06314966792177197 -0.7018980990106621
0.629 0.5041503842714787 -0.0830470953515416 0.04004533272731628 0.1000470693883032 -0.06309247293300738 -0.7017182043968445
0.63 0.5045126963999317 -0.0830205470755426 0.03969118111158938 0.1001520154376021 -0.06303499192697139 -0.7015371921988768
0.631 0.5048759784085685 -0.0829938719207227 0.03933549528028151 0.1002562748136317 -0.06297713057048175 -0.701355324384534
0.632 0.5052402351152127 -0.0829670690793539 0.03897826561302486 0.1003598380604524 -0.06291895504507343 -0.7011726361136931
0.633 0.5056054713734703 -0.0829401377368103 0.03861948200232221 0.1004626965107847 -0.06286049922474842 -0.7009884935254077
0.634 0.505971692073088 -0.08291307707149249 0.03825913726881359 0.1005648375127039 -0.06280150107496769 -0.7008045661471191
0.635 0.5063389021403147 -0.0828858862547532 0.03789722309731907 0.1006662507303338 -0.06274223067688073 -0.7006194099260002
0.636 0.5067071065382683 -0.0828585644508203 0.03753372787572887 0.1007669277734307 -0.06268268408364287 -0.7004329932795816
0.637 0.5070763102673083 -0.08283111081672 0.0371686456959727 0.1008668547366035 -0.06262264757086468 -0.7002462760808933
0.638 0.5074465183654109 -0.0828035245021981 0.03680196773914072 0.1009660199278844 -0.06256240539145993 -0.7000581024645102
0.639 0.5078177359085515 -0.0827758046496407 0.03643368215907418 0.1010644165663643 -0.06250181047461692 -0.6998688406275305
0.64 0.5081899680110896 -0.0827479503939937 0.03606378297911345 0.1011620287427138 -0.06244070455178843 -0.6996796231247599
0.641 0.5085632198261604 -0.0827199608626814 0.03569225946677783 0.1012588464120941 -0.06237924227898243 -0.699489414599482
0.642 0.5089374965460706 -0.0826918351755236 0.03531910249636849 0.1013548581430142 -0.06231749987921084 -0.699297954733654
0.643 0.5093128034027002 -0.0826635724446523 0.03494430309426667 0.1014500524088636 -0.06225540154055194 -0.6991055893446418
0.644 0.5096891456679077 -0.0826351717744262 0.03456785342104347 0.1015444151878243 -0.06219305132797093 -0.6989119820175118
0.645 0.5100665286539432 -0.0826066322613453 0.03418974303434935 0.1016379358841843 -0.06213016638622166 -0.6987181251538886
0.646 0.5104449577138642 -0.0825779529939634 0.03380996006702124 0.1017306030749046 -0.06206704200496365 -0.6985229219801192
0.647 0.5108244382419591 -0.0825491330527997 0.03342849886194864 0.1018224020038286 -0.06200358901239507 -0.6983267047688762
0.648 0.5112049756741747 -0.0825201715102494 0.03304534976320728 0.1019133199363826 -0.06193967973186952 -0.6981299921648219
0.649 0.5115865754885501 -0.0824910674304929 0.03266050028845194 0.1020033456947224 -0.06187552315375756 -0.6979318713198226
0.65 0.5119692432056555 -0.0824618198694036 0.03227394452040589 0.1020924641274635 -0.06181092449822788 -0.6977332069012367
0.651 0.5123529843890386 -0.082432427874455 0.03188567079210561 0.102180663168639 -0.06174600746569437 -0.6975333767029741
0.652 0.5127378046456752 -0.0824028904846257 0.03149567062427071 0.1022679281553397 -0.06168076285650073 -0.697332542725801
0.653 0.5131237096264252 -0.0823732067303034 0.03110393164817308 0.1023542473877466 -0.06161514069894272 -0.6971308086418202
0.654 0.5135107050264979 -0.0823433756331889 0.03071044751116554 0.102439604401685 -0.06154918824202744 -0.6969280579308256
0.655 0.5138987965859196 -0.0823133962061957 0.03031520631329472 0.1025239871082218 -0.06148288266090824 -0.6967243266165388
0.656 0.5142879900900108 -0.0822832674533517 0.02991819892525726 0.1026073790901088 -0.06141621364827653 -0.6965196181365578
0.657 0.514678291369867 -0.0822529883696972 0.02951941702181826 0.1026897674143705 -0.06134936589652799 -0.6963133258765792
0.658 0.5150697063028479 -0.0822225579411819 0.02911884800899933 0.1027711363369509 -0.06128183728035203 -0.6961072401920245
0.659 0.5154622408130737 -0.0821919751445617 0.02871648196425032 0.1028514726107568 -0.06121410710364467 -0.6958995442803246
0.66 0.5158559008719248 -0.0821612389472921 0.02831231183230901 0.1029307583401582 -0.06114606178965291 -0.6956907710784882
0.661 0.5162506924985525 -0.0821303483074214 0.02790632444432907 0.103008980517344 -0.06107766821776238 -0.6954810552081617
0.662 0.516646621760394 -0.08209930217348289 0.02749851204149298 0.1030861217918982 -0.06100892795492141 -0.6952702446367438
0.663 0.5170436947736956 -0.0820680994843832 0.02708886380431583 0.1031621667387893 -0.06093982327458295 -0.695058468656536
0.664 0.5174419177040422 -0.0820367391692919 0.02667736790200175 0.1032370997886214 -0.06087037499657881 -0.6948456257368224
0.665 0.5178412967668944 -0.0820052201475278 0.02626401612450251 0.1033109041073275 -0.06080058467516215 -0.6946317343285305
0.666 0.5182418382281346 -0.0819735413284436 0.0258487986682493 0.1033835629439642 -0.06073045978254226 -0.6944167701185237
0.667 0.5186435484046176 -0.08194170161130999 0.02543170222309735 0.10345505982057 -0.06066127699702507 -0.694196619739216
0.668 0.5190464336647311 -0.081909699885197 0.02501271931833566 0.1035253773008469 -0.06058921607110387 -0.6939835896519597
0.669 0.5194505004289642 -0.0818775350288542 0.02459183808239279 0.1035944986388885 -0.06051809982074179 -0.6937652792587882
0.67 0.5198557551704819 -0.0818452059105892 0.02416904989075813 0.1036624049428679 -0.06044651804388624 -0.6935463031483671
0.671 0.5202622044157096 -0.0818127113881439 0.02374434161856745 0.103729079700176 -0.06037475949541824 -0.6933256783299294
0.672 0.5206698547449245 -0.0817800503085697 0.02331770409674485 0.1037945042356567 -0.06030250562325766 -0.693104493764186
0.673 0.5210787127928569 -0.0817472215081 0.02288912735254281 0.1038586599619448 -0.06023002211505485 -0.6928818623765657
0.674 0.5214887852492974 -0.0817142238120216 0.02245860138395748 0.1039215281280008 -0.06015885089126308 -0.6926533082124211
0.675 0.5219000788597162 -0.0816810560345441 0.02202611307426857 0.1039830906106441 -0.06008394766317866 -0.6924335605681153
0.676 0.5223126004258876 -0.0816477169786669 0.02159165382158107 0.104043326672456 -0.06001078221562243 -0.692206646745979
0.677 0.522726356806526 -0.0816142054360445 0.02115521313440028 0.1041022180944161 -0.05993676753370061 -0.6919800296451077
0.678 0.5231413549179303 -0.0815805201868504 0.02071677913997037 0.1041597440968227 -0.05986237046668799 -0.6917524031916327
0.679 0.5235576017346371 -0.0815466599996378 0.02027634149524228 0.104215885390236 -0.05978786961691428 -0.6915230434741946
0.68 0.5239751042900838 -0.0815126236311996 0.01983389000380463 0.1042706212817022 -0.05971301720966247 -0.6912925445393318
0.681 0.5243938696772807 -0.0814784098264247 0.01938941316564014 0.1043239308036735 -0.05963790823591853 -0.6910606409930736
0.682 0.5248139050494933 -0.081444017318154 0.01894290125743304 0.1043757928938791 -0.05956236809181272 -0.690827937118574
0.683 0.5252352176209349 -0.0814094448270329 0.01849434238023504 0.1044261862115683 -0.05948649348558923 -0.6905939746863499
0.684 0.5256578146674691 -0.0813746910613619 0.01804372520164346 0.1044750895143361 -0.05941029619198494 -0.6903587660143399
0.685 0.5260817035273209 -0.0813397547169451 0.01759104143136892 0.1045224805366519 -0.05933383437404317 -0.6901223207416041
0.686 0.5265068916018013 -0.0813046344769365 0.01713627809615689 0.1045683359473151 -0.05925702531079641 -0.6898846782905812
0.687 0.5269333863560402 -0.0812693290116837 0.01667942383355972 0.1046126346858217 -0.05917988601306373 -0.6896458219512987
0.688 0.5273611953197307 -0.0812338369785697 0.01622047002158844 0.104655352955299 -0.05910244645515782 -0.6894057369050437
0.689 0.5277903260878851 -0.0811981570218512 0.01575940489955971 0.1046964669079244 -0.05902876692495494 -0.6891542798827234
0.69 0.5282207863216012 -0.081162287772496 0.01529621653631466 0.1047359535737696 -0.05894658528877756 -0.6889218331434493
0.691 0.5286525837488409 -0.0811262278480165 0.01483089342714439 0.1047737884514131 -0.05886816924570725 -0.6886780112642882
0.692 0.5290857261652192 -0.0810899758523018 0.01436342724777333 0.1048099470279653 -0.05878952590241071 -0.6884326984205845
0.693 0.5295202214348068 -0.0810535303754458 0.01389380540340957 0.1048444047279819 -0.05871044972383931 -0.6881864994132303
0.694 0.5299560774909434 -0.0810168899935744 0.01342201701849649 0.1048771356712958 -0.05863114310760429 -0.687938706804428
0.695 0.5303933023370639 -0.0809800532686686 0.01294805112215119 0.104908115651042 -0.05855141444462841 -0.6876900196695872
0.696 0.5308319040475361 -0.0809430187483852 0.0124718978931108 0.1049373170986942 -0.05847145496657689 -0.6874397921307119
0.697 0.5312718907685133 -0.0809057849658754 0.01199354647983075 0.1049647142340575 -0.05839119190325463 -0.6871882580668607
0.698 0.5317132707187971 -0.0808683504395994 0.01151298339579424 0.1049902807481021 -0.05831061597594453 -0.6869354090432418
0.699 0.5321560521907168 -0.0808307136731392 0.01103020132283061 0.105013988913237 -0.05823321566374749 -0.6866735206161495
0.7 0.5326002435510181 -0.0807928731550077 0.01054518639012761 0.1050358111456451 -0.05814857511322183 -0.6864257230188184
0.701 0.5330458532417691 -0.0807548273584548 0.01005792929040866 0.1050557191304361 -0.05806710233936377 -0.6861688620487752
0.702 0.5334928897812792 -0.0807165747412714 0.0095684194938851 0.1050736850389218 -0.05798533237357516 -0.6859106470104276
0.703 0.533941361765031 -0.0806781137455885 0.00907664487988386 0.10508967908002 -0.0579032674135804 -0.6856510665631428
0.704 0.5343912778666285 -0.0806394427976752 0.00858259591754746 0.1051036726749334 -0.05782091618548346 -0.685390111785756
0.705 0.5348426468387585 -0.0806005603077317 0.00808626134516068 0.1051156355316737 -0.05773850456988972 -0.6851272868009042
0.706 0.5352954775141688 -0.0805614646696797 0.007587631306090713 0.1051255378395191 -0.05765737224560986 -0.6848598316170056
0.707 0.5357497788066602 -0.0805221542609499 0.007086693039992129 0.1051333479149686 -0.05757213624489706 -0.6845988552044652
0.708 0.5362055597120948 -0.0804826274422651 0.006583438015396251 0.1051390355256283 -0.05748862008481724 -0.6843323334523165
0.709 0.53666282930942 -0.08044288255742051 0.006077855121831702 0.105142568539376 -0.05740484090199615 -0.6840643492599497
0.71 0.5371215967617097 -0.0804029179330599 0.00556993367728734 0.1051439150557096 -0.05732106361469576 -0.6837943669366675
0.711 0.5375818713172205 -0.080362731878449 0.005059663353455458 0.1051430417001104 -0.05723645751254669 -0.6835240606512593
0.712 0.5380436623104663 -0.0803223226852441 0.004547033709957172 0.1051399153551268 -0.05715185217679311 -0.6832517321903592
0.713 0.5385069791633086 -0.0802816886272578 0.004032034928145501 0.1051345028695252 -0.05706725472434336 -0.682977402634605
0.714 0.538971831386066 -0.0802408279602197 0.00351465611528326 0.1051267691971875 -0.05698183472934867 -0.6827026587224233
0.715 0.5394382285786405 -0.0801997389215351 0.002994887186655813 0.1051166807250363 -0.05689642776862437 -0.6824258920601759
0.716 0.5399061804316617 -0.0801584197300376 0.002472718719597877 0.1051042012212292 -0.05681076146744975 -0.6821476233976512
0.717 0.5403756967276516 -0.0801168685857387 0.001948140646975727 0.1050892949388333 -0.05672483338968686 -0.6818678489740782
0.718 0.5408467873422062 -0.0800750836695732 0.001421141958724863 0.105071924832148 -0.05663864636299154 -0.6815865357172297
0.719 0.5413194622451964 -0.0800330631431399 0.000891714251770853 0.105052055565635 -0.05655221151920952 -0.6813036983578576
0.72 0.5417937315019917 -0.07999080514843838 0.0003598466821865196 0.1050296477158452 -0.05646552405418317 -0.681019307510195
0.721 0.5422696052747003 -0.07994830780760118 -0.0001744692186764936 0.1050046643296041 -0.05637863758591892 -0.6807332735078906
0.722 0.542747093823431 -0.07990556922262115 -0.0007112426947637855 0.104977066512062 -0.05629142873952231 -0.6804458289937872
0.723 0.5432262075075778 -0.07986258747507474 -0.00125048528200928 0.1049468138602646 -0.05620549905946876 -0.6801541190845722
0.724 0.5437069567871235 -0.07981936062584005 -0.001792204035853591 0.1049138673160055 -0.05611634485077848 -0.6798660481778475
0.725 0.5441893522239662 -0.07977588671481063 -0.00233640807883133 0.1048781863820847 -0.05602844015616241 -0.6795737573519405
0.726 0.5446734044832677 -0.07973216376060359 -0.002883107108499709 0.1048397290962279 -0.05594322151461135 -0.6792748988133425
0.727 0.5451591243348259 -0.07968818976026332 -0.003432309432383525 0.1047984539186611 -0.05585196750867881 -0.6789843121843894
0.728 0.5456465226544681 -0.07964396268896012 -0.003984023593569466 0.1047543185621521 -0.05576340837611186 -0.6786871158132352
0.729 0.5461356104254694 -0.07959948049968286 -0.00453825825678455 0.1047072790955135 -0.05567488828905163 -0.6783878711781474
0.73 0.5466263987399956 -0.07955474112292762 -0.005095021623664316 0.1046572921730827 -0.05558563441847779 -0.6780877702192417
0.731 0.54711889880057 -0.0795097424663791 -0.005654321104301464 0.1046043129539803 -0.05549676309249349 -0.6777850658198733
0.732 0.5476131219215652 -0.07946448241458831 -0.006216165054555494 0.1045482967264868 -0.05540702001851507 -0.67748170745662
0.733 0.5481090795307212 -0.07941895882864336 -0.006780561204449375 0.104489196008977 -0.05531739750914343 -0.6771760929191445
0.734 0.5486067831706892 -0.07937316954583467 -0.007347516588853503 0.1044269655631217 -0.05522785491060657 -0.6768683796860552
0.735 0.5491062445006034 -0.07932711237931468 -0.007917038661730493 0.1043615571279545 -0.05514485304005838 -0.6765484152727617
0.736 0.5496074752976776 -0.07928078511775127 -0.00848913401591793 0.1042929224990024 -0.05505467862340478 -0.6762376790721504
0.737 0.5501104874588326 -0.07923418552497454 -0.00906380998827225 0.1042210133884301 -0.05495699339031322 -0.6759363776313075
0.738 0.5506152930023507 -0.0791873113396182 -0.0096410723561197 0.1041457793343012 -0.05486644119413513 -0.6756220568958716
0.739 0.5511219040695584 -0.07914016027475367 -0.01022092728088024 0.1040671698140947 -0.05477570171927443 -0.6753059352933852
0.74 0.5516303329265414 -0.07909273001751803 -0.01080338114997276 0.1039851333703396 -0.05468478363559359 -0.6749880116078929
0.741 0.5521405919658877 -0.07904501822873523 -0.0113884391348577 0.1038996190026829 -0.05459373776765885 -0.6746682457862267
0.742 0.5526526937084626 -0.07899702254253017 -0.01197610610671275 0.1038105725717662 -0.0545037833146411 -0.6743447858668773
0.743 0.5531666508052163 -0.07894874056593586 -0.01256638819439679 0.1037179406429232 -0.0544111031664654 -0.6740232641882055
0.744 0.5536824760390198 -0.07890016987849398 -0.01315928935495892 0.1036216681896222 -0.05432724246645135 -0.6736869850336846
0.745 0.5542001823265431 -0.07885130803184659 -0.01375481339959801 0.1035217002561863 -0.05422785554475184 -0.673370830177684
0.746 0.5547197827201558 -0.0788021525493221 -0.01435296472445089 0.1034179800425248 -0.05413601640616592 -0.6730417848193887
0.747 0.5552412904098702 -0.07875270092551245 -0.01495374645165856 0.1033104511386722 -0.0540440335613516 -0.6727108322090307
0.748 0.5557647187253173 -0.07870295062584292 -0.01555716286370185 0.1031990547237552 -0.05395193806211902 -0.6723779831455685
0.749 0.5562900811377586 -0.07865289908613338 -0.01616321543987274 0.1030837314902812 -0.05385970634648744 -0.6720431918753159
0.75 0.5568173912621358 -0.07860254371215216 -0.01677190658395197 0.1029644212272074 -0.05376735410389532 -0.6717064475095099
0.751 0.5573466628591579 -0.0785518818791609 -0.0173832394075602 0.1028410640333271 -0.05367489574246874 -0.6713677278240707
0.752 0.557877909837425 -0.07850091093145085 -0.01799721344554765 0.1027135969857558 -0.05358233340609414 -0.671027017713213
0.753 0.5584111462555958 -0.07844962818187091 -0.01861383138574382 0.102581957634081 -0.05348966808020267 -0.6706843294340154
0.754 0.5589463863245942 -0.07839803091134581 -0.01923309245719635 0.1024460827340663 -0.05339873475357518 -0.6703372755912178
0.755 0.5594836444098515 -0.0783461163683863 -0.01985499739100456 0.1023059055235233 -0.05330408531813602 -0.6699928813107577
0.756 0.5600229350336 -0.07829388176858859 -0.02047954489074087 0.1021613622703622 -0.05321116218692371 -0.669644085688182
0.757 0.5605642728772031 -0.07824132429412545 -0.0211067341160499 0.1020123848709213 -0.05311820209823866 -0.6692931838948489
0.758 0.5611076727835335 -0.07818844109322644 -0.02173656371557374 0.1018589054574241 -0.05302929994039692 -0.6689350487806138
0.759 0.5616531497593936 -0.07813522927964888 -0.02236903067056925 0.1017008549144546 -0.0529319853971677 -0.6685852506656948
0.76 0.5622007189779838 -0.07808168593213805 -0.02300413265369806 0.1015381641738815 -0.0528388005744233 -0.6682280901558501
0.761 0.5627503957814197 -0.07802780809387704 -0.02364186608774725 0.1013707605917201 -0.05274559730127781 -0.6678687952051356
0.762 0.563302195683296 -0.07797359277192507 -0.02428222632541308 0.1011985724087556 -0.05265233276305902 -0.667507349482086
0.763 0.563856134371298 -0.07791903693664683 -0.02492520861218757 0.1010215258313326 -0.05255905004192418 -0.667143750345798
0.764 0.5644122277098685 -0.07786413752112754 -0.0255708074055025 0.1008395472446688 -0.05246577289766999 -0.6667779059958177
0.765 0.5649704917429231 -0.07780889142057927 -0.02621901576554646 0.1006525602159319 -0.05237245255294207 -0.6664098808996889
0.766 0.5655309426966215 -0.07775329549173322 -0.02686982776332172 0.1004604871444993 -0.05227934732187724 -0.6660393764315377
0.767 0.566093596982191 -0.07769734655222128 -0.02752323458850607 0.1002632514495302 -0.0521857325557983 -0.6656672283846182
0.768 0.5666584711988047 -0.07764104137994449 -0.02817922819983189 0.1000607723710614 -0.05209241192082449 -0.6652925049599443
0.769 0.5672255821365233 -0.07758437671242881 -0.0288377982813867 0.0998529697882523 -0.05199911422129274 -0.6649154733643484
0.77 0.567794946779289 -0.07752734924616776 -0.02949893420552384 0.0996397627085214 -0.05190583147184653 -0.6645361657089391
0.771 0.5683665823079799 -0.07746995563595236 -0.03016262541510533 0.0994210657931754 -0.05181287813085921 -0.6641541986149571
0.772 0.5689405061035301 -0.07741219249418632 -0.03082885977029531 0.0991967977778142 -0.05171938641061953 -0.6637705394722937
0.773 0.5695167357501082 -0.07735405639018805 -0.03149762226360097 0.0989668709794665 -0.05162624982977478 -0.6633841998959269
0.774 0.5700952890383641 -0.07729554384947751 -0.03216890096223235 0.0987311983661219 -0.05153333909660318 -0.6629952905534978
0.775 0.5706761839687387 -0.07723665135304919 -0.03284267892305643 0.098489692546039 -0.05144168867595568 -0.6626027571798424
0.776 0.5712594387548428 -0.07717737533662929 -0.03351894055613557 0.0982422638404289 -0.05134723595223168 -0.6622108207927293
0.777 0.5718450718269064 -0.07711771218991754 -0.03419766715230687 0.0979888201014251 -0.0512544035935135 -0.6618148366805144
0.778 0.5724331018352993 -0.07705765825581308 -0.03487884142512723 0.0977292700114892 -0.05116169973973407 -0.6614163673784992
0.779 0.5730235476541202 -0.0769972098296245 -0.03556244304472789 0.0974635194190605 -0.0510691264793063 -0.6610153960442513
0.78 0.5736164283848673 -0.07693636315826248 -0.03624845089632307 0.0971914724984969 -0.05097693791822463 -0.6606116475607149
0.781 0.574211763360181 -0.07687511443941566 -0.03693684231646202 0.096913033493628 -0.05088429306425229 -0.6602059772099024
0.782 0.5748095721476673 -0.07681345982070895 -0.03762759395715371 0.096628103729908 -0.05079204300021688 -0.659797500270915
0.783 0.5754098745538024 -0.07675139539884331 -0.0383206804080106 0.0963365842974035 -0.05070022400489998 -0.6593862056396108
0.784 0.5760126906279154 -0.07668891721871823 -0.03901607538622006 0.0960383734188157 -0.05060812731041405 -0.6589727121260061
0.785 0.5766180406662647 -0.07662602127253344 -0.03971375116494713 0.0957333685700369 -0.05051645147563859 -0.6585563816774681
0.786 0.5772259452161942 -0.07656270349887238 -0.04041367762491877 0.0954214653737445 -0.0504284513342709 -0.6581341464233517
0.787 0.577836425080381 -0.07649895978176562 -0.04111582461143116 0.095102559601669 -0.05033384417308234 -0.6577156494338386
0.788 0.578449501321175 -0.0764347859497331 -0.04182015885648415 0.0947765420522556 -0.05024259839849998 -0.6572914974250543
0.789 0.5790651952650347 -0.07637017777480568 -0.04252664685557694 0.0944433047577539 -0.05015176264300769 -0.656864449664643
0.79 0.5796835285070561 -0.07630513097152516 -0.04323525162390379 0.0941027378362645 -0.05006117863949246 -0.6564346945222762
0.791 0.5803045229156044 -0.07623964119592147 -0.04394593580224043 0.0937547289506082 -0.04997092739039166 -0.6560020893448141
0.792 0.5809282006370432 -0.0761737040444681 -0.04465866037796332 0.0933991642063858 -0.04988100324509687 -0.6555666372016787
0.793 0.5815545841005745 -0.07610731505301263 -0.04537338341749419 0.0930359284486594 -0.04979372914529418 -0.6551263367136322
0.794 0.5821836960231823 -0.07604046969568436 -0.04609006016981287 0.0926649048294672 -0.04970248733975916 -0.6546868987185853
0.795 0.5828155594146851 -0.07597316338377659 -0.04680864750701211 0.0922859745990117 -0.04961241961551064 -0.6542438213242764
0.796 0.5834501975829052 -0.07590539146460401 -0.04752909604345609 0.0918990175970427 -0.04952359297654367 -0.6537970628836915
0.797 0.5840876341389541 -0.07583714922033291 -0.04825135750111285 0.0915039125291056 -0.04943972606060751 -0.6533435736114451
0.798 0.5847278930026361 -0.07576843186678567 -0.04897537885856894 0.091100533944752 -0.04934730351543772 -0.6528945200538105
0.799 0.5853709984079758 -0.07569923455221681 -0.04970110569919536 0.0906887576824097 -0.04925924540145419 -0.6524391744422238
0.8 0.5860169749088709 -0.07562955235606134 -0.05042848144528477 0.0902684564626559 -0.0491718960360923 -0.651980573669913
0.801 0.5866658473848788 -0.07555938028765327 -0.05115744844617566 0.0898395015049217 -0.04908499480009999 -0.6515188988295111
0.802 0.5873176410471336 -0.07548871328491414 -0.05188794343218749 0.0894017616576458 -0.04900092466263726 -0.6510522986937876
0.803 0.5879723814443992 -0.07541754621301134 -0.05261990256117194 0.0889551048851414 -0.04891235376968252 -0.6505864652425599
0.804 0.5886300944692672 -0.07534587386298406 -0.05335325933900461 0.0884993963516504 -0.0488267242802448 -0.6501155609706747
0.805 0.5892908063644995 -0.07527369095033652 -0.0540879438479792 0.0880345003086496 -0.04874464829825884 -0.649639231966389
0.806 0.5899545437295187 -0.07520099211359812 -0.05482388336018036 0.0875602793765891 -0.04865700721202273 -0.64916429035135
0.807 0.5906213335270541 -0.07512777191284814 -0.05556100243326813 0.0870765933214266 -0.04857284824670975 -0.6486838846763848
0.808 0.5912912030899441 -0.075054024828206 -0.05629922244736068 0.0865833007231192 -0.04848925485081227 -0.6482002010294643
0.809 0.5919641801281034 -0.07497974525828367 -0.0570384616432925 0.0860802586799059 -0.04841198587814842 -0.6477091405334439
0.81 0.5926402927356603 -0.0749049275186008 -0.05777863437418863 0.0855673214052409 -0.0483237583672006 -0.6472230024753723
0.811 0.5933195693982585 -0.07482956583996154 -0.05851965363742644 0.0850443427556425 -0.04824190025408674 -0.646729415694584
0.812 0.5940020390005442 -0.07475365436679054 -0.05926142580376728 0.0845111730299856 -0.04816063334652372 -0.6462324538117982
0.813 0.5946877308338342 -0.07467718715542783 -0.06000385684921068 0.0839676626722625 -0.04808029929928142 -0.6457318849627413
0.814 0.5953766746039715 -0.0746001581723819 -0.06074684656489805 0.0834136583928249 -0.04800003141497243 -0.6452282814579712
0.815 0.5960689004393758 -0.07452256129253815 -0.06149029332086327 0.0828490065024464 -0.04792074689466127 -0.6447210036044466
0.816 0.5967644388992919 -0.07444439029732304 -0.06223408846938643 0.0822735501422008 -0.04784337212947906 -0.6442094169810267
0.817 0.5974633209822486 -0.07436563887282103 -0.06297812184430872 0.0816871323086789 -0.04776426595842732 -0.6436958987739605
0.818 0.5981655781347278 -0.07428630060784412 -0.06372227861017309 0.0810895930221707 -0.04768714049756906 -0.643177996812896
0.819 0.5988712422600489 -0.07420636899195207 -0.06446643874278775 0.0804807706084494 -0.0476108337741822 -0.6426564509501149
0.82 0.599580345727484 -0.07412583741342128 -0.06521047917268007 0.079860502092824 -0.04753522082813202 -0.6421313255738513
0.821 0.6002929213816039 -0.07404469915716151 -0.06595427046228314 0.07922862236228161 -0.04746048272509972 -0.6416024755555173
0.822 0.6010090025518632 -0.07396294740257815 -0.06669767966162392 0.07858496430877132 -0.04738658178613598 -0.6410698838140125
0.823 0.6017286230624346 -0.07388057522137871 -0.06744056846498423 0.07792935974430946 -0.04731374368569447 -0.640533436753299
0.824 0.6024518172422939 -0.07379757557532227 -0.0681827943220852 0.07726163878424125 -0.04724143380613816 -0.6399934091165746
0.825 0.6031786199355759 -0.07371394131390792 -0.06892420748250306 0.07658162939047406 -0.04717024167579756 -0.6394494296600726
0.826 0.6039090665121969 -0.07362966517200322 -0.06966465577714992 0.07588915788152999 -0.04709999828270291 -0.6389015598161096
0.827 0.6046431928787561 -0.07354473976740867 -0.07040397933860286 0.07518404916384948 -0.047030774998977 -0.6383497523159039
0.828 0.6053810354897308 -0.07345915759835658 -0.07114201338306342 0.07446612667890644 -0.04696248792813923 -0.6377940193344672
0.829 0.6061226313589686 -0.07337291104094269 -0.07187858659816156 0.07373521236917653 -0.04689527605122515 -0.6372342435808285
0.83 0.6068680180714878 -0.07328599234648712 -0.07261352260848522 0.07299112660668472 -0.04682916236046851 -0.6366704073823272
0.831 0.6076172337955975 -0.07319839363882434 -0.073346638360914 0.07223368769176407 -0.04676408461634473 -0.6361025226193127
0.832 0.6083703172953445 -0.07311010691151778 -0.07407774399225241 0.07146271443825281 -0.04670018334522864 -0.6355304810710835
0.833 0.6091273079433055 -0.07302112402499718 -0.07480664384711232 0.07067802101268529 -0.04663745394212041 -0.6349542453835133
0.834 0.6098882457337278 -0.0729314367036165 -0.07553313411973431 0.06987942453158657 -0.04657594045174384 -0.6343737724792921
0.835 0.6106531712960303 -0.07284103653263017 -0.07625700630545861 0.06906673811388769 -0.0465155998524714 -0.6337890640772764
0.836 0.6114221259086859 -0.07274991495508263 -0.07697804189188721 0.0682397736019764 -0.0464567369852483 -0.6331999157369865
0.837 0.6121951515134897 -0.07265806326861115 -0.07769601669478046 0.06739834293541092 -0.04639882222804893 -0.6326065880329614
0.838 0.6129722907302286 -0.07256547262215647 -0.07841069839677593 0.06654225773402395 -0.0463461136354158 -0.6320070613200902
0.839 0.6137535868717686 -0.07247213401257978 -0.07912184701093379 0.06567132739669344 -0.04628740945209327 -0.6314064474489773
0.84 0.614539083959568 -0.0723780382811814 -0.07982921334386505 0.0647853604705177 -0.04623382208750771 -0.6307996380359877
0.841 0.6153288267396407 -0.07228317611011934 -0.0805325407146124 0.06388416646336978 -0.04618169086411849 -0.630188237256473
0.842 0.6161228606989797 -0.07218753801872145 -0.0812315648142095 0.06296755246920277 -0.04613103787517706 -0.6295722236344965
0.843 0.616921232082451 -0.07209111435969141 -0.0819260099706429 0.06203532653946398 -0.04608192148700473 -0.6289515394643646
0.844 0.6177239879101889 -0.0719938953152006 -0.0826155929342973 0.06108729633287222 -0.04603438777982399 -0.6283261173269317
0.845 0.6185311759955001 -0.07189587089286437 -0.0833000211686838 0.06012326820026669 -0.04598851039152017 -0.6276959077732569
0.846 0.6193428449632968 -0.07179703092159778 -0.0839789911255557 0.05914305034984736 -0.04594427552045932 -0.6270608523873963
0.847 0.6201590442690811 -0.07169736504734604 -0.0846521910841281 0.05814644970775301 -0.04590165274253352 -0.6264209574031882
0.848 0.6209798242184942 -0.0715968627286856 -0.0853192972899182 0.05713327472545542 -0.0458608521038394 -0.6257760845456271
0.849 0.6218052359874621 -0.07149551323229066 -0.0859799761064095 0.05610333360313401 -0.04582186114037001 -0.6251261816913594
0.85 0.6226353316429499 -0.07139330562826014 -0.0866338836578128 0.05505643546481728 -0.04578470977250609 -0.6244712267273987
0.851 0.6234701641643471 -0.07129022878530071 -0.087280663905709 0.05399239097024894 -0.04574945770665081 -0.6238111433879523
0.852 0.6243097874655169 -0.07118627136575872 -0.0879199491814984 0.0529110111206109 -0.04571615584668423 -0.6231458572141472
0.853 0.625154256417526 -0.07108142182049702 -0.088551360742074 0.05181210888182052 -0.04568484694153127 -0.6224753212279106
0.854 0.6260036268720835 -0.07097566838360968 -0.0891745073135915 0.05069549898114425 -0.04565559006004076 -0.6217994699402821
0.855 0.6268579556857174 -0.07086899906696847 -0.0897889850583433 0.04956099779087378 -0.04562885198214763 -0.621118104122004
0.856 0.62771730074471 -0.0707614016545957 -0.0903943764583115 0.04840842442328496 -0.04560630119621744 -0.6204306698444156
0.857 0.6285817209908365 -0.07065286369685422 -0.0909902519855669 0.04723759989423582 -0.04558068720819258 -0.6197393164438658
0.858 0.6294512764479231 -0.07054337250444985 -0.0915761679944808 0.04604834944759562 -0.04556043753090127 -0.6190414498656892
0.859 0.6303260282492587 -0.07043291514223809 -0.0921516664795169 0.04484049965486624 -0.04554208279390977 -0.6183380265591885
0.86 0.6312060386659058 -0.07032147842282599 -0.0927162755056405 0.04361388176524468 -0.0455265829206878 -0.6176287576073743
0.861 0.6320913711359324 -0.07020904889996268 -0.0932695080731178 0.04236833150681348 -0.04551299116659857 -0.6169138417942314
0.862 0.6329820902946099 -0.07009561286170934 -0.0938108621735434 0.04110368777125272 -0.0455076734642238 -0.6161916070875231
0.863 0.6338782620056151 -0.06998115632337875 -0.0943398194247591 0.03981979490852514 -0.04549403615982036 -0.6154661124123024
0.864 0.6347799533932688 -0.06986566502023718 -0.0948558475474688 0.03851650238008698 -0.04548850717721355 -0.6147332451714748
0.865 0.6356872328758723 -0.06974912439995599 -0.0953583947187959 0.0371936664127559 -0.04548571266139397 -0.6139942576071106
0.866 0.6366001702001672 -0.06963151961480408 -0.0958468948290665 0.03585114785101546 -0.04548576410673479 -0.6132490669133259
0.867 0.6375188364769702 -0.06951283551357128 -0.0963207635473637 0.03448881551243006 -0.04548862863563221 -0.6124976126528126
0.868 0.6384433042180444 -0.06939305663320907 -0.0967793988820409 0.03310654467861651 -0.04549459777593667 -0.6117397674460123
0.869 0.6393736473742443 -0.06927216719017741 -0.0972221804617399 0.03170421975576059 -0.0455032667901971 -0.6109755265776856
0.87 0.640309941374995 -0.06915015107148631 -0.0976484689464183 0.03028173279792031 -0.04551522121653869 -0.6102047244535393
0.871 0.6412522631691639 -0.06902699182541674 -0.09805760626280099 0.02883898590958172 -0.04553308034916518 -0.6094268326793622
0.872 0.6422006912673799 -0.0689026726519095 -0.0984489163944367 0.0273758905354503 -0.04554877114645841 -0.6086431335552224
0.873 0.6431553057858704 -0.06877717639260429 -0.0988217001831602 0.0258923696245425 -0.04557081988563853 -0.6078521219690658
0.874 0.6441161884918802 -0.06865048552051618 -0.0991752405077732 0.02438835618851258 -0.04559574092921033 -0.6070542830976557
0.875 0.6450834228507319 -0.06852258212933256 -0.0995087982101651 0.02286379781127855 -0.04562448303457137 -0.6062493965267252
0.876 0.646057094074619 -0.06839344792231278 -0.0998216126805526 0.0213186539541242 -0.04565684350600183 -0.6054374027652953
0.877 0.6470372891731959 -0.06826306420077284 -0.1001129015000212 0.01975289804498031 -0.04569294529609731 -0.6046181924634332
0.878 0.6480240970060537 -0.06813141185213616 -0.1003818605072451 0.01816651927920615 -0.04573285349803656 -0.6037916685256428
0.879 0.6490176083371569 -0.0679984713375317 -0.1006276606051835 0.01655952307556538 -0.04577666996987981 -0.6029577148790898
0.88 0.650017915891352 -0.06786422267891484 -0.1008494536441353 0.01493193298168956 -0.04582451961004412 -0.6021162365319986
0.881 0.6510251144130171 -0.0677286454456938 -0.101046361932058 0.0132837887677993 -0.04587666707552332 -0.6012670893559237
0.882 0.6520393007269805 -0.06759171874083264 -0.1012174891091115 0.01161515254512707 -0.04593289522089244 -0.6004101875674253
0.883 0.6530605738017852 -0.0674534211864115 -0.1013619102093898 0.00992610525752537 -0.04599494286860819 -0.5995453277906685
0.884 0.6540890348154431 -0.0673137309086128 -0.1014786771765777 0.00821675101974065 -0.04605839333186342 -0.5986726354992157
0.885 0.6551247872237727 -0.06717262552210951 -0.1015668153259507 0.006487218429538397 -0.04612802760859401 -0.5977917244182562
0.886 0.6561679368314581 -0.06703008211382393 -0.1016253253925648 0.004737659421087926 -0.04620238256128862 -0.5969025507349563
0.887 0.6572185918659605 -0.06688607722602714 -0.1016531802683795 0.002968254863525928 -0.04628158934576139 -0.5960049976878428
0.888 0.658276863054414 -0.06674058683874604 -0.1016493269004547 0.001179212458337253 -0.04636577083155755 -0.5950989233928725
0.889 0.6593428637036737 -0.0665935863514425 -0.1016126843528912 -0.0006292287934384112 -0.04645505951897366 -0.5941841851785297
0.89 0.6604167097836528 -0.06644505056392863 -0.1015421468843242 -0.002456798670560676 -0.04654961923314947 -0.5932606390766407
0.891 0.6614985200141213 -0.06629495365647953 -0.1014365781466934 -0.004303192732495697 -0.04664955826982755 -0.5923281629289331
0.892 0.6625884159551539 -0.06614326916910086 -0.1012948144295119 -0.006168069499190607 -0.04675497405475717 -0.5913865875902513
0.893 0.663686522101401 -0.06598996997990811 -0.101115666616771 -0.00805105118015946 -0.04686613025908212 -0.5904357692704945
0.894 0.6647929659803888 -0.06583502828257047 -0.1008979136971071 -0.00995171773878486 -0.04698314043323793 -0.5894755429444443
0.895 0.6659078782550598 -0.06567841556277014 -0.1006403083217454 -0.01186960848239878 -0.0471061428792822 -0.5885057405041295
0.896 0.6670313928307698 -0.0655201025736253 -0.1003415743833091 -0.01380421599878725 -0.04723531642084522 -0.587526230993055
0.897 0.6681636469669985 -0.06536005931001771 -0.1000004078421992 -0.01575498437520064 -0.04737086023801085 -0.5865368164217041
0.898 0.6693047813940095 -0.06519825498176806 -0.0996154747784112 -0.01772130926152566 -0.04751293030484129 -0.5855373152682111
0.899 0.6704549404347317 -0.06503465798559638 -0.0991854162807023 -0.01970253148073707 -0.0476617086648738 -0.5845275449975
0.9 0.6716142721321628 -0.06486923587579586 -0.0987088414305116 -0.02169793418257774 -0.04781737262057092 -0.5835073427444871
0.9001 0.671730715611915 -0.06485259200852524 -0.0986585717717107 -0.02189822536292432 -0.04783333548606686 -0.5834047437580336
0.9002 0.6718472524879622 -0.06483592952386794 -0.0986078203129589 -0.02209864930249597 -0.04784935674264062 -0.5833020331878539
0.9003 0.6719638829147594 -0.06481924838792517 -0.0985565876011685 -0.02229920589686992 -0.04786545431044404 -0.5831992216982322
0.9004 0.6720806070471673 -0.06480254856670618 -0.0985048708406142 -0.02249989449618821 -0.04788162159922546 -0.5830963035308219
0.9005 0.6721974250404475 -0.06478583002612912 -0.0984526687069831 -0.02270071391791756 -0.04789789670529558 -0.5829932843683128
0.9006 0.6723143370502705 -0.0647690927320197 -0.0983999814396626 -0.0229016630112136 -0.04791417174236361 -0.5828901489582303
0.9007 0.6724313432327095 -0.06475233665011235 -0.0983468056216859 -0.02310274157769545 -0.04793055666254517 -0.582786901532539
0.9008 0.6725484437442466 -0.0647355617460483 -0.0982931403636522 -0.02330394870472122 -0.04794816683617228 -0.5826837167385635
0.9009 0.6726656387417728 -0.06471876798537643 -0.0982389835198891 -0.02350528273363798 -0.04796353913043405 -0.5825801019258036
0.901 0.6727829283825917 -0.06470195533355193 -0.0981843357751336 -0.02370674338648408 -0.04798014445413094 -0.5824765355608754
0.9011 0.6729003128244154 -0.06468512375593721 -0.0981291931738008 -0.02390833014889535 -0.04799681917120966 -0.5823728578582624
0.9012 0.6730177922253727 -0.06466827321780012 -0.0980735560122879 -0.02411004155170166 -0.04801380647563961 -0.5822691004174385
0.9013 0.6731353667440068 -0.06465140368431486 -0.0980174222894785 -0.02431187711875872 -0.048030549245327 -0.582165214387485
0.9014 0.6732530365392791 -0.0646345151205605 -0.0979607898956829 -0.02451383576327599 -0.04804733861693773 -0.5820611973731918
0.9015 0.6733708017705677 -0.0646176074915215 -0.0979036584453058 -0.02471591612397217 -0.04806427281572119 -0.5819570765508996
0.9016 0.6734886625976701 -0.06460068076208719 -0.0978460251381238 -0.02491811831130676 -0.04808146490389388 -0.5818528713827431
0.9017 0.673606619180806 -0.06458373489705124 -0.0977878901655238 -0.0251204406556836 -0.04809842988040935 -0.5817485193429112
0.9018 0.6737246716806188 -0.06456676986111114 -0.0977292509607669 -0.02532288299268827 -0.04811562441550493 -0.5816440812876658
0.9019 0.6738428202581726 -0.06454978561886846 -0.0976701064247244 -0.02552544325856292 -0.04813288974944401 -0.5815395259765825
0.902 0.673961065074961 -0.06453278213482788 -0.09761045436740599 -0.02572812122317313 -0.04815024337669079 -0.581434877688866
0.9021 0.674079406292902 -0.0645157593733978 -0.0975502943901913 -0.02593091646112944 -0.04816765712595245 -0.5813301076072626
0.9022 0.6741978440743493 -0.06449871729888645 -0.0974896247181213 -0.0261338264072524 -0.04818808425244712 -0.5812256426150993
0.9023 0.6743163785820788 -0.06448165587550827 -0.0974284429266691 -0.02633685205838893 -0.04820286368188986 -0.581120249130318
0.9024 0.6744350099793029 -0.06446457506737714 -0.0973667489322749 -0.02653999117682831 -0.04822037290873075 -0.5810151256551657
0.9025 0.6745537384296671 -0.06444747483850911 -0.0973045405564659 -0.02674324323168286 -0.04823833077369492 -0.5809099449604089
0.9026 0.6746725640972518 -0.06443035515282124 -0.0972418162762657 -0.02694660715210287 -0.04825589088213232 -0.5808045836268297
0.9027 0.674791487146576 -0.0644132159741314 -0.0971785738739644 -0.02715008237292798 -0.04827399142922534 -0.5806991756559513
0.9028 0.6749105077425936 -0.06439605726615815 -0.097114813111822 -0.02735366693909074 -0.04829176757507564 -0.5805935977139463
0.9029 0.6750296260507003 -0.0643788789925201 -0.0970505323462047 -0.0275573611609787 -0.04830973671429697 -0.5804879312898151
0.903 0.6751488422367369 -0.06436168111673486 -0.0969857292952201 -0.02776116266155714 -0.04832785456181993 -0.5803821653752201
0.9031 0.6752681564669833 -0.0643444636022201 -0.0969204030095822 -0.02796507150601372 -0.04834602101409237 -0.5802762776008038
0.9032 0.6753875689081657 -0.06432722641229212 -0.0968545516979711 -0.02816908617846849 -0.04836433280281531 -0.5801702837395444
0.9033 0.6755070797274572 -0.06430996951016589 -0.0967881743203792 -0.02837320606309157 -0.04838261149207848 -0.5800641658522208
0.9034 0.6756266890924804 -0.06429269285895413 -0.0967212685763361 -0.02857742932580061 -0.04840103240313927 -0.5799579342212457
0.9035 0.675746397171304 -0.0642753964216682 -0.0966538337028861 -0.02878175538804561 -0.04841952564517048 -0.5798515965340332
0.9036 0.6758662041324519 -0.06425808016121616 -0.0965858674668137 -0.02898618365436006 -0.04843809458298182 -0.579745140964691
0.9037 0.675986110144899 -0.06424074404040335 -0.0965173692506017 -0.02919071258157908 -0.04845674399207874 -0.579638571323721
0.9038 0.676106115378079 -0.0642233880219313 -0.0964483367731291 -0.02939534135922234 -0.04847681356228793 -0.5795321067112532
0.9039 0.6762262200018778 -0.06420601206839843 -0.0963787692694003 -0.02960006829141213 -0.04849427978868496 -0.5794250949541139
0.904 0.6763464241866419 -0.06418861614229863 -0.0963086650930828 -0.02980489344706715 -0.0485131673313342 -0.5793181927402989
0.9041 0.6764667281031774 -0.06417120020602138 -0.0962380208382778 -0.03000981392051237 -0.04853213542584413 -0.5792111621038442
0.9042 0.676587131922752 -0.06415376422185101 -0.0961668370410464 -0.03021483067260906 -0.04855117970173509 -0.5791040216532757
0.9043 0.6767076358170981 -0.06413630815196668 -0.096095111738845 -0.0304199416586385 -0.04857031102470583 -0.5789967700972927
0.9044 0.67682823995841 -0.06411883195844212 -0.096022844127045 -0.0306251458176793 -0.04858961183942852 -0.5788894322816578
0.9045 0.6769489445193511 -0.06410133560324449 -0.0959500304091138 -0.03083044157627268 -0.04860882194870993 -0.5787819272414509
0.9046 0.677069749673056 -0.06408381904823429 -0.0958766709831066 -0.03103582913939662 -0.04862818543842428 -0.5786743296416688
0.9047 0.6771906555931261 -0.06406628225516532 -0.0958027639659678 -0.03124130587044974 -0.0486476345796103 -0.5785666132315879
0.9048 0.6773116624536365 -0.06404872518568411 -0.0957283067025722 -0.03144687103890266 -0.04866716415731824 -0.5784587751174052
0.9049 0.6774327704291353 -0.06403114780132922 -0.095653299845017 -0.03165252441411579 -0.0486867697765359 -0.5783508279245543
0.905 0.6775539796946487 -0.06401355006353114 -0.0955777395699085 -0.03185826335688449 -0.04870650613322238 -0.5782427692769058
0.9051 0.6776752904256764 -0.06399593193361184 -0.0955016258366415 -0.0320640882561549 -0.0487264713437287 -0.5781346211810835
0.9052 0.6777967027982009 -0.06397829337278417 -0.0954249558458054 -0.03226999697763238 -0.04874609610653305 -0.5780262783426807
0.9053 0.6779182169886835 -0.06396063434215184 -0.095347729222915 -0.03247598833911409 -0.04876743339602109 -0.5779181071553188
0.9054 0.6780398331740721 -0.06394295480270795 -0.0952699437316868 -0.03268206131667537 -0.04878952673205397 -0.5778099400737922
0.9055 0.6781615515317959 -0.06392525471533617 -0.0951915984247601 -0.0328882148922343 -0.04880616297301267 -0.5777006685906253
0.9056 0.6782833722397718 -0.06390753404080911 -0.0951126906228955 -0.03309444795366181 -0.04882635063313389 -0.577591894535616
0.9057 0.678405295476405 -0.0638897927397884 -0.0950332199904735 -0.03330075888698416 -0.048846620774375 -0.5774830085801069
0.9058 0.6785273214205926 -0.06387203077282379 -0.0949531840592612 -0.03350714667102969 -0.04886697496110156 -0.5773739966882855
0.9059 0.6786494502517195 -0.06385424810035383 -0.09487258154287501 -0.03371361043264223 -0.04889120501863311 -0.5772655706243085
0.906 0.678771682149669 -0.06383644468270384 -0.0947914111861994 -0.0339201477792233 -0.04890793628998633 -0.5771556233924043
0.9061 0.6788940172948173 -0.06381862048008706 -0.0947096707523581 -0.03412675877609059 -0.04892856045420288 -0.577046267109654
0.9062 0.6790164558680426 -0.06380077545260249 -0.0946273593985228 -0.03433344100328576 -0.04894925361115102 -0.5769367814593513
0.9063 0.6791389980507186 -0.0637829095602363 -0.0945444750623615 -0.03454019470906254 -0.04897002993138999 -0.5768271802582979
0.9064 0.679261644024722 -0.06376502276286013 -0.0944610166285476 -0.03474701746731536 -0.04899088679801195 -0.5767174567297535
0.9065 0.6793843939724329 -0.06374711502023127 -0.0943769816327617 -0.03495390791082098 -0.04901183437951582 -0.5766076068726965
0.9066 0.6795072480767384 -0.0637291862919914 -0.0942923693503724 -0.03516086577930902 -0.04903286243409375 -0.5764976458312874
0.9067 0.6796302065210286 -0.06371123653766774 -0.0942071779813878 -0.03536788833823156 -0.04905421054318151 -0.5763876013953763
0.9068 0.6797532694892071 -0.0636932657166706 -0.094121405698986 -0.03557497581346664 -0.04907661121667171 -0.5762776285384734
0.9069 0.6798764371656859 -0.06367527378829462 -0.0940350509817612 -0.03578212572893388 -0.04909648111992184 -0.5761670244948027
0.907 0.679999709735394 -0.06365726071171689 -0.09394811244401299 -0.03598933698466262 -0.049117850427245 -0.5760565772264854
0.9071 0.6801230873837721 -0.06363922644599786 -0.0938605885343769 -0.03619660864501695 -0.04913953383332361 -0.5759460519337175
0.9072 0.6802465702967789 -0.06362117095007985 -0.0937724771162246 -0.03640393883349451 -0.04916090954091733 -0.575835326885462
0.9073 0.6803701586608923 -0.06360309418278726 -0.0936837768479555 -0.03661132657037193 -0.04918274222781468 -0.5757245509322581
0.9074 0.6804938526631127 -0.06358499610282541 -0.0935944865993009 -0.0368187705727264 -0.04920793922928302 -0.57561431331128
0.9075 0.6806176524909598 -0.06356687666878109 -0.0935046039876943 -0.03702626961658503 -0.04922625448714833 -0.5755025485555234
0.9076 0.6807415583324822 -0.06354873583912111 -0.0934141282342077 -0.0372338219406413 -0.04924792907844124 -0.5753913255930408
0.9077 0.6808655703762532 -0.06353057357219233 -0.0933230563620309 -0.03744142548689144 -0.04927142805245758 -0.5752803239360675
0.9078 0.680989688811379 -0.06351238982622068 -0.0932313889813946 -0.03764908028713726 -0.04929199658001464 -0.5751685872070433
0.9079 0.6811139138274928 -0.06349418455931167 -0.0931391228091967 -0.03785678402313205 -0.04931438664069613 -0.5750570822822266
0.908 0.6812382456147636 -0.06347595772944886 -0.0930462560288522 -0.03806453540370035 -0.04933641833555544 -0.5749453577701104
0.9081 0.6813626843638945 -0.06345770929449435 -0.0929527880614922 -0.03827233349702006 -0.04935878179692589 -0.5748335568477349
0.9082 0.6814872302661279 -0.06343943921218691 -0.09285871644817199 -0.03848017564945113 -0.04938126872674618 -0.5747216421246543
0.9083 0.681611883513242 -0.06342114744014367 -0.0927640409317223 -0.03868806187225422 -0.04940373977624669 -0.5746095821726263
0.9084 0.6817366442975603 -0.06340283393585721 -0.0926687584115144 -0.03889598999881347 -0.04942634834860881 -0.5744974073506444
0.9085 0.6818615128119475 -0.06338449865669686 -0.0925728673425656 -0.03910395859405874 -0.04944905212966311 -0.5743851071005441
0.9086 0.6819864892498178 -0.06336614155990699 -0.0924763668232905 -0.03931196595569252 -0.04947184773050679 -0.5742726820549991
0.9087 0.6821115738051303 -0.06334776260260757 -0.0923792552653865 -0.03952001094223825 -0.04949472898609326 -0.5741601322509638
0.9088 0.6822367666723943 -0.06332936174179298 -0.0922815300459785 -0.03972809265422658 -0.04951771670611509 -0.5740474624166633
0.9089 0.6823620680466725 -0.06331093893433176 -0.0921831904861631 -0.03993620828195699 -0.04954077557255738 -0.5739346547112152
0.909 0.6824874781235827 -0.06329249413696594 -0.0920842347392846 -0.04014435704835966 -0.04956392992892464 -0.5738217283009798
0.9091 0.6826129970992961 -0.06327402730631104 -0.0919846612808006 -0.04035253745067634 -0.04958717344124011 -0.5737086752977376
0.9092 0.6827386251705453 -0.06325553839885485 -0.0918844692991227 -0.04056074692716905 -0.04961052696753042 -0.5735954928855361
0.9093 0.6828643625346228 -0.06323702737095742 -0.0917836544237816 -0.04076898586904762 -0.0496341696719651 -0.5734822284872456
0.9094 0.6829902093893875 -0.06321849417884996 -0.0916822179161857 -0.04097725142008687 -0.04965749261782091 -0.5733687486212248
0.9095 0.6831161659332596 -0.06319993877863532 -0.09158015594806899 -0.04118554192702592 -0.04968111049739533 -0.5732551834289369
0.9096 0.6832422323652288 -0.06318136112628664 -0.0914774684232793 -0.04139385622298805 -0.04970482904890129 -0.5731414882721227
0.9097 0.6833684088848542 -0.06316276117764708 -0.0913741531519341 -0.04160219264712739 -0.04972867478894746 -0.5730276787915963
0.9098 0.6834946956922687 -0.06314413888842932 -0.0912702087968315 -0.04181055004747453 -0.04975253956924552 -0.5729137250771299
0.9099 0.6836210929881753 -0.06312549421421533 -0.0911656335896127 -0.04201892565762325 -0.04977653324402181 -0.5727996503107429
0.91 0.6837476009738581 -0.06310682711045525 -0.0910604248879302 -0.0422273190417426 -0.04980062561412422 -0.572685439793257
0.9101 0.683874219851177 -0.06308813753246732 -0.0909545822728359 -0.04243572777344252 -0.04982481551392087 -0.5725711032346247
0.9102 0.6840009498225776 -0.06306942543543669 -0.0908481039162439 -0.0426441508031141 -0.04984937626330348 -0.5724567074664896
0.9103 0.6841277910910847 -0.06305069077441592 -0.0907409880211611 -0.04285258539668472 -0.04987350046472438 -0.5723420473728758
0.9104 0.6842547438603104 -0.06303193350432381 -0.0906332332142958 -0.04306103187173552 -0.04989797291718354 -0.5722273263839197
0.9105 0.6843818083344553 -0.06301315357994486 -0.090524836403863 -0.04326948680787216 -0.04992253930877536 -0.572112470708363
0.9106 0.6845089847183116 -0.06299435095592862 -0.0904157983364292 -0.04347794940402694 -0.04994721328917784 -0.5719974819438629
0.9107 0.6846362732172605 -0.06297552558678996 -0.0903061154124117 -0.0436864174624466 -0.04997196889435649 -0.5718823669410759
0.9108 0.6847636740372824 -0.06295667742690737 -0.09019578741041299 -0.04389488911485278 -0.04999686083446275 -0.5717671321621067
0.9109 0.6848911873849528 -0.06293780643052318 -0.0900848116266987 -0.0441033633663766 -0.05002178236016783 -0.571651746714169
0.911 0.6850188134674511 -0.06291891255174225 -0.0899731856744839 -0.04431183798697203 -0.05004683144641819 -0.5715362349105654
0.9111 0.6851465524925553 -0.06289999574453265 -0.0898609094855274 -0.04452031150288272 -0.0500719863754059 -0.5714205887902808
0.9112 0.6852744046686495 -0.062881055962724 -0.0897479804620599 -0.04472878211967096 -0.05009723149173409 -0.5713048148145918
0.9113 0.6854023702047253 -0.06286209316000737 -0.0896343981156597 -0.04493724702294577 -0.05012271271440802 -0.5711889496933438
0.9114 0.6855304493103849 -0.06284310728993445 -0.0895201587904307 -0.04514570640329023 -0.05015185347762339 -0.5710738289775852
0.9115 0.6856586421958395 -0.06282409830591757 -0.0894052635917725 -0.04535415747021079 -0.05017378531812539 -0.570956757800428
0.9116 0.685786949071918 -0.06280506616122848 -0.0892897080945954 -0.04556259818613288 -0.05019924461473819 -0.570840406735143
0.9117 0.6859153701500645 -0.06278601080899805 -0.0891734923542129 -0.04577102726881782 -0.05022515941074546 -0.5707240113093402
0.9118 0.6860439056423465 -0.06276693220221524 -0.089056613925714 -0.04597944246405584 -0.05025151664334613 -0.5706075673645605
0.9119 0.6861725557614491 -0.06274783029372754 -0.0889390716351138 -0.04618784231035777 -0.05027675346312807 -0.5704906791898277
0.912 0.6863013207206841 -0.06272870503623949 -0.0888208631201051 -0.0463962245484579 -0.05030279831579147 -0.5703738341689182
0.9121 0.6864302007339905 -0.06270955638231252 -0.0887019875482005 -0.04660458719940817 -0.05032896438050223 -0.5702568667012327
0.9122 0.6865591960159377 -0.06269038428436385 -0.0885824425975582 -0.04681292948563108 -0.05035518950614843 -0.5701397433330849
0.9123 0.6866883067817241 -0.06267118869466698 -0.0884622275102399 -0.04702124841932492 -0.05038154333638762 -0.5700224980866891
0.9124 0.6868175332471863 -0.06265196956534975 -0.0883413392086541 -0.04722954249490135 -0.05040798850139275 -0.5699051160730847
0.9125 0.6869468756287961 -0.06263272684839485 -0.0882197766160007 -0.04743780914466708 -0.05043455454736574 -0.5697875829531924
0.9126 0.6870763341436692 -0.06261346049563796 -0.0880975393257355 -0.04764604824747398 -0.05046120562922038 -0.5696699320109696
0.9127 0.6872059090095599 -0.06259417045876878 -0.0879746233477496 -0.04785425635451476 -0.05048797866661312 -0.5695521388028244
0.9128 0.687335600444869 -0.06257485668932906 -0.0878510279965134 -0.04806243161972457 -0.05051483467791415 -0.5694342089058382
0.9129 0.6874654086686457 -0.0625555191387127 -0.0877267529643897 -0.04827057194523325 -0.05054183596414071 -0.5693161524608934
0.913 0.6875953339005899 -0.06253615775816478 -0.0876017947133242 -0.0484786767218232 -0.05056910612384427 -0.5691979866945016
0.9131 0.6877253763610522 -0.0625167724987815 -0.0874761531433367 -0.04868674275445153 -0.05059604635421645 -0.5690795862153627
0.9132 0.6878555362710421 -0.06249736331150872 -0.0873498248713854 -0.04889476847644846 -0.05062585532017235 -0.5689617963966218
0.9133 0.6879858138522254 -0.06247793014714198 -0.0872228090567765 -0.04910275174551936 -0.05065311105229219 -0.5688431477874848
0.9134 0.688116209326933 -0.06245847295632524 -0.08709510499700659 -0.049310690412504 -0.05067818164015868 -0.5687237297620615
0.9135 0.6882467229181558 -0.06243899168955105 -0.0869667089209121 -0.04951858281875715 -0.05070694105832347 -0.5686051581077275
0.9136 0.688377354849553 -0.06241948629715962 -0.0868376208049393 -0.04972642677559408 -0.05073345359445706 -0.5684857978591048
0.9137 0.688508105345453 -0.06239995672933782 -0.0867078391042469 -0.04993422022169388 -0.05076125320561085 -0.5683666269557336
0.9138 0.6886389746308581 -0.0623804029361187 -0.086577360239549 -0.05014196097693625 -0.05078915846616338 -0.5682472996947161
0.9139 0.6887699629314418 -0.06236082486738156 -0.0864461851609986 -0.05034964672516224 -0.05081717295942069 -0.5681278475644563
0.914 0.6889010704735584 -0.06234122247285011 -0.0863143103924867 -0.05055727614707216 -0.05084543458379606 -0.5680082946456823
0.9141 0.6890322974842414 -0.06232159570209275 -0.0861817338841982 -0.05076484715306872 -0.05087381168322213 -0.5678886030068853
0.9142 0.6891636441912111 -0.06230194450452099 -0.0860484557068128 -0.0509723562562876 -0.05090446071702654 -0.5677693865451513
0.9143 0.6892951108228703 -0.06228226882938982 -0.0859144726192966 -0.05117980311269779 -0.05093029063189465 -0.567648626581852
0.9144 0.6894266976083122 -0.06226256862579673 -0.0857797844711869 -0.05138718431287227 -0.0509588303538722 -0.5675284669729044
0.9145 0.6895584047773221 -0.06224284384268062 -0.0856443880572199 -0.05159449837821471 -0.05098750805674972 -0.567408176627676
0.9146 0.6896902325603814 -0.06222309442882122 -0.0855082825919426 -0.05180174272045415 -0.05102112118196068 -0.5672891332103486
0.9147 0.6898221811886655 -0.06220332033283933 -0.0853714663288933 -0.05200891546003876 -0.05104511799826959 -0.5671671383583525
0.9148 0.6899542508940549 -0.06218352150319477 -0.0852339369614158 -0.05221601397566124 -0.05107410910023059 -0.5670463893313789
0.9149 0.6900864419091297 -0.06216369788818668 -0.0850956931059227 -0.05242303685251013 -0.05110319879661022 -0.5669255158169966
0.915 0.6902187544671819 -0.06214384943595201 -0.0849567338712349 -0.05262998118681042 -0.0511324546042201 -0.5668045101033673
0.9151 0.6903511888022091 -0.06212397609446592 -0.0848170566915265 -0.05283684501917817 -0.05116283745405862 -0.5666836663838708
0.9152 0.6904837451489216 -0.06210407781154025 -0.0846766601455256 -0.0530436262151953 -0.05119115377940423 -0.5665620370089717
0.9153 0.6906164237427466 -0.06208415453482302 -0.0845355429684329 -0.05325032168785075 -0.05122069288479534 -0.5664405863737689
0.9154 0.69074922481983 -0.06206420621179763 -0.0843937026111558 -0.05345693054282453 -0.05125033425722155 -0.5663189957633378
0.9155 0.6908821486170362 -0.06204423278978295 -0.0842511383404302 -0.05366344981821575 -0.05128009122977273 -0.5661972596780468
0.9156 0.6910151953719575 -0.06202423421593135 -0.0841078473613621 -0.05386987698832243 -0.05130997156844375 -0.5660753732625681
0.9157 0.6911483653229119 -0.062004210437229 -0.0839638294332183 -0.05407620989973019 -0.05133994004948704 -0.5659533443872397
0.9158 0.6912816587089511 -0.06198416140049402 -0.083819082123527 -0.054282446162851 -0.05137002538960685 -0.5658311728959534
0.9159 0.6914150757698581 -0.06196408705237728 -0.083673603187082 -0.05448858353412501 -0.05140023230224654 -0.5657088475817776
0.916 0.6915486167461524 -0.06194398733936076 -0.0835273913059116 -0.05469461984183654 -0.05143055100795725 -0.5655863769144425
0.9161 0.691682281879095 -0.06192386220775673 -0.0833804460505316 -0.05490055214393328 -0.05146098857783669 -0.5654637619195086
0.9162 0.691816071410691 -0.06190371160370713 -0.083232764147986 -0.05510637898859521 -0.05149154392160144 -0.5653409764001007
0.9163 0.6919499855836877 -0.06188353547318368 -0.083084344920382 -0.05531209697247085 -0.05152354937230641 -0.565218481390747
0.9164 0.6920840246415858 -0.0618633337619857 -0.0829351861831499 -0.05551770451900055 -0.05155298358969454 -0.5650950073496776
0.9165 0.6922181888286365 -0.06184310641574053 -0.0827852859072381 -0.05572319822067785 -0.05158388003056835 -0.5649717936721887
0.9166 0.6923524783898507 -0.06182285337990171 -0.0826346437672265 -0.05592857689375918 -0.05161488999395664 -0.5648484394026198
0.9167 0.6924868935709946 -0.06180257459974948 -0.082483257419923 -0.05613383685866854 -0.05164651477314642 -0.5647250942826892
0.9168 0.6926214346185978 -0.06178227002038908 -0.0823311242791132 -0.05633897655717681 -0.05167738710400872 -0.5646013216086816
0.9169 0.6927561017799562 -0.06176193958675053 -0.0821782434411159 -0.05654399339505005 -0.05170861128261112 -0.5644774740534949
0.917 0.6928908953031353 -0.0617415832435873 -0.0820246132471635 -0.05674888432709402 -0.05174008587562966 -0.5643535171629283
0.9171 0.6930258154369692 -0.06172120093547654 -0.081870232524393 -0.05695364704788774 -0.05177169587060757 -0.5642294092494557
0.9172 0.6931608624310719 -0.06170079260681709 -0.0817150989680536 -0.05715827969608043 -0.05180340398123387 -0.5641051542022743
0.9173 0.693296036535833 -0.06168035820182947 -0.0815592114369896 -0.05736277835209674 -0.05183911480209154 -0.5639820042428484
0.9174 0.6934313380024285 -0.06165989766455451 -0.0814025680820715 -0.0575671418781999 -0.05186718237764383 -0.5638561897100582
0.9175 0.6935667670828167 -0.06163941093885358 -0.0812451662596922 -0.05777136666104981 -0.05189924702996878 -0.5637314742206387
0.9176 0.6937023240297454 -0.06161889796840672 -0.0810870057097909 -0.05797545043742385 -0.05193142836099964 -0.5636066110682646
0.9177 0.6938380090967557 -0.06159835869671262 -0.0809280852572426 -0.05817939106974412 -0.0519637394247025 -0.5634815978400458
0.9178 0.6939738225381848 -0.06157779306708706 -0.0807684003492348 -0.05838318539430221 -0.05199616069854389 -0.5633564249504148
0.9179 0.6941097646091665 -0.0615572010226632 -0.0806079532198331 -0.05858683088072842 -0.05202871020911592 -0.5632311068528823
0.918 0.6942458355656402 -0.06153658250638965 -0.0804467387921635 -0.05879032508935724 -0.05206137156699999 -0.5631056143674151
0.9181 0.6943820356643496 -0.0615159374610304 -0.0802847579972335 -0.05899366509328711 -0.05209415843357703 -0.5629799890126974
0.9182 0.694518365162852 -0.06149526582916312 -0.0801220066146387 -0.05919684769368452 -0.05212706984918301 -0.5628541965000986
0.9183 0.6946548243195142 -0.06147456755317963 -0.07995848559656732 -0.05939987215221548 -0.05216009834775141 -0.5627282608038402
0.9184 0.6947914133935206 -0.06145384257528424 -0.07979419218428228 -0.05960273361449343 -0.0521932466782437 -0.5626021664216363
0.9185 0.6949281326448768 -0.06143309083749281 -0.07962912425865132 -0.05980543031489811 -0.05222672977227162 -0.5624759832433285
0.9186 0.6950649823344131 -0.06141231228163234 -0.07946328091219999 -0.06000795897755905 -0.0522599200112174 -0.5623495076064053
0.9187 0.6952019627237838 -0.06139150684934032 -0.07929666067723712 -0.06021031734575676 -0.05229522905964792 -0.5622235569508387
0.9188 0.6953390740754778 -0.06137067448206307 -0.0791292617840798 -0.06041250283343881 -0.05232886386733023 -0.5620968395929323
0.9189 0.6954763166528172 -0.06134981512105561 -0.07896108163551276 -0.06061451190759943 -0.05236086212110432 -0.5619693543403103
0.919 0.6956136907199656 -0.06132892870738015 -0.07879212014463448 -0.06081634237558326 -0.05239476657455409 -0.561842319660224
0.9191 0.6957511965419255 -0.06130801518190607 -0.07862237418331391 -0.06101799110748535 -0.05243016987085239 -0.5617156121742305
0.9192 0.6958888343845465 -0.06128707448530847 -0.07845184393386679 -0.0612194553172643 -0.05246293441425826 -0.5615877831297013
0.9193 0.6960266045145277 -0.06126610655806745 -0.07828052580260372 -0.06142073211939013 -0.0524972057885336 -0.5614602750243572
0.9194 0.696164507199423 -0.06124511134046716 -0.07810841886051838 -0.0616218188398785 -0.05253159542328345 -0.5613326072024957
0.9195 0.6963025427076395 -0.06122408877259532 -0.07793552343046852 -0.06182271262090277 -0.05256612444753624 -0.5612047862556681
0.9196 0.6964407113084493 -0.06120303879434168 -0.07776183527563024 -0.06202341006949727 -0.05260077288645817 -0.5610768031986124
0.9197 0.6965790132719865 -0.06118196134539772 -0.07758735256776443 -0.06222390832185271 -0.05263554393364513 -0.5609486555343453
0.9198 0.6967174488692576 -0.06116085636525498 -0.07741207650124162 -0.06242420507327263 -0.052670451243119 -0.5608203536225562
0.9199 0.6968560183721383 -0.06113972379320516 -0.07723600343476777 -0.06262429667704319 -0.05270548443936179 -0.5606918910435809
0.92 0.6969947220533809 -0.06111856356833877 -0.07705913175734665 -0.06282418058605916 -0.05274064596275597 -0.5605632654474087
0.9201 0.697133560186619 -0.061097375629544 -0.07688146079360482 -0.06302385334822741 -0.05277597086909735 -0.5604344921865333
0.9202 0.6972725330463708 -0.06107615991550568 -0.07670298881320558 -0.06322331229292101 -0.052811364955085 -0.5603055035304682
0.9203 0.6974116409080392 -0.06105491636470568 -0.07652371357249146 -0.06342255469740332 -0.05284691205420715 -0.5601764033064077
0.9204 0.697550884047923 -0.06103364491542001 -0.07634363308219627 -0.06362157710888305 -0.05288258724620318 -0.5600471314453259
0.9205 0.697690262743214 -0.06101234550571939 -0.07616274727798977 -0.06382037613835473 -0.05291840557477172 -0.5599176933827863
0.9206 0.6978297772720087 -0.06099101807346718 -0.07598105480722824 -0.06401895000300546 -0.05295435179535639 -0.5597880987621485
0.9207 0.6979694279133034 -0.06096966255631974 -0.07579855294654845 -0.06421729351964731 -0.05299043337429173 -0.5596583354646495
0.9208 0.6981092149470038 -0.0609482788917243 -0.07561524025305781 -0.06441540540448464 -0.05302664745502711 -0.5595284088014374
0.9209 0.6982491386539279 -0.06092686701691884 -0.07543111453060681 -0.0646132815430977 -0.05306298429476566 -0.5593983156213835
0.921 0.69838919931581 -0.06090542686893054 -0.07524617476261063 -0.06481091901999601 -0.05310958021721744 -0.5592718421710929
0.9211 0.6985293972153065 -0.06088395838457497 -0.07506042073960764 -0.06500831528433094 -0.05313605948170544 -0.5591376423378782
0.9212 0.6986697326359939 -0.06086246150045581 -0.07487384905524159 -0.06520546601117515 -0.05317280121754249 -0.5590070490245453
0.9213 0.6988102058623805 -0.06084093615296284 -0.07468645843562609 -0.0654023687079909 -0.05320967498337145 -0.5588762913499035
0.9214 0.6989508171799104 -0.06081938227827103 -0.07449824907945695 -0.06559902051986974 -0.05324669065836025 -0.5587453726932393
0.9215 0.6990915668749606 -0.06079779981234047 -0.0743092168137844 -0.06579541680072795 -0.05328383350760371 -0.5586142791288926
0.9216 0.6992324552348511 -0.06077618869091466 -0.07411936224633119 -0.06599155551232263 -0.05332111214486643 -0.5584830241917858
0.9217 0.6993734825478475 -0.06075454884951982 -0.0739286830161798 -0.06618743359487498 -0.05335853255592698 -0.5583515983632818
0.9218 0.6995146491031669 -0.06073288022346328 -0.07373717827894386 -0.06638304645513843 -0.05339608957760084 -0.5582200086058079
0.9219 0.6996559551909769 -0.0607111827478337 -0.07354484550786795 -0.06657839277995242 -0.05343377018414897 -0.5580882605374731
0.922 0.6997974011024073 -0.06068945635749876 -0.07335168379596436 -0.06677346659152816 -0.053471605195822 -0.5579563294144511
0.9221 0.6999389871295487 -0.06066770098710488 -0.07315769123684421 -0.06696826652419007 -0.05350957114546661 -0.557824230288801
0.9222 0.7000807135654632 -0.06064591657107562 -0.07296286656985509 -0.0671627890213905 -0.05354766811884322 -0.557691973720815
0.9223 0.7002225807041808 -0.06062410304361129 -0.07276720813900537 -0.06735702968811887 -0.05358593748407176 -0.5575595438369473
0.9224 0.700364588840709 -0.06060226033868782 -0.07257071420760537 -0.06755098586141406 -0.05362429089693334 -0.5574269217009724
0.9225 0.7005067382710363 -0.06058038839005526 -0.07237338508503822 -0.06774465364075648 -0.05366285148071755 -0.5572941560049739
0.9226 0.7006490292921369 -0.06055848713123703 -0.07217521601684165 -0.06793803055145625 -0.05371146474107525 -0.5571651251692896
0.9227 0.7007914622019738 -0.06053655649552891 -0.07197620892998341 -0.06813111193147653 -0.05375026131001225 -0.5570320116821307
0.9228 0.7009340372995057 -0.06051459641599789 -0.07177636070239901 -0.06832389516253694 -0.05378919649845714 -0.5568987277863157
0.9229 0.7010767548846895 -0.06049260682548096 -0.07157566931452548 -0.06851637654133356 -0.05381830467893638 -0.5567612807263143
0.923 0.7012196152584854 -0.06047058765658434 -0.07137413533896131 -0.06870855239099236 -0.05385753188793979 -0.556627644681223
0.9231 0.7013626187228629 -0.06044853884168222 -0.07117175511856837 -0.06890041917782188 -0.05389689329022457 -0.5564938374287877
0.9232 0.701505765580804 -0.06042646031291556 -0.07096852764768801 -0.06909197313191056 -0.05393640623430639 -0.5563598429791692
0.9233 0.7016490561363079 -0.06040435200219121 -0.07076445267336706 -0.06928321073371447 -0.05397606323148026 -0.5562256774387759
0.9234 0.7017924906943965 -0.06038221384118058 -0.07055952790238434 -0.06947412890341475 -0.05402577967853596 -0.5560953922372527
0.9235 0.7019360695611187 -0.06036004576131896 -0.07035375187627711 -0.06966472360908106 -0.05406570840160295 -0.5559608847096838
0.9236 0.7020797930435567 -0.06033784769380359 -0.07014712392284775 -0.06985499118351937 -0.05409589401506122 -0.5558221322668632
0.9237 0.7022236614498238 -0.06031561956959402 -0.06993964176936793 -0.07004492802335039 -0.05413624656222082 -0.555687313178824
0.9238 0.7023676750890827 -0.06029336131940873 -0.06973130471070929 -0.07023453047084929 -0.0541765066620092 -0.5555522188450469
0.9239 0.702511834271538 -0.0602710728737261 -0.06952210958828251 -0.07042379483630913 -0.05421703000840852 -0.5554169929143018
0.924 0.7026561393084454 -0.06024875416278231 -0.06931205685517976 -0.07061271713129686 -0.05425892251305848 -0.5552821006767396
0.9241 0.7028005905121178 -0.0602264051165703 -0.06910114559139993 -0.07080129439863039 -0.05429851862166787 -0.5551460173894097
0.9242 0.7029451881959293 -0.0602040256648385 -0.06888937312233084 -0.07098952202523322 -0.05434933896992732 -0.5550143981140804
0.9243 0.7030899326743193 -0.06018161573708997 -0.0686767374747477 -0.07117739599998085 -0.05439044563177144 -0.5548784671058654
0.9244 0.7032348242627991 -0.06015917526258098 -0.06846323948471391 -0.07136491351211677 -0.05443170365768085 -0.5547423632055751
0.9245 0.7033798632779557 -0.06013670417031992 -0.06824887594141471 -0.07155207040263223 -0.0544632804970604 -0.5546019097700124
0.9246 0.7035250500374572 -0.06011420238906609 -0.06803364615198568 -0.07173886247939465 -0.05450483810944935 -0.5544654447839908
0.9247 0.7036703848600584 -0.06009166984732857 -0.06781754943088671 -0.07192528597209863 -0.05454675060701623 -0.5543288798121962
0.9248 0.7038158680656055 -0.06006910647336488 -0.06760058313892396 -0.07211133767308119 -0.05458844537550334 -0.5541919751497021
0.9249 0.7039614999750409 -0.06004651219518 -0.06738274713253984 -0.0722970121861482 -0.05463043124959431 -0.5540549410578802
0.925 0.7041072809104091 -0.06002388694052488 -0.06716403867797485 -0.07248230742350915 -0.05468237774842768 -0.5539219563820601
0.9251 0.7042532111948616 -0.06000123063689548 -0.06694445755436115 -0.07266721751430066 -0.05472467930291171 -0.5537845492491
0.9252 0.7043992911526621 -0.05997854321153127 -0.06672400293499675 -0.07285174052500442 -0.05476714796134244 -0.5536469906758067
0.9253 0.7045455211091919 -0.05995582459141425 -0.06650267205826575 -0.07303587076140951 -0.0548000123611598 -0.5535050101710313
0.9254 0.7046919013909549 -0.05993307470326767 -0.06628046456908619 -0.07321960519691284 -0.05484278916559111 -0.5533670743334811
0.9255 0.7048384323255842 -0.05991029347355434 -0.06605737908109011 -0.07340293973881979 -0.0548857150695651 -0.5532289556713229
0.9256 0.7049851142418452 -0.05988748082847625 -0.06583341455980163 -0.07358586896151598 -0.05492880783716412 -0.5530906478734535
0.9257 0.7051319474696434 -0.05986463669397236 -0.06560856890308786 -0.07376839064627861 -0.05497204561175531 -0.5529521551287675
0.9258 0.7052789323400295 -0.05984176099571768 -0.06538284323833531 -0.07395050030176984 -0.05501544765330099 -0.5528134842799516
0.9259 0.7054260691852001 -0.05981885365912288 -0.06515623216516131 -0.07413219261687298 -0.0550590060327292 -0.5526746164301099
0.926 0.705573358338512 -0.0597959146093311 -0.06492873799330851 -0.07431346431833607 -0.05510271422885519 -0.5525355629854122
0.9261 0.7057208001344796 -0.05977294377121858 -0.06470035860963224 -0.07449431125290568 -0.05514659301155161 -0.552396328595512
0.9262 0.7058683949087884 -0.05974994106939164 -0.06447109232383492 -0.07467472929479277 -0.05519061116934901 -0.5522568983874805
0.9263 0.7060161429982921 -0.05972690642818681 -0.06424093817939985 -0.07485471435594468 -0.05523479537566142 -0.5521172847584091
0.9264 0.7061640447410235 -0.05970383977166875 -0.06400989436298953 -0.07503426119524033 -0.05527913423242901 -0.5519774891813291
0.9265 0.7063121004761989 -0.05968074102362926 -0.06377796132969415 -0.07521336650940759 -0.05532363639268173 -0.5518374958619722
0.9266 0.706460310544224 -0.0596576101075855 -0.06354513642647264 -0.07539202639173936 -0.05537793288618612 -0.5517016929531613
0.9267 0.7066086752867001 -0.05963444694677895 -0.06331141897438837 -0.07557023514255245 -0.0554227493699624 -0.5515613270320079
0.9268 0.7067571950464284 -0.0596112514641741 -0.06307680664495697 -0.07574798948305665 -0.05546772985859635 -0.5514207595968197
0.9269 0.7069058701674178 -0.05958802358245695 -0.06284130125868219 -0.07592528508246705 -0.05550326775826581 -0.5512756114631388
0.927 0.7070547009948891 -0.05956476322403352 -0.06260489963474019 -0.07610211723024978 -0.05554857202583249 -0.5511346645335448
0.9271 0.7072036878752817 -0.05954147031102898 -0.06236760039520622 -0.07627848092801491 -0.05559407199101613 -0.5509935301598
0.9272 0.7073528311562595 -0.05951814476528545 -0.06212940270282195 -0.07645437299522364 -0.05563968063059108 -0.5508521813424564
0.9273 0.707502131186717 -0.05949478650836131 -0.06189030693247737 -0.07662978906158422 -0.05568550970067643 -0.5507106729349661
0.9274 0.7076515883167849 -0.05947139546152957 -0.06165030885933521 -0.07680472282755529 -0.05574099850646347 -0.5505733867646772
0.9275 0.7078012028978361 -0.05944797154577617 -0.06140941070240586 -0.07697917171737043 -0.05578711940781052 -0.5504314805352041
0.9276 0.7079509752824929 -0.05942451468179895 -0.06116760994964205 -0.07715313060938263 -0.05583339885162148 -0.5502893595830644
0.9277 0.7081009058246316 -0.05940102479000592 -0.06092490577623164 -0.07732659425385492 -0.0558703246233003 -0.5501425737909086
0.9278 0.7082509948793896 -0.05937750179051423 -0.06068129612262821 -0.07749955883655355 -0.0559169746605431 -0.5500000768555645
0.9279 0.7084012428031709 -0.05935394560314808 -0.06043678165378487 -0.07767202033001026 -0.0559637463762489 -0.5498573659503317
0.928 0.7085516499536539 -0.05933035614743786 -0.06019136064387592 -0.07784397315251064 -0.05601071115836909 -0.5497144678635451
0.9281 0.7087022166897955 -0.05930673334261818 -0.05994503061893565 -0.07801541232249116 -0.05605786322246525 -0.5495713813574324
0.9282 0.7088529433718388 -0.05928307710762689 -0.059697793706722 -0.07818633458820375 -0.05611462784847377 -0.549432613233091
0.9283 0.7090038303613198 -0.05925938736110318 -0.05944964644232189 -0.07835673420150515 -0.05616208930880354 -0.5492891275608387
0.9284 0.7091548780210727 -0.0592356640213861 -0.05920058859668619 -0.07852660708202413 -0.0562097182066124 -0.5491454558718308
0.9285 0.7093060867152366 -0.05921190700651346 -0.05895061882674488 -0.07869594717702989 -0.05624806055851494 -0.548996999394865
0.9286 0.7094574568092629 -0.05918811623421983 -0.05869973760287566 -0.07886475156516091 -0.05629605719268539 -0.5488529084198082
0.9287 0.7096089886699206 -0.05916429162193523 -0.05844794216590054 -0.07903301498911642 -0.05634420478775681 -0.5487086118480076
0.9288 0.7097606826653037 -0.05914043308678346 -0.05819523319839016 -0.07920073201707379 -0.05639252994119727 -0.5485641136561686
0.9289 0.7099125391648377 -0.05911654054558097 -0.0579416087854261 -0.07936789787940278 -0.05644103893797522 -0.5484194092654982
0.929 0.7100645585392856 -0.05909261391483446 -0.05768706862624403 -0.07953450866331168 -0.05649912258257411 -0.5482791251479364
0.9291 0.7102167411607554 -0.05906865311074027 -0.05743161092169019 -0.07970055894522535 -0.05654797008271162 -0.5481340186051561
0.9292 0.7103690874027066 -0.05904465804918217 -0.05717523646580104 -0.07986604306422694 -0.05659699004968635 -0.547988719589131
0.9293 0.710521597639957 -0.05902062864573002 -0.0569179419386013 -0.08003095718867601 -0.05663679282751066 -0.5478385692440711
0.9294 0.7106742722486892 -0.05899656481563792 -0.05665972914669051 -0.0801952955011514 -0.05668617677164306 -0.547692848841593
0.9295 0.7108271116064573 -0.05897246647384301 -0.05640059574976794 -0.0803590536305423 -0.05673584898374609 -0.5475469797144845
0.9296 0.7109801160921957 -0.05894833353496345 -0.056140541645889 -0.08052222641245251 -0.05678546459606804 -0.5474007869200251
0.9297 0.7111332860862229 -0.05892416591329698 -0.0558795655638697 -0.080684808579189 -0.05683537587000827 -0.5472544462433719
0.9298 0.7112866219702513 -0.05889996352281929 -0.05561766606703272 -0.0808467956468773 -0.05689479547942729 -0.5471125946477605
0.9299 0.7114401241273924 -0.05887572627718232 -0.05535484382814713 -0.0810081825221576 -0.05694505163615482 -0.5469658548717436
0.93 0.7115937929421657 -0.05885145408971248 -0.05509109817353797 -0.0811689633228528 -0.05699548202434896 -0.546818870664792
0.9301 0.7117476288005032 -0.05882714687340932 -0.0548264269166416 -0.0813291337729854 -0.05703678624296766 -0.5466669945982101
0.9302 0.7119016320897598 -0.0588028045409433 -0.05456083101669989 -0.0814886879337233 -0.05708760057139082 -0.546519617233726
0.9303 0.7120558031987177 -0.05877842700465466 -0.05429430878921641 -0.0816476213579689 -0.05713858983874348 -0.5463720288541628
0.9304 0.7122101425175953 -0.05875401417655139 -0.05402685966412973 -0.0818059290310496 -0.05718976442289895 -0.5462242277380207
0.9305 0.7123646504380547 -0.05872956596830741 -0.05375848247431221 -0.0819636045735287 -0.0572503872832237 -0.5460809863453344
0.9306 0.7125193273532076 -0.05870508229126125 -0.0534891782916345 -0.0821206436880357 -0.05730191429925669 -0.5459327820145889
0.9307 0.7126741736576239 -0.0586805630564138 -0.05321894438368027 -0.0822770407879703 -0.05735363004227457 -0.5457843487585787
0.9308 0.7128291897473391 -0.05865600817442711 -0.05294778192795037 -0.0824327906765801 -0.05740553459553487 -0.5456357063374727
0.9309 0.7129843760198614 -0.05863141755562198 -0.0526756899041974 -0.0825878880000978 -0.05744851776917801 -0.5454821024501055
0.931 0.7131397328741798 -0.05860679110997671 -0.05240266572988313 -0.0827423270256016 -0.05750067959356864 -0.5453329650708729
0.9311 0.7132952607107708 -0.05858212874712518 -0.05212871228313087 -0.0828961031043565 -0.05755315533657652 -0.5451836702250415
0.9312 0.7134509599316071 -0.05855743037635486 -0.05185382571114356 -0.0830492098354404 -0.05760581179206342 -0.5450341543475156
0.9313 0.7136068309401652 -0.05853269590660512 -0.05157800830098251 -0.0832016429203922 -0.05766785043956033 -0.5448892672930025
0.9314 0.713762874141432 -0.05850792524646552 -0.05130125816312337 -0.0833533963905404 -0.0577208786284303 -0.5447393322882322
0.9315 0.7139190899419142 -0.05848311830417376 -0.05102357489838204 -0.0835044641994442 -0.05777409020516223 -0.5445891959310667
0.9316 0.7140754787496455 -0.05845827498761398 -0.05074495774995294 -0.0836548414973267 -0.05782954355943676 -0.544439910838204
0.9317 0.714232040974194 -0.05843339520431481 -0.05046540699695723 -0.0838045223168213 -0.05787231813041425 -0.5442835165042346
0.9318 0.7143887770266714 -0.05840847886144752 -0.05018492170981908 -0.0839535019374986 -0.05792575959382451 -0.5441325032727269
0.9319 0.7145456873197393 -0.05838352586582425 -0.0499035027796188 -0.084101774260358 -0.0579797484592564 -0.5439814675368533
0.932 0.7147027722676197 -0.05835853612389573 -0.04962114835152233 -0.0842493334587509 -0.05803431345893437 -0.543830402171256
0.9321 0.7148600322861006 -0.05833350954174998 -0.04933785769185826 -0.084396173849329 -0.05809946128055267 -0.5436847508072263
0.9322 0.7150174677925452 -0.05830844602510977 -0.04905363149737559 -0.08454228974992201 -0.05815402418744612 -0.5435330572282838
0.9323 0.7151750792059017 -0.05828334547933107 -0.04876846910435425 -0.0846876750929874 -0.05820878673695516 -0.5433811322585415
0.9324 0.7153328669467088 -0.05825820780940089 -0.04848237112970033 -0.0848323255834011 -0.05826374523648088 -0.5432289945880738
0.9325 0.7154908314371065 -0.05823303291993545 -0.04819533590459396 -0.0849762344176395 -0.05830778993647162 -0.543070551483337
0.9326 0.7156489731008423 -0.05820782071517817 -0.04790736367889561 -0.0851193958916969 -0.05836315271106315 -0.5429179612010586
0.9327 0.7158072923632824 -0.05818257109899757 -0.04761845454067911 -0.085261803816206 -0.05841871533648298 -0.5427651380865288
0.9328 0.7159657896514174 -0.05815728397488533 -0.04732860796098121 -0.0854034528661812 -0.05847447125722635 -0.5426120996063178
0.9329 0.7161244653938729 -0.05813195924595449 -0.0470378246041529 -0.0855443371869677 -0.05854149363175394 -0.5424649361488912
0.933 0.7162833200209172 -0.05810659681493695 -0.04674610251697434 -0.0856844505457594 -0.05859764243019319 -0.5423114371060557
0.9331 0.7164423539644701 -0.05808119658418177 -0.04645344229517247 -0.0858237871772791 -0.05865398964266806 -0.5421577120167792
0.9332 0.7166015676581122 -0.05805575845565308 -0.0461598450345807 -0.0859623414972894 -0.05871053776640764 -0.542003759662249
0.9333 0.7167609615370933 -0.05803028233092784 -0.04586530928583228 -0.086100107089202 -0.0587562791249377 -0.541843418553127
0.9334 0.7169205360383407 -0.05800476811119394 -0.04556983507537118 -0.0862370773941973 -0.05881324386553168 -0.5416890050897089
0.9335 0.7170802916004694 -0.05797921569724791 -0.04527342339419322 -0.08637324798175799 -0.058870626422636 -0.5415344720814071
0.9336 0.7172402286637908 -0.05795362498949305 -0.04497607254190084 -0.0865086112983092 -0.05892779420026905 -0.541379466175413
0.9337 0.7174003476703207 -0.05792799588793685 -0.04467778426726311 -0.0866431618125835 -0.05899632689070207 -0.5412305560166784
0.9338 0.7175606490637893 -0.05790232829218942 -0.04437855783294974 -0.0867768931973466 -0.05905409622890099 -0.5410752169479286
0.9339 0.7177211332896508 -0.05787662210146092 -0.04407839298654437 -0.0869097996006353 -0.05911207053641449 -0.5409196532453781
0.934 0.7178818007950918 -0.05785087721455948 -0.04377728929739323 -0.08704187456835399 -0.05917026077145873 -0.5407638437780492
0.9341 0.7180426520290405 -0.057825093529889 -0.0434752491835423 -0.0871731118197386 -0.05921777690109419 -0.5406015604784035
0.9342 0.7182036874421774 -0.0577992709454471 -0.04317227026381828 -0.0873035054668553 -0.05927656486030976 -0.5404453645761739
0.9343 0.7183649074869434 -0.05777340935882257 -0.04286835384064625 -0.0874330490417869 -0.05933541876747832 -0.5402888649158962
0.9344 0.7185263126175499 -0.05774750866719344 -0.04256349968815193 -0.0875617363960137 -0.05939426142642485 -0.5401319908514627
0.9345 0.7186879032899882 -0.05772156876732446 -0.04225770784674615 -0.0876895601861471 -0.059465032472208 -0.5399816716943051
0.9346 0.7188496799620396 -0.05769558955556522 -0.04195097958984714 -0.0878165161173313 -0.05952448584652183 -0.5398244551417423
0.9347 0.7190116430932843 -0.05766957092784728 -0.04164331456939204 -0.0879425958450355 -0.05958350526146777 -0.5396666061903147
0.9348 0.7191737931451117 -0.05764351277968252 -0.04133471267111358 -0.0880677937394377 -0.05964404622658767 -0.5395092778737128
0.9349 0.7193361305807305 -0.05761741500616028 -0.04102517390700363 -0.0881921035781782 -0.05969267267032802 -0.5393446017956938
0.935 0.7194986558651781 -0.05759127750194527 -0.04071470000984076 -0.0883155183308056 -0.05975300872996946 -0.5391864004765142
0.9351 0.7196613694653307 -0.05756510016127523 -0.04040328978422218 -0.0884380315575159 -0.05981354865781791 -0.5390279450769957
0.9352 0.7198242718499133 -0.05753888287795864 -0.04009094590179364 -0.08855963768754301 -0.05987435483778095 -0.5388693026290814
0.9353 0.7199873634895104 -0.05751262554537186 -0.03977766545811983 -0.088680329078243 -0.05994670758790242 -0.5387171426607079
0.9354 0.7201506448565756 -0.05748632805645744 -0.03946345128787001 -0.0888000991911739 -0.06000789394657608 -0.5385579760519048
0.9355 0.7203141164254419 -0.05745999030372109 -0.03914830326279803 -0.0889189416821732 -0.06006930079843321 -0.5383985648090965
0.9356 0.7204777786723325 -0.05743361217922959 -0.03883222246137039 -0.0890368504272248 -0.06013093081064008 -0.5382389113138422
0.9357 0.7206416320753704 -0.05740719357460815 -0.03851520797772951 -0.0891538177751535 -0.06018170310939108 -0.5380723372855719
0.9358 0.72080567711459 -0.05738073438103823 -0.03819726281142719 -0.0892698377616458 -0.06024350181396901 -0.5379120007738782
0.9359 0.7209699142719463 -0.05735423448925467 -0.03787838420044864 -0.0893849027792784 -0.06030580871116152 -0.5377515882469005
0.936 0.7211343440313273 -0.05732769378954329 -0.03755857538482222 -0.0894990073465739 -0.06036833748095276 -0.5375909503061562
0.9361 0.7212989668785625 -0.05730111217173867 -0.03723783702293635 -0.0896121431838664 -0.06044241188680185 -0.5374369007244752
0.9362 0.721463783301436 -0.05727448952522105 -0.03691616713071968 -0.0897243041476268 -0.06050537703899024 -0.5372757477797415
0.9363 0.7216287937896952 -0.05724782573891435 -0.03659356943802785 -0.0898354839427047 -0.06056857398228753 -0.5371143478630148
0.9364 0.7217939988350643 -0.05722112070128318 -0.03627004298791758 -0.0899456747855122 -0.06063200177602759 -0.5369527200702178
0.9365 0.7219593989312518 -0.05719437430033042 -0.03594558930184208 -0.0900548697745943 -0.06068438782451198 -0.5367838929939471
0.9366 0.7221249945739655 -0.05716758642359446 -0.03562020958972059 -0.0901630627274559 -0.06074828341404176 -0.5366217213599605
0.9367 0.7222907862609206 -0.05714075695814693 -0.03529390378467581 -0.0902702464380774 -0.06081245138858898 -0.5364593286291473
0.9368 0.7224567744918527 -0.05711388579058944 -0.03496667283316708 -0.0903764135758122 -0.06087675327004888 -0.5362966140217975
0.9369 0.7226229597685289 -0.05708697280705152 -0.03463851821659174 -0.0904815559721491 -0.06095256265336799 -0.5361406464596198
0.937 0.722789342594758 -0.05706001789318744 -0.03430944089069449 -0.0905856698002531 -0.06101736896237935 -0.535977467078488
0.9371 0.7229559234764034 -0.05703302093417395 -0.03397944140163057 -0.09068874416881501 -0.06108177786107343 -0.5358136625417715
0.9372 0.7231227029213944 -0.05700598181470711 -0.03364852030558277 -0.0907907743542686 -0.06114768185952223 -0.5356503524862279
0.9373 0.7232896814397377 -0.0569789004189997 -0.0333166801582877 -0.0908917526262482 -0.06120203191628389 -0.5354793321707334
0.9374 0.7234568595435288 -0.05695177663077862 -0.03298392090793444 -0.0909916710145197 -0.06126778345669627 -0.535315095173746
0.9375 0.7236242377469645 -0.05692461033328181 -0.03265024378147656 -0.0910905235591431 -0.06133378517307515 -0.5351506032026414
0.9376 0.7237918165663541 -0.05689740140925572 -0.03231565096885298 -0.0911883023693455 -0.06140001823853321 -0.5349858469282003
0.9377 0.7239595965201325 -0.05687014974095219 -0.03198014191767056 -0.0912849993470549 -0.06147760244697802 -0.5348279212081843
0.9378 0.7241275781288708 -0.0568428552101258 -0.0316437186374241 -0.0913806091426181 -0.06154429964213157 -0.5346626492767109
0.9379 0.7242957619152901 -0.05681551769803096 -0.03130638367013219 -0.0914751223228246 -0.06161124513285415 -0.5344971093097534
0.938 0.7244641484042724 -0.0567881370854189 -0.0309681358021255 -0.0915685324952178 -0.06167842183497272 -0.534331299655811
0.9381 0.7246327381228742 -0.05676071325253478 -0.03062897949299673 -0.09166083255625899 -0.06174585298401154 -0.534165230539864
0.9382 0.7248015316003372 -0.05673324607911502 -0.03028891282848317 -0.0917520147198314 -0.06181351915259355 -0.5339988932215478
0.9383 0.7249705293681032 -0.05670573544438393 -0.02994793904370608 -0.0918420702008759 -0.06188143135041584 -0.5338322791216959
0.9384 0.7251397319598247 -0.05667818122705085 -0.02960606057816699 -0.091930994226519 -0.06194959467128121 -0.5336654064183371
0.9385 0.7253091399113789 -0.05665058330530734 -0.02926327680601533 -0.092018777296588 -0.06201799988094621 -0.5334982600486434
0.9386 0.7254787537608797 -0.05662294155682397 -0.02891959035461415 -0.0921054114671367 -0.06208665390131585 -0.5333308382943884
0.9387 0.725648574048691 -0.05659525585874721 -0.02857500266408085 -0.0921908906257548 -0.06215555562905003 -0.5331631482648758
0.9388 0.7258186013174407 -0.05656752608769661 -0.02822951534419033 -0.0922752070648469 -0.06222470590265878 -0.532995188657401
0.9389 0.7259888361120313 -0.05653975211976139 -0.0278831303200737 -0.0923583514851404 -0.0622941094795324 -0.5328269529288221
0.939 0.7261592789796558 -0.05651193383049762 -0.02753584882743956 -0.0924403174916097 -0.06236375575954267 -0.5326584339675554
0.9391 0.7263299304698092 -0.05648407109492473 -0.02718767318510151 -0.0925210967989019 -0.06243366355116684 -0.5324896454113239
0.9392 0.7265007911343027 -0.05645616378752272 -0.02683860467311345 -0.0926006826162407 -0.06250382317312535 -0.5323205740704777
0.9393 0.7266718615272774 -0.05642821178222874 -0.02648864590648892 -0.0926790657950196 -0.06257423846595872 -0.5321512325118578
0.9394 0.7268431422052172 -0.05640021495243383 -0.02613779738852454 -0.0927562393498446 -0.06264491149782229 -0.5319816317868401
0.9395 0.7270146337269629 -0.05637217317097987 -0.02578606209272358 -0.0928321954744723 -0.06271583684516058 -0.5318117392661178
0.9396 0.7271863366537266 -0.05634408631015601 -0.02543344186815022 -0.0929069257274888 -0.06278701883788211 -0.5316415599645489
0.9397 0.7273582515491043 -0.05631595424169593 -0.0250799388156815 -0.0929804222165325 -0.06285846095120736 -0.5314710981889399
0.9398 0.7275303789790911 -0.05628777683677386 -0.02472555502614894 -0.0930526780914284 -0.06293016270784541 -0.5313003575857683
0.9399 0.7277027195120947 -0.05625955396600166 -0.02437029218865818 -0.0931236844459787 -0.06300212412758699 -0.5311293337356486
0.94 0.7278752737189499 -0.05623128549942544 -0.02401415140306437 -0.0931934325750946 -0.06307435174790857 -0.5309580672716998
0.9401 0.7280480421729333 -0.05620297130652185 -0.02365713729225837 -0.0932619157163964 -0.06314683357119499 -0.5307864759317177
0.9402 0.7282210254497761 -0.05617461125619517 -0.02329925141481914 -0.0933291257017148 -0.06321959349860022 -0.5306146280267348
0.9403 0.7283942241276812 -0.05614620521677334 -0.02294049462951469 -0.0933950535835614 -0.06329260287411036 -0.5304424578948704
0.9404 0.7285676387873359 -0.0561177530560049 -0.02258087051418284 -0.0934596915210529 -0.06336588190501118 -0.5302699973475742
0.9405 0.7287412700119273 -0.05608925464105528 -0.02222038192058928 -0.0935230319701142 -0.06343942902598348 -0.530097269436561
0.9406 0.7289151183871579 -0.05606070983850318 -0.02185902997684988 -0.09358506615274401 -0.06351324190419957 -0.5299242348395828
0.9407 0.7290891845012589 -0.05603211851433745 -0.0214968166742174 -0.0936457855836945 -0.06358731799409816 -0.5297509064945596
0.9408 0.7292634689450075 -0.05600348053395301 -0.02113374746770878 -0.0937051829952582 -0.06366167438926747 -0.5295772915011303
0.9409 0.7294379723117402 -0.05597479576214743 -0.02076982206216184 -0.0937632490027388 -0.06373628632198319 -0.5294033684731204
0.941 0.729612695197369 -0.05594606406311753 -0.02040504412887199 -0.0938199759465072 -0.06381117994420318 -0.5292291635903423
0.9411 0.7297876382003979 -0.0559172853004553 -0.02003941676647537 -0.0938753551221179 -0.06388635006984124 -0.5290546651078053
0.9412 0.729962801921936 -0.05588845933714462 -0.01967294240359952 -0.0939293786260762 -0.06396179356490968 -0.5288798678352385
0.9413 0.7301381869657153 -0.05585958603555722 -0.01930562227118522 -0.0939820365570533 -0.06403750524377232 -0.5287047692642201
0.9414 0.7303137939381062 -0.05583066525744893 -0.01893746159075346 -0.0940333220954743 -0.06411350346564717 -0.5285293980558453
0.9415 0.730489623448133 -0.0558016968639564 -0.01856846313823844 -0.0940832272563521 -0.06418977689611108 -0.5283537115470774
0.9416 0.7306656761074897 -0.05577268071559258 -0.01819862862999814 -0.0941317418616861 -0.06426632793524188 -0.5281777209666396
0.9417 0.7308419525305574 -0.05574361667224328 -0.01782796149406194 -0.0941788582223293 -0.06434315598087967 -0.5280014239480785
0.9418 0.7310184533344191 -0.05571450459316347 -0.01745646375726197 -0.0942245672290644 -0.06442026524224192 -0.5278248315959943
0.9419 0.7311951791388776 -0.05568534433697286 -0.01708414048911628 -0.0942688603628619 -0.06449765841927342 -0.5276479307737109
0.942 0.7313721305664713 -0.05565613576165247 -0.0167109936172986 -0.0943117298463792 -0.06457533365916056 -0.5274707292397031
0.9421 0.731549308242491 -0.05562687872454034 -0.01633702751516612 -0.0943531661895578 -0.06465329536583946 -0.5272932159494462
0.9422 0.7317267127949961 -0.05559757308232792 -0.01596224388130658 -0.0943931606996416 -0.0647315404770674 -0.5271153991499785
0.9423 0.7319043448548337 -0.05556821869105544 -0.01558664748340424 -0.0944317057125294 -0.06481008422079083 -0.5269372822660511
0.9424 0.7320822050556531 -0.0555388154061085 -0.01521024058225572 -0.0944687905313481 -0.06488890462720557 -0.5267588473858945
0.9425 0.7322602940339252 -0.05550936308221365 -0.01483302721650228 -0.0945044085677117 -0.06496801393344438 -0.5265801076170682
0.9426 0.732438612428958 -0.05547986157343416 -0.01445501055630778 -0.0945385485789127 -0.06504741411731368 -0.5264010511721172
0.9427 0.732617160882916 -0.05545031073316614 -0.01407619480672247 -0.0945712040826096 -0.06512710633648186 -0.5262216879912118
0.9428 0.7327959400408361 -0.05542071041413445 -0.01369658324798899 -0.0946023645364059 -0.06520709198681797 -0.5260420083289702
0.9429 0.732974950550647 -0.05539106046838794 -0.01331617869879669 -0.0946320219690496 -0.06528736597930193 -0.5258620160092583
0.943 0.7331541930631857 -0.05536136074729566 -0.01293498704978088 -0.0946601668981702 -0.06536794225469051 -0.5256817064217433
0.9431 0.733333668232217 -0.05533161110154259 -0.01255301051535824 -0.0946867908556429 -0.06544882475891407 -0.5255011233970726
0.9432 0.7335133767144501 -0.05530181138112492 -0.01217025294753544 -0.0947118839031952 -0.06552999045324409 -0.5253201769440022
0.9433 0.7336933191695586 -0.05527196143534621 -0.01178671969581969 -0.0947354381901657 -0.06561146646681667 -0.5251389207863324
0.9434 0.7338734962601981 -0.05524206111281265 -0.01140241206363741 -0.0947574438634212 -0.06569322763578055 -0.5249573368553712
0.9435 0.7340539086520249 -0.05521211026142868 -0.01101733717244012 -0.0947778925241898 -0.06577528061439921 -0.5247754232205295
0.9436 0.7342345570137152 -0.0551821087283926 -0.01063149742404011 -0.0947967736086055 -0.06585767461773278 -0.5245932292523838
0.9437 0.7344154420169838 -0.05515205636019207 -0.01024489709393078 -0.0948140792849413 -0.06594034652154844 -0.5244106755578964
0.9438 0.7345965643366032 -0.05512195300259961 -0.00985754121406845 -0.0948298008214931 -0.06602333980594378 -0.5242278161706276
0.9439 0.7347779246504233 -0.0550917985006679 -0.00946943310886898 -0.0948439273261132 -0.06610662289223492 -0.5240446119866143
0.944 0.7349595236393903 -0.05506159269872519 -0.0090805786220375 -0.0948564508043766 -0.06619021847623147 -0.523861082077134
0.9441 0.7351413619875663 -0.05503133544037082 -0.00869098017920754 -0.094867361471295 -0.06627411642724998 -0.5236772228130351
0.9442 0.735323440382149 -0.05500102656847053 -0.00830064425798056 -0.0948766508911884 -0.06635832736393486 -0.5234930329376145
0.9443 0.7355057595134928 -0.05497066592515143 -0.007909574239252787 -0.0948843080270481 -0.06644284798160438 -0.5233085061301898
0.9444 0.7356883200751271 -0.0549402533517974 -0.00751777637084232 -0.0948903251551915 -0.06652768664385381 -0.5231236487426943
0.9445 0.735871122763778 -0.0549097886890446 -0.007125253025820094 -0.0948946917197721 -0.06661283402627326 -0.5229384615972859
0.9446 0.7360541682793872 -0.05487927177677604 -0.006732010627052109 -0.0948973995878191 -0.0666982986790831 -0.5227529431599477
0.9447 0.7362374573251347 -0.05484870245411745 -0.006338054058100916 -0.094898438539437 -0.06678408219134683 -0.5225670875018082
0.9448 0.7364209906074572 -0.05481808055943147 -0.005943388098499494 -0.0948977987250616 -0.06687018708771447 -0.5223808940411392
0.9449 0.7366047688360701 -0.05478740593031342 -0.005548017190204306 -0.0948954710341474 -0.06695660620342928 -0.5221943604124841
0.945 0.7367887927239895 -0.05475667840358597 -0.005151947297599929 -0.0948914469560179 -0.06704334745594467 -0.5220074882395719
0.9451 0.7369730629875521 -0.05472589781529415 -0.004755181948671271 -0.0948857147462407 -0.06713041166826972 -0.5218202774000814
0.9452 0.7371575803464362 -0.05469506400070033 -0.004357729335002704 -0.0948782664856869 -0.06721780218014645 -0.5216327202009844
0.9453 0.7373423455236852 -0.05466417679427891 -0.003959591811743941 -0.0948690923732675 -0.06730551021289566 -0.5214448207249158
0.9454 0.7375273592457281 -0.05463323602971142 -0.003560776676994434 -0.0948581823473457 -0.06739355504337997 -0.5212565802502637
0.9455 0.7377126222424016 -0.05460224153988098 -0.003161289072923561 -0.0948455267371699 -0.067481921366417 -0.5210679865692589
0.9456 0.7378981352469722 -0.05457119315686741 -0.002761134029862583 -0.0948311166628946 -0.06757061583351707 -0.5208790476288987
0.9457 0.7380838989961591 -0.05454009071194163 -0.002360317774072793 -0.0948149413069549 -0.06765964359831755 -0.5206897591136907
0.9458 0.7382699142301561 -0.05450893403556039 -0.001958845135152258 -0.0947969916724063 -0.06774901935965948 -0.5205001403110024
0.9459 0.7384561816926544 -0.05447772295736103 -0.001556723622966279 -0.0947772576584289 -0.06783871137721326 -0.5203101497191411
0.946 0.7386427021308657 -0.05444645730615577 -0.001153957384442926 -0.0947557299887404 -0.0679287365911248 -0.5201198069302543
0.9461 0.7388294762955455 -0.05441513690992643 -0.0007505527035985004 -0.0947323976594629 -0.06801909412172096 -0.5199291033448438
0.9462 0.7390165049410154 -0.05438376159581902 -0.0003465168540724636 -0.0947072524055344 -0.06810979636600385 -0.519738049724458
0.9463 0.739203788825188 -0.0543523311901378 0.00005814551029907634 -0.0946802830589017 -0.0682008341481801 -0.5195466358074881
0.9464 0.7393913287095895 -0.05432084551833975 0.0004634274714001297 -0.0946514802940755 -0.06829221808038655 -0.519354869403613
0.9465 0.739579125359384 -0.05428930440502922 0.000869323012663119 -0.0946208345666041 -0.06838394374842162 -0.5191627414388055
0.9466 0.7397671795433975 -0.05425770767395198 0.001275825262722782 -0.0945883350795653 -0.06847599018058154 -0.518970240405764
0.9467 0.7399554920341423 -0.05422605514798918 0.001682928298262456 -0.0945539719940841 -0.06856840152902924 -0.5187773839317875
0.9468 0.7401440636078429 -0.05419434664915186 0.002090625145151716 -0.0945177355559445 -0.06865223750837512 -0.5185768498157952
0.9469 0.7403328950444542 -0.05416258199857563 0.002498909286143505 -0.0944796168938844 -0.06874437488679338 -0.5183824541988422
0.947 0.7405219871276964 -0.05413076101651345 0.002907774315377067 -0.0944396037872411 -0.06883785247902657 -0.5181884937888207
0.9471 0.740711340645074 -0.05409888352233053 0.003317213025441065 -0.0943976875161243 -0.0689316733800785 -0.5179941643954287
0.9472 0.7409009563879009 -0.05406694933449828 0.003727218536504879 -0.0943538580488184 -0.06902584741842661 -0.5177994624421647
0.9473 0.741090835151327 -0.05403495827058817 0.004137784271019227 -0.0943081051710609 -0.06913021619241211 -0.5176125564818783
0.9474 0.7412809777343688 -0.0540029101472647 0.004548902481211953 -0.0942604178564866 -0.06922508536002998 -0.5174171162469983
0.9475 0.7414713849399261 -0.05397080478028105 0.004960566399049654 -0.0942107873963239 -0.0693203114148473 -0.5172213051058448
0.9476 0.7416620575748144 -0.05393864198447138 0.005372768494808291 -0.0941592021784977 -0.06941589425601261 -0.5170251092481022
0.9477 0.7418529964497901 -0.05390642157374516 0.005785501590186017 -0.0941056536396418 -0.06951184050293332 -0.5168285449046182
0.9478 0.7420442023795768 -0.05387414336108053 0.006198758355594586 -0.0940501298751408 -0.06960815669892025 -0.5166316019847
0.9479 0.7422356761828928 -0.05384180715851806 0.006612531435982659 -0.0939926220145466 -0.06970482541725762 -0.5164342766745755
0.948 0.7424274186824777 -0.05380941277715432 0.007026811558410201 -0.0939331188597589 -0.06980131379160602 -0.5162360976798758
0.9481 0.7426194307051205 -0.05377696002713519 0.007441593511246001 -0.0938716102862429 -0.06989926497802114 -0.5160384664069235
0.9482 0.7428117130816856 -0.05374444871764958 0.007856867505794298 -0.0938080859564109 -0.06999704332087644 -0.5158399875224615
0.9483 0.7430042666471425 -0.05371187865692264 0.00827262652921996 -0.0937425365942464 -0.07009518353104371 -0.5156411243302803
0.9484 0.7431970922405933 -0.05367924965220889 0.00868886188035432 -0.0936749514130728 -0.07019369860849851 -0.5154418700731328
0.9485 0.7433901907053004 -0.05364656150978582 0.009105566409537 -0.0936053196389216 -0.07029258516607342 -0.5152422278992213
0.9486 0.7435835628887162 -0.05361381403494691 0.00952272973791395 -0.0935336306770484 -0.07039185114048349 -0.5150421967469493
0.9487 0.743777209642511 -0.05358100703199463 0.00994034683496223 -0.0934598740279586 -0.07049148782155835 -0.5148417635398842
0.9488 0.743971131822602 -0.05354814030423391 0.01035840648018395 -0.0933840402064819 -0.07059150644035631 -0.5146409370738403
0.9489 0.7441653302891844 -0.05351521365396473 0.01077690132249411 -0.0933061181599683 -0.07069188758776658 -0.5144397133532952
0.949 0.7443598059067585 -0.05348222688247533 0.01119582223897895 -0.09322609790830801 -0.07079267259301775 -0.5142380947291645
0.9491 0.7445545595441619 -0.05344917979003487 0.01161516071490681 -0.0931439686639774 -0.07089387011242194 -0.5140360828375367
0.9492 0.7447495920745975 -0.05341607217588665 0.0120349079895019 -0.0930597202960976 -0.0709954202465887 -0.5138336619198703
0.9493 0.7449449043756658 -0.05338290383824042 0.01245505386420232 -0.0929733421814372 -0.07109736228627745 -0.5136308432500298
0.9494 0.7451404973293947 -0.0533496745742652 0.01287559181026023 -0.0928848231101334 -0.07119969276745819 -0.513427624294378
0.9495 0.7453363718222707 -0.05331638418008223 0.01329651042695388 -0.09279415320874999 -0.07130241634329699 -0.5132239909446248
0.9496 0.7455325287452695 -0.05328303245075706 0.01371780080720238 -0.0927013225144142 -0.07140555940387404 -0.5130199656269943
0.9497 0.7457289689938886 -0.0532496191802923 0.01413945384395489 -0.0926063190854037 -0.07150907497942453 -0.5128155232568246
0.9498 0.7459256934681785 -0.05321614416161999 0.01456146056461361 -0.0925091341954982 -0.07161297425162808 -0.5126106583822117
0.9499 0.7461227030727747 -0.05318260718659414 0.01498380985701156 -0.0924097551446257 -0.07171725634414018 -0.5124053713445336
0.95 0.7463199987169306 -0.05314900804598252 0.01540649410661507 -0.0923081728267854 -0.07182195853480021 -0.5121996780019203
0.9501 0.7465175813145492 -0.05311534652945947 0.01582950075041902 -0.0922043775218874 -0.07192706268781339 -0.511993566504036
0.9502 0.7467154517842177 -0.05308162242559764 0.01625282142508364 -0.0920983564683372 -0.07203256881496411 -0.5117870372183115
0.9503 0.7469136110492387 -0.05304783552186027 0.01667644613404842 -0.091990099901796 -0.07213848301247994 -0.5115800828459487
0.9504 0.7471120600376658 -0.05301398560459304 0.01710036445471749 -0.0918795978776057 -0.07224482707069839 -0.5113727229989259
0.9505 0.7473107996823359 -0.05298007245901612 0.01752456556523347 -0.091766839261158 -0.07235155195265651 -0.511164920469577
0.9506 0.7475098309209047 -0.05294609586921604 0.01794903962572022 -0.0916518129510976 -0.07245869138302783 -0.5109566850711123
0.9507 0.7477091546958803 -0.05291205561813709 0.01837377569632682 -0.0915345088258179 -0.07256623932402022 -0.5107480265212201
0.9508 0.7479087719546583 -0.05287795148757375 0.01879876306100355 -0.0914149161392141 -0.07267420254514152 -0.5105389382197195
0.9509 0.7481086836495568 -0.05284378325816163 0.01922399075566758 -0.0912930252878811 -0.07278258570654383 -0.510329434658375
0.951 0.7483088907378525 -0.05280955070936926 0.01964944842485345 -0.0911688240351983 -0.07289137643155121 -0.5101194786353322
0.9511 0.7485093941818156 -0.05277525361948974 0.02007512403600362 -0.0910423023362542 -0.07300060976281982 -0.5099090938501643
0.9512 0.7487101949487469 -0.0527408917656318 0.02050100723099467 -0.0909134496710007 -0.07311025286973671 -0.5096982680728225
0.9513 0.7489112940110127 -0.0527064649237114 0.02092708656350808 -0.0907822553526761 -0.07322032185038979 -0.5094870036530295
0.9514 0.749112692346084 -0.0526719728684427 0.02135335040225936 -0.0906487081357708 -0.07333081372816984 -0.509275294426201
0.9515 0.7493143909365712 -0.0526374153733294 0.02177978702329562 -0.0905127990374336 -0.07344173800245743 -0.5090631484136725
0.9516 0.7495163907702638 -0.05260279221065572 0.02220638445592037 -0.0903745151133336 -0.07355309990559013 -0.5088505509837016
0.9517 0.7497186928401659 -0.05256810315147728 0.02263313193055332 -0.0902338471622606 -0.07366487133693425 -0.508637510279726
0.9518 0.7499212981445364 -0.05253334796561218 0.02306001663933847 -0.0900907833711721 -0.0737770917783444 -0.508424013459531
0.9519 0.750124207686927 -0.05249852642163169 0.02348702607405853 -0.0899453156766752 -0.07388978503317899 -0.508210085386761
0.952 0.7503274224762202 -0.05246363828685098 0.02391414854339748 -0.0897974305048675 -0.07400287782865116 -0.5079956833884995
0.9521 0.7505309435266701 -0.05242868332731966 0.02434137218024406 -0.0896471187120223 -0.07411641430259749 -0.5077808328364729
0.9522 0.7507347718579409 -0.05239366130781264 0.02476868379625326 -0.0894943683219251 -0.07423038578086065 -0.5075655450630639
0.9523 0.7509389084951472 -0.05235857199182012 0.02519607052813486 -0.08933917030084 -0.07434483330331496 -0.5073497792526199
0.9524 0.7511433544688949 -0.05232341514153828 0.02562352036439968 -0.0891815124322851 -0.07445970632316371 -0.5071335449463595
0.9525 0.7513481108153213 -0.05228819051785944 0.02605101958933172 -0.0890213853479145 -0.07457502988585814 -0.506916849846177
0.9526 0.751553178576137 -0.05225289788036216 0.02647855582052453 -0.0888587774729623 -0.0746907962496947 -0.5066996855866189
0.9527 0.7517585587986667 -0.05221753698730152 0.02690611499202089 -0.0886936797291387 -0.07480702496401602 -0.5064820585204576
0.9528 0.7519642525358924 -0.05218210759559878 0.02733368481743001 -0.0885260794726472 -0.07492370442722946 -0.5062639574382107
0.9529 0.7521702608464941 -0.05214660946083153 0.027761251132317 -0.0883559672191974 -0.07504085131123892 -0.5060453851864579
0.953 0.752376584794894 -0.05211104233722352 0.02818879983010713 -0.088183331970037 -0.07515845990275366 -0.5058263371667013
0.9531 0.752583225451299 -0.05207540597763412 0.02861631725066496 -0.0880081649042124 -0.07527652911488232 -0.5056068179021274
0.9532 0.752790183891745 -0.05203970013354788 0.02904379100775101 -0.087830452213009 -0.07539503031307307 -0.505386812892939
0.9533 0.7529974611981396 -0.0520039245550644 0.0294712054198437 -0.0876501860122233 -0.07551401987425124 -0.5051663266382707
0.9534 0.753205058458308 -0.05196807899088725 0.02989854599299496 -0.0874673535776219 -0.07563348339174646 -0.5049453552392349
0.9535 0.7534129767660374 -0.05193216318831353 0.03032579964706805 -0.0872819461270837 -0.0757534265722113 -0.5047239025821905
0.9536 0.7536212172211219 -0.05189617689322292 0.03075295064919844 -0.0870939538515732 -0.07587383410316816 -0.5045019705634789
0.9537 0.7538297809294093 -0.05186011985006701 0.03117998526782845 -0.0869033630769246 -0.07599471703000112 -0.504279536117401
0.9538 0.7540386690028464 -0.05182399180185763 0.03160688823489574 -0.0867101663247825 -0.07611607577098161 -0.5040566148205855
0.9539 0.7542478825595254 -0.05178779249015648 0.03203364489526892 -0.0865143510879369 -0.07623791600384917 -0.5038331961016066
0.954 0.7544574227237321 -0.05175152165506328 0.03246023880255887 -0.0863159085992406 -0.07636024577242048 -0.5036092819453334
0.9541 0.7546672906259939 -0.05171517903520476 0.03288665567055664 -0.0861148279354822 -0.07648305457241311 -0.5033848654174831
0.9542 0.7548774874031256 -0.05167876436772295 0.03331288053122528 -0.0859110970752129 -0.07660636379226049 -0.5031599472555772
0.9543 0.7550880141982796 -0.05164227738826371 0.03373889666526336 -0.0857047077950013 -0.07673015589081385 -0.5029345592600684
0.9544 0.7552988721609956 -0.05160571783096489 0.03416468838519528 -0.0854956487372331 -0.07685444081605881 -0.5027086307519077
0.9545 0.7555100624472482 -0.0515690854284446 0.03459024014400866 -0.085283910866413 -0.07697922522043803 -0.5024821999870403
0.9546 0.7557215862194986 -0.05153237991178933 0.03501553661295212 -0.0850694809918111 -0.07710448936772028 -0.5022552519707853
0.9547 0.7559334446467441 -0.05149560101054169 0.03544055879757747 -0.0848523526666554 -0.07723027903344218 -0.5020277910395171
0.9548 0.7561456389045695 -0.05145874845268835 0.03586529328918486 -0.0846325110447098 -0.07735654953657308 -0.5017998074083789
0.9549 0.7563581701751985 -0.05142182196464757 0.03628972166412864 -0.0844099517952038 -0.07748334036637401 -0.5015713191852653
0.955 0.7565710396475459 -0.05138482127125709 0.03671382787025318 -0.0841846587515228 -0.07761062728703849 -0.5013422973964363
0.9551 0.7567842485172703 -0.05134774609576114 0.03713759484724235 -0.0839566260117486 -0.07773842775338942 -0.5011127592745214
0.9552 0.7569977979868265 -0.05131059615979804 0.03756100387955557 -0.0837258410861778 -0.07786674089212385 -0.5008826879751653
0.9553 0.7572116892655196 -0.0512733711833874 0.03798404034010254 -0.083492295119358 -0.07799556779219444 -0.5006520953839914
0.9554 0.7574259235695596 -0.05123607088491681 0.03840668481055858 -0.0832559778442609 -0.07812491745155941 -0.5004209660501172
0.9555 0.7576405021221154 -0.05119869498112929 0.03882892054211716 -0.08301687956507101 -0.07825478561893672 -0.5001893056962502
0.9556 0.7578554261533706 -0.05116124318710952 0.0392507294701534 -0.0827749895458411 -0.07838518335420454 -0.499957104883903
0.9557 0.758070696900579 -0.05112371521627086 0.03967209275972785 -0.0825302982118064 -0.07851609984692491 -0.4997243608543753
0.9558 0.7582863156081209 -0.05108611078034193 0.04009299364482439 -0.0822827952684606 -0.07864754177430859 -0.4994910788892096
0.9559 0.7585022835275606 -0.05104842958935235 0.0405134127902052 -0.082032472481325 -0.07877948102557822 -0.4992572733663412
0.956 0.758718601917704 -0.05101067135161983 0.04093333113893034 -0.0817793185510919 -0.07891199477395414 -0.4990228987478572
0.9561 0.7589352720446555 -0.0509728357737356 0.04135273116089111 -0.0815233228034682 -0.07904503591484803 -0.4987879691600253
0.9562 0.7591522951818789 -0.05093492256055066 0.04177159353982243 -0.0812644789120184 -0.07917862866611083 -0.4985524944831041
0.9563 0.7593696726102546 -0.05089693141516158 0.04218989827840603 -0.0810027747526912 -0.07931275741408857 -0.4983164608934441
0.9564 0.7595874056181414 -0.05085886203889592 0.04260762776533277 -0.0807381999008182 -0.07944742455032996 -0.4980798661115186
0.9565 0.7598054955014357 -0.05082071413129784 0.04302476123217095 -0.0804707476109035 -0.07958264341883622 -0.4978427146563228
0.9566 0.7600239435636341 -0.05078248739011362 0.04344127839995631 -0.0802004066610501 -0.07971830671899252 -0.4976049440991303
0.9567 0.7602427511158938 -0.05074418151127657 0.04385716069216825 -0.07992716921528751 -0.07985458770745063 -0.4973666471445902
0.9568 0.7604619194770962 -0.05070579618889229 0.04427238787310597 -0.07965102326076746 -0.07999146352338483 -0.497127789960401
0.9569 0.7606814499739098 -0.05066733111522341 0.04468693947854247 -0.07937196142091683 -0.0801289021810411 -0.4968883614211224
0.957 0.7609013439408541 -0.05062878598067433 0.04510079431143858 -0.07908997527760341 -0.08026689690934732 -0.4966483688397021
0.9571 0.7611216027203636 -0.05059016047377574 0.04551393325077802 -0.07880505236606338 -0.0804054546985865 -0.4964077830239205
0.9572 0.7613422276628544 -0.05055145428116914 0.04592633407474095 -0.07851718638358617 -0.08054461228867174 -0.496166607666767
0.9573 0.7615632201267873 -0.05051266708759101 0.04633797594437741 -0.07822636929166177 -0.08068431142984725 -0.4959248639169659
0.9574 0.7617845814787381 -0.05047379857585672 0.04674883837003102 -0.07793258870500328 -0.08082458512493606 -0.4956825239513825
0.9575 0.7620063130934618 -0.05043484842684462 0.04715889841634645 -0.07763583878777799 -0.08096543969764894 -0.4954395957638625
0.9576 0.7622284163539627 -0.05039581631947963 0.04756813569440807 -0.0773361083453194 -0.08110687561851251 -0.4951960755792554
0.9577 0.7624508926515613 -0.05035670193071682 0.04797652863901186 -0.07703339093485855 -0.081248900615086 -0.494951963936986
0.9578 0.7626737433859655 -0.05031750493552476 0.04838405411847904 -0.07672767716448581 -0.08139152024231842 -0.4947072411566979
0.9579 0.7628969699653395 -0.05027822500686866 0.04879069022280161 -0.07641895706105917 -0.08153473686960312 -0.4944619122671566
0.958 0.7631205738063757 -0.05023886181569354 0.04919641432866561 -0.07610722381598309 -0.08167852500236545 -0.4942159801633099
0.9581 0.7633445563343657 -0.05019941503090671 0.04960120411305745 -0.07579246890996422 -0.08182289439776646 -0.4939694425101161
0.9582 0.7635689189832737 -0.05015988431936083 0.05000503625624768 -0.07547468277641256 -0.0819678729261094 -0.4937222821826967
0.9583 0.7637936631958082 -0.05012026934583589 0.05040788787240469 -0.07515385839727151 -0.08211344973364847 -0.4934745140228115
0.9584 0.7640187904234981 -0.05008056977302187 0.05080973539307992 -0.074829987534513 -0.08225962685386119 -0.4932261274585285
0.9585 0.7642443021267663 -0.05004078526150049 0.05121055548373027 -0.07450306095690368 -0.08240641362003866 -0.4929771126540078
0.9586 0.7644701997750056 -0.05000091546972728 0.05161032517168161 -0.07417307277615381 -0.08255384075961968 -0.4927274740199009
0.9587 0.7646964848466558 -0.04996096005401295 0.05200901875905776 -0.07384001396088941 -0.08270185277990445 -0.4924772092493511
0.9588 0.7649231588292801 -0.04992091866850529 0.05240661276989043 -0.07350387718286811 -0.08285048645131859 -0.4922263093379821
0.9589 0.7651502232196443 -0.04988079096517001 0.05280308300877426 -0.07316465493363738 -0.08299974187053182 -0.4919747751698604
0.959 0.7653776795237954 -0.04984057659377184 0.05319840504290807 -0.07282233880133912 -0.08314961822970925 -0.4917226004282691
0.9591 0.7656055292571414 -0.04980027520185565 0.0535925535882132 -0.07247692197188061 -0.08330012662807749 -0.4914697827392234
0.9592 0.765833773944533 -0.0497598864347267 0.05398550275739784 -0.07212839657535753 -0.08345125958303899 -0.4912163134307994
0.9593 0.7660624151203437 -0.04971940993543126 0.05437722837587335 -0.07177675761983476 -0.08360303667429959 -0.4909621988738504
0.9594 0.7662914543285541 -0.04967884534473678 0.05476770497558881 -0.07142199556047411 -0.08375544614147057 -0.4907074289375223
0.9595 0.766520893122835 -0.04963819230111169 0.05515690561518065 -0.07106410424361858 -0.08390849768707605 -0.4904519998676523
0.9596 0.7667507330666315 -0.04959745044070541 0.05554480589021258 -0.07070307702408361 -0.0840621910715269 -0.4901959136199554
0.9597 0.7669809757332489 -0.0495566193973275 0.05593137775178539 -0.07033890762571358 -0.08421654831245632 -0.4899391560680062
0.9598 0.7672116227059385 -0.04951569880242717 0.05631659592094746 -0.06997158846010265 -0.08437153076524005 -0.4896817328036133
0.9599 0.7674426755779857 -0.0494746882850724 0.05670043260530109 -0.0696011136885603 -0.08452722759944381 -0.4894236125213498
0.96 0.767674135952798 -0.04943358747192855 0.05708286275495292 -0.06922747711630773 -0.08468353823112597 -0.4891648447533499
0.9601 0.7679060054439947 -0.04939239598723685 0.05746385738750712 -0.06885067106622012 -0.08484051538205463 -0.4889053849191506
0.9602 0.7681382856754967 -0.04935111345279289 0.05784338978861764 -0.06847069303906093 -0.08499816013860747 -0.4886452561777194
0.9603 0.7683709782816178 -0.04930973948792492 0.05822143152947716 -0.06808753351461232 -0.08515645898708347 -0.4883844493914101
0.9604 0.7686040849071584 -0.04926827370947102 0.0585979563671851 -0.0677011900361138 -0.08531544802193605 -0.4881229451109202
0.9605 0.7688376072074975 -0.04922671573175716 0.05897293440258724 -0.06731165288523203 -0.08547510720170373 -0.4878607350476916
0.9606 0.7690715468486886 -0.04918506516657447 0.05934633803852885 -0.06691892029516307 -0.08563545350712659 -0.4875978314038734
0.9607 0.7693059055075543 -0.04914332162315605 0.05971813898158397 -0.06652298587630806 -0.08579649100292839 -0.4873342220171069
0.9608 0.7695406848717833 -0.04910148470815389 0.06008830683894571 -0.06612384297733632 -0.08595820855750625 -0.4870699027604289
0.9609 0.7697758866400287 -0.04905955402561544 0.06045681446379443 -0.06572148805698341 -0.08612062078309032 -0.4868048765262953
0.961 0.7700115125220067 -0.04901752917695966 0.06082363042565904 -0.06531591628777633 -0.08628372952424504 -0.4865391319957369
0.9611 0.7702475642385972 -0.04897540976095313 0.06118872703412224 -0.06490712392277108 -0.08644754038226974 -0.4862726752631266
0.9612 0.7704840435219441 -0.04893319537368557 0.06155207235225555 -0.0644951051689358 -0.08661205851421939 -0.486005489149502
0.9613 0.7707209521155586 -0.04889088560854553 0.06191363826099617 -0.06407985531579161 -0.08677727676774674 -0.4857375792948408
0.9614 0.770958291774423 -0.04884848005619508 0.06227339312871893 -0.06366137136187183 -0.08694320988454514 -0.4854689407314589
0.9615 0.7711960642650951 -0.04880597830454489 0.06263130637038351 -0.0632396491201477 -0.08710987371496132 -0.4851995485200388
0.9616 0.7714342713658149 -0.04876337993872861 0.06298734740489945 -0.06281468553137739 -0.08727725132316145 -0.4849294297032205
0.9617 0.7716729148666116 -0.04872068454107723 0.06334148488308999 -0.06238647441492098 -0.08744534432719489 -0.4846585645305774
0.9618 0.7719119965694121 -0.04867789169109274 0.06369368734876169 -0.06195501611044807 -0.08761419941436269 -0.4843869277409461
0.9619 0.7721515182881519 -0.0486350009654219 0.06404392399511057 -0.0615203044443418 -0.08778375710782093 -0.4841145616161857
0.962 0.7723914818488849 -0.04859201193782948 0.06439216122984242 -0.06108233789752352 -0.08795406538047035 -0.4838414231743763
0.9621 0.7726318890898972 -0.04854892417917117 0.06473836740648724 -0.06064111269997513 -0.08812509459315968 -0.4835675364764844
0.9622 0.772872741861821 -0.04850573725736616 0.06508251081135906 -0.06019662795263746 -0.08829688086995194 -0.4832928815261703
0.9623 0.7731140420277485 -0.04846245073736972 0.06542455748253445 -0.05974888141322161 -0.08846942222735465 -0.4830174522505771
0.9624 0.7733557914633503 -0.04841906418114475 0.06576447567339425 -0.05929786875358576 -0.08864271262118682 -0.4827412491817979
0.9625 0.7735979920569926 -0.04837557714763361 0.06610223198780236 -0.05884358909809605 -0.08881675969756034 -0.4824642663256908
0.9626 0.7738406457098571 -0.04833198919272949 0.06643779135215254 -0.05838604273056646 -0.08899158851700839 -0.4821864877108283
0.9627 0.7740837543360611 -0.04828829986924717 0.06677112149913132 -0.05792522398781341 -0.08916716503392856 -0.4819079242558183
0.9628 0.7743273198627808 -0.04824450872689368 0.06710218762034148 -0.0574611351758992 -0.08934351700610311 -0.4816285732696518
0.9629 0.7745713442303751 -0.04820061531223857 0.06743095501573149 -0.05699377393341938 -0.08952064838305492 -0.4813484130268429
0.963 0.7748158293925107 -0.04815661916868357 0.06775738976377953 -0.05652313957222091 -0.08969891074176256 -0.481067890711718
0.9631 0.7750607773162889 -0.0481125198364324 0.06808145684799705 -0.0560492333497009 -0.08987762742930975 -0.4807861324425465
0.9632 0.7753061899823745 -0.04806831685245948 0.06840312170955144 -0.0555720541661517 -0.09005677995941963 -0.4805031048963123
0.9633 0.7755520693851264 -0.04802400975047886 0.06872234709077718 -0.05509159948627824 -0.09023741583280307 -0.4802201405689303
0.9634 0.7757984175327274 -0.04797959806091278 0.06903909891420009 -0.05460787214905148 -0.09041849677800053 -0.4799359134986029
0.9635 0.7760452364473189 -0.04793508131085908 0.0693533404044596 -0.05412087212656863 -0.09060038517479696 -0.4796508561038862
0.9636 0.7762925281651368 -0.04789045902405926 0.06966503470983131 -0.05363060107732025 -0.09078274785652894 -0.4793645125011222
0.9637 0.7765402947366459 -0.04784573072086526 0.06997414662405034 -0.05313705962969659 -0.09096661334436044 -0.4790782207229791
0.9638 0.7767885382266797 -0.04780089591820641 0.07028063868748351 -0.05264024709889582 -0.09115094286107112 -0.4787906325405356
0.9639 0.7770372607145802 -0.04775595412955553 0.07058447392788859 -0.05214016829140181 -0.09133609415447524 -0.4785022232619807
0.964 0.7772864642943395 -0.04771090486489515 0.07088561383763643 -0.05163682253468387 -0.09152207705860139 -0.4782129304289875
0.9641 0.7775361510747434 -0.0476657476306826 0.07118402221480697 -0.05113021547278056 -0.09170891354517605 -0.4779227511115392
0.9642 0.7777863231795171 -0.04762048192981511 0.07147966120735628 -0.05062034736314701 -0.09189657670887424 -0.477631734229899
0.9643 0.7780369827474725 -0.04757510726159465 0.07177249003076316 -0.05010722035825065 -0.09208475010375598 -0.4773393875822754
0.9644 0.7782881319326565 -0.04752962312169173 0.0720624731788866 -0.04959083855797311 -0.09227410736702961 -0.4770466081795456
0.9645 0.7785397729045025 -0.04748402900210924 0.07234956994064877 -0.04907120570074929 -0.09246465755091095 -0.4767533952678299
0.9646 0.7787919078479842 -0.04743832439114545 0.07263374191683413 -0.04854832470012306 -0.09265573279249882 -0.4764588379887987
0.9647 0.7790445389637693 -0.04739250877335718 0.07291495034006039 -0.04802220164531251 -0.09284767836995882 -0.4761633940845254
0.9648 0.7792976684683762 -0.0473465816295214 0.07319315291736794 -0.04749283799488897 -0.09304047949660619 -0.47586702837329
0.9649 0.7795512985943343 -0.04730054243659747 0.07346831346536166 -0.04696024328585774 -0.09323417311523322 -0.475569757599144
0.965 0.7798054315903434 -0.04725439066768834 0.07374038853273168 -0.04642441783098031 -0.09342873376310201 -0.4752715909608718
0.9651 0.7800600697214374 -0.04720812579200109 0.07400933974770787 -0.0458853692790186 -0.09362417835624209 -0.474972508471728
0.9652 0.78031521526915 -0.04716174727480743 0.07427512464363398 -0.04534310421595159 -0.09382051146110311 -0.4746724817902051
0.9653 0.7805708705316807 -0.0471152545774033 0.07453770308478952 -0.04479762732671471 -0.09401774688729884 -0.4743715407556349
0.9654 0.7808270378240644 -0.04706864715706802 0.07479703327386323 -0.04424894465980654 -0.09421589022364124 -0.4740696348819704
0.9655 0.7810837194783443 -0.04702192446702314 0.07505307365582214 -0.04369706765874978 -0.09441494859637471 -0.4737668247241784
0.9656 0.7813409178437447 -0.04697508595639039 0.07530578181093174 -0.04314199953608167 -0.0946145948456602 -0.4734625892488047
0.9657 0.7815986352868475 -0.04692813107014936 0.07555511621028403 -0.04258374823871613 -0.09481581063092368 -0.473158309525062
0.9658 0.7818568741917707 -0.04688105924909429 0.0758010342334265 -0.04202232328876081 -0.09501760415182373 -0.4728526053430181
0.9659 0.7821156369603493 -0.04683386992979097 0.07604349183381897 -0.04145773258577996 -0.09522033839846558 -0.4725459470076681
0.966 0.7823749260123181 -0.04678656254453207 0.07628244673187385 -0.04088998504458377 -0.09542401756746039 -0.4722383311623833
0.9661 0.7826347437854983 -0.0467391365212927 0.07651785643863383 -0.04031909114999812 -0.09562863815208063 -0.4719297150806139
0.9662 0.7828950927359849 -0.04669159128368491 0.07674967564823253 -0.03974505934515275 -0.09583420860260745 -0.4716200968536527
0.9663 0.7831559753383383 -0.04664392625091216 0.07697786128344831 -0.03916790154300841 -0.09604073825501007 -0.471309472157329
0.9664 0.7834173940857756 -0.04659614083772219 0.07720236866833137 -0.03858762840783489 -0.09624824113032358 -0.4709978374960673
0.9665 0.7836793514903688 -0.0465482344543601 0.07742315325007886 -0.03800424802338251 -0.09645669296760721 -0.4706852235985243
0.9666 0.7839418500832424 -0.04650020650652059 0.07764016972803296 -0.0374177746175693 -0.09666611930109955 -0.4703715891392794
0.9667 0.7842048924147738 -0.0464520563952994 0.07785337394452413 -0.03682822004780633 -0.09687652653804558 -0.4700569322347789
0.9668 0.7844684810547981 -0.04640378351714405 0.07806272040816658 -0.03623559711800973 -0.09708790010965626 -0.4697412288259517
0.9669 0.7847326185928146 -0.04635538726380434 0.07826816227031815 -0.03563991821997822 -0.09730028665410534 -0.4694245033298026
0.967 0.7849973076381964 -0.04630686702228143 0.07846965415764324 -0.03504119549333943 -0.09751366378298042 -0.4691067308449458
0.9671 0.7852625508204022 -0.04625822217477699 0.07866714999006668 -0.03443944828881759 -0.09772806669719915 -0.4687879117534751
0.9672 0.7855283507891927 -0.04620945209864124 0.07886060317350042 -0.03383468401125544 -0.09794345971287874 -0.4684680269205055
0.9673 0.7857947102148477 -0.04616055616632003 0.07904996599284644 -0.0332269212637887 -0.09815987692481549 -0.4681470736376467
0.9674 0.7860616317883876 -0.04611153374530199 0.0792351930540291 -0.03261617599394971 -0.0983773216937027 -0.4678250520432737
0.9675 0.7863291182217984 -0.04606238419806417 0.07941623548235715 -0.03200246391868916 -0.09859580486575615 -0.4675019490391758
0.9676 0.7865971722482588 -0.04601310688201696 0.07959304486808763 -0.03138579981353004 -0.09881531357598574 -0.4671777455968162
0.9677 0.786865796622371 -0.04596370114944892 0.07976557592908363 -0.0307662052074894 -0.09903588983699144 -0.466852448644992
0.9678 0.7871349941203938 -0.04591416634747017 0.07993377793956769 -0.03014369093362017 -0.09925747794273479 -0.4665259980248733
0.9679 0.7874047675404807 -0.04586450181795521 0.0800976036879407 -0.02951828119348969 -0.09948014517121501 -0.4661984717390958
0.968 0.7876751197029201 -0.04581470689748468 0.0802570039798016 -0.02888999243908415 -0.09970388194615001 -0.4658698347233472
0.9681 0.7879460534503791 -0.04576478091728708 0.0804119298058921 -0.02825884492678364 -0.09992869358906371 -0.465540068063973
0.9682 0.7882175716481506 -0.04571472320317868 0.080562332053976 -0.02762485788438717 -0.1001545818229815 -0.4652091531422811
0.9683 0.7884896771844051 -0.04566453307550303 0.0807081602748173 -0.0269880518477078 -0.1003815608935899 -0.4648770999150716
0.9684 0.7887623729704428 -0.04561420984906988 0.0808493670718123 -0.0263484493001644 -0.1006096342969803 -0.464543901042891
0.9685 0.7890356619409552 -0.04556375283309253 0.0809858979817278 -0.02570607003510823 -0.1008388106573817 -0.4642095246442763
0.9686 0.789309547054284 -0.04551316133112496 0.081117705600977 -0.02506093699229748 -0.1010690930662124 -0.4638739789536472
0.9687 0.7895840312926879 -0.04546243464099756 0.0812447400293074 -0.02441307476212849 -0.1013004942840454 -0.4635372531238218
0.9688 0.7898591176626118 -0.04541157205475222 0.081366948429866 -0.02376250553568048 -0.101533021382863 -0.4631993403659245
0.9689 0.7901348091949593 -0.04536057285857656 0.0814842820475735 -0.02310925501156054 -0.1017666906854085 -0.46286023940012
0.969 0.7904111089453715 -0.04530943633273669 0.0815966854798806 -0.02245334578931076 -0.1020014756826523 -0.4625199198523062
0.9691 0.790688019994507 -0.04525816175150949 0.0817041097180748 -0.02179480418946345 -0.1022374117141069 -0.4621783780896496
0.9692 0.7909655454483278 -0.04520674838311376 0.0818065046372331 -0.02113366091885654 -0.1024745289933839 -0.4618356255424312
0.9693 0.7912436884383888 -0.04515519548964023 0.0819038142894812 -0.02046993749730774 -0.1027127910001526 -0.4614916259350558
0.9694 0.7915224521221315 -0.04510350232698075 0.0819959889387409 -0.01980366475102759 -0.102952211700505 -0.4611463600047903
0.9695 0.7918018396831828 -0.04505166814475617 0.0820829750364486 -0.01913486940167146 -0.1031928182545347 -0.4607998566661249
0.9696 0.7920818543316562 -0.04499969218624328 0.0821647197836999 -0.01846358064081836 -0.1034346113568055 -0.4604520969698393
0.9697 0.7923624993044614 -0.04494757368830093 0.0822411699444877 -0.01778983150422869 -0.1036776094840649 -0.46010305829224
0.9698 0.7926437778656132 -0.04489531188129437 0.0823122734492934 -0.0171136505832397 -0.1039218095538887 -0.4597527425348853
0.9699 0.7929256933065493 -0.04484290598901916 0.0823779754787989 -0.01643506806728257 -0.1041672209236217 -0.4594011226276882
0.97 0.793208248946452 -0.04479035522862354 0.0824382231603196 -0.01575411855326631 -0.1044138509800133 -0.4590481954410217
0.9701 0.7934914481325725 -0.04473765881052963 0.0824929618151216 -0.01507083406556635 -0.1046617156084885 -0.4586939690071415
0.9702 0.7937752942405632 -0.04468481593835377 0.0825421388079201 -0.01438524825253816 -0.1049108149364234 -0.4583384267722603
0.9703 0.794059790674813 -0.04463182580882511 0.0825856983476491 -0.01369739580786357 -0.1051611408756225 -0.4579815305773124
0.9704 0.7943449408687875 -0.04457868761170341 0.0826235868058646 -0.01300731373730035 -0.1054127433309834 -0.4576233006419516
0.9705 0.7946307482853769 -0.04452540052969552 0.0826557485916546 -0.0123150356870305 -0.1056656082038867 -0.4572637208568077
0.9706 0.7949172164172461 -0.04447196373837018 0.0826821288353815 -0.01162060027408915 -0.1059197544310614 -0.4569027573050053
0.9707 0.7952043487871927 -0.04441837640607199 0.0827026736389309 -0.01092404529999755 -0.1061751724998857 -0.4565404365862169
0.9708 0.7954921489485081 -0.04436463769383392 0.082717327383136 -0.0102254099128266 -0.1064318791755393 -0.4561767184565287
0.9709 0.7957806204853468 -0.04431074675528826 0.082726034046715 -0.009524733901543229 -0.1066898745319223 -0.4558115971047844
0.971 0.7960697670130992 -0.04425670273657641 0.0827287391398818 -0.00882205824304053 -0.1069491735593537 -0.4554450599870367
0.9711 0.7963595921787715 -0.04420250477625708 0.0827253862943135 -0.00811742418343595 -0.1072098287392092 -0.4550771115181342
0.9712 0.7966500996613717 -0.04414815200521335 0.0827159190905166 -0.007410872683105828 -0.1074717894325514 -0.4547077254308795
0.9713 0.7969412931723002 -0.04409364354655759 0.0827002817850169 -0.006702448404249093 -0.10773509217376 -0.4543369057607963
0.9714 0.7972331764557476 -0.04403897851553607 0.0826784194427311 -0.005992196686097718 -0.1079997507024573 -0.4539646270667672
0.9715 0.7975257532890996 -0.04398415601943071 0.0826502757098476 -0.005280163614760401 -0.108265776257141 -0.4535908812127465
0.9716 0.7978190274833466 -0.0439291751574601 0.0826157935778705 -0.004566391969219673 -0.1085331593887916 -0.4532156569175535
0.9717 0.7981130028835008 -0.04387403502067869 0.0825749147439709 -0.003850930913851851 -0.1088019160721206 -0.4528389276697878
0.9718 0.7984076833690198 -0.04381873469187464 0.0825275856715219 -0.003133829543372671 -0.1090720589024514 -0.4524606988633993
0.9719 0.7987030728542369 -0.04376327324546544 0.0824737482234109 -0.002415135776095263 -0.1093435561792944 -0.4520809406805842
0.972 0.7989991752887984 -0.04370764974739244 0.0824133453115027 -0.00169490045627406 -0.1096165072217577 -0.4516996543149954
0.9721 0.7992959946581078 -0.04365186325501334 0.0823463229935793 -0.000973177123501041 -0.1098908912958502 -0.4513168344470631
0.9722 0.7995935349837779 -0.04359591281699291 0.0822726202620363 -0.0002500150590769232 -0.1101666822386463 -0.4509324503641662
0.9723 0.799891800324089 -0.04353979747319236 0.0821921819801721 0.0004745311828653759 -0.110443920947001 -0.4505464929679282
0.9724 0.800190794774455 -0.0434835162545564 0.082104952517874 0.00120040580662157 -0.1107226117524805 -0.450158946613726
0.9725 0.800490522467899 -0.04342706818299849 0.0820108727287774 0.001927554000365816 -0.1110027519784799 -0.4497698007106495
0.9726 0.800790987575532 -0.04337045227128449 0.0819098875141766 0.002655918373500196 -0.1112843836760119 -0.4493790520446737
0.9727 0.801092194307046 -0.04331366752291425 0.0818019382270367 0.003385442632609987 -0.1115674791270675 -0.4489866678154049
0.9728 0.801394146911212 -0.04325671293200112 0.0816869684199847 0.00411606555932547 -0.1118520801286945 -0.4485926552291236
0.9729 0.80169684967638 -0.04319958748314963 0.0815649211022259 0.004847727977715079 -0.1121381860821793 -0.4481969891667029
0.973 0.802000306931002 -0.04314229015133098 0.08143573822780301 0.005580368222759528 -0.1124268432399674 -0.4478013840916605
0.9731 0.802304523044149 -0.0430848199017567 0.08129936474275801 0.006313923026873731 -0.1127159845913094 -0.4474023624389072
0.9732 0.802609502426046 -0.04302717568974948 0.0811557432911083 0.007048328425605099 -0.1130066762471471 -0.4470016559850217
0.9733 0.802915249528611 -0.04296935646061292 0.0810048151393456 0.007783521141284028 -0.1132988777565006 -0.4465992114671015
0.9734 0.803221768846007 -0.04291136114949818 0.0808465264693915 0.00851943104792866 -0.1135926769808872 -0.4461950513141442
0.9735 0.8035290649152 -0.04285318868126865 0.0806808186457211 0.00925599336128184 -0.1138880624304147 -0.4457891508209009
0.9736 0.803837142316527 -0.04279483797036222 0.0805076348002722 0.00999313848217363 -0.1141850028572209 -0.4453815024086565
0.9737 0.804146005674277 -0.04273630792065147 0.0803269183131681 0.01073079731733781 -0.1144835671135573 -0.4449720659520289
0.9738 0.8044556596572791 -0.04267759742530117 0.0801386140907883 0.01146889595036218 -0.1147837546270606 -0.4445608416486594
0.9739 0.804766108979499 -0.04261870536662336 0.07994266684826035 0.01220736168163705 -0.1150855625614379 -0.4441478153246778
0.974 0.80507735840065 -0.04255963061592999 0.07973901847987328 0.01294612121344295 -0.1153890058971663 -0.4437329724527052
0.9741 0.805389412726813 -0.04250037203338283 0.07952761270135809 0.01368510075548764 -0.1156940722391529 -0.443316293972947
0.9742 0.805702276811067 -0.04244092846784123 0.07930839681006074 0.01442421959855441 -0.1160008405088918 -0.4428977453201936
0.9743 0.806015955554129 -0.04238129875670625 0.07908131140361045 0.01516340241862918 -0.1163092723407713 -0.442477306695698
0.9744 0.806330453905006 -0.0423214817257634 0.07884630585259725 0.01590256658244836 -0.1166194082515099 -0.4420549893802908
0.9745 0.8066457768616641 -0.04226147618902127 0.07860332004634456 0.01664163312029737 -0.116931240100615 -0.4416307481237406
0.9746 0.806961929471701 -0.04220128094854797 0.078352303257385 0.01738051842687172 -0.1172447840604802 -0.4412045916517246
0.9747 0.807278916833034 -0.04214089479430477 0.07809320083763755 0.01811913850219795 -0.1175600603367486 -0.4407764998459139
0.9748 0.8075967440946 -0.04208031650397637 0.07782595748878254 0.01885740623205475 -0.1178770777629498 -0.4403464590470179
0.9749 0.807915416457071 -0.04201954484279838 0.07755051886061642 0.01959523613637083 -0.1181958560805017 -0.4399144118921227
0.975 0.80823493917358 -0.04195857856338142 0.07726683258618249 0.02033253887195698 -0.1185163971644355 -0.4394803577777194
0.9751 0.808555317550454 -0.04189741640553248 0.07697484495127027 0.02106922506726655 -0.1188387359275008 -0.4390442747805237
0.9752 0.808876556947974 -0.04183605709607258 0.07667450520061142 0.0218052012528325 -0.1191628825746519 -0.4386061647232731
0.9753 0.8091986627811379 -0.04177449934865146 0.07636576062291213 0.02254037428540798 -0.119488850171314 -0.4381659898924239
0.9754 0.809521640520438 -0.04171274186355825 0.07604855695155401 0.02327465073955395 -0.1198166356583062 -0.4377237324678965
0.9755 0.809845495692659 -0.04165078332752997 0.07572284598025448 0.02400793089583487 -0.1201462801503513 -0.4372793652075561
0.9756 0.810170233881685 -0.04158862241355455 0.07538857517226325 0.02474011932131833 -0.1204777649314935 -0.4368329203311913
0.9757 0.810495860729325 -0.04152625778067202 0.075045696242401 0.02547111486111308 -0.1208111432563874 -0.4363843067060251
0.9758 0.810822381936149 -0.04146368807377111 0.07469415749567553 0.0262008156772501 -0.1211464011134642 -0.4359335287899885
0.9759 0.811149803262348 -0.04140091192338198 0.07433390906085822 0.02692911901678555 -0.1214835681717109 -0.4354805618734933
0.976 0.8114781305286 -0.04133792794546537 0.07396490669531344 0.02765591839832642 -0.1218226740121082 -0.4350254131973391
0.9761 0.81180736961696 -0.04127473474119779 0.07358709810134925 0.02838110892495322 -0.1221637113222478 -0.4345680202683613
0.9762 0.812137526471765 -0.04121133089675219 0.07320043798837188 0.02910458084049712 -0.1225067054382731 -0.4341083924333329
0.9763 0.812468607100551 -0.04114771498307499 0.07280488057637415 0.02982622328180995 -0.1228516776115747 -0.4336464640282195
0.9764 0.812800617574997 -0.04108388555565867 0.07240037797587162 0.03054592532196381 -0.1231986380521731 -0.4331822531717284
0.9765 0.813133564031878 -0.04101984115431001 0.07198688799927911 0.03126357262373687 -0.123547600494023 -0.4327157282997531
0.9766 0.813467452674042 -0.04095558030291344 0.07156436384098813 0.03197904917082629 -0.1238985961531401 -0.4322468632036457
0.9767 0.813802289771406 -0.04089110150919076 0.07113276321125955 0.03269223665509119 -0.1242516217882826 -0.4317756012586833
0.9768 0.814138081661963 -0.04082640326445501 0.07069204352891065 0.03340301744846022 -0.124606696607036 -0.4313019554308452
0.9769 0.814474834752821 -0.04076148404336074 0.07024216483957707 0.03411126760786514 -0.1249638568035914 -0.4308258916849061
0.977 0.814812555521256 -0.04069634230364834 0.06978308441563014 0.03481686496008571 -0.1253231084421264 -0.4303473799747324
0.9771 0.81515125051578 -0.04063097648588409 0.06931476239594088 0.0355196849796916 -0.1256844794557449 -0.4298664214314576
0.9772 0.815490926357244 -0.04056538501319472 0.06883716005544964 0.03621959965517841 -0.1260479832153347 -0.4293829661416348
0.9773 0.815831589739949 -0.04049956629099659 0.0683502429479427 0.03691647945281074 -0.1264136270837164 -0.4288969832331255
0.9774 0.816173247432787 -0.04043351870671977 0.06785397113332508 0.03761019304677803 -0.1267814334681734 -0.4284084450167335
0.9775 0.816515906280402 -0.04036724062952673 0.0673483088328656 0.03830060878288569 -0.1271514150929481 -0.4279173315477545
0.9776 0.816859573204379 -0.04030073041002451 0.06683322415065831 0.03898758989149757 -0.127523607450671 -0.4274236153244216
0.9777 0.817204255204445 -0.0402339863799722 0.06630868245607926 0.03967100023716177 -0.1278980241692018 -0.4269272805812989
0.9778 0.81754995935971 -0.04016700685198169 0.06577465190065125 0.04035069899318823 -0.1282746779728295 -0.4264282681768697
0.9779 0.8178966928299231 -0.04009979011921282 0.06523110554659841 0.04102654591398396 -0.1286536076150618 -0.4259265775312528
0.978 0.818244462856755 -0.04003233445506172 0.06467800944010254 0.04169839737629951 -0.1290348245403245 -0.4254221686836156
0.9781 0.81859327676511 -0.03996463811284334 0.06411533819998527 0.04236610714682254 -0.1294183291208494 -0.424915010366421
0.9782 0.8189431419644631 -0.03989669932546724 0.06354306732567611 0.04302952879604881 -0.1298041584069669 -0.4244050824273599
0.9783 0.819294065950228 -0.03982851630510609 0.06296117017143601 0.04368851029490723 -0.1301923499294361 -0.4238923423738529
0.9784 0.819646056305148 -0.03976008724285831 0.0623696234791189 0.04434290090927748 -0.1305829060286445 -0.4233767637134102
0.9785 0.819999120700717 -0.03969141030840292 0.06176840463166339 0.04499254669419481 -0.1309758400815384 -0.4228583054676334
0.9786 0.820353266898638 -0.039622483649647 0.06115749614050319 0.04563729043179515 -0.1313711743081258 -0.4223369439717056
0.9787 0.820708502752304 -0.03955330539236614 0.06053687828065031 0.04627697366551391 -0.1317689795977479 -0.4218126373647004
0.9788 0.8210648362083099 -0.03948387363983736 0.05990653804973607 0.04691143559382473 -0.132169200190065 -0.421285372881734
0.9789 0.821422275308003 -0.03941418647246339 0.05926645686137521 0.04754051299874716 -0.1325718964293886 -0.420755096993031
0.979 0.8217808281890649 -0.03934424194739 0.0586166240550911 0.0481640404165357 -0.1329771063671974 -0.4202217729464829
0.9791 0.8221405030871199 -0.03927403809811416 0.05795702998100337 0.04878185009104979 -0.1333848244772318 -0.4196853858295648
0.9792 0.822501308337392 -0.03920357293408414 0.05728766224576878 0.04939377159348108 -0.1337950777720786 -0.4191458800312646
0.9793 0.822863252376381 -0.03913284444029093 0.05660851989179329 0.04999963341554913 -0.1342079185673024 -0.4186032330163185
0.9794 0.823226343743593 -0.03906185057685057 0.05591959487424463 0.05059926124968392 -0.1346233302921892 -0.4180574071588349
0.9795 0.823590591083293 -0.03899058927857762 0.05522088630824038 0.05119247714861947 -0.1350413571447611 -0.4175083498833426
0.9796 0.823956003146308 -0.03891905845454868 0.05451239481644089 0.05177910269758916 -0.1354620412358542 -0.4169560322285167
0.9797 0.824322588791861 -0.03884725598765682 0.05379412253538133 0.05235895530538128 -0.1358853812911434 -0.4164004196949316
0.9798 0.824690356989455 -0.03877517973415548 0.05306607541593928 0.05293185208386816 -0.1363114163726727 -0.4158414743226868
0.9799 0.825059316820788 -0.03870282752319293 0.05232825869612469 0.0534976061360831 -0.1367401538820301 -0.4152791508801619
0.98 0.825429477481722 -0.03863019715633552 0.05158068515255637 0.05405602831718817 -0.1371716358588406 -0.4147134068387593
0.9801 0.825800848284288 -0.03855728640708053 0.0508233678479903 0.05460692836954868 -0.1376058909860731 -0.4141442093389349
0.9802 0.826173438658745 -0.03848409302035785 0.05005632057245752 0.05515011253243412 -0.1380429274431755 -0.4135714946634403
0.9803 0.826547258155673 -0.03841061471202043 0.04927956198525397 0.05568538498708634 -0.1384827830567896 -0.4129952425807683
0.9804 0.82692231644813 -0.03833684916832253 0.04849311750949966 0.05621254771954822 -0.1389255155793273 -0.4124153816026359
0.9805 0.827298623333845 -0.03826279404538702 0.04769700681291016 0.05673139998464781 -0.139371103155752 -0.4118319065555173
0.9806 0.827676188737473 -0.03818844696865888 0.04689126044531925 0.05724173800039888 -0.1398195954317293 -0.4112447527178043
0.9807 0.82805502271289 -0.0381138055323468 0.0460759095011301 0.05774335716454048 -0.1402710237243176 -0.4106538772710667
0.9808 0.828435135445553 -0.03803886729885218 0.04525098347542781 0.0582360488364961 -0.1407255828449457 -0.4100595798402158
0.9809 0.828816537254914 -0.03796362979818349 0.04441652849814953 0.058719603595287 -0.1411827879993773 -0.4094607438945551
0.981 0.829199238596881 -0.03788809052735769 0.04357257717437869 0.05919380932082577 -0.1416431746003066 -0.4088583767589757
0.9811 0.829583250066349 -0.03781224694978691 0.04271917874425472 0.05965844863936443 -0.1421067990683711 -0.4082524507957594
0.9812 0.829968582399787 -0.0377360964946509 0.04185638158933775 0.06011330701194035 -0.142573309710719 -0.407642198328016
0.9813 0.8303552464778881 -0.03765963655625376 0.04098423554569186 0.06055816286907158 -0.143042742918885 -0.4070275808260598
0.9814 0.830743253328279 -0.03758286449336584 0.04010279892115898 0.06099279552563565 -0.1435156942448429 -0.406409599856745
0.9815 0.831132614128306 -0.03750577762854934 0.03921212918453699 0.06141697797215855 -0.1439916266108964 -0.405787135990241
0.9816 0.831523340207873 -0.03742837324746697 0.03831229546959358 0.06183048594683108 -0.1444707680659943 -0.4051604784481844
0.9817 0.831915443052368 -0.0373506485981744 0.03740336168922526 0.06223308942694887 -0.1449529567410292 -0.4045292313601451
0.9818 0.832308934305644 -0.03727260089039486 0.03648540360217967 0.06262455690798938 -0.1454386131079565 -0.4038940579623121
0.9819 0.832703825773086 -0.03719422729477563 0.03555849738500058 0.06300465424575028 -0.145927754530028 -0.4032548871174118
0.982 0.833100129424752 -0.03711552494212603 0.03462272372232025 0.06337314643358807 -0.1464198534013186 -0.4026105850771602
0.9821 0.833497857398586 -0.03703649092263668 0.03367817253566647 0.06372979428599876 -0.1469155079067348 -0.4019621620108834
0.9822 0.833897022003723 -0.0369571222850782 0.03272493264016349 0.06407435837727369 -0.1474147530297056 -0.40130957699473
0.9823 0.8342976357238669 -0.03687741603598043 0.03176310050200568 0.0644065951623709 -0.1479172540133174 -0.4006520374537578
0.9824 0.834699711220767 -0.03679736913879004 0.03079278266740014 0.06472626098344469 -0.148423246018218 -0.3999898435294664
0.9825 0.835103261337768 -0.03671697851300716 0.02981407908162996 0.06503310741639878 -0.1489327196795762 -0.3993229175767622
0.9826 0.835508299103466 -0.03663624103329894 0.02882710730327632 0.06532688772178563 -0.1494457565603014 -0.3986512066001211
0.9827 0.8359148377354531 -0.03655515352859069 0.02783198616101324 0.06560734984939733 -0.1499624030384941 -0.3979746347320901
0.9828 0.836322890644157 -0.03647371278113303 0.02682883302439146 0.06587423998438116 -0.1504826393485455 -0.3972931337710492
0.9829 0.836732471436789 -0.03639191552554471 0.02581778542313452 0.06612730597228024 -0.1510065471152325 -0.3966066402109015
0.983 0.837143593921388 -0.03630975844782974 0.02479897328015401 0.06636628791392429 -0.1515341602133024 -0.3959150787428326
0.9831 0.837556272110979 -0.03622723818436879 0.02377254173597401 0.06659093044365624 -0.152065514615114 -0.3952183743326705
0.9832 0.837970520227838 -0.03614435132088359 0.02273863587513 0.06680097099095195 -0.1526006424221765 -0.3945164566039444
0.9833 0.83838635270787 -0.03606109439137328 0.021697412084843 0.0669961484844587 -0.15313958747052 -0.3938092476514772
0.9834 0.838803784205117 -0.03597746387702183 0.02064903315098209 0.06717619998904012 -0.1536824165301576 -0.3930966709544213
0.9835 0.839222829596371 -0.0358934562050767 0.01959366592215599 0.06734085981035298 -0.1542291440435707 -0.3923786464394025
0.9836 0.839643503985926 -0.03580906774769504 0.01853148419644142 0.06748986082869774 -0.1547797872773536 -0.3916550837057503
0.9837 0.84006582271046 -0.0357242948207599 0.01746267109910631 0.06762293584270656 -0.1553344199786875 -0.3909259199998362
0.9838 0.8404898013440451 -0.03563913368266263 0.0163874179216035 0.06773981776206075 -0.155893115299185 -0.3901910612138159
0.9839 0.8409154557033029 -0.03555358053305122 0.01530591923274469 0.06784023180887369 -0.1564558652692057 -0.3894504091382612
0.984 0.841342801852706 -0.03546763151154433 0.01421838076318366 0.06792390996557105 -0.1570227529210462 -0.3887038847832242
0.9841 0.841771856110021 -0.03538128269640814 0.01312501641603661 0.06799057903584025 -0.1575937977643065 -0.3879514027832336
0.9842 0.8422026350519189 -0.03529453010319619 0.01202604684290883 0.06803996468241197 -0.1581690555852103 -0.3871928718145141
0.9843 0.84263515551973 -0.03520736968334993 0.01092170057195919 0.06807179461080471 -0.1587485767240679 -0.386428188088142
0.9844 0.843069434625379 -0.03511979732275928 0.00981221526386606 0.06808579236849549 -0.1593324104952291 -0.3856572496892842
0.9845 0.843505489757483 -0.03503180884028154 0.00869783890425992 0.06808168459846029 -0.1599206053253541 -0.3848799757232419
0.9846 0.843943338587631 -0.03494339998621658 0.007578825923904943 0.0680591957033328 -0.1605132103006197 -0.3840962615187035
0.9847 0.844382999076847 -0.03485456644073813 0.006455440038884646 0.0680180488641733 -0.1611102566649544 -0.3833059937627959
0.9848 0.84482448948224 -0.03476530381227815 0.005327954686548113 0.06795796690278744 -0.161711791859416 -0.3825090905112005
0.9849 0.8452678283638591 -0.03467560763586335 0.004196656566491905 0.06787867813750782 -0.1623186441764296 -0.3817068822692782
0.985 0.845713034591745 -0.03458547337140198 0.003061835973188175 0.06777990470739566 -0.1629293630010833 -0.3808963210451028
0.9851 0.846160127353204 -0.03449489640191921 0.001923796905180322 0.0676613730286997 -0.1635447449555939 -0.3800787836934326
0.9852 0.84660912616029 -0.03440387203173839 0.0007828527935262521 0.06752280915162299 -0.1641648370556749 -0.3792541563002187
0.9853 0.847060050857527 -0.03431239548460758 -0.0003606706428796874 0.06736394010087707 -0.1647897100081957 -0.3784223110365335
0.9854 0.84751292162986 -0.034220461901768 -0.0015064415727074 0.06718449192589148 -0.1654193937932555 -0.3775831261190005
0.9855 0.847967759010855 -0.03412806633996305 -0.002654113397446499 0.06698419617390996 -0.1660539561706261 -0.3767364991462869
0.9856 0.848424583891163 -0.03403520376938388 -0.003803329485468105 0.06676278231576203 -0.1666863165567713 -0.3758678892339007
0.9857 0.848883417527218 -0.03394186907155573 -0.004953719380284688 0.06651998541992437 -0.1673308248809645 -0.3750059435090516
0.9858 0.849344281550258 -0.0338480570371487 -0.006104906811833382 0.06625553715763038 -0.1679874935155259 -0.374150523209865
0.9859 0.84980719797561 -0.03375376236372392 -0.007256496062022708 0.06596917738276947 -0.1686421519898869 -0.3732727444033831
0.986 0.85027218921224 -0.03365897965341191 -0.00840808682451694 0.06566064273467635 -0.1693019653832185 -0.3723868304072574
0.9861 0.850739278072667 -0.03356370341050763 -0.00955925970644501 0.06532968186565602 -0.1699670476705721 -0.3714926685518634
0.9862 0.851208487783164 -0.03346792803899228 -0.01070958833659923 0.06497603352432977 -0.1706373888339889 -0.3705900821277265
0.9863 0.851679841994311 -0.03337164783997182 -0.01185862746741846 0.06459945359677653 -0.1713059866154104 -0.369664654261617
0.9864 0.852153364791862 -0.03327485700903596 -0.01300592448240014 0.06419969284690614 -0.1719871428828405 -0.368744803608169
0.9865 0.852629080708027 -0.03317754963352123 -0.01415100831365432 0.06377650888113839 -0.1726808918236961 -0.3678302794333708
0.9866 0.853107014733101 -0.03307971968968601 -0.01529339773575811 0.06332966733796947 -0.1733730940190956 -0.3668925135283554
0.9867 0.8535871923274601 -0.03298136103979685 -0.01643259644301937 0.06285893239619168 -0.1740709013370502 -0.3659455101178129
0.9868 0.854069639434013 -0.03288246742910583 -0.01756809209365416 0.06236408226665812 -0.1747744042364444 -0.3649891346957779
0.9869 0.85455438249105 -0.0327830324827301 -0.01869936051101573 0.06184489104598923 -0.1754836713532124 -0.3640232165575628
0.987 0.855041448445551 -0.03268304970242148 -0.01982586154339236 0.0613011483184402 -0.1761916451173096 -0.3630333669951669
0.9871 0.855530864766918 -0.03258251246322901 -0.02094703976787063 0.06073264399022246 -0.176912616942373 -0.3620478010331528
0.9872 0.856022659461252 -0.03248141401003533 -0.0220623238944118 0.0601391825033165 -0.1776466949719216 -0.3610663178130176
0.9873 0.856516861086091 -0.03237974745397627 -0.0231711289941479 0.05952056728583004 -0.1783796811093985 -0.3600603413954977
0.9874 0.857013498765659 -0.03227750576873824 -0.02427285179260241 0.05887661867167741 -0.1791188139060356 -0.3590438661925581
0.9875 0.8575126022067 -0.03217468178671334 -0.02536687499258105 0.05820716016471909 -0.1798641172970931 -0.3580166963835495
0.9876 0.85801420171487 -0.03207126819501951 -0.0264525639695348 0.05751202843143501 -0.1806085837434669 -0.3569644884592656
0.9877 0.858518328211697 -0.03196725753138066 -0.02752926666499993 0.05679106930169525 -0.1813665142640104 -0.3559152767513131
0.9878 0.859025013252227 -0.03186264217984435 -0.02859631748846201 0.05604413735051684 -0.182130840259687 -0.3548547219162487
0.9879 0.859534289043256 -0.03175741436635277 -0.02965302815448082 0.05527110445272811 -0.1829087918513605 -0.3537966676115666
0.988 0.860046188462297 -0.03165156615413789 -0.0306986981839265 0.05447185123249325 -0.1836862304462791 -0.3527126908508592
0.9881 0.86056074507721 -0.03154508943895491 -0.03173260736712737 0.05364626869593778 -0.1844703396267242 -0.3516166498825308
0.9882 0.861077993166619 -0.03143797594412419 -0.03275401747988045 0.05279426744558008 -0.1852611919330008 -0.3505082945572945
0.9883 0.8615979677411 -0.03133021721538742 -0.03376217258781462 0.05191576888354494 -0.1860517705348688 -0.3493733626168046
0.9884 0.862120704565159 -0.03122180461556994 -0.03475630025101344 0.05101071300009588 -0.1868563761713398 -0.3482396473042237
0.9885 0.862646240180121 -0.03111272931902426 -0.03573560705858074 0.05007905231428409 -0.1876679906536623 -0.3470928411529194
0.9886 0.863174611927859 -0.03100298230586744 -0.03669928080486124 0.04912076050521216 -0.1884938076564399 -0.3459466677614552
0.9887 0.863705857975517 -0.03089255435597852 -0.03764649478531473 0.04813582699643473 -0.1893196944303719 -0.344772802929359
0.9888 0.864240017341164 -0.03078143604276926 -0.0385763985022751 0.0471242657676544 -0.1901528579278297 -0.3435849391627627
0.9889 0.864777129920537 -0.03066961772669203 -0.03948812558186873 0.0460861017045506 -0.190993404858508 -0.3423828321079026
0.989 0.865317236514842 -0.03055708954848754 -0.04038079100094735 0.04502139042419428 -0.1918342822432463 -0.3411522253170024
0.9891 0.86586037885969 -0.03044384142216081 -0.04125348613599204 0.04393020577902328 -0.1926898274398492 -0.3399206729951044
0.9892 0.866406599655273 -0.03032986302765405 -0.04210528961971672 0.04281264682471473 -0.1935530207241229 -0.3386738968332503
0.9893 0.866955942597751 -0.03021514380322574 -0.04293525566913019 0.04166883565333965 -0.1944310780301235 -0.3374254015123098
0.9894 0.867508452412017 -0.03009967293749664 -0.04374242313886906 0.04049892696342549 -0.1953098675651773 -0.3361470398328631
0.9895 0.868064174885791 -0.02998343936116968 -0.04452580895461805 0.0393030948260798 -0.1961965806183549 -0.3348523502046263
0.9896 0.86862315690525 -0.02986643173838229 -0.04528441170173627 0.03808154862125242 -0.1970913270162535 -0.3335409560045721
0.9897 0.869185446492171 -0.02974863845768647 -0.04601721316570993 0.03683452747845958 -0.1979870849825384 -0.3321986557216708
0.9898 0.869751092842686 -0.02963004762264 -0.04672317257753056 0.03556229783793697 -0.1988981992272251 -0.3308526951382104
0.9899 0.870320146367813 -0.02951064704196753 -0.04740123420011494 0.03426516874953913 -0.1998176723146314 -0.3294888927971331
0.99 0.87089265873573 -0.02939042421929572 -0.04805032228805572 0.03294347635833977 -0.2007532515082052 -0.3281213940351307
0.9901 0.871468682916024 -0.02926936634241197 -0.04866934355677333 0.03159759805017948 -0.201689732747455 -0.326720377922373
0.9902 0.872048273225893 -0.02914746027204705 -0.04925718708964172 0.03022794959612537 -0.2026348529600195 -0.3253000856762335
0.9903 0.872631485378534 -0.02902469253012791 -0.04981272417620702 0.0288349889970346 -0.2035888431573187 -0.3238601364520169
0.9904 0.873218376533766 -0.02890104928748854 -0.05033481052992949 0.02741921509800454 -0.2045437855561349 -0.3223851248198893
0.9905 0.873809005351009 -0.02877651635100758 -0.05082228619130955 0.02598117111555243 -0.2055154908487642 -0.3209041170278789
0.9906 0.8744034320448441 -0.02865107915012173 -0.05127397471904207 0.02452144866270107 -0.2064962636228477 -0.3194018204531957
0.9907 0.875001718443177 -0.02852472272270457 -0.0516886863937966 0.02304068692327958 -0.2074942049463041 -0.317892585452949
0.9908 0.875603928048291 -0.02839743170024691 -0.05206521655006867 0.02153957957210634 -0.208493495473906 -0.3163460252885645
0.9909 0.87621012610083 -0.02826919029232359 -0.05240234766887007 0.02001886644612844 -0.2095021591543115 -0.31477644208174
0.991 0.876820379647026 -0.02813998227027475 -0.05269885342484778 0.01847935355544247 -0.2105123247187683 -0.3131684557632449
0.9911 0.8774347576092389 -0.02800979095008075 -0.05295349180623612 0.01692189227002038 -0.2115400837904361 -0.3115510243550534
0.9912 0.878053330860156 -0.02787859917435336 -0.05316501905060228 0.01534741072600796 -0.2125775846364244 -0.3099086841947064
0.9913 0.878676172300724 -0.02774638929341562 -0.05333217731587889 0.01375688762060134 -0.21362489941341 -0.3082407348305972
0.9914 0.879303356942171 -0.02761314314539327 -0.05345370811481523 0.01215137578883 -0.2146903642318042 -0.3065613389793496
0.9915 0.879934961992352 -0.02747884203525542 -0.05352834279432185 0.01053199134276088 -0.2157576616834469 -0.3048399806213893
0.9916 0.880571066946633 -0.02734346671275275 -0.05355481742839076 0.00889992793436829 -0.2168268591648067 -0.3030760072702676
0.9917 0.881211753683706 -0.02720699734916158 -0.0535318628761844 0.007256449064336257 -0.2179144894627729 -0.3012982145608456
0.9918 0.881857106566634 -0.02706941351275556 -0.05345821733265518 0.005602903067266192 -0.2190124715163769 -0.2994909727105714
0.9919 0.882507212549431 -0.0269306941429377 -0.05333262061155962 0.00394071413397238 -0.2201208744765577 -0.2976533771563525
0.992 0.883162161289606 -0.02679081752292177 -0.05315382132831353 0.002271391443517845 -0.221239797567215 -0.2957845572771713
0.9921 0.883822045267059 -0.02664976125087357 -0.05292058248371716 0.0005965363093564311 -0.2223777489267406 -0.2938981970474731
0.9922 0.884486959909815 -0.02650750220939361 -0.0526316776344297 -0.0010821628759848 -0.2235180108801255 -0.2919639868674247
0.9923 0.885157003726978 -0.02636401653324588 -0.05228590402951898 -0.002762918377310731 -0.2246692339872066 -0.2899958554516105
0.9924 0.885832278449565 -0.02621927957517581 -0.05188207309379258 -0.00444385138661339 -0.2258224717929064 -0.2879774101291916
0.9925 0.886512889179648 -0.0260732658697103 -0.05141903540515987 -0.006122970613491652 -0.226995276566301 -0.285937422908158
0.9926 0.887198944548566 -0.025925949094759 -0.05089566325758491 -0.007798187886153187 -0.2281790558479078 -0.2838598910767075
0.9927 0.887890556884733 -0.02577730203088429 -0.05031087009738067 -0.00946730265940877 -0.2293738512125043 -0.2817436206923551
0.9928 0.8885878423918671 -0.02562729651804356 -0.04966361382454637 -0.01112799875953441 -0.2305885302734142 -0.2796019460545021
0.9929 0.889290921338446 -0.02547590340960811 -0.04895290001426137 -0.01277784426214221 -0.2318055661533261 -0.2774042601623066
0.993 0.889999918259156 -0.02532309252346759 -0.04817779239465937 -0.01441428814315404 -0.2330248671724058 -0.2751493123672294
0.9931 0.890714962169402 -0.0251688325899684 -0.04733741519541933 -0.01603465101472455 -0.2342641589142203 -0.2728647579568165
0.9932 0.891436186793906 -0.02501309119643196 -0.04643096444498591 -0.01763612983825698 -0.2355146095851398 -0.2705344774496095
0.9933 0.892163730810442 -0.02485583472799688 -0.04545771830636805 -0.01921578619753065 -0.2367762074372332 -0.2681568671333516
0.9934 0.892897738110075 -0.02469702830446044 -0.04441704161699999 -0.02077054710255481 -0.2380489106700562 -0.2657302744409155
0.9935 0.8936383580752 -0.02453663571279383 -0.0433083962901064 -0.02229720310330772 -0.23934174255934 -0.2632672193590826
0.9936 0.8943857458769801 -0.02437461933495455 -0.04213136368233534 -0.0237923973513481 -0.2406365277379586 -0.2607372091635959
0.9937 0.895140062793742 -0.02421094007060887 -0.04088563420526645 -0.02525263354148397 -0.2419329886017612 -0.2581384991233149
0.9938 0.895901476552261 -0.02404555725429855 -0.03957104286747262 -0.02667426395613646 -0.2432492773859028 -0.2554974349582062
0.9939 0.896670161694 -0.02387842856655311 -0.03818756537513876 -0.028053491843823 -0.2445762995469161 -0.252797600868017
0.994 0.8974462999684309 -0.02370950993842493 -0.03673534623102071 -0.02938637020781666 -0.2459136793331055 -0.2500368058127302
0.9941 0.898230080756067 -0.02353875544881497 -0.03521470417845705 -0.03066879586747846 -0.2472612327683866 -0.2472126038245151
0.9942 0.899021701523918 -0.02336611721392659 -0.03362615504723912 -0.03189651265849542 -0.2486294956554876 -0.2443385363131172
0.9943 0.899821368316517 -0.02319154526808485 -0.03197042860386317 -0.03306511124619921 -0.2499966115164209 -0.2413798435645619
0.9944 0.900629296285859 -0.02301498743510853 -0.03024848648073772 -0.03417002703303185 -0.251372974300563 -0.2383497633910546
0.9945 0.901445710264248 -0.02283638918926664 -0.02846155015400416 -0.0352065455699185 -0.2527580027234783 -0.2352450808188049
0.9946 0.902270845384251 -0.02265569350479752 -0.02661111538661798 -0.03616980115753875 -0.2541403863285058 -0.2320478253446874
0.9947 0.903104947750588 -0.02247284069281732 -0.0246989844641393 -0.0370547863118292 -0.2555414954067737 -0.2287852597947231
0.9948 0.9039482751694981 -0.02228776822427594 -0.02272728289661421 -0.03785635305773009 -0.2569496540157563 -0.2254384507597652
0.9949 0.904801097941508 -0.0221004105375147 -0.02069850049760809 -0.03856922386572697 -0.2583754571223494 -0.2220187297717202
0.995 0.905663699724677 -0.02191069882871486 -0.0186155091868952 -0.03918800018069128 -0.2597955429116539 -0.2184918599261258
0.9951 0.9065363784759189 -0.0217185608233809 -0.01648160416602998 -0.03970717146640108 -0.2612086622590824 -0.2148538948357649
0.9952 0.907419447479381 -0.02152392052668615 -0.01430053319234641 -0.04012113813738247 -0.2626365934284911 -0.2111303332349318
0.9953 0.908313236471886 -0.02132669795024497 -0.01207653793831613 -0.04042422289061144 -0.2640798842291187 -0.2073175970524713
0.9954 0.909218092876794 -0.02112680881255003 -0.00981439296194739 -0.04061069468909403 -0.265510909081709 -0.2033779638043199
0.9955 0.910134383159349 -0.02092416420990261 -0.007519441272749833 -0.04067479747951996 -0.2669276449042287 -0.1993067449072484
0.9956 0.9110624943185039 -0.02071867025419095 -0.00519764509945542 -0.04061077921998784 -0.2683685945502319 -0.1951452260607345
0.9957 0.912002835532475 -0.02051022767332577 -0.002855630826126995 -0.04041292997602946 -0.2697914241787811 -0.1908408134747397
0.9958 0.912955839977537 -0.02029873136958209 -0.0005007374870308958 -0.04007562395618407 -0.2711933796484514 -0.1863865077388576
0.9959 0.913921966843203 -0.0200840699302316 0.001858933124712987 -0.03959337286413018 -0.2725993523942912 -0.1818058729659868
0.996 0.914901703570243 -0.01986612508402784 0.004214458975133822 -0.03896088142207565 -0.2739926390852633 -0.177074842601275
0.9961 0.9158955683422561 -0.01964477109607321 0.006556051234553914 -0.03817313241509406 -0.2753838107663506 -0.1722014551803174
0.9962 0.916904112867054 -0.01941987409225851 0.00887298770056028 -0.03722544758897044 -0.2767410039375985 -0.1671475654652966
0.9963 0.917927925489877 -0.01919129130304725 0.01115355467523181 -0.03611359737112384 -0.2780736387412906 -0.1619185414420222
0.9964 0.918967634688389 -0.01895887021446092 0.013385005009091 -0.03483389515554491 -0.2793770167235762 -0.1565031943465748
0.9965 0.9200239130080951 -0.01872244761199799 0.01555347964603019 -0.03338334584599936 -0.2806308248201551 -0.1508768350534115
0.9966 0.921097481507959 -0.01848184850051076 0.01764397490716316 -0.03175977290218457 -0.2818570277357429 -0.1450559693374156
0.9967 0.922189114799625 -0.01823688487974753 0.01964027745981196 -0.02996199940551114 -0.2830339019676579 -0.1390132520689943
0.9968 0.923299646779786 -0.01798735435133486 0.02152493317578783 -0.02799003812068737 -0.2841527673577953 -0.1327347232864088
0.9969 0.924429977176098 -0.01773303852790006 0.02327920951497597 -0.02584532009218747 -0.2852187548819778 -0.1262182088223181
0.997 0.925581079052295 -0.01747370120887917 0.02488308272238453 -0.02353094836369097 -0.2861918129264789 -0.1194219510299201
0.9971 0.926754007449896 -0.01720908627982589 0.02631523888636356 -0.02105200386738219 -0.2870709285711793 -0.1123386424472671
0.9972 0.927949909384447 -0.01693891528216347 0.02755310708604466 -0.01841587826105129 -0.2878420715831126 -0.104949840748777
0.9973 0.9291700354649099 -0.016662884587965 0.0285729263490152 -0.01563266923467984 -0.2884704564106177 -0.09722035377224475
0.9974 0.930415753470403 -0.01638066209837709 0.02934986464278517 -0.01271562114035702 -0.2889688804706674 -0.08915391432052293
0.9975 0.931688564303103 -0.01609188336367697 0.0298582004018263 -0.00968163875188613 -0.2892960645572998 -0.08071121921184957
0.9976 0.932990120845822 -0.01579614699621031 0.03007158692690445 -0.006551851687717604 -0.2894416900831311 -0.07187595251556225
0.9977 0.934322250398284 -0.01549300921200173 0.02996343369771948 -0.003352271375202386 -0.2893355200482514 -0.06259230112730352
0.9978 0.935686981558306 -0.01518197728995513 0.02950742314503921 -0.0001145024081263078 -0.2889552719586289 -0.05283871805417555
0.9979 0.937086576674222 -0.01486250167416301 0.02867823273746732 0.00312344835978378 -0.2882530268767836 -0.04257792944148191
0.998 0.938523571347684 -0.01453396635878532 0.02745247852822448 0.006316296394022743 -0.2871711689288223 -0.03176889144727681
0.9981 0.940000822954323 -0.01419567707588756 0.02580996767995268 0.00941058480679289 -0.2856399054466519 -0.02036726327067831
0.9982 0.941521570833199 -0.01384684663991425 0.02373548448536233 0.01234365485444844 -0.2835554262044727 -0.008315851849409805
0.9983 0.9430895117692349 -0.01348657656507925 0.02122089654962151 0.01504281361557921 -0.2808535912878866 0.004419955546343942
0.9984 0.944708895803563 -0.01311383372780375 0.01826817759249586 0.0174244510678283 -0.2774104032029358 0.01789757037990833
0.9985 0.946384649490855 -0.01272742033786653 0.01489323489080785 0.01939355574685259 -0.2729987861175062 0.03219819385241912
0.9986 0.948122536871333 -0.01232593471370508 0.01113093339187553 0.02084374191511396 -0.2675113476324998 0.04735241475916432
0.9987 0.949929373299764 -0.01190771916791747 0.007041632331010699 0.02165828489081784 -0.2606259983365319 0.06343509993699982
0.9988 0.951813315027917 -0.01147078941691352 0.00271962364261356 0.02171287120845584 -0.252041031249531 0.08048489515450684
0.9989 0.95378426017431 -0.01101273682059286 -0.001696149220754702 0.02088129408321123 -0.241337309380307 0.09852389084178476
0.999 0.955854418398051 -0.01053058946704672 -0.006008771477515538 0.01904602921028071 -0.2279507518837375 0.1175289157206308