0.001 0.3468549526941644 -0.2739020891117423 0.04791280105092222 -0.2238105092053002 -0.2603667183327094 0.4244265832743194
0.002 0.3469990604521040 -0.2738892686465858 0.04814335136546907 -0.2238662310510546 -0.2602730866190955 0.4243737717996143
0.003 0.3471433204455789 -0.2738764138141069 0.04837457173081648 -0.2239219700506514 -0.2601794113794051 0.4243221596473090
0.004 0.3472877329680487 -0.2738635245323604 0.04860595093889037 -0.2239769354754859 -0.2600841186072604 0.4242684668008221
0.005 0.3474322983138405 -0.2738506007191121 0.04883818749620471 -0.2240325884446818 -0.2599904578680163 0.4242172135079842
0.006 0.3475770167781523 -0.2738376422918375 0.04907072630702054 -0.2240875147354169 -0.2598970045511979 0.4241643159005719
0.007 0.3477218886570569 -0.2738246491677201 0.04930367323810099 -0.2241422074257705 -0.2598025623256417 0.4241122039163032
0.008 0.3478669142475050 -0.2738116212636506 0.04953713223802831 -0.2241966904367092 -0.2597088293456985 0.4240597752151702
0.009 0.3480120938473290 -0.2737985584962253 0.04977119034079745 -0.2242512128576499 -0.2596153824837774 0.4240070329794730
0.01 0.3481574277552457 -0.2737854607817449 0.05000560401810978 -0.2243053874878070 -0.2595221111847281 0.4239542658656144
0.011 0.3483029162708615 -0.2737723280362132 0.05024040255470209 -0.2243590683958501 -0.2594277673489615 0.4239005362136826
0.012 0.3484485596946740 -0.2737591601753360 0.05047587838789408 -0.2244131864357438 -0.2593355486018790 0.4238483051297308
0.013 0.3485943583280769 -0.2737459571145195 0.05071164218486459 -0.2244665134858687 -0.2592413565940988 0.4237953465565522
0.014 0.3487403124733632 -0.2737327187688688 0.05094793134505573 -0.2245199392048449 -0.2591488159900130 0.4237427471301639
0.015 0.3488864224337284 -0.2737194450531874 0.05118479184577065 -0.2245729300751285 -0.2590552476836178 0.4236890974541638
0.016 0.3490326885132747 -0.2737061358819748 0.05142197543351665 -0.2246257292032298 -0.2589620237553528 0.4236361433580732
0.017 0.3491791110170143 -0.2736927911694262 0.05165976696052457 -0.2246784218536394 -0.2588693599544341 0.4235832634210838
0.018 0.3493256902508733 -0.2736794108294301 0.05189798931785898 -0.2247308940731359 -0.2587764783421162 0.4235300090143073
0.019 0.3494724265216952 -0.2736659947755676 0.05213674500929841 -0.2247831308004795 -0.2586837733957105 0.4234773361254542
0.02 0.3496193201372443 -0.2736525429211112 0.05237594588957341 -0.2248351715610799 -0.2585905013501232 0.4234237182938950
0.021 0.3497663714062100 -0.2736390551790229 0.05261565765962293 -0.2248869676609902 -0.2584978773675527 0.4233699975482839
0.022 0.3499135806382101 -0.2736255314619532 0.05285581751689667 -0.2249385425000144 -0.2584052252731452 0.4233164596709461
0.023 0.3500609481437951 -0.2736119716822390 0.05309651632583180 -0.2249898981229379 -0.2583133555107563 0.4232632485884777
0.024 0.3502084742344506 -0.2735983757519038 0.05333765720656269 -0.2250410432030030 -0.2582212973065863 0.4232098205141101
0.025 0.3503561592226028 -0.2735847435826544 0.05357929290269574 -0.2250919400693236 -0.2581293396005155 0.4231565066239155
0.026 0.3505040034216216 -0.2735710750858805 0.05382142445362406 -0.2251426262682040 -0.2580370686719418 0.4231027677366178
0.027 0.3506520071458236 -0.2735573701726536 0.05406408215549051 -0.2251930976193386 -0.2579450038390318 0.4230488858629101
0.028 0.3508001707104773 -0.2735436287537246 0.05430718617612630 -0.2252433107491123 -0.2578525281437408 0.4229954366181179
0.029 0.3509484944318062 -0.2735298507395234 0.05455081170739606 -0.2252933037068726 -0.2577612836531773 0.4229419202829836
0.03 0.3510969786269926 -0.2735160360401562 0.05479485674008998 -0.2253430472446782 -0.2576698925601379 0.4228876750892931
0.031 0.3512456236141819 -0.2735021845654054 0.05503952410597089 -0.2253926256528730 -0.2575773492337374 0.4228335734694467
0.032 0.3513944297124862 -0.2734882962247273 0.05528454551974802 -0.2254418559303764 -0.2574856331124228 0.4227795139726273
0.033 0.3515433972419884 -0.2734743709272509 0.05553017713994906 -0.2254909364429792 -0.2573944358954002 0.4227257554806416
0.034 0.3516925265237462 -0.2734604085817764 0.05577629602125476 -0.2255397471096770 -0.2573034658688407 0.4226712843871811
0.035 0.3518418178797958 -0.2734464090967736 0.05602286332970117 -0.2255883157347338 -0.2572117411515267 0.4226172254813772
0.036 0.3519912716331560 -0.2734323723803807 0.05626993612000573 -0.2256366507081419 -0.2571202371718607 0.4225625122721375
0.037 0.3521408881078327 -0.2734182983404024 0.05651748275549474 -0.2256847216433158 -0.2570292001395599 0.4225083796442151
0.038 0.3522906676288222 -0.2734041868843088 0.05676557279771082 -0.2257326188466655 -0.2569384155990650 0.4224547654071233
0.039 0.3524406105221152 -0.2733900379192335 0.05701412876943096 -0.2257801870581166 -0.2568475388235498 0.4224001495932404
0.04 0.3525907171147023 -0.2733758513519722 0.05726323874486456 -0.2258275457546037 -0.2567570133370892 0.4223454359931726
0.041 0.3527409877345760 -0.2733616270889817 0.05751281696070904 -0.2258746695779660 -0.2566651172015524 0.4222903039770967
0.042 0.3528914227107364 -0.2733473650363773 0.05776291965035214 -0.2259215240495989 -0.2565753563773282 0.4222362022734234
0.043 0.3530420223731946 -0.2733330650999322 0.05801357845507853 -0.2259681676561702 -0.2564845137594017 0.4221815062597610
0.044 0.3531927870529770 -0.2733187271850753 0.05826466822102447 -0.2260144918209466 -0.2563942505744318 0.4221271265957913
0.045 0.3533437170821302 -0.2733043511968902 0.05851621234598342 -0.2260605581088134 -0.2563035670634895 0.4220724738355322
0.046 0.3534948127937234 -0.2732899370401130 0.05876835960035155 -0.2261064174885070 -0.2562134930254655 0.4220174830923656
0.047 0.3536460745218546 -0.2732754846191314 0.05902104245912760 -0.2261520352535763 -0.2561232333149004 0.4219626897555112
0.048 0.3537975026016540 -0.2732609938379822 0.05927417746911836 -0.2261973585449509 -0.2560333786265760 0.4219076630397702
0.049 0.3539490973692874 -0.2732464646003510 0.05952778155783043 -0.2262424079999879 -0.2559433168498806 0.4218523904810715
0.05 0.3541008591619628 -0.2732318968095693 0.05978192461982506 -0.2262872074326618 -0.2558529295149468 0.4217969608022937
0.051 0.3542527883179319 -0.2732172903686132 0.06003662652732604 -0.2263317611680493 -0.2557637426717115 0.4217424090036619
0.052 0.3544048851764964 -0.2732026451801024 0.06029173846837490 -0.2263760341946337 -0.2556742757763275 0.4216875120241906
0.053 0.3545571500780121 -0.2731879611462978 0.06054745742491351 -0.2264200514748560 -0.2555841378169905 0.4216321403942498
0.054 0.3547095833638920 -0.2731732381691006 0.06080371743303972 -0.2264637895028454 -0.2554946817732097 0.4215759526317793
0.055 0.3548621853766127 -0.2731584761500497 0.06106043482647740 -0.2265072658564822 -0.2554054135958532 0.4215206973724439
0.056 0.3550149564597170 -0.2731436749903208 0.06131769475830097 -0.2265504505808622 -0.2553158997611683 0.4214649550817037
0.057 0.3551678969578193 -0.2731288345907243 0.06157548954655699 -0.2265934023342841 -0.2552271446805054 0.4214095062899222
0.058 0.3553210072166098 -0.2731139548517041 0.06183368592227747 -0.2266360295660202 -0.2551374294302539 0.4213540379410719
0.059 0.3554742875828591 -0.2730990356733352 0.06209258162927267 -0.2266784573808492 -0.2550492764985375 0.4212986139314596
0.06 0.3556277384044229 -0.2730840769553224 0.06235188886222858 -0.2267205359895540 -0.2549601152300402 0.4212429017548415
0.061 0.3557813600302457 -0.2730690785969987 0.06261172542924087 -0.2267623774424955 -0.2548710526282978 0.4211867876149351
0.062 0.3559351528103668 -0.2730540404973232 0.06287217316131456 -0.2268039258549473 -0.2547824117526239 0.4211305966656317
0.063 0.3560891170959232 -0.2730389625548798 0.06313299558869977 -0.2268451580443669 -0.2546939171197672 0.4210749833785249
0.064 0.3562432532391557 -0.2730238446678749 0.06339444473234884 -0.2268861491535764 -0.2546058727945581 0.4210187289153883
0.065 0.3563975615934123 -0.2730086867341362 0.06365635137386628 -0.2269268372661127 -0.2545171062053970 0.4209635441717676
0.066 0.3565520425131540 -0.2729934886511107 0.06391882723094082 -0.2269672352578207 -0.2544288296383005 0.4209066109919510
0.067 0.3567066963539585 -0.2729782503158625 0.06418187633901495 -0.2270073688304011 -0.2543404106415337 0.4208505970481110
0.068 0.3568615234725254 -0.2729629716250721 0.06444545078039530 -0.2270472029155405 -0.2542524795588361 0.4207944314241554
0.069 0.3570165242266810 -0.2729476524750330 0.06470941716332106 -0.2270867107922883 -0.2541643841102756 0.4207375700603320
0.07 0.3571716989753829 -0.2729322927616519 0.06497403856562338 -0.2271259451170038 -0.2540767485772100 0.4206819019129861
0.071 0.3573270480787243 -0.2729168923804447 0.06523913406928429 -0.2271648925439041 -0.2539889279984140 0.4206250844975753
0.072 0.3574825718979400 -0.2729014512265364 0.06550481072533970 -0.2272035641902558 -0.2539012388469534 0.4205686608417625
0.073 0.3576382707954102 -0.2728859691946586 0.06577102635983291 -0.2272419113272722 -0.2538134886391359 0.4205121537726632
0.074 0.3577941451346654 -0.2728704461791469 0.06603772578606795 -0.2272799224241329 -0.2537263536303969 0.4204555833811217
0.075 0.3579501952803918 -0.2728548820739408 0.06630503875170111 -0.2273176901787519 -0.2536391484854549 0.4203988752831670
0.076 0.3581064215984361 -0.2728392767725800 0.06657284843280101 -0.2273551614640389 -0.2535517153670991 0.4203419595463972
0.077 0.3582628244558097 -0.2728236301682039 0.06684112007607410 -0.2273922655127222 -0.2534639595507129 0.4202852555168815
0.078 0.3584194042206950 -0.2728079421535484 0.06710997359112723 -0.2274290937120632 -0.2533767902782817 0.4202279676786599
0.079 0.3585761612624487 -0.2727922126209457 0.06737939940951314 -0.2274656134272043 -0.2532902089190224 0.4201705516362889
0.08 0.3587330959516084 -0.2727764414623202 0.06764932983809145 -0.2275018073805556 -0.2532035842546582 0.4201137090662383
0.081 0.3588902086598972 -0.2727606285691887 0.06791981576330791 -0.2275377047284745 -0.2531165542014324 0.4200570978011659
0.082 0.3590474997602274 -0.2727447738326572 0.06819082540679351 -0.2275733028999670 -0.2530301386896685 0.4199998397298490
0.083 0.3592049696267078 -0.2727288771434187 0.06846239166611307 -0.2276085245157461 -0.2529432650707849 0.4199425308568763
0.084 0.3593626186346471 -0.2727129383917527 0.06873448186531082 -0.2276434743379969 -0.2528566041369804 0.4198851931379138
0.085 0.3595204471605597 -0.2726969574675218 0.06900721718025276 -0.2276781364530811 -0.2527708913506417 0.4198278968084580
0.086 0.3596784555821714 -0.2726809342601701 0.06928042837285720 -0.2277124284788448 -0.2526842363085047 0.4197704239483002
0.087 0.3598366442784231 -0.2726648686587213 0.06955419947871484 -0.2277464266718480 -0.2525983717616284 0.4197126632062253
0.088 0.3599950136294778 -0.2726487605517773 0.06982846227621908 -0.2277800504610800 -0.2525121025710437 0.4196554246322748
0.089 0.3601535640167243 -0.2726326098275149 0.07010329312412924 -0.2278133750376598 -0.2524264334289614 0.4195974348750147
0.09 0.3603122958227835 -0.2726164163736844 0.07037869858392781 -0.2278463788463594 -0.2523407397650877 0.4195397324381809
0.091 0.3604712094315138 -0.2726001800776079 0.07065469772152526 -0.2278790903049642 -0.2522548876125701 0.4194818668122935
0.092 0.3606303052280151 -0.2725839008261770 0.07093117958948786 -0.2279114001563320 -0.2521697248704510 0.4194237455170924
0.093 0.3607895835986358 -0.2725675785058503 0.07120822046750254 -0.2279433872792296 -0.2520837973368446 0.4193658591653896
0.094 0.3609490449309773 -0.2725512130026520 0.07148586697926746 -0.2279750663111425 -0.2519983695184792 0.4193076310638302
0.095 0.3611086896138993 -0.2725348042021687 0.07176399485804330 -0.2280063940620989 -0.2519134756267725 0.4192497850059741
0.096 0.3612685180375262 -0.2725183519895488 0.07204268685762805 -0.2280373691331437 -0.2518281561640008 0.4191921180184038
0.097 0.3614285305932512 -0.2725018562494996 0.07232196101990139 -0.2280680184087787 -0.2517425695889064 0.4191334200287127
0.098 0.3615887276737432 -0.2724853168662847 0.07260180554670188 -0.2280983097646403 -0.2516583456212456 0.4190748894570505
0.099 0.3617491096729510 -0.2724687337237224 0.07288221016261019 -0.2281282881543352 -0.2515731382072399 0.4190162887549780
0.1 0.3619096769861102 -0.2724521067051837 0.07316311162218875 -0.2281578636589655 -0.2514883144528526 0.4189584271543778
0.101 0.3620704300097477 -0.2724354356935899 0.07344462414736361 -0.2281871578326651 -0.2514038446301172 0.4189001156101195
0.102 0.3622313691416879 -0.2724187205714101 0.07372665986474485 -0.2282160518569874 -0.2513189920928545 0.4188410930588127
0.103 0.3623924947810586 -0.2724019612206592 0.07400932741261622 -0.2282446011119735 -0.2512350609468154 0.4187824205801152
0.104 0.3625538073282956 -0.2723851575228963 0.07429254759425701 -0.2282728157680985 -0.2511504212834180 0.4187237297477031
0.105 0.3627153071851499 -0.2723683093592213 0.07457625825501896 -0.2283006289292790 -0.2510660306136047 0.4186648094717584
0.106 0.3628769947546924 -0.2723514166102737 0.07486053005271730 -0.2283280983724995 -0.2509823471409182 0.4186059856956380
0.107 0.3630388704413196 -0.2723344791562297 0.07514552288061700 -0.2283552389632083 -0.2508986536434347 0.4185470969449123
0.108 0.3632009346507605 -0.2723174968768006 0.07543090965212704 -0.2283819777202676 -0.2508147882563727 0.4184880868080168
0.109 0.3633631877900813 -0.2723004696512292 0.07571697402744794 -0.2284083735700424 -0.2507313971590136 0.4184284649027561
0.11 0.3635256302676917 -0.2722833973582890 0.07600351464375072 -0.2284343787146723 -0.2506474919901626 0.4183697993090199
0.111 0.3636882624933512 -0.2722662798762814 0.07629068687405271 -0.2284600481869686 -0.2505643199518468 0.4183101528222173
0.112 0.3638510848781742 -0.2722491170830325 0.07657843008084589 -0.2284853073370544 -0.2504803468174370 0.4182511433313385
0.113 0.3640140978346373 -0.2722319088558922 0.07686671387733902 -0.2285102467112528 -0.2503971990682552 0.4181920030357048
0.114 0.3641773017765831 -0.2722146550717307 0.07715555287491123 -0.2285347460371743 -0.2503135609191466 0.4181326467091048
0.115 0.3643406971192289 -0.2721973556069368 0.07744500477432727 -0.2285589209177639 -0.2502308223093716 0.4180728061161529
0.116 0.3645042842791708 -0.2721800103374154 0.07773496875655844 -0.2285826952122365 -0.2501477345349041 0.4180132397976369
0.117 0.3646680636743906 -0.2721626191385840 0.07802563927289981 -0.2286060857163263 -0.2500648276869486 0.4179536799054482
0.118 0.3648320357242620 -0.2721451818853728 0.07831676572983804 -0.2286291133406557 -0.2499826087938218 0.4178933415991383
0.119 0.3649962008495562 -0.2721276984522194 0.07860854644953898 -0.2286517318956669 -0.2498993379067321 0.4178335916126008
0.12 0.3651605594724490 -0.2721101687130683 0.07890086943502017 -0.2286739673141269 -0.2498172711324154 0.4177739166087032
0.121 0.3653251120165262 -0.2720925925413678 0.07919372519833172 -0.2286958254052811 -0.2497350216922033 0.4177136320549552
0.122 0.3654898589067906 -0.2720749698100671 0.07948722943200170 -0.2287172681451914 -0.2496527107493231 0.4176537494142912
0.123 0.3656548005696674 -0.2720573003916148 0.07978127630721421 -0.2287383181117701 -0.2495705246844091 0.4175934196537857
0.124 0.3658199374330112 -0.2720395841579557 0.08007596314238730 -0.2287589752203242 -0.2494884141386239 0.4175330774010858
0.125 0.3659852699261128 -0.2720218209805281 0.08037112462763180 -0.2287792400380621 -0.2494058117303026 0.4174727891315204
0.126 0.3661507984797046 -0.2720040107302618 0.08066693198970060 -0.2287991036350485 -0.2493249684244769 0.4174123416792278
0.127 0.3663165235259673 -0.2719861532775758 0.08096337015370320 -0.2288185866293880 -0.2492433751734483 0.4173522203243004
0.128 0.3664824454985371 -0.2719682484923743 0.08126033020399470 -0.2288376350891491 -0.2491610643498191 0.4172916122079041
0.129 0.3666485648325120 -0.2719502962440457 0.08155791861872190 -0.2288562768955752 -0.2490802821123888 0.4172309458167409
0.13 0.3668148819644570 -0.2719322964014594 0.08185605041520280 -0.2288745289951739 -0.2489988109278828 0.4171702316259274
0.131 0.3669813973324128 -0.2719142488329630 0.08215472465176610 -0.2288923363868380 -0.2489173952581472 0.4171094078888431
0.132 0.3671481113759010 -0.2718961534063797 0.08245412959086650 -0.2289097668846866 -0.2488360035604468 0.4170482944475475
0.133 0.3673150245359314 -0.2718780099890057 0.08275401374442630 -0.2289267697804628 -0.2487554005946783 0.4169876175574654
0.134 0.3674821372550083 -0.2718598184476081 0.08305453131539189 -0.2289433488740050 -0.2486748728418988 0.4169266537430840
0.135 0.3676494499771377 -0.2718415786484215 0.08335559564125390 -0.2289594848573157 -0.2485937537215991 0.4168654999037341
0.136 0.3678169631478336 -0.2718232904571451 0.08365725787215580 -0.2289752164272203 -0.2485129606258775 0.4168043251961789
0.137 0.3679846772141250 -0.2718049537389409 0.08395959470767630 -0.2289905222260130 -0.2484323046659546 0.4167428812408868
0.138 0.3681525926245631 -0.2717865683584304 0.08426252353130050 -0.2290054298170090 -0.2483523816031491 0.4166816919036951
0.139 0.3683207098292274 -0.2717681341796917 0.08456592981288180 -0.2290198648011832 -0.2482720902536896 0.4166202987276957
0.14 0.3684890292797340 -0.2717496510662571 0.08487000498361090 -0.2290338979933988 -0.2481920559466566 0.4165586056829345
0.141 0.3686575514292409 -0.2717311188811099 0.08517470550015390 -0.2290474850780124 -0.2481116026635358 0.4164971302339309
0.142 0.3688262767324559 -0.2717125374866826 0.08547999992955060 -0.2290606244989967 -0.2480318266768397 0.4164354923290816
0.143 0.3689952056456445 -0.2716939067448521 0.08578584753668280 -0.2290733338387507 -0.2479521149009318 0.4163737574199409
0.144 0.3691643386266349 -0.2716752265169392 0.08609230114874940 -0.2290856236588470 -0.2478723802793625 0.4163118705121338
0.145 0.3693336761348269 -0.2716564966637043 0.08639937947705840 -0.2290974491513687 -0.2477930317544773 0.4162502017357835
0.146 0.3695032186311982 -0.2716377170453443 0.08670705928133540 -0.2291088299562970 -0.2477137452561995 0.4161886636474788
0.147 0.3696729665783123 -0.2716188875214913 0.08701530825889760 -0.2291197764172188 -0.2476348579010771 0.4161261157370678
0.148 0.3698429204403251 -0.2716000079512077 0.08732419985717250 -0.2291302534715133 -0.2475549420020424 0.4160639561111292
0.149 0.3700130806829926 -0.2715810781929844 0.08763363249714920 -0.2291402812134176 -0.2474761246867251 0.4160017132994746
0.15 0.3701834477736777 -0.2715620981047381 0.08794378968010380 -0.2291498635624003 -0.2473970918971786 0.4159392333063351
0.151 0.3703540221813584 -0.2715430675438079 0.08825444708647701 -0.2291589709062762 -0.2473183209071798 0.4158775554880377
0.152 0.3705248043766345 -0.2715239863669516 0.08856573200101350 -0.2291676096185716 -0.2472398233164600 0.4158149094992147
0.153 0.3706957948317358 -0.2715048544303439 0.08887765306147330 -0.2291758307856142 -0.2471613328649148 0.4157525110679046
0.154 0.3708669940205283 -0.2714856715895730 0.08919012398378310 -0.2291835629483384 -0.2470825120936137 0.4156892912053264
0.155 0.3710384024185234 -0.2714664376996370 0.08950330953970979 -0.2291907974199480 -0.2470044448341022 0.4156266131018913
0.156 0.3712100205028845 -0.2714471526149416 0.08981707565183970 -0.2291975837759765 -0.2469263289871207 0.4155639054651135
0.157 0.3713818487524348 -0.2714278161892965 0.09013134019604990 -0.2292038919548678 -0.2468482145357761 0.4155006963812504
0.158 0.3715538876476647 -0.2714084282759126 0.09044642477036550 -0.2292097615291123 -0.2467701890372124 0.4154379482798560
0.159 0.3717261376707402 -0.2713889887273982 0.09076189125051730 -0.2292151156388877 -0.2466921084802269 0.4153749839859334
0.16 0.3718985993055102 -0.2713694973957575 0.09107815773012980 -0.2292200037861077 -0.2466145694573650 0.4153116299636302
0.161 0.3720712730375145 -0.2713499541323852 0.09139496323977240 -0.2292244169839908 -0.2465370478340335 0.4152486630547822
0.162 0.3722441593539913 -0.2713303587880652 0.09171235359280270 -0.2292283175922629 -0.2464602064295103 0.4151854675393361
0.163 0.3724172587438858 -0.2713107112129660 0.09203044428530180 -0.2292317506223073 -0.2463828467853563 0.4151218617936580
0.164 0.3725905716978573 -0.2712910112566388 0.09234906147584940 -0.2292346876614068 -0.2463051310895649 0.4150578899516037
0.165 0.3727640987082877 -0.2712712587680129 0.09266830211231600 -0.2292371401017293 -0.2462283208473689 0.4149951808963215
0.166 0.3729378402692898 -0.2712514535953933 0.09298830136798930 -0.2292390693124600 -0.2461513846400354 0.4149309617409091
0.167 0.3731117968767145 -0.2712315955864575 0.09330877193419480 -0.2292405318431924 -0.2460747733249928 0.4148676729409178
0.168 0.3732859690281598 -0.2712116845882517 0.09363001736397370 -0.2292415019909926 -0.2459980488636975 0.4148035778986378
0.169 0.3734603572229788 -0.2711917204471874 0.09395166443600970 -0.2292419467363820 -0.2459210884991999 0.4147394808880348
0.17 0.3736349619622874 -0.2711717030090384 0.09427412950851680 -0.2292419003783692 -0.2458451711190455 0.4146755119850063
0.171 0.3738097837489732 -0.2711516321189373 0.09459707376617230 -0.2292412990085229 -0.2457686790033891 0.4146118180247561
0.172 0.3739848230877035 -0.2711315076213727 0.09492073208141780 -0.2292402417473529 -0.2456924363979582 0.4145473666628530
0.173 0.3741600804849338 -0.2711113293601839 0.09524508419501420 -0.2292386763614681 -0.2456169886776354 0.4144832269425857
0.174 0.3743355564489163 -0.2710910971785601 0.09556997255400540 -0.2292365526453104 -0.2455409303879259 0.4144192173256160
0.175 0.3745112514897077 -0.2710708109190346 0.09589543407157970 -0.2292339203073346 -0.2454650951110243 0.4143540381618446
0.176 0.3746871661191791 -0.2710504704234827 0.09622155010950199 -0.2292307693545219 -0.2453892352353222 0.4142897316614419
0.177 0.3748633008510230 -0.2710300755331179 0.09654840291440110 -0.2292271171592666 -0.2453138672812351 0.4142252239402161
0.178 0.3750396562007628 -0.2710096260884878 0.09687579021824070 -0.2292229152922469 -0.2452383048113120 0.4141606551022254
0.179 0.3752162326857619 -0.2709891219294713 0.09720382102627100 -0.2292181839046140 -0.2451634479574755 0.4140956283767968
0.18 0.3753930308252313 -0.2709685628952744 0.09753250224858280 -0.2292129191114258 -0.2450883698272546 0.4140306352315759
0.181 0.3755700511402389 -0.2709479488244273 0.09786179867103070 -0.2292071214278012 -0.2450133378488001 0.4139657918438629
0.182 0.3757472941537183 -0.2709272795547799 0.09819176356888950 -0.2292007859496537 -0.2449384774892462 0.4139008135450160
0.183 0.3759247603904784 -0.2709065549234988 0.09852234272340730 -0.2291939163861023 -0.2448637289006217 0.4138353403901019
0.184 0.3761024503772106 -0.2708857747670635 0.09885355630843000 -0.2291864912222230 -0.2447892844893380 0.4137699542743694
0.185 0.3762803646424996 -0.2708649389212622 0.09918540456605050 -0.2291785325369695 -0.2447149534611261 0.4137046519997675
0.186 0.3764585037168316 -0.2708440472211890 0.09951792620452030 -0.2291700373409518 -0.2446406172108776 0.4136394138089990
0.187 0.3766368681326031 -0.2708230995012390 0.09985101931242570 -0.2291609338711310 -0.2445662600227217 0.4135737227883077
0.188 0.3768154584241304 -0.2708020955951059 0.1001847772106590 -0.2291513260686948 -0.2444918243897610 0.4135085271173603
0.189 0.3769942751276589 -0.2707810353357768 0.1005192284217433 -0.2291411572774718 -0.2444185422732877 0.4134422179077514
0.19 0.3771733187813727 -0.2707599185555293 0.1008542425565215 -0.2291304029513265 -0.2443445373675297 0.4133768562726728
0.191 0.3773525899254027 -0.2707387450859269 0.1011899300480476 -0.2291191110830804 -0.2442713081945039 0.4133105018031012
0.192 0.3775320891018372 -0.2707175147578165 0.1015262856365395 -0.2291072231460950 -0.2441976255183215 0.4132445210397027
0.193 0.3777118168547306 -0.2706962274013226 0.1018632896173255 -0.2290947855350744 -0.2441239608296181 0.4131781182683732
0.194 0.3778917737301129 -0.2706748828458447 0.1022008796092833 -0.2290817903977937 -0.2440509549100952 0.4131121603107992
0.195 0.3780719602759999 -0.2706534809200532 0.1025391500657534 -0.2290681952727178 -0.2439781295273753 0.4130459787131240
0.196 0.3782523770424019 -0.2706320214518847 0.1028781335605243 -0.2290540356105415 -0.2439051338593902 0.4129798774625746
0.197 0.3784330245813338 -0.2706105042685388 0.1032176622745550 -0.2290392586881234 -0.2438322475080425 0.4129133377818903
0.198 0.3786139034468254 -0.2705889291964735 0.1035578375617453 -0.2290239623697069 -0.2437596688160026 0.4128464986105049
0.199 0.3787950141949294 -0.2705672960614013 0.1038987208112393 -0.2290080382741644 -0.2436874702195191 0.4127795986525731
0.2 0.3789763573837331 -0.2705456046882857 0.1042402110340581 -0.2289915266635557 -0.2436146980464448 0.4127129889419203
0.201 0.3791579335733671 -0.2705238549013357 0.1045823710951978 -0.2289744104986999 -0.2435423389265715 0.4126465096445428
0.202 0.3793397433260160 -0.2705020465240034 0.1049251392457875 -0.2289567148595699 -0.2434702682995931 0.4125793957137495
0.203 0.3795217872059280 -0.2704801793789780 0.1052686136393571 -0.2289384045459571 -0.2433984141231511 0.4125119271873286
0.204 0.3797040657794244 -0.2704582532881830 0.1056127377059771 -0.2289195097106347 -0.2433263391447796 0.4124453566887379
0.205 0.3798865796149113 -0.2704362680727714 0.1059575663161883 -0.2289000208843564 -0.2432550486585337 0.4123775761485265
0.206 0.3800693292828879 -0.2704142235531213 0.1063029385545431 -0.2288799000651571 -0.2431831776999125 0.4123107381944559
0.207 0.3802523153559579 -0.2703921195488319 0.1066489679877086 -0.2288591794688678 -0.2431120626651916 0.4122425856290638
0.208 0.3804355384088402 -0.2703699558787193 0.1069957172417641 -0.2288378454557895 -0.2430407683982113 0.4121751422019076
0.209 0.3806189990183773 -0.2703477323608113 0.1073431736402437 -0.2288158785571561 -0.2429695564195017 0.4121075207740355
0.21 0.3808026977635481 -0.2703254488123443 0.1076912129746028 -0.2287933016251855 -0.2428985010366038 0.4120398603816198
0.211 0.3809866352254768 -0.2703031050497578 0.1080399065959969 -0.2287700987002371 -0.2428279368217795 0.4119722135426909
0.212 0.3811708119874442 -0.2702807008886905 0.1083892476205730 -0.2287462949585368 -0.2427574411787313 0.4119037745328250
0.213 0.3813552286348978 -0.2702582361439758 0.1087392825989563 -0.2287218200144721 -0.2426867480944497 0.4118359536971010
0.214 0.3815398857554633 -0.2702357106296366 0.1090899833625015 -0.2286967363148378 -0.2426164430079637 0.4117678471025606
0.215 0.3817247839389543 -0.2702131241588822 0.1094413000155347 -0.2286710066730954 -0.2425460625298029 0.4116997681805667
0.216 0.3819099237773838 -0.2701904765441023 0.1097933267155028 -0.2286446266046525 -0.2424760984156762 0.4116312653442732
0.217 0.3820953058649750 -0.2701677675968632 0.1101460046448032 -0.2286176130883636 -0.2424057996548484 0.4115629420611199
0.218 0.3822809307981718 -0.2701449971279032 0.1104993499307508 -0.2285899428179460 -0.2423361522230218 0.4114941261864100
0.219 0.3824667991756510 -0.2701221649471267 0.1108533039909125 -0.2285616369050831 -0.2422662583395075 0.4114255257359558
0.22 0.3826529115983318 -0.2700992708636016 0.1112079991238784 -0.2285326752192084 -0.2421969583208909 0.4113567916489015
0.221 0.3828392686693878 -0.2700763146855531 0.1115633729361160 -0.2285030667439708 -0.2421277680610672 0.4112878116076320
0.222 0.3830258709942586 -0.2700532962203589 0.1119192636508939 -0.2284728098217059 -0.2420582532150593 0.4112188868961384
0.223 0.3832127191806602 -0.2700302152745451 0.1122760002696964 -0.2284418653804107 -0.2419894249845207 0.4111495262680124
0.224 0.3833998138385966 -0.2700070716537815 0.1126333088666460 -0.2284102535418801 -0.2419205394161405 0.4110803831867641
0.225 0.3835871555803720 -0.2699838651628756 0.1129913689627589 -0.2283779831700588 -0.2418516540832253 0.4110114333464779
0.226 0.3837747450206015 -0.2699605956057685 0.1133500208967077 -0.2283450391356840 -0.2417827724817227 0.4109424045257589
0.227 0.3839625827762227 -0.2699372627855304 0.1137093938976142 -0.2283114030967063 -0.2417144782721204 0.4108722390312837
0.228 0.3841506694665076 -0.2699138665043548 0.1140693895770987 -0.2282770990027826 -0.2416463260801889 0.4108027011894983
0.229 0.3843390057130743 -0.2698904065635537 0.1144300609515344 -0.2282421113796373 -0.2415779495710103 0.4107331978162542
0.23 0.3845275921398985 -0.2698668827635527 0.1147913955760544 -0.2282064462079898 -0.2415098598483432 0.4106632560617401
0.231 0.3847164293733261 -0.2698432949038860 0.1151534378988623 -0.2281700944601775 -0.2414421217350702 0.4105933964459699
0.232 0.3849055180420841 -0.2698196427831916 0.1155161814180729 -0.2281330213506648 -0.2413743308682709 0.4105232824774388
0.233 0.3850948587772934 -0.2697959261992049 0.1158795121762266 -0.2280952785485014 -0.2413065633834651 0.4104530055150252
0.234 0.3852844522124805 -0.2697721449487553 0.1162435675521832 -0.2280568140698549 -0.2412389206223672 0.4103831184462885
0.235 0.3854742989835898 -0.2697482988277593 0.1166082890844264 -0.2280176765464688 -0.2411719797825200 0.4103124650108827
0.236 0.3856643997289960 -0.2697243876312163 0.1169737371443886 -0.2279777990423346 -0.2411047940959921 0.4102416747265813
0.237 0.3858547550895159 -0.2697004111532034 0.1173398503068907 -0.2279372252037119 -0.2410379108831564 0.4101713960917554
0.238 0.3860453657084215 -0.2696763691868691 0.1177066468118499 -0.2278959059185491 -0.2409712106211235 0.4101005736857366
0.239 0.3862362322314516 -0.2696522615244290 0.1180740639760331 -0.2278539083461134 -0.2409044574398158 0.4100296819418380
0.24 0.3864273553068254 -0.2696280879571595 0.1184422092007955 -0.2278112099714448 -0.2408377113591200 0.4099589192906024
0.241 0.3866187355852541 -0.2696038482753935 0.1188109535689671 -0.2277677476829205 -0.2407712923611967 0.4098880987292736
0.242 0.3868103737199544 -0.2695795422685132 0.1191804649827475 -0.2277235660222178 -0.2407054520921614 0.4098166424025823
0.243 0.3870022703666603 -0.2695551697249468 0.1195506745199903 -0.2276786405984205 -0.2406394694150096 0.4097453987951102
0.244 0.3871944261836378 -0.2695307304321606 0.1199215249486135 -0.2276329979652370 -0.2405733505555713 0.4096743396224752
0.245 0.3873868418316957 -0.2695062241766551 0.1202930379732528 -0.2275865977472428 -0.2405080135023825 0.4096026667033841
0.246 0.3875795179741997 -0.2694816507439590 0.1206652557137818 -0.2275394734382783 -0.2404416592240159 0.4095311002004747
0.247 0.3877724552770859 -0.2694570099186229 0.1210381297981779 -0.2274916017368703 -0.2403764608324980 0.4094591787555545
0.248 0.3879656544088729 -0.2694323014842139 0.1214117627293604 -0.2274429938120007 -0.2403111330939090 0.4093874107750484
0.249 0.3881591160406762 -0.2694075252233108 0.1217860309322794 -0.2273935728930533 -0.2402461945586938 0.4093155964308748
0.25 0.3883528408462205 -0.2693826809174964 0.1221609605606510 -0.2273434512079668 -0.2401811699556158 0.4092436068828064
0.251 0.3885468295018546 -0.2693577683473534 0.1225366305040675 -0.2272925587220107 -0.2401164504792826 0.4091714853954138
0.252 0.3887410826865630 -0.2693327872924573 0.1229129374250735 -0.2272408806927866 -0.2400514594081162 0.4090991268933523
0.253 0.3889356010819811 -0.2693077375313715 0.1232899729728517 -0.2271884365440559 -0.2399872002993091 0.4090266792093706
0.254 0.3891303853724086 -0.2692826188416404 0.1236676459013275 -0.2271352447575484 -0.2399227683558272 0.4089540601325990
0.255 0.3893254362448222 -0.2692574309997839 0.1240460917342525 -0.2270812578393225 -0.2398584118490191 0.4088816157928806
0.256 0.3895207543888917 -0.2692321737812915 0.1244251524375187 -0.2270264825628865 -0.2397947391545432 0.4088085851192869
0.257 0.3897163404969914 -0.2692068469606155 0.1248049702311534 -0.2269709205858534 -0.2397312774742044 0.4087360047999128
0.258 0.3899121952642158 -0.2691814503111658 0.1251854300827634 -0.2269145862972183 -0.2396672359901615 0.4086629861206721
0.259 0.3901083193883934 -0.2691559836053026 0.1255665693829138 -0.2268574569197646 -0.2396035550993504 0.4085898578850917
0.26 0.3903047135701012 -0.2691304466143311 0.1259484365227378 -0.2267995301816858 -0.2395403699801870 0.4085167112471179
0.261 0.3905013785126783 -0.2691048391084951 0.1263310102951149 -0.2267407789733685 -0.2394770749219599 0.4084433389925878
0.262 0.3906983149222409 -0.2690791608569700 0.1267142287816906 -0.2266812699541176 -0.2394141103515110 0.4083698785146933
0.263 0.3908955235076965 -0.2690534116278571 0.1270981795626064 -0.2266209129489832 -0.2393509995181824 0.4082964582397707
0.264 0.3910930049807592 -0.2690275911881770 0.1274828371626181 -0.2265597470795683 -0.2392879960489816 0.4082224975564092
0.265 0.3912907600559636 -0.2690016993038630 0.1278681192489095 -0.2264977731846626 -0.2392259703601577 0.4081488863654573
0.266 0.3914887894506800 -0.2689757357397546 0.1282541497041522 -0.2264350244437816 -0.2391635265134678 0.4080747174195977
0.267 0.3916870938851292 -0.2689497002595914 0.1286408740328837 -0.2263713998541467 -0.2391015181381781 0.4080009556824688
0.268 0.3918856740823975 -0.2689235926260054 0.1290283139907768 -0.2263069384551645 -0.2390389338584776 0.4079265167258873
0.269 0.3920845307684520 -0.2688974126005157 0.1294164093533647 -0.2262416880023206 -0.2389770528453208 0.4078522929755963
0.27 0.3922836646721557 -0.2688711599435210 0.1298052079279379 -0.2261755686801265 -0.2389153401843272 0.4077778871317170
0.271 0.3924830765252824 -0.2688448344142923 0.1301947229602454 -0.2261086243335498 -0.2388542887861831 0.4077031953273427
0.272 0.3926827670625330 -0.2688184357709677 0.1305849412713961 -0.2260408307798739 -0.2387923641710975 0.4076283067338073
0.273 0.3928827370215497 -0.2687919637705441 0.1309758497256397 -0.2259721783596843 -0.2387312305834297 0.4075537257966083
0.274 0.3930829871429329 -0.2687654181688708 0.1313674788339565 -0.2259026866526426 -0.2386702806695904 0.4074788781505717
0.275 0.3932835181702565 -0.2687387987206428 0.1317597632170637 -0.2258323558506520 -0.2386090939941549 0.4074037397308233
0.276 0.3934843308500832 -0.2687121051793931 0.1321527632227435 -0.2257611302009394 -0.2385486103499737 0.4073284699890188
0.277 0.3936854259319806 -0.2686853372974864 0.1325465090217250 -0.2256890678722666 -0.2384880813093937 0.4072532946940172
0.278 0.3938868041685378 -0.2686584948261113 0.1329409067899190 -0.2256161031711769 -0.2384280252777176 0.4071780295640983
0.279 0.3940884663153810 -0.2686315775152737 0.1333360460451540 -0.2255422954352462 -0.2383676681434694 0.4071021378389812
0.28 0.3942904131311896 -0.2686045851137894 0.1337318113015460 -0.2254675798014971 -0.2383075131620953 0.4070263929476427
0.281 0.3944926453777136 -0.2685775173692765 0.1341283739097174 -0.2253920121154626 -0.2382475776244525 0.4069509046904555
0.282 0.3946951638197877 -0.2685503740281483 0.1345255763240528 -0.2253155521988786 -0.2381879684738802 0.4068749612102835
0.283 0.3948979692253508 -0.2685231548356062 0.1349235056293807 -0.2252381963943521 -0.2381284802655504 0.4067989342832984
0.284 0.3951010623654606 -0.2684958595356319 0.1353221512408707 -0.2251599480350906 -0.2380689093531707 0.4067222847968284
0.285 0.3953044440143113 -0.2684684878709795 0.1357214734786018 -0.2250807986094036 -0.2380094725017091 0.4066458209332499
0.286 0.3955081149492497 -0.2684410395831693 0.1361215136974900 -0.2250007542216908 -0.2379508524456397 0.4065696831074221
0.287 0.3957120759507932 -0.2684135144124786 0.1365223047708862 -0.2249197795682360 -0.2378918701382958 0.4064929950099098
0.288 0.3959163278026462 -0.2683859120979350 0.1369237296151869 -0.2248379102676416 -0.2378333895815325 0.4064163636797689
0.289 0.3961208712917175 -0.2683582323773085 0.1373259060346699 -0.2247551310104230 -0.2377748654268244 0.4063397563128269
0.29 0.3963257072081379 -0.2683304749871032 0.1377287814585826 -0.2246714049350215 -0.2377163889127982 0.4062625257199595
0.291 0.3965308363452772 -0.2683026396625502 0.1381323129070500 -0.2245867884978634 -0.2376582018844952 0.4061854084139904
0.292 0.3967362594997619 -0.2682747261375997 0.1385366730126158 -0.2245011998121910 -0.2376001651435439 0.4061082044248516
0.293 0.3969419774714937 -0.2682467341449119 0.1389416720854990 -0.2244147013170346 -0.2375426887854375 0.4060309085925133
0.294 0.3971479910636655 -0.2682186634158502 0.1393473298495328 -0.2243272706411174 -0.2374849599472084 0.4059531784422933
0.295 0.3973543010827814 -0.2681905136804730 0.1397537070387042 -0.2242389010932307 -0.2374271905025947 0.4058758406967158
0.296 0.3975609083386737 -0.2681622846675244 0.1401608441867402 -0.2241495638632464 -0.2373699904219416 0.4057977440435903
0.297 0.3977678136445206 -0.2681339761044275 0.1405686379871308 -0.2240592752932151 -0.2373127371377160 0.4057194442250364
0.298 0.3979750178168656 -0.2681055877172756 0.1409772258238752 -0.2239680355704475 -0.2372560156266024 0.4056417043945435
0.299 0.3981825216756351 -0.2680771192308225 0.1413864622280602 -0.2238758425338206 -0.2371993114589502 0.4055638567347155
0.3 0.3983903260441577 -0.2680485703684768 0.1417964498061735 -0.2237826710900535 -0.2371427078188529 0.4054852147395045
0.301 0.3985984317491817 -0.2680199408522911 0.1422070998660609 -0.2236885329225168 -0.2370863560798424 0.4054071788931379
0.302 0.3988068396208955 -0.2679912304029541 0.1426184931735880 -0.2235934034621107 -0.2370301405111185 0.4053277715964552
0.303 0.3990155504929449 -0.2679624387397830 0.1430306082853173 -0.2234973201246650 -0.2369738600110342 0.4052490074100109
0.304 0.3992245652024532 -0.2679335655807132 0.1434433882727093 -0.2234002316646946 -0.2369182064247930 0.4051700144002283
0.305 0.3994338845900401 -0.2679046106422909 0.1438569199327004 -0.2233021657815209 -0.2368624382874225 0.4050911029141039
0.306 0.3996435094998414 -0.2678755736396634 0.1442711440643356 -0.2232030949627993 -0.2368070783339598 0.4050121541384944
0.307 0.3998534407795271 -0.2678464542865712 0.1446861125443159 -0.2231030100864814 -0.2367520215384226 0.4049326391794761
0.308 0.4000636792803228 -0.2678172522953381 0.1451017088570708 -0.2230019607704803 -0.2366964947659897 0.4048528646054224
0.309 0.4002742258570285 -0.2677879673768624 0.1455180865363842 -0.2228998890534429 -0.2366416747519816 0.4047734524830074
0.31 0.4004850813680381 -0.2677585992406085 0.1459351971032572 -0.2227967871656541 -0.2365870352482205 0.4046936005696153
0.311 0.4006962466753599 -0.2677291475945967 0.1463529797488246 -0.2226926926060349 -0.2365321855632476 0.4046141412079514
0.312 0.4009077226446371 -0.2676996121453951 0.1467714527710473 -0.2225875617612961 -0.2364779455513933 0.4045340747088362
0.313 0.4011195101451671 -0.2676699925981095 0.1471906838861814 -0.2224813828298939 -0.2364235242402038 0.4044535314195281
0.314 0.4013316100499226 -0.2676402886563743 0.1476106305744993 -0.2223741742318887 -0.2363696828267179 0.4043734114008151
0.315 0.4015440232355721 -0.2676105000223429 0.1480312804735075 -0.2222659500986079 -0.2363160171801637 0.4042927318340853
0.316 0.4017567505825002 -0.2675806263966786 0.1484526434040005 -0.2221566752157160 -0.2362621659776247 0.4042123299895547
0.317 0.4019697929748287 -0.2675506674785447 0.1488747081766672 -0.2220463429968190 -0.2362086929040648 0.4041314012519432
0.318 0.4021831513004377 -0.2675206229655945 0.1492975312022841 -0.2219349629872278 -0.2361555153964799 0.4040499796847221
0.319 0.4023968264509869 -0.2674904925539629 0.1497210042809657 -0.2218225172087436 -0.2361020931263550 0.4039690127894900
0.32 0.4026108193219357 -0.2674602759382548 0.1501452711441704 -0.2217090280797138 -0.2360496825948809 0.4038881090023201
0.321 0.4028251308125664 -0.2674299728115363 0.1505701597014276 -0.2215944767757918 -0.2359968695750421 0.4038069040800076
0.322 0.4030397618260041 -0.2673995828653245 0.1509958281886328 -0.2214788254890761 -0.2359443783102648 0.4037252737897455
0.323 0.4032547132692397 -0.2673691057895777 0.1514221903722960 -0.2213620968929515 -0.2358918208130990 0.4036434638658573
0.324 0.4034699860531510 -0.2673385412726845 0.1518492984862887 -0.2212442941106315 -0.2358397116234199 0.4035614695136490
0.325 0.4036855810925250 -0.2673078890014545 0.1522771036145816 -0.2211253806250845 -0.2357877301314194 0.4034793672577059
0.326 0.4039014993060800 -0.2672771486611076 0.1527056252026554 -0.2210054054271338 -0.2357360250025101 0.4033972215090647
0.327 0.4041177416164880 -0.2672463199352637 0.1531348692979129 -0.2208843214882505 -0.2356842172746232 0.4033152813587321
0.328 0.4043343089503975 -0.2672154025059317 0.1535647945435102 -0.2207621293214360 -0.2356330893189677 0.4032326542242631
0.329 0.4045512022384551 -0.2671843960535004 0.1539954635631369 -0.2206388308386458 -0.2355816772667911 0.4031502418268307
0.33 0.4047684224153297 -0.2671533002567260 0.1544268532885771 -0.2205144219513608 -0.2355307384099307 0.4030673763738938
0.331 0.4049859704197344 -0.2671221147927232 0.1548589569422303 -0.2203888799147869 -0.2354802062479417 0.4029843050594071
0.332 0.4052038471944501 -0.2670908393369526 0.1552917578547228 -0.2202622076955076 -0.2354292720828667 0.4029012965258451
0.333 0.4054220536863493 -0.2670594735632117 0.1557252854617469 -0.2201344399472876 -0.2353791262742970 0.4028181439064384
0.334 0.4056405908464177 -0.2670280171436226 0.1561595300430025 -0.2200054960404628 -0.2353285918164696 0.4027349156938481
0.335 0.4058594596297807 -0.2669964697486211 0.1565945161414739 -0.2198754125427929 -0.2352787543331182 0.4026514018416758
0.336 0.4060786609957243 -0.2669648310469463 0.1570301714337652 -0.2197442032437975 -0.2352290362395307 0.4025674039059231
0.337 0.4062981959077213 -0.2669331007056287 0.1574665196622544 -0.2196118613474869 -0.2351793776177237 0.4024835498657185
0.338 0.4065180653334541 -0.2669012783899790 0.1579036432788624 -0.2194783230150388 -0.2351299090175501 0.4023993295520123
0.339 0.4067382702448395 -0.2668693637635768 0.1583414675977267 -0.2193436259045167 -0.2350804114538796 0.4023155318521680
0.34 0.4069588116180530 -0.2668373564882592 0.1587800219368069 -0.2192077616370687 -0.2350314601415126 0.4022308189566025
0.341 0.4071796904335539 -0.2668052562241087 0.1592192704176792 -0.2190707429596892 -0.2349828153232877 0.4021462967593587
0.342 0.4074009076761095 -0.2667730626294422 0.1596592457325458 -0.2189325325146850 -0.2349341891643767 0.4020617366498148
0.343 0.4076224643348207 -0.2667407753607989 0.1600999220466931 -0.2187931439619524 -0.2348856149798398 0.4019768867877859
0.344 0.4078443614031468 -0.2667083940729280 0.1605413183015199 -0.2186525401147658 -0.2348373413042143 0.4018918549321998
0.345 0.4080665998789309 -0.2666759184187776 0.1609834491953161 -0.2185107521053090 -0.2347891751088526 0.4018065855611025
0.346 0.4082891807644256 -0.2666433480494816 0.1614262782874887 -0.2183677688236274 -0.2347412735757228 0.4017214402265855
0.347 0.4085121050663193 -0.2666106826143483 0.1618698211875791 -0.2182235664997311 -0.2346937324988722 0.4016356628422545
0.348 0.4087353737957601 -0.2665779217608482 0.1623140917175546 -0.2180781680201871 -0.2346465348988642 0.4015499224739287
0.349 0.4089589879683850 -0.2665450651346009 0.1627590649643726 -0.2179315442105051 -0.2345987307061141 0.4014643381543574
0.35 0.4091829486043435 -0.2665121123793629 0.1632047710721176 -0.2177836910534717 -0.2345519844075227 0.4013784492655857
0.351 0.4094072567283256 -0.2664790631370158 0.1636511606184407 -0.2176346105347788 -0.2345052132145379 0.4012922979711566
0.352 0.4096319133695878 -0.2664459170475521 0.1640982851390171 -0.2174842957696861 -0.2344587470208316 0.4012055849639506
0.353 0.4098569195619801 -0.2664126737490639 0.1645461207132610 -0.2173327221924285 -0.2344118338711063 0.4011193385336154
0.354 0.4100822763439739 -0.2663793328777290 0.1649946679119647 -0.2171799211080653 -0.2343658165110389 0.4010323426923053
0.355 0.4103079847586876 -0.2663458940677986 0.1654439360067504 -0.2170258550728102 -0.2343199598283832 0.4009458719980567
0.356 0.4105340458539161 -0.2663123569515837 0.1658939227128499 -0.2168705289448174 -0.2342739935337900 0.4008584564415742
0.357 0.4107604606821567 -0.2662787211594417 0.1663446012886749 -0.2167139452461739 -0.2342284655248161 0.4007713703166823
0.358 0.4109872303006380 -0.2662449863197641 0.1667959969616641 -0.2165560881963760 -0.2341829466799452 0.4006839631945999
0.359 0.4112143557713475 -0.2662111520589620 0.1672481123377579 -0.2163969414126023 -0.2341377872052809 0.4005962221385069
0.36 0.4114418381610603 -0.2661772180014524 0.1677009227164252 -0.2162365358518823 -0.2340925558146960 0.4005086626674962
0.361 0.4116696785413675 -0.2661431837696465 0.1681544641060355 -0.2160748202744071 -0.2340480148209541 0.4004208295040314
0.362 0.4118978779887042 -0.2661090489839331 0.1686087103372830 -0.2159118161130924 -0.2340034593029272 0.4003326485210842
0.363 0.4121264375843800 -0.2660748132626666 0.1690636895711228 -0.2157475164931366 -0.2339588995014594 0.4002444655318956
0.364 0.4123553584146061 -0.2660404762221527 0.1695193572269268 -0.2155818955153980 -0.2339145307820488 0.4001562125861866
0.365 0.4125846415705266 -0.2660060374766338 0.1699757392194680 -0.2154149633815618 -0.2338708982815957 0.4000675587220943
0.366 0.4128142881482465 -0.2659714966382750 0.1704328249558877 -0.2152467181376330 -0.2338271960824235 0.3999786065948153
0.367 0.4130442992488630 -0.2659368533171498 0.1708906441216739 -0.2150771369454596 -0.2337836094471258 0.3998893882791785
0.368 0.4132746759784938 -0.2659021071212260 0.1713491301623164 -0.2149062170874207 -0.2337402472837627 0.3998006594614968
0.369 0.4135054194483087 -0.2658672576563501 0.1718083652882647 -0.2147339718846696 -0.2336972513866528 0.3997109660934346
0.37 0.4137365307745591 -0.2658323045262332 0.1722682876444918 -0.2145604002165346 -0.2336545698854077 0.3996214360901859
0.371 0.4139680110786100 -0.2657972473324365 0.1727289228681381 -0.2143854623122333 -0.2336115862522354 0.3995317791857373
0.372 0.4141998614869693 -0.2657620856743554 0.1731902635146462 -0.2142091504237971 -0.2335690186274445 0.3994418230311201
0.373 0.4144320831313200 -0.2657268191492056 0.1736523341508035 -0.2140314852299288 -0.2335272438961300 0.3993514352912547
0.374 0.4146646771485515 -0.2656914473520064 0.1741150725027982 -0.2138524620701323 -0.2334850010258321 0.3992612656243421
0.375 0.4148976446807905 -0.2656559698755665 0.1745785304155681 -0.2136720553889003 -0.2334431367999640 0.3991706711674112
0.376 0.4151309868754339 -0.2656203863104679 0.1750427267560715 -0.2134902620720290 -0.2334013182210553 0.3990800197342608
0.377 0.4153647048851800 -0.2655846962450511 0.1755076302261176 -0.2133070684062999 -0.2333599142687585 0.3989893790253355
0.378 0.4155987998680615 -0.2655488992653981 0.1759731702918280 -0.2131225023488981 -0.2333188926000952 0.3988983289382339
0.379 0.4158332729874773 -0.2655129949553172 0.1764394484205450 -0.2129365353416945 -0.2332780279468651 0.3988070625547005
0.38 0.4160681254122263 -0.2654769828963271 0.1769064444309474 -0.2127491395624282 -0.2332371978416561 0.3987156267925109
0.381 0.4163033583165395 -0.2654408626676407 0.1773741516949785 -0.2125603253604744 -0.2331967367514398 0.3986238975644839
0.382 0.4165389728801141 -0.2654046338461480 0.1778425426494671 -0.2123701076258054 -0.2331566384513021 0.3985319628980282
0.383 0.4167749702881471 -0.2653682960064010 0.1783116301609651 -0.2121784675790416 -0.2331164141232127 0.3984404060993429
0.384 0.4170113517313680 -0.2653318487205960 0.1787814327570508 -0.2119853627110529 -0.2330768683832838 0.3983478695254120
0.385 0.4172481184060744 -0.2652952915585576 0.1792519289974605 -0.2117908322036366 -0.2330366032300539 0.3982554588527953
0.386 0.4174852715141651 -0.2652586240877209 0.1797231315853097 -0.2115948619827690 -0.2329977077264964 0.3981629505549792
0.387 0.4177228122631757 -0.2652218458731158 0.1801950179652951 -0.2113974416751392 -0.2329582843753489 0.3980700656772592
0.388 0.4179607418663128 -0.2651849564773486 0.1806676278570954 -0.2111985476954043 -0.2329190706367553 0.3979772304453620
0.389 0.4181990615424893 -0.2651479554605856 0.1811409019743824 -0.2109981946153155 -0.2328806227888851 0.3978838612049113
0.39 0.4184377725163603 -0.2651108423805347 0.1816148883876549 -0.2107963482525509 -0.2328422461025495 0.3977906294241023
0.391 0.4186768760183580 -0.2650736167924288 0.1820895927347041 -0.2105930344388872 -0.2328036440287927 0.3976970169611567
0.392 0.4189163732847280 -0.2650362782490072 0.1825649626139139 -0.2103882335220499 -0.2327659264881435 0.3976031192680718
0.393 0.4191562655575657 -0.2649988263004985 0.1830410504946458 -0.2101819183881147 -0.2327276679759906 0.3975089765120101
0.394 0.4193965540848533 -0.2649612604946014 0.1835177964805952 -0.2099741228211061 -0.2326905088353042 0.3974149909325770
0.395 0.4196372401204948 -0.2649235803764674 0.1839952869523352 -0.2097647920268122 -0.2326527239846539 0.3973205540484944
0.396 0.4198783249243550 -0.2648857854886822 0.1844734276790177 -0.2095539779836764 -0.2326157798948130 0.3972259849458082
0.397 0.4201198097622964 -0.2648478753712469 0.1849522817676003 -0.2093416118778463 -0.2325785088327764 0.3971311933870696
0.398 0.4203616959062161 -0.2648098495615595 0.1854318227740665 -0.2091277260276659 -0.2325419710749140 0.3970360481567681
0.399 0.4206039846340844 -0.2647717075943955 0.1859120526037697 -0.2089122969708810 -0.2325052465715547 0.3969407906335795
0.4 0.4208466772299831 -0.2647334490018901 0.1863929721652172 -0.2086953243862858 -0.2324692207076584 0.3968454613270348
0.401 0.4210897749841434 -0.2646950733135172 0.1868745811738258 -0.2084768118493112 -0.2324328994403494 0.3967496666438420
0.402 0.4213332791929862 -0.2646565800560718 0.1873568801742501 -0.2082567164231146 -0.2323976946191654 0.3966537833613245
0.403 0.4215771911591592 -0.2646179687536488 0.1878398574853654 -0.2080350784867738 -0.2323618667980811 0.3965578277205631
0.404 0.4218215121915780 -0.2645792389276245 0.1883235137843755 -0.2078118712417233 -0.2323266926725943 0.3964616119609161
0.405 0.4220662436054651 -0.2645403900966361 0.1888078565517483 -0.2075870645250816 -0.2322911270234653 0.3963651096797874
0.406 0.4223113867223905 -0.2645014217765622 0.1892929160283751 -0.2073606647099348 -0.2322564200863878 0.3962679335503579
0.407 0.4225569428703112 -0.2644623334805011 0.1897786324079482 -0.2071326845552710 -0.2322217043249613 0.3961712297082576
0.408 0.4228029133836132 -0.2644231247187522 0.1902650284670504 -0.2069030883781156 -0.2321874934515267 0.3960740947908172
0.409 0.4230492996031514 -0.2643837949987942 0.1907521087544150 -0.2066718956404511 -0.2321535294276940 0.3959768488620794
0.41 0.4232961028762915 -0.2643443438252644 0.1912398711498691 -0.2064390834024227 -0.2321197774775066 0.3958792378558794
0.411 0.4235433245569515 -0.2643047706999384 0.1917283165573342 -0.2062046334519084 -0.2320857252616934 0.3957812780284929
0.412 0.4237909660056442 -0.2642650751217076 0.1922174335062348 -0.2059685630250389 -0.2320524196763005 0.3956832255641154
0.413 0.4240390285895185 -0.2642252565865593 0.1927072313392988 -0.2057308310876339 -0.2320194348527093 0.3955850411900843
0.414 0.4242875136824031 -0.2641853145875541 0.1931976942958481 -0.2054914917945271 -0.2319860356136713 0.3954864322304653
0.415 0.4245364226648495 -0.2641452486148047 0.1936888271578050 -0.2052504717018790 -0.2319535666462414 0.3953878236076332
0.416 0.4247857569241745 -0.2641050581554536 0.1941806520018221 -0.2050077832680297 -0.2319208774246432 0.3952887114445005
0.417 0.4250355178545046 -0.2640647426936510 0.1946731386158739 -0.2047634362662520 -0.2318886858036903 0.3951897849021650
0.418 0.4252857068568206 -0.2640243017105326 0.1951663047836603 -0.2045173942951863 -0.2318564547947885 0.3950903221429568
0.419 0.4255363253390002 -0.2639837346841968 0.1956601246907521 -0.2042696834391233 -0.2318249785378101 0.3949906371323611
0.42 0.4257873747158650 -0.2639430410896822 0.1961546307090020 -0.2040202695245790 -0.2317932239871206 0.3948907797011187
0.421 0.4260388564092236 -0.2639022203989444 0.1966498001607747 -0.2037691575234752 -0.2317619006773385 0.3947907546048522
0.422 0.4262907718479193 -0.2638612720808331 0.1971456284133747 -0.2035163576447724 -0.2317311580418537 0.3946904488259804
0.423 0.4265431224678736 -0.2638201956010682 0.1976421398745762 -0.2032618081287976 -0.2316999278972028 0.3945898190143487
0.424 0.4267959097121341 -0.2637789904222169 0.1981392831893456 -0.2030055504975997 -0.2316693971936934 0.3944890897535734
0.425 0.4270491350309207 -0.2637376560036691 0.1986371068616009 -0.2027475385328804 -0.2316395685603023 0.3943883868770411
0.426 0.4273027998816724 -0.2636961918016143 0.1991355934794687 -0.2024877990561659 -0.2316090642585197 0.3942870941979078
0.427 0.4275569057290944 -0.2636545972690161 0.1996347207964679 -0.2022263378396564 -0.2315794658256736 0.3941857274370811
0.428 0.4278114540452072 -0.2636128718555888 0.2001345349422002 -0.2019630813822983 -0.2315495469311444 0.3940837782974456
0.429 0.4280664463093926 -0.2635710150077724 0.2006349712232150 -0.2016980788937497 -0.2315204005562971 0.3939815692783549
0.43 0.4283218840084439 -0.2635290261687075 0.2011361063289143 -0.2014312930552399 -0.2314910788685341 0.3938795682359358
0.431 0.4285777686366146 -0.2634869047782100 0.2016378662437572 -0.2011627303433919 -0.2314626188102049 0.3937771625387146
0.432 0.4288341016956671 -0.2634446502727461 0.2021403004591388 -0.2008923775784020 -0.2314337770480750 0.3936744204828414
0.433 0.4290908846949227 -0.2634022620854067 0.2026433722305983 -0.2006202229647954 -0.2314051144135586 0.3935714329911490
0.434 0.4293481191513127 -0.2633597396458805 0.2031470922517463 -0.2003462547419979 -0.2313773635086200 0.3934682269778782
0.435 0.4296058065894269 -0.2633170823804296 0.2036514803074688 -0.2000704810624234 -0.2313493515084723 0.3933647162405438
0.436 0.4298639485415668 -0.2632742897118622 0.2041564916863863 -0.1997928782597518 -0.2313218360057740 0.3932612252139403
0.437 0.4301225465477954 -0.2632313610595054 0.2046621551050112 -0.1995134587436004 -0.2312947094083049 0.3931574668620006
0.438 0.4303816021559896 -0.2631882958391796 0.2051684467873644 -0.1992322039320338 -0.2312672137819496 0.3930530707281412
0.439 0.4306411169218935 -0.2631450934631705 0.2056754001193741 -0.1989490822808018 -0.2312404357878688 0.3929488178818756
0.44 0.4309010924091680 -0.2631017533402023 0.2061829904333798 -0.1986641249864429 -0.2312138382103601 0.3928440738169922
0.441 0.4311615301894477 -0.2630582748754100 0.2066912175245943 -0.1983772912555144 -0.2311875417907188 0.3927389889324999
0.442 0.4314224318423921 -0.2630146574703110 0.2072000905924227 -0.1980885770903842 -0.2311614531024207 0.3926338685781048
0.443 0.4316837989557401 -0.2629709005227776 0.2077096074819953 -0.1977979574498986 -0.2311354021326939 0.3925286082673485
0.444 0.4319456331253647 -0.2629270034270086 0.2082197374013913 -0.1975054892293767 -0.2311100647036695 0.3924225958730948
0.445 0.4322079359553277 -0.2628829655735003 0.2087304899506520 -0.1972111238379120 -0.2310845665457814 0.3923170033983392
0.446 0.4324707090579353 -0.2628387863490176 0.2092419184180836 -0.1969148182602478 -0.2310597803870199 0.3922108698469238
0.447 0.4327339540537933 -0.2627944651365653 0.2097539383925686 -0.1966166039466310 -0.2310349388694849 0.3921043918483151
0.448 0.4329976725718644 -0.2627500013153581 0.2102666007123301 -0.1963164709716823 -0.2310101879970919 0.3919978095914464
0.449 0.4332618662495241 -0.2627053942607907 0.2107798738933786 -0.1960144059691830 -0.2309859962390243 0.3918908694903219
0.45 0.4335265367326187 -0.2626606433444087 0.2112937952205108 -0.1957103842658871 -0.2309620385999299 0.3917835703501511
0.451 0.4337916856755217 -0.2626157479338771 0.2118083274848441 -0.1954044137113954 -0.2309383744253807 0.3916756872109179
0.452 0.4340573147411940 -0.2625707073929511 0.2123234692730942 -0.1950964948397028 -0.2309149256618308 0.3915684158726045
0.453 0.4343234256012407 -0.2625255210814432 0.2128392393901061 -0.1947865810202325 -0.2308914026934608 0.3914600428255642
0.454 0.4345900199359718 -0.2624801883551940 0.2133556381405710 -0.1944747007467126 -0.2308684425961822 0.3913518997935261
0.455 0.4348570994344608 -0.2624347085660399 0.2138726467679099 -0.1941608317719137 -0.2308456697740651 0.3912435428413394
0.456 0.4351246657946058 -0.2623890810617808 0.2143902539282978 -0.1938449728427097 -0.2308232219451658 0.3911342786232655
0.457 0.4353927207231894 -0.2623433051861488 0.2149084831563268 -0.1935270999061590 -0.2308010238478195 0.3910252531433886
0.458 0.4356612659359403 -0.2622973802787756 0.2154273354277023 -0.1932071916708166 -0.2307789816256311 0.3909162084545326
0.459 0.4359303031575958 -0.2622513056751599 0.2159467764838462 -0.1928852735318766 -0.2307573920029013 0.3908059021842933
0.46 0.4361998341219628 -0.2622050807066332 0.2164668147576138 -0.1925613185257957 -0.2307358557029359 0.3906965598092846
0.461 0.4364698605719814 -0.2621587047003284 0.2169874821949551 -0.1922353213308848 -0.2307148449725356 0.3905859875125899
0.462 0.4367403842597883 -0.2621121769791447 0.2175087441533290 -0.1919072603236796 -0.2306938065842138 0.3904753622374387
0.463 0.4370114069467802 -0.2620654968617143 0.2180306019531116 -0.1915771380392846 -0.2306732591861440 0.3903648136526384
0.464 0.4372829304036792 -0.2620186636623673 0.2185530515341157 -0.1912449543964574 -0.2306529317339519 0.3902538329778791
0.465 0.4375549564105966 -0.2619716766910981 0.2190760958012839 -0.1909106747864008 -0.2306330144913108 0.3901423643078270
0.466 0.4378274867570998 -0.2619245352535297 0.2195997364655171 -0.1905743252009405 -0.2306131340142811 0.3900309098182008
0.467 0.4381005232422773 -0.2618772386508782 0.2201239687672744 -0.1902358435809435 -0.2305933874463434 0.3899188432824580
0.468 0.4383740676748063 -0.2618297861799178 0.2206487981001079 -0.1898952535233903 -0.2305742324028908 0.3898065433368239
0.469 0.4386481218730193 -0.2617821771329443 0.2211742106718510 -0.1895525374723676 -0.2305552005369673 0.3896938006991851
0.47 0.4389226876649724 -0.2617344107977390 0.2217001925559256 -0.1892077222591606 -0.2305364184623909 0.3895811281162524
0.471 0.4391977668885138 -0.2616864864575312 0.2222267844634265 -0.1888607331094879 -0.2305180868329820 0.3894683209694173
0.472 0.4394733613913527 -0.2616384033909624 0.2227539322758156 -0.1885116025070784 -0.2305000503107502 0.3893548211798028
0.473 0.4397494730311291 -0.2615901608720476 0.2232816810710573 -0.1881603110563553 -0.2304818612676384 0.3892412046670099
0.474 0.4400261036754843 -0.2615417581701387 0.2238099917890188 -0.1878068525243055 -0.2304640858153854 0.3891271146237764
0.475 0.4403032552021314 -0.2614931945498846 0.2243388816703034 -0.1874511889687197 -0.2304469264371825 0.3890132133461804
0.476 0.4405809294989266 -0.2614444692711943 0.2248683418753330 -0.1870933576647147 -0.2304298511067513 0.3888983335762644
0.477 0.4408591284639426 -0.2613955815891969 0.2253983708306828 -0.1867333233207642 -0.2304132016556401 0.3887835955718366
0.478 0.4411378540055403 -0.2613465307542032 0.2259289650815075 -0.1863710606370265 -0.2303964960672341 0.3886681422285909
0.479 0.4414171080424420 -0.2612973160116644 0.2264601241225756 -0.1860065819973668 -0.2303802770784291 0.3885528856135652
0.48 0.4416968925038071 -0.2612479366021336 0.2269918467883098 -0.1856398819252329 -0.2303641607494564 0.3884370539834735
0.481 0.4419772093293045 -0.2611983917612244 0.2275241208034269 -0.1852709314997694 -0.2303485379562332 0.3883209475874350
0.482 0.4422580604691905 -0.2611486807195702 0.2280569632927651 -0.1848997243494882 -0.2303329908310029 0.3882049698431524
0.483 0.4425394478843831 -0.2610988027027827 0.2285903670931619 -0.1845262392045408 -0.2303181330331494 0.3880880794864790
0.484 0.4428213735465393 -0.2610487569314101 0.2291243122940566 -0.1841504903159265 -0.2303030213367168 0.3879708714371448
0.485 0.4431038394381330 -0.2609985426208956 0.2296588088447769 -0.1837724696905429 -0.2302885010298390 0.3878536250514942
0.486 0.4433868475525323 -0.2609481589815336 0.2301938505661928 -0.1833921311887565 -0.2302741518218533 0.3877361354477328
0.487 0.4436703998940793 -0.2608976052184276 0.2307294412136946 -0.1830094790523248 -0.2302603298540638 0.3876178649525017
0.488 0.4439544984781685 -0.2608468805314467 0.2312655768287494 -0.1826245419098637 -0.2302466808719862 0.3874995651275050
0.489 0.4442391453313287 -0.2607959841151809 0.2318022544829424 -0.1822372488859204 -0.2302326442687240 0.3873816898492913
0.49 0.4445243424913020 -0.2607449151588979 0.2323394436547215 -0.1818476338388676 -0.2302195656467877 0.3872625472234409
0.491 0.4448100920071269 -0.2606936728464976 0.2328771950518509 -0.1814556544719067 -0.2302069604126121 0.3871432652343894
0.492 0.4450963959392208 -0.2606422563564664 0.2334154754331773 -0.1810613109027906 -0.2301946041919329 0.3870233702417869
0.493 0.4453832563594623 -0.2605906648618328 0.2339542835226503 -0.1806645973098179 -0.2301818786296469 0.3869038170074332
0.494 0.4456706753512758 -0.2605388975301200 0.2344936192707376 -0.1802654997420571 -0.2301697515881717 0.3867837819338563
0.495 0.4459586550097160 -0.2604869535233005 0.2350334800856214 -0.1798640094283511 -0.2301579781985521 0.3866631622466459
0.496 0.4462471974415537 -0.2604348319977472 0.2355738637404342 -0.1794600920984919 -0.2301469668303209 0.3865421411465061
0.497 0.4465363047653617 -0.2603825321041873 0.2361147551531078 -0.1790537807921935 -0.2301352426490359 0.3864213131840237
0.498 0.4468259791116020 -0.2603300529876540 0.2366561709286823 -0.1786450363687027 -0.2301245342425351 0.3862995475115376
0.499 0.4471162226227139 -0.2602773937874376 0.2371980952601684 -0.1782338413413043 -0.2301139633318658 0.3861775484285792
0.5 0.4474070374532019 -0.2602245536370363 0.2377405295788945 -0.1778201997083602 -0.2301037081376223 0.3860555069520846
0.501 0.4476984257697265 -0.2601715316641067 0.2382834811253816 -0.1774040760834524 -0.2300935392971768 0.3859331223545515
0.502 0.4479903897511927 -0.2601183269904142 0.2388269308893034 -0.1769854971653859 -0.2300835405978374 0.3858104787415054
0.503 0.4482829315888432 -0.2600649387317820 0.2393708789140751 -0.1765644095703660 -0.2300746360538639 0.3856868012757489
0.504 0.4485760534863487 -0.2600113659980398 0.2399153273255119 -0.1761408365462176 -0.2300651888715837 0.3855634207600362
0.505 0.4488697576599016 -0.2599576078929723 0.2404602718581450 -0.1757147521779072 -0.2300565326573541 0.3854394436454063
0.506 0.4491640463383092 -0.2599036635142673 0.2410057092023598 -0.1752861377559959 -0.2300478955038539 0.3853151919606252
0.507 0.4494589217630888 -0.2598495319534624 0.2415516429418855 -0.1748549871477051 -0.2300396393142081 0.3851906126129102
0.508 0.4497543861885625 -0.2597952122958922 0.2420980610575008 -0.1744212998377770 -0.2300319030144380 0.3850656293779358
0.509 0.4500504418819545 -0.2597407036206343 0.2426449643557658 -0.1739850356267203 -0.2300242022625946 0.3849402676138346
0.51 0.4503470911234868 -0.2596860050004548 0.2431923425392842 -0.1735461922704875 -0.2300166827777492 0.3848146647164911
0.511 0.4506443362064790 -0.2596311155017535 0.2437402008860909 -0.1731047816830109 -0.2300094614512306 0.3846888280484721
0.512 0.4509421794374461 -0.2595760341845080 0.2442885487048879 -0.1726607614411013 -0.2300029929967590 0.3845623916282089
0.513 0.4512406231361995 -0.2595207601022182 0.2448373561821295 -0.1722141307130985 -0.2299964157260539 0.3844357843170194
0.514 0.4515396696359466 -0.2594652923018488 0.2453866217983639 -0.1717648737531117 -0.2299901858385985 0.3843087667368681
0.515 0.4518393212833944 -0.2594096298237731 0.2459363611656235 -0.1713129926491838 -0.2299844195231470 0.3841811589270239
0.516 0.4521395804388506 -0.2593537717017130 0.2464865667627139 -0.1708584609294234 -0.2299787086222435 0.3840535506686476
0.517 0.4524404494763290 -0.2592977169626835 0.2470372324522486 -0.1704012507948565 -0.2299734679836569 0.3839252610684366
0.518 0.4527419307836525 -0.2592414646269309 0.2475883498037881 -0.1699413816994503 -0.2299682486918622 0.3837968070896678
0.519 0.4530440267625614 -0.2591850137078740 0.2481399203502444 -0.1694788197383414 -0.2299633179097232 0.3836677900985461
0.52 0.4533467398288174 -0.2591283632120444 0.2486919493197479 -0.1690135576753257 -0.2299595136673304 0.3835386604658762
0.521 0.4536500724123132 -0.2590715121390235 0.2492444158049216 -0.1685455769052351 -0.2299550235141526 0.3834089087637779
0.522 0.4539540269571813 -0.2590144594813836 0.2497973325592775 -0.1680748701458280 -0.2299514816058876 0.3832789991435331
0.523 0.4542586059219026 -0.2589572042246227 0.2503506799520720 -0.1676014265730834 -0.2299481025200937 0.3831483335005382
0.524 0.4545638117794192 -0.2588997453471035 0.2509044671002666 -0.1671252201803216 -0.2299448340238404 0.3830178712740691
0.525 0.4548696470172450 -0.2588420818199886 0.2514586816779071 -0.1666462641442418 -0.2299420445782100 0.3828864336252036
0.526 0.4551761141375787 -0.2587842126071764 0.2520133335142489 -0.1661645100249050 -0.2299390928495614 0.3827548745692645
0.527 0.4554832156574193 -0.2587261366652364 0.2525684107033059 -0.1656799504406805 -0.2299370751931032 0.3826229525811554
0.528 0.4557909541086804 -0.2586678529433430 0.2531239123308657 -0.1651925915232143 -0.2299350981392878 0.3824906047779685
0.529 0.4560993320383065 -0.2586093603832087 0.2536798245657371 -0.1647024229342818 -0.2299337148476871 0.3823580963848069
0.53 0.4564083520083908 -0.2585506579190178 0.2542361569301584 -0.1642094005801824 -0.2299322741665957 0.3822248548656090
0.531 0.4567180165962943 -0.2584917444773580 0.2547929039654730 -0.1637135341152290 -0.2299309032620469 0.3820913751414083
0.532 0.4570283283947648 -0.2584326189771515 0.2553500595452975 -0.1632147990074081 -0.2299307013908031 0.3819573923975128
0.533 0.4573392900120583 -0.2583732803295857 0.2559076227432316 -0.1627131764052749 -0.2299301900278757 0.3818232384719796
0.534 0.4576509040720616 -0.2583137274380432 0.2564655775284717 -0.1622086729654480 -0.2299298450817333 0.3816884939352312
0.535 0.4579631732144144 -0.2582539591980312 0.2570239391048349 -0.1617012486613462 -0.2299298444584265 0.3815533144387698
0.536 0.4582761000946353 -0.2581939744971085 0.2575826902343496 -0.1611908960816825 -0.2299305729746161 0.3814179890829001
0.537 0.4585896873842473 -0.2581337722148151 0.2581418353740340 -0.1606776209827203 -0.2299314577889807 0.3812820006531323
0.538 0.4589039377709039 -0.2580733512225965 0.2587013702819375 -0.1601613856144374 -0.2299327194698309 0.3811456390669186
0.539 0.4592188539585184 -0.2580127103837318 0.2592612817212530 -0.1596421602050335 -0.2299341405075986 0.3810088759675973
0.54 0.4595344386673933 -0.2579518485532572 0.2598215754871593 -0.1591199861810896 -0.2299354735387983 0.3808716630632774
0.541 0.4598506946343507 -0.2578907645778912 0.2603822426153684 -0.1585948032481699 -0.2299378700900341 0.3807341804055886
0.542 0.4601676246128648 -0.2578294572959577 0.2609432845032442 -0.1580665884469968 -0.2299404192851869 0.3805964900549724
0.543 0.4604852313731956 -0.2577679255373087 0.2615046952432501 -0.1575353514496552 -0.2299432721632314 0.3804579902452368
0.544 0.4608035177025233 -0.2577061681232457 0.2620664590477214 -0.1570010717418248 -0.2299460267347898 0.3803192196774554
0.545 0.4611224864050847 -0.2576441838664412 0.2626285913223517 -0.1564637322685394 -0.2299493455734540 0.3801798474667555
0.546 0.4614421403023099 -0.2575819715708578 0.2631910845413147 -0.1559233171854340 -0.2299531235818196 0.3800403671765284
0.547 0.4617624822329630 -0.2575195300316686 0.2637539252564358 -0.1553798027961562 -0.2299568695223457 0.3799000461279913
0.548 0.4620835150532804 -0.2574568580351742 0.2643171158040479 -0.1548331731798829 -0.2299612696018437 0.3797597389520524
0.549 0.4624052416371139 -0.2573939543587201 0.2648806524346104 -0.1542834311478143 -0.2299659680455963 0.3796186249053011
0.55 0.4627276648760733 -0.2573308177706143 0.2654445308168201 -0.1537305519372697 -0.2299709050541083 0.3794773743268515
0.551 0.4630507876796706 -0.2572674470300409 0.2660087367061970 -0.1531744866205902 -0.2299761599406446 0.3793352624630080
0.552 0.4633746129754667 -0.2572038408869759 0.2665732854252554 -0.1526152687824440 -0.2299815106218856 0.3791932288395237
0.553 0.4636991437092187 -0.2571399980821003 0.2671381571616299 -0.1520528513219621 -0.2299876481122132 0.3790505338069376
0.554 0.4640243828450291 -0.2570759173467127 0.2677033483403109 -0.1514872266171409 -0.2299937721954324 0.3789074020936132
0.555 0.4643503333654958 -0.2570115974026401 0.2682688698809512 -0.1509183759441342 -0.2300005035049407 0.3787639657130564
0.556 0.4646769982718649 -0.2569470369621503 0.2688347025595466 -0.1503462911352005 -0.2300069567897043 0.3786196022785302
0.557 0.4650043805841836 -0.2568822347278596 0.2694008449555514 -0.1497709316981679 -0.2300145201570872 0.3784753911327130
0.558 0.4653324833414564 -0.2568171893926418 0.2699672981310744 -0.1491923071171336 -0.2300218334137292 0.3783303362660297
0.559 0.4656613096018008 -0.2567518996395365 0.2705340500526939 -0.1486103729929202 -0.2300299823440535 0.3781850926638124
0.56 0.4659908624426071 -0.2566863641416542 0.2711011058393054 -0.1480251319464584 -0.2300378855810593 0.3780388659872861
0.561 0.4663211449606965 -0.2566205815620828 0.2716684452644174 -0.1474365611475596 -0.2300462841769909 0.3778927078088400
0.562 0.4666521602724850 -0.2565545505537913 0.2722360875349565 -0.1468446400026158 -0.2300549034932158 0.3777460200178857
0.563 0.4669839115141457 -0.2564882697595329 0.2728040108928821 -0.1462493527593521 -0.2300641098295994 0.3775986581199066
0.564 0.4673164018417737 -0.2564217378117475 0.2733722153102986 -0.1456506784088758 -0.2300734784023066 0.3774511324081948
0.565 0.4676496344315537 -0.2563549533324623 0.2739406940231883 -0.1450486085106837 -0.2300833862627022 0.3773026972051321
0.566 0.4679836124799279 -0.2562879149331914 0.2745094515802648 -0.1444431120803808 -0.2300935284823342 0.3771540996141964
0.567 0.4683183392037665 -0.2562206212148350 0.2750784760126741 -0.1438341645135541 -0.2301041469218834 0.3770054282322193
0.568 0.4686538178405402 -0.2561530707675763 0.2756477584916369 -0.1432217564428688 -0.2301146550721357 0.3768553608131096
0.569 0.4689900516484938 -0.2560852621707785 0.2762173027196321 -0.1426058730417586 -0.2301256246157590 0.3767055935921767
0.57 0.4693270439068220 -0.2560171939928791 0.2767870977558615 -0.1419864975703706 -0.2301368080578440 0.3765547373314390
0.571 0.4696647979158471 -0.2559488647912839 0.2773571433048986 -0.1413635791459675 -0.2301489651912372 0.3764039021566012
0.572 0.4700033169971984 -0.2558802731122603 0.2779274429556363 -0.1407371520880112 -0.2301606071072250 0.3762519823851685
0.573 0.4703426044939933 -0.2558114174908280 0.2784979718289227 -0.1401071518226845 -0.2301731059574522 0.3761000344014021
0.574 0.4706826637710217 -0.2557422964506490 0.2790687366819450 -0.1394735621699790 -0.2301858922831428 0.3759476063380862
0.575 0.4710234982149303 -0.2556729085039168 0.2796397310181668 -0.1388363767830028 -0.2301989697790827 0.3757942922471181
0.576 0.4713651112344100 -0.2556032521512439 0.2802109598932476 -0.1381955823404104 -0.2302125295847821 0.3756410481393816
0.577 0.4717075062603853 -0.2555333258815478 0.2807824025708963 -0.1375511482869428 -0.2302263474658363 0.3754874136679171
0.578 0.4720506867462058 -0.2554631281719360 0.2813540619653596 -0.1369030414721466 -0.2302399327298868 0.3753325349150315
0.579 0.4723946561678391 -0.2553926574875894 0.2819259292734012 -0.1362512487948033 -0.2302543740396664 0.3751772100926299
0.58 0.4727394180240664 -0.2553219122816441 0.2824980022197445 -0.1355957609319254 -0.2302693361458079 0.3750221326096646
0.581 0.4730849758366808 -0.2552508909950726 0.2830702819873093 -0.1349365479094480 -0.2302842854323481 0.3748657658879272
0.582 0.4734313331506852 -0.2551795920565631 0.2836427521897465 -0.1342735843928861 -0.2302998945703375 0.3747094444577364
0.583 0.4737784935344968 -0.2551080138823970 0.2842154134282779 -0.1336068530424262 -0.2303153664697383 0.3745522324969876
0.584 0.4741264605801475 -0.2550361548763251 0.2847882644230833 -0.1329363220344101 -0.2303313961259269 0.3743946162910174
0.585 0.4744752379034940 -0.2549640134294437 0.2853612882979601 -0.1322619814539598 -0.2303479513496098 0.3742364380474160
0.586 0.4748248291444240 -0.2548915879200663 0.2859344893736804 -0.1315838037832860 -0.2303645559242359 0.3740774622438654
0.587 0.4751752379670668 -0.2548188767135971 0.2865078608500785 -0.1309017693577892 -0.2303815135673666 0.3739186162854446
0.588 0.4755264680600080 -0.2547458781624004 0.2870813942327199 -0.1302158408119670 -0.2303992115591780 0.3737589984357424
0.589 0.4758785231365040 -0.2546725906056694 0.2876550953210732 -0.1295260243340627 -0.2304169388075220 0.3735990179749197
0.59 0.4762314069346994 -0.2545990123692948 0.2882289390992348 -0.1288322746858888 -0.2304347137208855 0.3734380368686644
0.591 0.4765851232178482 -0.2545251417657283 0.2888029300070218 -0.1281345585071917 -0.2304532889838524 0.3732766023259349
0.592 0.4769396757745352 -0.2544509770938481 0.2893770699707833 -0.1274328715846840 -0.2304719242835100 0.3731148740397781
0.593 0.4772950684189032 -0.2543765166388206 0.2899513423434544 -0.1267271785364111 -0.2304910490439074 0.3729524259222332
0.594 0.4776513049908779 -0.2543017586719620 0.2905257461930850 -0.1260174585158544 -0.2305104956150693 0.3727894095291742
0.595 0.4780083893564005 -0.2542267014505955 0.2911002774474614 -0.1253036954552621 -0.2305300849335098 0.3726254137804359
0.596 0.4783663254076588 -0.2541513432179108 0.2916749169640252 -0.1245858430904848 -0.2305500362966862 0.3724619879908823
0.597 0.4787251170633240 -0.2540756822028173 0.2922496816072808 -0.1238638936623760 -0.2305707242069499 0.3722968669069143
0.598 0.4790847682687864 -0.2539997166198003 0.2928245472293651 -0.1231378154115246 -0.2305915701494073 0.3721317171596779
0.599 0.4794452829963992 -0.2539234446687708 0.2933995133054474 -0.1224075838447442 -0.2306124288245320 0.3719660338649845
0.6 0.4798066652457193 -0.2538468645349166 0.2939745811441647 -0.1216731768539483 -0.2306339531508776 0.3718000142912545
0.601 0.4801689190437543 -0.2537699743885507 0.2945497333634090 -0.1209345484365402 -0.2306557261518692 0.3716327061909264
0.602 0.4805320484452119 -0.2536927723849574 0.2951249709912043 -0.1201916943611673 -0.2306777687892650 0.3714654835912727
0.603 0.4808960575327509 -0.2536152566642373 0.2957002795176513 -0.1194445739517170 -0.2307003323830836 0.3712968660715836
0.604 0.4812609504172361 -0.2535374253511486 0.2962756663917983 -0.1186931747458314 -0.2307229853277001 0.3711279522797709
0.605 0.4816267312379962 -0.2534592765549495 0.2968511168835072 -0.1179374595697702 -0.2307461053073631 0.3709591603276059
0.606 0.4819934041630835 -0.2533808083692355 0.2974266147762224 -0.1171773833868787 -0.2307695991981590 0.3707895708220689
0.607 0.4823609733895382 -0.2533020188717770 0.2980021727633069 -0.1164129419936150 -0.2307935301431134 0.3706190049336845
0.608 0.4827294431436542 -0.2532229061243525 0.2985777754168899 -0.1156440952466601 -0.2308175019294205 0.3704482620534241
0.609 0.4830988176812489 -0.2531434681725830 0.2991534076540922 -0.1148708204755578 -0.2308420826390415 0.3702764622333906
0.61 0.4834691012879361 -0.2530637030457605 0.2997290802579858 -0.1140930843761835 -0.2308670166384959 0.3701042484194302
0.611 0.4838402982794013 -0.2529836087566779 0.3003047682884120 -0.1133108587182216 -0.2308921528687704 0.3699314521080407
0.612 0.4842124130016815 -0.2529031833014543 0.3008804705269108 -0.1125241091533518 -0.2309176981322812 0.3697579598721593
0.613 0.4845854498314470 -0.2528224246593584 0.3014561827022662 -0.1117328099567612 -0.2309434939790038 0.3695838476266993
0.614 0.4849594131762864 -0.2527413307926317 0.3020319106566349 -0.1109369366551940 -0.2309697909916628 0.3694092809238876
0.615 0.4853343074749971 -0.2526598996463065 0.3026076157608139 -0.1101364270595654 -0.2309960896227986 0.3692340763643894
0.616 0.4857101371978758 -0.2525781291480235 0.3031833216243362 -0.1093312914323095 -0.2310230204564763 0.3690583453594668
0.617 0.4860869068470160 -0.2524960172078467 0.3037590088472823 -0.1085214755343417 -0.2310504222614453 0.3688820198655081
0.618 0.4864646209566057 -0.2524135617180764 0.3043346691226305 -0.1077069546541450 -0.2310774544739024 0.3687047788134303
0.619 0.4868432840932308 -0.2523307605530578 0.3049102798593851 -0.1068876744344027 -0.2311056987435409 0.3685269979859917
0.62 0.4872229008561819 -0.2522476115689900 0.3054858544261478 -0.1060636228034084 -0.2311339431346040 0.3683485017325514
0.621 0.4876034758777632 -0.2521641126037306 0.3060613865094838 -0.1052347642443345 -0.2311624079647833 0.3681695516352632
0.622 0.4879850138236079 -0.2520802614765976 0.3066368507516354 -0.1044010651177384 -0.2311914349229183 0.3679899959510160
0.623 0.4883675193929936 -0.2519960559881712 0.3072122525502468 -0.1035624872532780 -0.2312205169997744 0.3678095911074564
0.624 0.4887509973191654 -0.2519114939200895 0.3077875725840467 -0.1027189848925323 -0.2312502345963017 0.3676286365539911
0.625 0.4891354523696593 -0.2518265730348441 0.3083628080964513 -0.1018705391241189 -0.2312801592040232 0.3674471767106270
0.626 0.4895208893466324 -0.2517412910755729 0.3089379656582648 -0.1010171189806152 -0.2313107096821507 0.3672645639246252
0.627 0.4899073130871960 -0.2516556457658483 0.3095130070729970 -0.1001586673427043 -0.2313412572592773 0.3670816635455360
0.628 0.4902947284637512 -0.2515696348094654 0.3100879451115575 -0.09929516100125310 -0.2313721529958855 0.3668983163415411
0.629 0.4906831403843318 -0.2514832558902245 0.3106627656369454 -0.09842656108730160 -0.2314035842127707 0.3667140874033767
0.63 0.4910725537929482 -0.2513965066717136 0.3112374477569587 -0.09755281951969120 -0.2314350855625590 0.3665293071565943
0.631 0.4914629736699370 -0.2513093847970853 0.3118120078533692 -0.09667392090774720 -0.2314671860502147 0.3663436807719355
0.632 0.4918544050323161 -0.2512218878888337 0.3123864059345729 -0.09578979664762570 -0.2314994550859763 0.3661575056830916
0.633 0.4922468529341402 -0.2511340135485651 0.3129606583263294 -0.09490043514950080 -0.2315323231897919 0.3659703254674376
0.634 0.4926403224668665 -0.2510457593567684 0.3135347369364225 -0.09400577590627880 -0.2315651130794538 0.3657828113858272
0.635 0.4930348187597183 -0.2509571228725817 0.3141086418983177 -0.09310579517457950 -0.2315984062319151 0.3655947085924543
0.636 0.4934303469800589 -0.2508681016335543 0.3146823553733105 -0.09220043275643560 -0.2316321941684860 0.3654055089258082
0.637 0.4938269123337667 -0.2507786931554075 0.3152558837819270 -0.09128967392221660 -0.2316663067849763 0.3652158890670257
0.638 0.4942245200656159 -0.2506888949317922 0.3158291955457393 -0.09037344782909540 -0.2317005550201222 0.3650253724334948
0.639 0.4946231754596624 -0.2505987044340409 0.3164022892344446 -0.08945173422033460 -0.2317355699097346 0.3648341256914596
0.64 0.4950228838396335 -0.2505081191109188 0.3169751553649381 -0.08852447824909850 -0.2317705212183413 0.3646424167979248
0.641 0.4954236505693238 -0.2504171363883712 0.3175477728597648 -0.08759163340331750 -0.2318061775542419 0.3644498561456298
0.642 0.4958254810529948 -0.2503257536692663 0.3181201432638707 -0.08665316964685660 -0.2318412105786249 0.3642572541681749
0.643 0.4962283807357803 -0.2502339683331356 0.3186922613180307 -0.08570903661443740 -0.2318776711650410 0.3640627336241554
0.644 0.4966323551040970 -0.2501417777359107 0.3192640889306413 -0.08475918060523540 -0.2319142198095933 0.3638681896927317
0.645 0.4970374096860593 -0.2500491792096553 0.3198356391373768 -0.08380356555062390 -0.2319511672012124 0.3636726242502717
0.646 0.4974435500519006 -0.2499561700622963 0.3204068840225370 -0.08284213407826869 -0.2319881207198297 0.3634765521641266
0.647 0.4978507818143997 -0.2498627475773476 0.3209778162017462 -0.08187484260379310 -0.2320252751155518 0.3632797845591655
0.648 0.4982591106293118 -0.2497689090136336 0.3215484235853377 -0.08090165523037480 -0.2320634267510710 0.3630820430870457
0.649 0.4986685421958059 -0.2496746516050062 0.3221186925503470 -0.07992250574626344 -0.2321012480735530 0.3628837108299596
0.65 0.4990790822569075 -0.2495799725600596 0.3226886011310836 -0.07893735074146075 -0.2321398524136029 0.3626846519968404
0.651 0.4994907365999476 -0.2494848690618408 0.3232581519859170 -0.07794614698799505 -0.2321783249852149 0.3624848758466197
0.652 0.4999035110570160 -0.2493893382675552 0.3238273176165638 -0.07694883470544855 -0.2322176976486869 0.3622841510153487
0.653 0.5003174115054215 -0.2492933773082701 0.3243960936659878 -0.07594536844730158 -0.2322569672349152 0.3620831314431755
0.654 0.5007324438681594 -0.2491969832886115 0.3249644583310288 -0.07493569065308342 -0.2322968095554209 0.3618808196635807
0.655 0.5011486141143818 -0.2491001532864592 0.3255323898970008 -0.07391974785814504 -0.2323364965760743 0.3616781105182512
0.656 0.5015659282598768 -0.2490028843526359 0.3260999083060510 -0.07289750814433051 -0.2323770448221264 0.3614742229063372
0.657 0.5019843923675539 -0.2489051735105924 0.3266669457416183 -0.07186887460947833 -0.2324182028142507 0.3612698321689890
0.658 0.5024040125479340 -0.2488070177560898 0.3272335241824801 -0.07083382941356348 -0.2324590444824826 0.3610646364066737
0.659 0.5028247949596464 -0.2487084140568746 0.3277996097924432 -0.06979229490881494 -0.2325008061365187 0.3608587378073005
0.66 0.5032467458099346 -0.2486093593523512 0.3283651915173318 -0.06874422890305131 -0.2325421855301058 0.3606520854122482
0.661 0.5036698713551655 -0.2485098505532498 0.3289302492041629 -0.06768956156734045 -0.2325848641484943 0.3604442242082685
0.662 0.5040941779013477 -0.2484098845412882 0.3294947687110240 -0.06662823691982026 -0.2326268322599768 0.3602359732223485
0.663 0.5045196718046552 -0.2483094581688304 0.3300587329284481 -0.06556020974204850 -0.2326697726031285 0.3600265825022750
0.664 0.5049463594719599 -0.2482085682585388 0.3306221178247543 -0.06448539946761983 -0.2327129916979618 0.3598165979607508
0.665 0.5053742473613698 -0.2481072116030239 0.3311849206192971 -0.06340376501208922 -0.2327562572060053 0.3596058226914147
0.666 0.5058033419827741 -0.2480053849644850 0.3317470879161267 -0.06231520965658765 -0.2328000110941867 0.3593943029069416
0.667 0.5062336498983974 -0.2479030850743506 0.3323086350705421 -0.06121971443503224 -0.2328445809461459 0.3591817047913661
0.668 0.5066651777233606 -0.2478003086329097 0.3328695155604039 -0.06011717734865282 -0.2328886616894665 0.3589685016270502
0.669 0.5070979321262473 -0.2476970523089395 0.3334297304958424 -0.05900756358100995 -0.2329336869259439 0.3587543607882292
0.67 0.5075319198296826 -0.2475933127393284 0.3339892423477266 -0.05789078965929115 -0.2329781884292671 0.3585393855919650
0.671 0.5079671476109153 -0.2474890865286916 0.3345480433457134 -0.05676680234452112 -0.2330233370226613 0.3583235581037382
0.672 0.5084036223024100 -0.2473843702489829 0.3351060936736341 -0.05563551518071218 -0.2330692208239576 0.3581071243648832
0.673 0.5088413507924479 -0.2472791604391000 0.3356633819995014 -0.05449687417908848 -0.2331156268968106 0.3578894229691734
0.674 0.5092803400257344 -0.2471734536044843 0.3362198767693585 -0.05335079693142552 -0.2331616356432122 0.3576711753921345
0.675 0.5097205970040165 -0.2470672462167153 0.3367755676739371 -0.05219723168179423 -0.2332085958348426 0.3574520375336124
0.676 0.5101621287867081 -0.2469605347130976 0.3373304218132543 -0.05103609864683378 -0.2332553812686472 0.3572320133778585
0.677 0.5106049424915237 -0.2468533154962435 0.3378844110370910 -0.04986731353086818 -0.2333025210946510 0.3570110475665173
0.678 0.5110490452951221 -0.2467455849336484 0.3384374990950115 -0.04869080913004914 -0.2333502244313974 0.3567891342337716
0.679 0.5114944444337571 -0.2466373393572615 0.3389896791384400 -0.04750650866019599 -0.2333983655581566 0.3565666747841822
0.68 0.5119411472039396 -0.2465285750630472 0.3395409146286031 -0.04631435340933218 -0.2334465728062178 0.3563429231117056
0.681 0.5123891609631083 -0.2464192883105430 0.3400911796021300 -0.04511424364800841 -0.2334953541519732 0.3561187941709199
0.682 0.5128384931303088 -0.2463094753224092 0.3406404423026729 -0.04390610948234812 -0.2335439875077251 0.3558933230100701
0.683 0.5132891511868837 -0.2461991322839728 0.3411886703570891 -0.04268987334178346 -0.2335929394435843 0.3556673081905451
0.684 0.5137411426771717 -0.2460882553427632 0.3417358300479879 -0.04146544298711246 -0.2336423307645858 0.3554399951153219
0.685 0.5141944752092169 -0.2459768406080427 0.3422819100274500 -0.04023275784790060 -0.2336922215201113 0.3552118289964986
0.686 0.5146491564554894 -0.2458648841503282 0.3428268518660654 -0.03899171377465996 -0.2337426648143204 0.3549830975416521
0.687 0.5151051941536143 -0.2457523820009079 0.3433706377042805 -0.03774223719484517 -0.2337927136986547 0.3547531704708153
0.688 0.5155625961071118 -0.2456393301513477 0.3439132271755124 -0.03648423481413583 -0.2338435830539091 0.3545223163208400
0.689 0.5160213701861495 -0.2455257245529934 0.3444545961954422 -0.03521763377605903 -0.2338949636961137 0.3542908703372100
0.69 0.5164815243283036 -0.2454115611164624 0.3449946897893470 -0.03394233418590376 -0.2339462462236236 0.3540582579765792
0.691 0.5169430665393327 -0.2452968357111299 0.3455334767673410 -0.03265823961854669 -0.2339976918652117 0.3538244598683497
0.692 0.5174060048939620 -0.2451815441646059 0.3460709333072296 -0.03136527677310028 -0.2340497639688099 0.3535900961464158
0.693 0.5178703475366790 -0.2450656822622048 0.3466069991813493 -0.03006333144609496 -0.2341018057245684 0.3533547725558906
0.694 0.5183361026825417 -0.2449492457464066 0.3471416580607224 -0.02875233653432883 -0.2341541333763648 0.3531181737480031
0.695 0.5188032786179987 -0.2448322303163100 0.3476748530144851 -0.02743218704310251 -0.2342068845337740 0.3528808812359781
0.696 0.5192718837017196 -0.2447146316270766 0.3482065352749057 -0.02610276542725955 -0.2342601117446204 0.3526424534263751
0.697 0.5197419263654406 -0.2445964452893676 0.3487366673200873 -0.02476399187787099 -0.2343136231730553 0.3524030060631999
0.698 0.5202134151148204 -0.2444776668687697 0.3492652137406806 -0.02341577535520907 -0.2343668255856667 0.3521627456574062
0.699 0.5206863585303108 -0.2443582918852147 0.3497921109930142 -0.02205798700268781 -0.2344209851990567 0.3519215856378481
0.7 0.5211607652680375 -0.2442383158123874 0.3503173272957811 -0.02069054885633309 -0.2344757434422877 0.3516798077839794
0.701 0.5216366440606985 -0.2441177340771268 0.3508408098683490 -0.01931336650632782 -0.2345296987664832 0.3514361041767573
0.702 0.5221140037184711 -0.2439965420588154 0.3513625026068067 -0.01792630219981449 -0.2345845975195521 0.3511919111207383
0.703 0.5225928531299372 -0.2438747350887604 0.3518823613180972 -0.01652927009210010 -0.2346398017167236 0.3509467585004861
0.704 0.5230732012630207 -0.2437523084495649 0.3524003243345173 -0.01512214836796110 -0.2346948806427991 0.3507003542199442
0.705 0.5235550571659373 -0.2436292573744891 0.3529163378169460 -0.01370482977118877 -0.2347507337051216 0.3504533797167772
0.706 0.5240384299681629 -0.2435055770468006 0.3534303563978876 -0.01227722822299758 -0.2348066486113561 0.3502050218219196
0.707 0.5245233288814136 -0.2433812625991158 0.3539423155547547 -0.01083919282473510 -0.2348630977773301 0.3499560915282795
0.708 0.5250097632006425 -0.2432563091127292 0.3544521436110062 -0.009390614019944070 -0.2349192841790139 0.3497055378057087
0.709 0.5254977423050517 -0.2431307116169327 0.3549598016598809 -0.007931396181152413 -0.2349762178287085 0.3494542718218627
0.71 0.5259872756591193 -0.2430044650883243 0.3554652102137883 -0.006461400766601690 -0.2350331730305688 0.3492018996651019
0.711 0.5264783728136435 -0.2428775644501048 0.3559683104972986 -0.004980519499036794 -0.2350902312482253 0.3489484655241703
0.712 0.5269710434068026 -0.2427500045713641 0.3564690371305419 -0.003488616347735826 -0.2351479092000374 0.3486938186819366
0.713 0.5274652971652309 -0.2426217802663546 0.3569673179777797 -0.001985584024200696 -0.2352053778565246 0.3484383655820723
0.714 0.5279611439051134 -0.2424928862937538 0.3574630843805036 -0.0004712859064650438 -0.2352633977872880 0.3481817095119143
0.715 0.5284585935332955 -0.2423633173559146 0.3579562607995807 0.001054404382851690 -0.2353216853411485 0.3479238932924290
0.716 0.5289576560484130 -0.2422330680981034 0.3584467875096774 0.002591607670383689 -0.2353804653223391 0.3476656541501830
0.717 0.5294583415420377 -0.2421021331077249 0.3589345644002110 0.004140472568717385 -0.2354392243888440 0.3474057134917686
0.718 0.5299606601998429 -0.2419705069135351 0.3594195234207749 0.005701127513845078 -0.2354982177667665 0.3471445326112196
0.719 0.5304646223027865 -0.2418381839848411 0.3599015835493009 0.007273698657124337 -0.2355572733565075 0.3468824601114003
0.72 0.5309702382283147 -0.2417051587306869 0.3603806652868652 0.008858325897515000 -0.2356169030342204 0.3466195034578440
0.721 0.5314775184515840 -0.2415714254990264 0.3608566764967431 0.01045516756284909 -0.2356764720540672 0.3463552867601419
0.722 0.5319864735467029 -0.2414369785758821 0.3613295373370883 0.01206433821888399 -0.2357368161158256 0.3460904151380811
0.723 0.5324971141879945 -0.2413018121844901 0.3617991114213389 0.01368596009980315 -0.2357967547585526 0.3458239050904681
0.724 0.5330094511512811 -0.2411659204844302 0.3622654142265911 0.01532026505905073 -0.2358572982836713 0.3455563041028766
0.725 0.5335234953151854 -0.2410292975707419 0.3627282171066442 0.01696730188988792 -0.2359179931580179 0.3452882789328679
0.726 0.5340392576624594 -0.2408919374730249 0.3631875201857433 0.01862730305384080 -0.2359787505408411 0.3450177640372460
0.727 0.5345567492813305 -0.2407538341545244 0.3636431754419438 0.02030035551900178 -0.2360399694645676 0.3447474584181321
0.728 0.5350759813668712 -0.2406149815112015 0.3640951006302410 0.02198665512161439 -0.2361014256987521 0.3444754362108108
0.729 0.5355969652223936 -0.2404753733707869 0.3645431232449108 0.02368629992591521 -0.2361630289682817 0.3442022496909318
0.73 0.5361197122608652 -0.2403350034918177 0.3649872031528710 0.02539952352149268 -0.2362245802438185 0.3439280002436530
0.731 0.5366442340063477 -0.2401938655626602 0.3654272116149063 0.02712643331177211 -0.2362865719136677 0.3436520882083150
0.732 0.5371705420954637 -0.2400519532005129 0.3658630031065292 0.02886719135055585 -0.2363488929547187 0.3433758743488889
0.733 0.5376986482788851 -0.2399092599503934 0.3662945306760203 0.03062203492314421 -0.2364110551715192 0.3430977137693748
0.734 0.5382285644228469 -0.2397657792841084 0.3667215857470161 0.03239104016394985 -0.2364738385376023 0.3428190436644291
0.735 0.5387603025106897 -0.2396215045992045 0.3671440911045462 0.03417440935085620 -0.2365364074476598 0.3425389167891027
0.736 0.5392938746444253 -0.2394764292179015 0.3675618350031105 0.03597230913704140 -0.2365994030700236 0.3422575145439271
0.737 0.5398292930463305 -0.2393305463860059 0.3679748045421815 0.03778493487679133 -0.2366626264477935 0.3419748354321285
0.738 0.5403665700605708 -0.2391838492718065 0.3683827566673470 0.03961242142081099 -0.2367259694903715 0.3416911909670309
0.739 0.5409057181548471 -0.2390363309649503 0.3687856247337381 0.04145499278569310 -0.2367893385403856 0.3414061840234609
0.74 0.5414467499220764 -0.2388879844752966 0.3691831955919740 0.04331279002757733 -0.2368530559630121 0.3411200212600157
0.741 0.5419896780820997 -0.2387388027317531 0.3695753331103125 0.04518601005022130 -0.2369169671735542 0.3408325469838568
0.742 0.5425345154834184 -0.2385887785810900 0.3699619275061709 0.04707485183238405 -0.2369811571080494 0.3405438316683251
0.743 0.5430812751049645 -0.2384379047867321 0.3703427591996385 0.04897947120742721 -0.2370452937676288 0.3402539379089765
0.744 0.5436299700578995 -0.2382861740275315 0.3707177160698014 0.05090009714322958 -0.2371095879988935 0.3399631840848373
0.745 0.5441806135874467 -0.2381335788965148 0.3710865874396008 0.05283688853701191 -0.2371741345598092 0.3396706159826597
0.746 0.5447332190747558 -0.2379801118996104 0.3714492036261810 0.05479004729628828 -0.2372387269175794 0.3393770252688156
0.747 0.5452878000388015 -0.2378257654543512 0.3718054005085190 0.05675977220747724 -0.2373035545336794 0.3390819698693818
0.748 0.5458443701383151 -0.2376705318885538 0.3721549632179695 0.05874625123369553 -0.2373686863837997 0.3387860859498516
0.749 0.5464029431737519 -0.2375144034389732 0.3724977375770596 0.06074970906741639 -0.2374335790469632 0.3384885310479496
0.75 0.5469635330892945 -0.2373573722499333 0.3728335055242260 0.06277033020262222 -0.2374989529851577 0.3381900128466687
0.751 0.5475261539748929 -0.2371994303719324 0.3731620801570102 0.06480832632610727 -0.2375642803626772 0.3378899340644012
0.752 0.5480908200683400 -0.2370405697602208 0.3734832269334220 0.06686389277648912 -0.2376298331304215 0.3375890254556489
0.753 0.5486575457573871 -0.2368807822733545 0.3737967517543098 0.06893725090957979 -0.2376952055134365 0.3372862015933980
0.754 0.5492263455819000 -0.2367200596717200 0.3741024436399838 0.07102861406711457 -0.2377612438654518 0.3369824367466886
0.755 0.5497972342360500 -0.2365583936160320 0.3744000693356526 0.07313819620351564 -0.2378267042502946 0.3366778904769100
0.756 0.5503702265705513 -0.2363957756658026 0.3746893819950028 0.07526619966261410 -0.2378929179153907 0.3363708427314090
0.757 0.5509453375949364 -0.2362321972777828 0.3749701601603188 0.07741285509567520 -0.2379590699951986 0.3360632047409022
0.758 0.5515225824798778 -0.2360676498043714 0.3752421390131077 0.07957837608381401 -0.2380252253609867 0.3357540524732665
0.759 0.5521019765595479 -0.2359021244919969 0.3755051071746933 0.08176300968771540 -0.2380912931928163 0.3354442906564257
0.76 0.5526835353340313 -0.2357356124794668 0.3757587563404794 0.08396694698610790 -0.2381576524482530 0.3351323157854392
0.761 0.5532672744717754 -0.2355681047962840 0.3760028353209928 0.08619042569595320 -0.2382242931897719 0.3348185206369944
0.762 0.5538532098120941 -0.2353995923609338 0.3762370844974934 0.08843369265543199 -0.2382902256036153 0.3345053288791380
0.763 0.5544413573677142 -0.2352300659791343 0.3764612089522867 0.09069695109947530 -0.2383569714142873 0.3341891087296983
0.764 0.5550317333273762 -0.2350595163420553 0.3766749136381373 0.09298045346306010 -0.2384236069589989 0.3338716196713907
0.765 0.5556243540584809 -0.2348879340245007 0.3768779133508205 0.09528442489948670 -0.2384899489203856 0.3335536125741539
0.766 0.5562192361097901 -0.2347153094830567 0.3770698822192223 0.09760910984812770 -0.2385571940738328 0.3332329431834240
0.767 0.5568163962141805 -0.2345416330542021 0.3772505236819329 0.09995474630371050 -0.2386235136591874 0.3329124335300433
0.768 0.5574158512914481 -0.2343668949523820 0.3774195077869225 0.1023215617076366 -0.2386905666702382 0.3325894341270863
0.769 0.5580176184511738 -0.2341910852680432 0.3775764946005123 0.1047098167426982 -0.2387573321244719 0.3322656790865001
0.77 0.5586217149956397 -0.2340141939656307 0.3777211488521037 0.1071197375045492 -0.2388241049663890 0.3319398884418521
0.771 0.5592281584228075 -0.2338362108815424 0.3778530993919806 0.1095515816430652 -0.2388910309931095 0.3316131959289049
0.772 0.5598369664293550 -0.2336571257220454 0.3779720100089680 0.1120055876675421 -0.2389580556023128 0.3312847278759061
0.773 0.5604481569137736 -0.2334769280611479 0.3780774953772865 0.1144820051186326 -0.2390253456836704 0.3309551422642097
0.774 0.5610617479795285 -0.2332956073384284 0.3781691636767424 0.1169810838476727 -0.2390923068662540 0.3306238523423846
0.775 0.5616777579382830 -0.2331131528568221 0.3782466460363223 0.1195030762262413 -0.2391588178390249 0.3302915721606118
0.776 0.5622962053131890 -0.2329295537803596 0.3783095137658574 0.1220482212205204 -0.2392256585024544 0.3299576419054825
0.777 0.5629171088422432 -0.2327447991318615 0.3783573641599634 0.1246167911271992 -0.2392926584876300 0.3296224451849047
0.778 0.5635404874817134 -0.2325588777905832 0.3783897605194744 0.1272090252689428 -0.2393601421304376 0.3292848008003114
0.779 0.5641663604096367 -0.2323717784898131 0.3784062716502627 0.1298251818108500 -0.2394261868028661 0.3289474394870076
0.78 0.5647947470293886 -0.2321834898144187 0.3784064440509209 0.1324655037797746 -0.2394931847742520 0.3286072495084641
0.781 0.5654256669733261 -0.2319940001983428 0.3783898103247717 0.1351302608227754 -0.2395597783560808 0.3282660642086119
0.782 0.5660591401065086 -0.2318032979220463 0.3783558998729975 0.1378196975105681 -0.2396268182047366 0.3279232678511917
0.783 0.5666951865304982 -0.2316113711098975 0.3783042251152511 0.1405340701376075 -0.2396930584496053 0.3275791280574064
0.784 0.5673338265872364 -0.2314182077275056 0.3782342782712835 0.1432736437570286 -0.2397603974525677 0.3272331954664230
0.785 0.5679750808630063 -0.2312237955789977 0.3781455438276531 0.1460386521160216 -0.2398260114254926 0.3268865172410458
0.786 0.5686189701924793 -0.2310281223042374 0.3780374867461003 0.1488293628447143 -0.2398931011118934 0.3265376077360400
0.787 0.5692655156628480 -0.2308311753759840 0.3779095716049000 0.1516460222691813 -0.2399594090069833 0.3261875115982619
0.788 0.5699147386180474 -0.2306329420969891 0.3777612330052147 0.1544888922185184 -0.2400254537807705 0.3258358860987118
0.789 0.5705666606630687 -0.2304334095970320 0.3775918988134719 0.1573582093421519 -0.2400914378911124 0.3254827020323718
0.79 0.5712213036683679 -0.2302325648298892 0.3774009767670636 0.1602542315012630 -0.2401574591630953 0.3251279593603208
0.791 0.5718786897743677 -0.2300303945702378 0.3771878600546660 0.1631772095764711 -0.2402237665642014 0.3247715688641306
0.792 0.5725388413960620 -0.2298268854104908 0.3769519272712039 0.1661273783602469 -0.2402895381840462 0.3244140270385336
0.793 0.5732017812277204 -0.2296220237575622 0.3766925419669734 0.1691049951527873 -0.2403547719369002 0.3240547899496857
0.794 0.5738675322476964 -0.2294157958295611 0.3764090439299089 0.1721102792772399 -0.2404200862583854 0.3236936858105001
0.795 0.5745361177233449 -0.2292081876524112 0.3761007613789197 0.1751434944119128 -0.2404853796235111 0.3233313613787616
0.796 0.5752075612160498 -0.2289991850563935 0.3757670008330535 0.1782048568025872 -0.2405503911921535 0.3229674002972849
0.797 0.5758818865863611 -0.2287887736726137 0.3754070532790712 0.1812946114084404 -0.2406157800526530 0.3226023140789930
0.798 0.5765591179992555 -0.2285769389293868 0.3750201932659454 0.1844129773294188 -0.2406804478257183 0.3222351593165580
0.799 0.5772392799295107 -0.2283636660485414 0.3746056697818955 0.1875601794812105 -0.2407452400704670 0.3218663902624007
0.8 0.5779223971672048 -0.2281489400416384 0.3741627161134526 0.1907364359161188 -0.2408093728582692 0.3214961908244279
0.801 0.5786084948233428 -0.2279327457061025 0.3736905417041952 0.1939419630112752 -0.2408734462970871 0.3211245308796545
0.802 0.5792975983356139 -0.2277150676212655 0.3731883439696867 0.1971769672275742 -0.2409372350471861 0.3207509497051576
0.803 0.5799897334742802 -0.2274958901443162 0.3726552920186573 0.2004416524166768 -0.2410008123732692 0.3203761094037686
0.804 0.5806849263482049 -0.2272751974061577 0.3720905324528556 0.2037362163730823 -0.2410648980127497 0.3199996072034474
0.805 0.5813832034110225 -0.2270529733071647 0.3714931943024636 0.2070608420662214 -0.2411281025814976 0.3196214189393360
0.806 0.5820845914674528 -0.2268292015128434 0.3708623797618515 0.2104157100985922 -0.2411908192855726 0.3192419479061468
0.807 0.5827891176797674 -0.2266038654493874 0.3701971756642695 0.2138010025812822 -0.2412534768982056 0.3188605316886338
0.808 0.5834968095744076 -0.2263769482991273 0.3694966375551613 0.2172168787917650 -0.2413155086803521 0.3184776510130377
0.809 0.5842076950487650 -0.2261484329958721 0.3687598004470861 0.2206634972041639 -0.2413779878293369 0.3180928698368783
0.81 0.5849218023781210 -0.2259183022201370 0.3679856734241432 0.2241410003264433 -0.2414394122775458 0.3177065571901744
0.811 0.5856391602227585 -0.2256865383942583 0.3671732435736190 0.2276495236297534 -0.2415012044294574 0.3173190147634453
0.812 0.5863597976352462 -0.2254531236773866 0.3663214677513062 0.2311891920413680 -0.2415625196407058 0.3169293311792286
0.813 0.5870837440678997 -0.2252180399603585 0.3654292809116074 0.2347601252285489 -0.2416228660049383 0.3165386774015997
0.814 0.5878110293804282 -0.2249812688604433 0.3644955883318290 0.2383624122599381 -0.2416832252465850 0.3161457157058188
0.815 0.5885416838477711 -0.2247427917159574 0.3635192691390741 0.2419961414647060 -0.2417432621161773 0.3157514138988055
0.816 0.5892757381681287 -0.2245025895807475 0.3624991768998794 0.2456613897639841 -0.2418033163710451 0.3153554510274364
0.817 0.5900132234711959 -0.2242606432185327 0.3614341349123060 0.2493582096160348 -0.2418621150481407 0.3149576669372995
0.818 0.5907541713266003 -0.2240169330971076 0.3603229384156654 0.2530866428006036 -0.2419219644342576 0.3145588220140033
0.819 0.5914986137525579 -0.2237714393823963 0.3591643520457413 0.2568467199573885 -0.2419799879701371 0.3141577403480737
0.82 0.5922465832247481 -0.2235241419323568 0.3579571114329676 0.2606384313492635 -0.2420385697781093 0.3137551178866629
0.821 0.5929981126854145 -0.2232750202907279 0.3566999219782728 0.2644617846705204 -0.2420956024823231 0.3133507100082671
0.822 0.5937532355527026 -0.2230240536806174 0.3553914588124303 0.2683167293258786 -0.2421524827513989 0.3129448925959060
0.823 0.5945119857302386 -0.2227712209979225 0.3540303633309583 0.2722032217164550 -0.2422094218050629 0.3125370454134864
0.824 0.5952743976169574 -0.2225165008045809 0.3526152468208842 0.2761211813882382 -0.2422661034986318 0.3121282500259587
0.825 0.5960405061171912 -0.2222598713216430 0.3511446874199367 0.2800705107116297 -0.2423204319080976 0.3117168050404392
0.826 0.5968103466510186 -0.2220013104221644 0.3496172298606060 0.2840510796182463 -0.2423767332627968 0.3113049322593143
0.827 0.5975839551648948 -0.2217407956239088 0.3480313876792093 0.2880627451269264 -0.2424315981348529 0.3108904738276764
0.828 0.5983613681425615 -0.2214783040818567 0.3463856344978640 0.2921053230839486 -0.2424853067269196 0.3104741776966047
0.829 0.5991426226162487 -0.2212138125805145 0.3446784136395808 0.2961786108029510 -0.2425391156758552 0.3100568231002784
0.83 0.5999277561781837 -0.2209472975260143 0.3429081327566903 0.3002823672355048 -0.2425922489468307 0.3096372689005798
0.831 0.6007168069924079 -0.2206787349380027 0.3410731610007871 0.3044163309270258 -0.2426450858392467 0.3092170248283387
0.832 0.6015098138069193 -0.2204081004413064 0.3391718365961642 0.3085801916219252 -0.2426960208714554 0.3087935974650406
0.833 0.6023068159661468 -0.2201353692573688 0.3372024562858680 0.3127736141640528 -0.2427481380971485 0.3083696350978280
0.834 0.6031078534237721 -0.2198605161954524 0.3351632832907655 0.3169962255891936 -0.2427980655018592 0.3079432315142796
0.835 0.6039129667559052 -0.2195835156435949 0.3330525370428316 0.3212476121026020 -0.2428483662704470 0.3075156746798166
0.836 0.6047221971746310 -0.2193043415593150 0.3308684072645732 0.3255273198117568 -0.2428973615734638 0.3070857503714935
0.837 0.6055355865419372 -0.2190229674600538 0.3286090368193408 0.3298348549138963 -0.2429463486544268 0.3066553796466632
0.838 0.6063531773840340 -0.2187393664133498 0.3262725367550986 0.3341696732459627 -0.2429943403992914 0.3062221927387867
0.839 0.6071750129060881 -0.2184535110267302 0.3238569767642334 0.3385311890206994 -0.2430417444103729 0.3057882590537286
0.84 0.6080011370073725 -0.2181653734373164 0.3213603847717699 0.3429187707797952 -0.2430883916766972 0.3053522747221030
0.841 0.6088315942968583 -0.2178749253011279 0.3187807520681554 0.3473317225823760 -0.2431342964743079 0.3049144242528535
0.842 0.6096664301092577 -0.2175821377820764 0.3161160286217592 0.3517693102392730 -0.2431789871755849 0.3044748062555006
0.843 0.6105056905215365 -0.2172869815406385 0.3133641231331346 0.3562307354755199 -0.2432233806306266 0.3040335976722232
0.844 0.6113494223699123 -0.2169894267221969 0.3105229056304180 0.3607151433438512 -0.2432669881947647 0.3035907019924837
0.845 0.6121976732673561 -0.2166894429450348 0.3075902040803331 0.3652216186307408 -0.2433096869835945 0.3031465705896136
0.846 0.6130504916216156 -0.2163869992879748 0.3045638098048796 0.3697491820377774 -0.2433516826288386 0.3026999317017545
0.847 0.6139079266537774 -0.2160820642776466 0.3014414682764781 0.3742967820186862 -0.2433924916758098 0.3022520832044722
0.848 0.6147700284173942 -0.2157746058753711 0.2982208878613037 0.3788633061455657 -0.2434323942829942 0.3018025232424541
0.849 0.6156368478181869 -0.2154645914636461 0.2948997349265563 0.3834475667906333 -0.2434718611238905 0.3013511095350012
0.85 0.6165084366343549 -0.2151519878322195 0.2914756390104863 0.3880482935645705 -0.2435100420342942 0.3008982760538332
0.851 0.6173848475375086 -0.2148367611637324 0.2879461859709517 0.3926641451889004 -0.2435472427449530 0.3004435469463337
0.852 0.6182661341142524 -0.2145188770189211 0.2843089236106410 0.3972936943383996 -0.2435839244807708 0.2999873623089655
0.853 0.6191523508884405 -0.2141983003213520 0.2805613575752220 0.4019354275418953 -0.2436195326697959 0.2995299252445205
0.854 0.6200435533441313 -0.2138749953416829 0.2767009633686475 0.4065877390341711 -0.2436540304950254 0.2990702597160020
0.855 0.6209397979492701 -0.2135489256814230 0.2727251677715755 0.4112489330982749 -0.2436873745394494 0.2986090247486784
0.856 0.6218411421801241 -0.2132200542561765 0.2686313703614637 0.4159172149112119 -0.2437202496881637 0.2981470857102684
0.857 0.6227476445465011 -0.2128883432783490 0.2644169295265085 0.4205906890336163 -0.2437516079099643 0.2976826600232166
0.858 0.6236593646177846 -0.2125537542392965 0.2600791660055588 0.4252673499840243 -0.2437820790252659 0.2972169434054328
0.859 0.6245763630498130 -0.2122162478908914 0.2556153715269049 0.4299450868612677 -0.2438113671157973 0.2967492188232903
0.86 0.6254987016126403 -0.2118757842264876 0.2510228036064752 0.4346216711671953 -0.2438393819417623 0.2962793786250614
0.861 0.6264264432192133 -0.2115323224612542 0.2462986854853540 0.4392947554682685 -0.2438663189443394 0.2958094537789566
0.862 0.6273596519549978 -0.2111858210118594 0.2414402162226440 0.4439618658742485 -0.2438921039875241 0.2953358746313481
0.863 0.6282983931086013 -0.2108362374754696 0.2364445601028935 0.4486204049221776 -0.2439167805256807 0.2948632485406880
0.864 0.6292427332034229 -0.2104835286080458 0.2313088598959356 0.4532676343013846 -0.2439402990222057 0.2943882565098409
0.865 0.6301927400303785 -0.2101276503018973 0.2260302345273242 0.4579006792460628 -0.2439625439104159 0.2939106048684953
0.866 0.6311484826817474 -0.2097685575624701 0.2206057819336957 0.4625165179775838 -0.2439833370978721 0.2934322961598683
0.867 0.6321100315861820 -0.2094062044843342 0.2150325775900722 0.4671119809894485 -0.2440031937270561 0.2929520721555329
0.868 0.6330774585449319 -0.2090405442263357 0.2093076847412960 0.4716837398052643 -0.2440212161882104 0.2924704756394793
0.869 0.6340508367693377 -0.2086715289858803 0.2034281550449728 0.4762283007040794 -0.2440384524823214 0.2919882305686154
0.87 0.6350302409196415 -0.2082991099723074 0.1973910270283656 0.4807420071648341 -0.2440539363105900 0.2915030989963213
0.871 0.6360157471451774 -0.2079232373793180 0.1911933355546702 0.4852210226831862 -0.2440685305175394 0.2910168781175516
0.872 0.6370074331259989 -0.2075438603564165 0.1848321158922380 0.4896613313330139 -0.2440810656731205 0.2905301414442100
0.873 0.6380053781160056 -0.2071609269793179 0.1783044039699913 0.4940587272916082 -0.2440924370034321 0.2900411500680405
0.874 0.6390096629876360 -0.2067743842192793 0.1716072467236461 0.4984088115904553 -0.2441024824104348 0.2895509044803128
0.875 0.6400203702781992 -0.2063841779113056 0.1647376988838646 0.5027069814464546 -0.2441111107154593 0.2890586205817384
0.876 0.6410375842379109 -0.2059902527211800 0.1576928422223541 0.5069484248833717 -0.2441176163900697 0.2885663595904209
0.877 0.6420613908797210 -0.2055925521112617 0.1504697719676707 0.5111281147938101 -0.2441226541039969 0.2880736608395028
0.878 0.6430918780310046 -0.2051910183050034 0.1430656237858169 0.5152407960364674 -0.2441267671319407 0.2875766629077355
0.879 0.6441291353872084 -0.2047855922501165 0.1354775685994638 0.5192809861460965 -0.2441281058507798 0.2870798929002379
0.88 0.6451732545675412 -0.2043762135803349 0.1277028205296825 0.5232429595396697 -0.2441290942457189 0.2865808500703770
0.881 0.6462243291728021 -0.2039628205757010 0.1197386499964323 0.5271207420376536 -0.2441273684362148 0.2860823083209273
0.882 0.6472824548454492 -0.2035453501213094 0.1115823916575668 0.5309081068231719 -0.2441246813420717 0.2855813091355624
0.883 0.6483477293320118 -0.2031237376644335 0.1032314478999359 0.5345985600220839 -0.2441200444032423 0.2850791779579654
0.884 0.6494202525479652 -0.2026979171699565 0.09468330377411390 0.5381853356253678 -0.2441131841647892 0.2845759672686112
0.885 0.6505001266451755 -0.2022678210740257 0.08593553882745160 0.5416613855061090 -0.2441039615829352 0.2840723897868744
0.886 0.6515874560820518 -0.2018333802358423 0.07698583526839936 0.5450193735374053 -0.2440939453004282 0.2835671508138599
0.887 0.6526823476965276 -0.2013945238874947 0.06783198778123564 0.5482516618851198 -0.2440816305622171 0.2830611678632360
0.888 0.6537849107820208 -0.2009511795817374 0.05847192422757665 0.5513503049315858 -0.2440676869461724 0.2825528027125288
0.889 0.6548952571665120 -0.2005032731376155 0.04890371560409279 0.5543070595660300 -0.2440510482064180 0.2820453194134475
0.89 0.6560135012949065 -0.2000507285838184 0.03912558800036017 0.5571133124864520 -0.2440329814966705 0.2815354305557132
0.891 0.6571397603148402 -0.1995934680996564 0.02913594173771658 0.5597601651204471 -0.2440118659581867 0.2810256793358721
0.892 0.6582741541661097 -0.1991314119535277 0.01893336726953154 0.5622383492865834 -0.2439905231944237 0.2805140649188030
0.893 0.6594168056739143 -0.1986644784387525 0.008516665768110001 0.5645382520478773 -0.2439655633665781 0.2800016345353148
0.894 0.6605678406461026 -0.1981925838066308 -0.002115137970968989 0.5666499005250393 -0.2439386718137306 0.2794888396309749
0.895 0.6617273879746469 -0.1977156421965803 -0.01296276609050137 0.5685629523369524 -0.2439086194694065 0.2789757939590498
0.896 0.6628955797415567 -0.1972335655631947 -0.02402667472824083 0.5702666903357977 -0.2438775333240732 0.2784619386855768
0.897 0.6640725513294785 -0.1967462636000585 -0.03530702684933979 0.5717500096922965 -0.2438436566494921 0.2779466860014678
0.898 0.6652584415372350 -0.1962536436601390 -0.04680366691432178 0.5730014162354518 -0.2438062529672168 0.2774317094552741
0.899 0.6664533927005679 -0.1957556106725686 -0.05851609576247468 0.5740090143839470 -0.2437693037527104 0.2769146326454194
0.9 0.6676575508183809 -0.1952520670556151 -0.07044344462209108 0.5747605035318815 -0.2437284841596161 0.2763981055685796
0.9001 0.6677784787461244 -0.1952014057752768 -0.07164795395298197 0.5748210811543983 -0.2437232613852895 0.2763470764183584
0.9002 0.6678995003900320 -0.1951506882873899 -0.07285460076990296 0.5748789564663531 -0.2437193405246821 0.2762952137342326
0.9003 0.6680206159024205 -0.1950999144900408 -0.07406337943242582 0.5749341191408415 -0.2437150927433693 0.2762430704026469
0.9004 0.6681418254360034 -0.1950490842810443 -0.07527429181489007 0.5749865544875218 -0.2437114011535454 0.2761910970756329
0.9005 0.6682631291438912 -0.1949981975579424 -0.07648733348557490 0.5750362506311055 -0.2437066445168648 0.2761399139141114
0.9006 0.6683845271795934 -0.1949472542180042 -0.07770250432585231 0.5750831931633593 -0.2437023666894036 0.2760879884975995
0.9007 0.6685060196970198 -0.1948962541582237 -0.07891980388581345 0.5751273694554420 -0.2436963520167603 0.2760372313421459
0.9008 0.6686276068504826 -0.1948451972753189 -0.08013922668874700 0.5751687665414936 -0.2436927695494224 0.2759854533365779
0.9009 0.6687492887946966 -0.1947940834657322 -0.08136077409563460 0.5752073712014014 -0.2436901343897553 0.2759327216566082
0.901 0.6688710656847817 -0.1947429126256277 -0.08258444382969910 0.5752431695564427 -0.2436848982306122 0.2758814624536073
0.9011 0.6689929376762639 -0.1946916846508908 -0.08381023205839010 0.5752761480753365 -0.2436805667251853 0.2758293189904301
0.9012 0.6691149049250771 -0.1946403994371281 -0.08503813955174210 0.5753062959488828 -0.2436750419690406 0.2757779496325172
0.9013 0.6692369675875637 -0.1945890568796647 -0.08626816226832520 0.5753335968609171 -0.2436713840837110 0.2757262762330377
0.9014 0.6693591258204777 -0.1945376568735445 -0.08750029917105399 0.5753580390568303 -0.2436662450171845 0.2756750065077882
0.9015 0.6694813797809847 -0.1944861993135282 -0.08873454828384760 0.5753796077834133 -0.2436604573001004 0.2756234386648746
0.9016 0.6696037296266640 -0.1944346840940936 -0.08997090638726180 0.5753982886081418 -0.2436573911582274 0.2755710186790299
0.9017 0.6697261755155104 -0.1943831111094326 -0.09120937188543890 0.5754140714938081 -0.2436519423340766 0.2755194789425139
0.9018 0.6698487176059349 -0.1943314802534521 -0.09244994221296510 0.5754269401096037 -0.2436471115929538 0.2754675909846001
0.9019 0.6699713560567668 -0.1942797914197722 -0.09369261749382060 0.5754368816704069 -0.2436430049380048 0.2754156147129939
0.902 0.6700940910272558 -0.1942280445017244 -0.09493739112548060 0.5754438813337651 -0.2436370788046732 0.2753644960912031
0.9021 0.6702169226770719 -0.1941762393923513 -0.09618426425660020 0.5754479263205949 -0.2436331192142822 0.2753126052359594
0.9022 0.6703398511663085 -0.1941243759844059 -0.09743323390405940 0.5754490040327942 -0.2436284879502223 0.2752603444395626
0.9023 0.6704628766554835 -0.1940724541703498 -0.09868429505487350 0.5754470984986107 -0.2436241462078731 0.2752088082130084
0.9024 0.6705859993055406 -0.1940204738423521 -0.09993744830289690 0.5754421963986306 -0.2436184993565102 0.2751571163713453
0.9025 0.6707092192778511 -0.1939684348922892 -0.1011926881227116 0.5754342845280165 -0.2436142106321124 0.2751053775039123
0.9026 0.6708325367342149 -0.1939163372117425 -0.1024500151050566 0.5754233484773629 -0.2436097152824724 0.2750536600039166
0.9027 0.6709559518368629 -0.1938641806919982 -0.1037094238702797 0.5754093749285877 -0.2436033235258975 0.2750021902354317
0.9028 0.6710794647484587 -0.1938119652240459 -0.1049709139637100 0.5753923490477724 -0.2435997139060618 0.2749501440002799
0.9029 0.6712030756320990 -0.1937596906985774 -0.1062344807686904 0.5753722570539837 -0.2435935473520988 0.2748986651730380
0.903 0.6713267846513167 -0.1937073570059858 -0.1075001218285099 0.5753490836946180 -0.2435881354288546 0.2748468221702081
0.9031 0.6714505919700811 -0.1936549640363640 -0.1087678346669043 0.5753228153747271 -0.2435848697351963 0.2747948851120831
0.9032 0.6715744977528005 -0.1936025116795049 -0.1100376167617773 0.5752934401155031 -0.2435789084008069 0.2747430686429304
0.9033 0.6716985021643239 -0.1935499998248975 -0.1113094642143325 0.5752609408384534 -0.2435733052079198 0.2746914784306125
0.9034 0.6718226053699415 -0.1934974283617292 -0.1125833741634250 0.5752253050630067 -0.2435674518614715 0.2746399094244851
0.9035 0.6719468075353880 -0.1934447971788820 -0.1138593440910005 0.5751865163083388 -0.2435635413567939 0.2745874829556587
0.9036 0.6720711088268426 -0.1933921061649325 -0.1151373698170457 0.5751445619951728 -0.2435587540068191 0.2745358318894481
0.9037 0.6721955094109316 -0.1933393552081507 -0.1164174480668927 0.5750994281956222 -0.2435531943637468 0.2744843845421455
0.9038 0.6723200094547304 -0.1932865441964986 -0.1176995773157157 0.5750510981390297 -0.2435469326570398 0.2744325015385224
0.9039 0.6724446091257637 -0.1932336730176299 -0.1189837527355363 0.5749995586711629 -0.2435432364168450 0.2743805291724148
0.904 0.6725693085920091 -0.1931807415588869 -0.1202699705505648 0.5749447954202983 -0.2435371416470480 0.2743284535834103
0.9041 0.6726941080218975 -0.1931277497073012 -0.1215582288597812 0.5748867933802032 -0.2435316265455573 0.2742776269339135
0.9042 0.6728190075843147 -0.1930746973495922 -0.1228485231403517 0.5748255379602489 -0.2435271436062989 0.2742248106199744
0.9043 0.6729440074486041 -0.1930215843721651 -0.1241408489459074 0.5747610148052059 -0.2435206989700683 0.2741736200801583
0.9044 0.6730691077845680 -0.1929684106611104 -0.1254352037813855 0.5746932081622932 -0.2435149484242592 0.2741218743493904
0.9045 0.6731943087624684 -0.1929151761022026 -0.1267315854911089 0.5746221050689845 -0.2435099371944681 0.2740702267965159
0.9046 0.6733196105530301 -0.1928618805808983 -0.1280299872143042 0.5745476894056053 -0.2435057092531898 0.2740180375355736
0.9047 0.6734450133274418 -0.1928085239823369 -0.1293304074312915 0.5744699458504458 -0.2434998709736817 0.2739664508899400
0.9048 0.6735705172573581 -0.1927551061913365 -0.1306328422912793 0.5743888616266327 -0.2434938045676002 0.2739146553094053
0.9049 0.6736961225149005 -0.1927016270923957 -0.1319372859147083 0.5743044189178201 -0.2434880315567188 0.2738627879630918
0.905 0.6738218292726604 -0.1926480865696904 -0.1332437349833914 0.5742166037318384 -0.2434822058393734 0.2738110345541897
0.9051 0.6739476377036988 -0.1925944845070731 -0.1345521864618667 0.5741254030444109 -0.2434780770144033 0.2737588600449788
0.9052 0.6740735479815518 -0.1925408207880718 -0.1358626364361634 0.5740307984585796 -0.2434719631459851 0.2737068011273934
0.9053 0.6741995602802281 -0.1924870952958890 -0.1371750792152339 0.5739327783873133 -0.2434655813347037 0.2736554062876789
0.9054 0.6743256747742134 -0.1924333079133995 -0.1384895118719550 0.5738313244125550 -0.2434595373213531 0.2736041164067713
0.9055 0.6744518916384720 -0.1923794585231501 -0.1398059293124307 0.5737264240411778 -0.2434533789589942 0.2735523094124400
0.9056 0.6745782110484479 -0.1923255470073585 -0.1411243269656192 0.5736180604336461 -0.2434483407653584 0.2734997666681592
0.9057 0.6747046331800666 -0.1922715732479102 -0.1424447029820805 0.5735062188696617 -0.2434431102691324 0.2734482967638717
0.9058 0.6748311582097376 -0.1922175371263606 -0.1437670487916892 0.5733908810462075 -0.2434374395029248 0.2733969449465176
0.9059 0.6749577863143560 -0.1921634385239303 -0.1450913617580521 0.5732720371561659 -0.2434307073124675 0.2733452014132578
0.906 0.6750845176713041 -0.1921092773215056 -0.1464176390633171 0.5731496677463834 -0.2434259374671393 0.2732925381364229
0.9061 0.6752113524584530 -0.1920550533996370 -0.1477458727802090 0.5730237596451327 -0.2434190108768344 0.2732413623480038
0.9062 0.6753382908541660 -0.1920007666385374 -0.1490760604314485 0.5728942952199477 -0.2434133026782298 0.2731893937010673
0.9063 0.6754653330372983 -0.1919464169180816 -0.1504081963537796 0.5727612591280425 -0.2434080376581600 0.2731366499381851
0.9064 0.6755924791872003 -0.1918920041178044 -0.1517422756101923 0.5726246376820876 -0.2434014343219443 0.2730858432621857
0.9065 0.6757197294837196 -0.1918375281168997 -0.1530782946513146 0.5724844133656629 -0.2433960266620225 0.2730336195794620
0.9066 0.6758470841072016 -0.1917829887942183 -0.1544162464888695 0.5723405718851789 -0.2433903828844735 0.2729821129984508
0.9067 0.6759745432384933 -0.1917283860282678 -0.1557561265564607 0.5721930964478718 -0.2433835126539389 0.2729303469824031
0.9068 0.6761021070589433 -0.1916737196972104 -0.1570979299600808 0.5720419717780474 -0.2433785516378992 0.2728780269896192
0.9069 0.6762297757504054 -0.1916189896788618 -0.1584416516137791 0.5718871820262033 -0.2433719105432588 0.2728265869005807
0.907 0.6763575494952390 -0.1915641958506903 -0.1597872869456586 0.5717287100829881 -0.2433646513919298 0.2727753385614855
0.9071 0.6764854284763126 -0.1915093380898146 -0.1611348287997132 0.5715665432024056 -0.2433599865441096 0.2727232278015575
0.9072 0.6766134128770042 -0.1914544162730031 -0.1624842727603131 0.5714006627245638 -0.2433535402989208 0.2726708550381690
0.9073 0.6767415028812055 -0.1913994302766719 -0.1638356138116767 0.5712310526495713 -0.2433471101732836 0.2726193151447653
0.9074 0.6768696986733208 -0.1913443799768845 -0.1651888455027726 0.5710576990062338 -0.2433396514944080 0.2725678197475604
0.9075 0.6769980004382719 -0.1912892652493495 -0.1665439615623392 0.5708805833497912 -0.2433340369674789 0.2725158635033262
0.9076 0.6771264083614980 -0.1912340859694191 -0.1679009586913629 0.5706996913378259 -0.2433280123155127 0.2724635889717671
0.9077 0.6772549226289593 -0.1911788420120888 -0.1692598293969576 0.5705150045320763 -0.2433209717305258 0.2724125468531896
0.9078 0.6773835434271380 -0.1911235332519945 -0.1706205672717673 0.5703265092041347 -0.2433144188229122 0.2723600811212762
0.9079 0.6775122709430405 -0.1910681595634125 -0.1719831678211524 0.5701341889742455 -0.2433083470902660 0.2723087889137665
0.908 0.6776411053641996 -0.1910127208202572 -0.1733476248128580 0.5699380267783506 -0.2433022431570411 0.2722571089595361
0.9081 0.6777700468786771 -0.1909572168960801 -0.1747139316074671 0.5697380050977708 -0.2432951650695222 0.2722050975491184
0.9082 0.6778990956750644 -0.1909016476640679 -0.1760820804269159 0.5695341101588753 -0.2432885418633387 0.2721536910838804
0.9083 0.6780282519424863 -0.1908460129970418 -0.1774520690046562 0.5693263216055651 -0.2432826824450213 0.2721016186278130
0.9084 0.6781575158706018 -0.1907903127674551 -0.1788238871634047 0.5691146277246812 -0.2432760663696882 0.2720500450462094
0.9085 0.6782868876496067 -0.1907345468473929 -0.1801975305143586 0.5688990101431005 -0.2432690584029316 0.2719979678387808
0.9086 0.6784163674702359 -0.1906787151085698 -0.1815729928948682 0.5686794516705072 -0.2432621597716191 0.2719463797640725
0.9087 0.6785459555237653 -0.1906228174223283 -0.1829502666347679 0.5684559343841676 -0.2432556619649511 0.2718947811328635
0.9088 0.6786756520020135 -0.1905668536596384 -0.1843293446074920 0.5682284445329634 -0.2432492877172039 0.2718426746003121
0.9089 0.6788054570973446 -0.1905108236910944 -0.1857102222482554 0.5679969643193548 -0.2432419873964445 0.2717910891154217
0.909 0.6789353710026703 -0.1904547273869157 -0.1870928906201790 0.5677614769409870 -0.2432353979014366 0.2717393496130329
0.9091 0.6790653939114515 -0.1903985646169432 -0.1884773447231062 0.5675219664589886 -0.2432303752823291 0.2716873781798783
0.9092 0.6791955260177006 -0.1903423352506388 -0.1898635753206537 0.5672784132159274 -0.2432219277901523 0.2716356988583398
0.9093 0.6793257675159849 -0.1902860391570838 -0.1912515781098169 0.5670308041105960 -0.2432146158916900 0.2715838183179997
0.9094 0.6794561186014270 -0.1902296762049770 -0.1926413435931243 0.5667791205122499 -0.2432080684727331 0.2715319206323096
0.9095 0.6795865794697081 -0.1901732462626341 -0.1940328663373069 0.5665233448379751 -0.2432004327747704 0.2714804270957872
0.9096 0.6797171503170693 -0.1901167491979850 -0.1954261376783007 0.5662634601425416 -0.2431941898984984 0.2714289292575279
0.9097 0.6798478313403158 -0.1900601848785731 -0.1968211517161205 0.5659994514834477 -0.2431869133485088 0.2713771350234660
0.9098 0.6799786227368163 -0.1900035531715532 -0.1982178992984089 0.5657312999543732 -0.2431796755415247 0.2713254940044880
0.9099 0.6801095247045076 -0.1899468539436906 -0.1996163732008223 0.5654589903373100 -0.2431746329989567 0.2712734452995832
0.91 0.6802405374418955 -0.1898900870613588 -0.2010165685713228 0.5651825026885384 -0.2431657044439268 0.2712220917810945
0.9101 0.6803716611480580 -0.1898332523905384 -0.2024184740805887 0.5649018218473378 -0.2431577743018845 0.2711702809201856
0.9102 0.6805028960226470 -0.1897763497968156 -0.2038220826164356 0.5646169296544118 -0.2431515112277949 0.2711184467547464
0.9103 0.6806342422658905 -0.1897193791453799 -0.2052273873934467 0.5643278102873594 -0.2431456003541537 0.2710668619766568
0.9104 0.6807657000785953 -0.1896623403010232 -0.2066343818292688 0.5640344441979989 -0.2431365493127389 0.2710147896465522
0.9105 0.6808972696621497 -0.1896052331281384 -0.2080430541643537 0.5637368155874199 -0.2431300331522801 0.2709629488508871
0.9106 0.6810289512185241 -0.1895480574907172 -0.2094534001737848 0.5634349073066510 -0.2431221840760586 0.2709118551252385
0.9107 0.6811607449502758 -0.1894908132523479 -0.2108654075132313 0.5631287008053992 -0.2431148459346466 0.2708600716204577
0.9108 0.6812926510605490 -0.1894335002762158 -0.2122790727173386 0.5628181804881558 -0.2431082969058230 0.2708078329911679
0.9109 0.6814246697530790 -0.1893761184250995 -0.2136943819314830 0.5625033272714443 -0.2431012945027253 0.2707562111771167
0.911 0.6815568012321935 -0.1893186675613702 -0.2151113309822607 0.5621841225368263 -0.2430933141735601 0.2707046081844849
0.9111 0.6816890457028153 -0.1892611475469901 -0.2165299106020318 0.5618605508402892 -0.2430861419125601 0.2706532514133364
0.9112 0.6818214033704649 -0.1892035582435101 -0.2179501099433859 0.5615325947168474 -0.2430787732287642 0.2706015481482897
0.9113 0.6819538744412625 -0.1891458995120689 -0.2193719220361669 0.5612002352952949 -0.2430721159516402 0.2705495203884246
0.9114 0.6820864591219308 -0.1890881712133910 -0.2207953379614591 0.5608634552151584 -0.2430621179369042 0.2704982249784489
0.9115 0.6822191576197976 -0.1890303732077850 -0.2222203483290813 0.5605222364595362 -0.2430559276184553 0.2704467056842567
0.9116 0.6823519701427970 -0.1889725053551418 -0.2236469430269267 0.5601765626947632 -0.2430482033584358 0.2703948624307855
0.9117 0.6824848968994742 -0.1889145675149327 -0.2250751154275141 0.5598264144420004 -0.2430407229929644 0.2703433157774979
0.9118 0.6826179380989852 -0.1888565595462086 -0.2265048538516337 0.5594717752391194 -0.2430320914442697 0.2702913224681415
0.9119 0.6827510939511021 -0.1887984813075971 -0.2279361501603816 0.5591126239272260 -0.2430241635592805 0.2702399768050176
0.912 0.6828843646662126 -0.1887403326573018 -0.2293689959456160 0.5587489472056860 -0.2430171751406569 0.2701880704414700
0.9121 0.6830177504553253 -0.1886821134530995 -0.2308033805939471 0.5583807239308797 -0.2430101406176365 0.2701365010319939
0.9122 0.6831512515300706 -0.1886238235523394 -0.2322392921697609 0.5580079387673531 -0.2430014511626042 0.2700842984379086
0.9123 0.6832848681027039 -0.1885654628119409 -0.2336767247829393 0.5576305706629312 -0.2429934548149461 0.2700333220249750
0.9124 0.6834186003861075 -0.1885070310883917 -0.2351156664410622 0.5572486023940826 -0.2429853953591021 0.2699814163586398
0.9125 0.6835524485937940 -0.1884485282377467 -0.2365561076216466 0.5568620172559796 -0.2429784090855370 0.2699303962067278
0.9126 0.6836864129399084 -0.1883899541156251 -0.2379980389099109 0.5564707968250140 -0.2429698877352803 0.2698785012005298
0.9127 0.6838204936392306 -0.1883313085772092 -0.2394414503134988 0.5560749215264762 -0.2429614441260096 0.2698266819023127
0.9128 0.6839546909071785 -0.1882725914772434 -0.2408863294058891 0.5556743733919322 -0.2429540835106284 0.2697749483371965
0.9129 0.6840890049598100 -0.1882138026700306 -0.2423326694227145 0.5552691352645793 -0.2429463785653279 0.2697238929370981
0.913 0.6842234360138260 -0.1881549420094323 -0.2437804561763315 0.5548591877088303 -0.2429370016026230 0.2696719550992443
0.9131 0.6843579842865733 -0.1880960093488653 -0.2452296823747905 0.5544445121668539 -0.2429293875299833 0.2696205466870074
0.9132 0.6844926499960464 -0.1880370045413001 -0.2466803346421241 0.5540250927568446 -0.2429217974300362 0.2695691968240365
0.9133 0.6846274333608914 -0.1879779274392598 -0.2481324039545601 0.5536009081101998 -0.2429127248701789 0.2695173793825302
0.9134 0.6847623346004076 -0.1879187778948177 -0.2495858798648361 0.5531719409058855 -0.2429055815214706 0.2694663600929328
0.9135 0.6848973539345508 -0.1878595557595953 -0.2510407497449560 0.5527381732021576 -0.2428965726518181 0.2694148394554591
0.9136 0.6850324915839355 -0.1878002608847608 -0.2524970035283762 0.5522995852219832 -0.2428879649987463 0.2693628343545565
0.9137 0.6851677477698390 -0.1877408931210267 -0.2539546297247491 0.5518561603462389 -0.2428792416286911 0.2693111338344689
0.9138 0.6853031227142019 -0.1876814523186485 -0.2554136181937638 0.5514078779992943 -0.2428710782409782 0.2692598076291573
0.9139 0.6854386166396335 -0.1876219383274220 -0.2568739547417258 0.5509547200935359 -0.2428633613106286 0.2692078607059804
0.914 0.6855742297694114 -0.1875623509966827 -0.2583356305666642 0.5504966683855653 -0.2428553350524288 0.2691568093046260
0.9141 0.6857099623274873 -0.1875026901753021 -0.2597986331452283 0.5500337036661071 -0.2428473433740124 0.2691056593835870
0.9142 0.6858458145384890 -0.1874429557116873 -0.2612629511850710 0.5495658077492509 -0.2428382688396086 0.2690539939348033
0.9143 0.6859817866277218 -0.1873831474537777 -0.2627285723580517 0.5490929612194274 -0.2428290872511771 0.2690020682314052
0.9144 0.6861178788211726 -0.1873232652490447 -0.2641954848611600 0.5486151465509893 -0.2428214826962079 0.2689511309631065
0.9145 0.6862540913455134 -0.1872633089444877 -0.2656636767247577 0.5481323426018094 -0.2428127707806041 0.2688996485971381
0.9146 0.6863904244281019 -0.1872032783866340 -0.2671331362373910 0.5476445325552739 -0.2428041428096375 0.2688482367683656
0.9147 0.6865268782969865 -0.1871431734215355 -0.2686038502054609 0.5471516973773810 -0.2427947729246606 0.2687963811986432
0.9148 0.6866634531809090 -0.1870829938947675 -0.2700758049897156 0.5466538166292424 -0.2427870254134327 0.2687452248481126
0.9149 0.6868001493093062 -0.1870227396514256 -0.2715489914990378 0.5461508720428578 -0.2427774334301627 0.2686938882909660
0.915 0.6869369669123135 -0.1869624105361254 -0.2730233943130762 0.5456428466795366 -0.2427675673986207 0.2686421723700172
0.9151 0.6870739062207686 -0.1869020063929987 -0.2744990020600206 0.5451297188609746 -0.2427597988753340 0.2685908404008394
0.9152 0.6872109674662137 -0.1868415270656923 -0.2759758024389898 0.5446114695831421 -0.2427515180203732 0.2685391481853852
0.9153 0.6873481508808981 -0.1867809723973665 -0.2774537803761278 0.5440880808127688 -0.2427431069334265 0.2684882623372785
0.9154 0.6874854566977825 -0.1867203422306910 -0.2789329240517354 0.5435595336283488 -0.2427344175511011 0.2684366851354899
0.9155 0.6876228851505406 -0.1866596364078457 -0.2804132201343740 0.5430258075961460 -0.2427241756332016 0.2683858584070591
0.9156 0.6877604364735630 -0.1865988547705160 -0.2818946551255068 0.5424868836773323 -0.2427152815051387 0.2683338907570434
0.9157 0.6878981109019598 -0.1865379971598918 -0.2833772161921652 0.5419427446489303 -0.2427057375609645 0.2682825948206896
0.9158 0.6880359086715639 -0.1864770634166661 -0.2848608883426178 0.5413933684127940 -0.2426959949679096 0.2682313033371258
0.9159 0.6881738300189351 -0.1864160533810312 -0.2863456594060044 0.5408387375444914 -0.2426876421947777 0.2681798455039752
0.916 0.6883118751813599 -0.1863549668926776 -0.2878315151999864 0.5402788322649828 -0.2426795342343199 0.2681287272980557
0.9161 0.6884500443968591 -0.1862938037907924 -0.2893184421054809 0.5397136333010661 -0.2426701785503963 0.2680771497390954
0.9162 0.6885883379041868 -0.1862325639140560 -0.2908064236837269 0.5391431205550823 -0.2426606930484477 0.2680263746897866
0.9163 0.6887267559428371 -0.1861712471006395 -0.2922954475141029 0.5385672755612328 -0.2426510504799461 0.2679749582591273
0.9164 0.6888652987530437 -0.1861098531882043 -0.2937855010487430 0.5379860793553622 -0.2426418227752143 0.2679235720423533
0.9165 0.6890039665757868 -0.1860483820138989 -0.2952765668284030 0.5373995109540626 -0.2426332842871323 0.2678723302270844
0.9166 0.6891427596527935 -0.1859868334143564 -0.2967686318096092 0.5368075509260231 -0.2426231332272666 0.2678209978727469
0.9167 0.6892816782265422 -0.1859252072256926 -0.2982616803637024 0.5362101813964259 -0.2426142451006847 0.2677695412239537
0.9168 0.6894207225402650 -0.1858635032835036 -0.2997556982620997 0.5356073807870539 -0.2426037184922549 0.2677187265359009
0.9169 0.6895598928379529 -0.1858017214228640 -0.3012506711194174 0.5349991311899435 -0.2425954585034724 0.2676672465422583
0.917 0.6896991893643562 -0.1857398614783242 -0.3027465828097225 0.5343854117029024 -0.2425844957279759 0.2676159501635351
0.9171 0.6898386123649899 -0.1856779232839080 -0.3042434183914650 0.5337662034740283 -0.2425752279793586 0.2675649126270986
0.9172 0.6899781620861366 -0.1856159066731113 -0.3057411624756838 0.5331414871645369 -0.2425650866889127 0.2675138777464700
0.9173 0.6901178387748495 -0.1855538114788978 -0.3072397996117695 0.5325112412203660 -0.2425566633503598 0.2674626996181119
0.9174 0.6902576426789563 -0.1854916375336986 -0.3087393147334870 0.5318754481868401 -0.2425475559893413 0.2674120002488497
0.9175 0.6903975740470608 -0.1854293846694091 -0.3102396911309725 0.5312340873431596 -0.2425370758123225 0.2673605076085338
0.9176 0.6905376331285488 -0.1853670527173871 -0.3117409131127488 0.5305871385285414 -0.2425265937154968 0.2673092000448226
0.9177 0.6906778201735904 -0.1853046415084494 -0.3132429641396397 0.5299345832599636 -0.2425170047277260 0.2672580533739550
0.9178 0.6908181354331423 -0.1852421508728704 -0.3147458305415605 0.5292764012147043 -0.2425068342691015 0.2672068107715091
0.9179 0.6909585791589532 -0.1851795806403795 -0.3162494930173042 0.5286125707969875 -0.2424970637014342 0.2671554593623930
0.918 0.6910991516035654 -0.1851169306401587 -0.3177539364938760 0.5279430741529162 -0.2424884801722926 0.2671047947479993
0.9181 0.6912398530203200 -0.1850542007008397 -0.3192591440898656 0.5272678915135270 -0.2424774973943145 0.2670534839038196
0.9182 0.6913806836633594 -0.1849913906505024 -0.3207650978621730 0.5265870010929382 -0.2424683703881768 0.2670026671870978
0.9183 0.6915216437876301 -0.1849285003166712 -0.3222717834593479 0.5259003844453583 -0.2424579698282335 0.2669517833923410
0.9184 0.6916627336488885 -0.1848655295263141 -0.3237791826531672 0.5252080223338539 -0.2424483139246528 0.2669006037947987
0.9185 0.6918039535037024 -0.1848024781058389 -0.3252872779087947 0.5245098934928002 -0.2424378814435239 0.2668498287473988
0.9186 0.6919453036094546 -0.1847393458810916 -0.3267960513472821 0.5238059774899329 -0.2424269607203019 0.2667981397568520
0.9187 0.6920867842243482 -0.1846761326773533 -0.3283054870931674 0.5230962543933233 -0.2424165938298018 0.2667470915974045
0.9188 0.6922283956074081 -0.1846128383193376 -0.3298155674479764 0.5223807067784273 -0.2424061734902692 0.2666969193743079
0.9189 0.6923701380184867 -0.1845494626311893 -0.3313262734050868 0.5216593112888344 -0.2423959305832373 0.2666455707155308
0.919 0.6925120117182656 -0.1844860054364804 -0.3328375878801841 0.5209320489879694 -0.2423870221666486 0.2665947500681183
0.9191 0.6926540169682607 -0.1844224665582080 -0.3343494921694030 0.5201989015345688 -0.2423772260729893 0.2665443620662928
0.9192 0.6927961540308250 -0.1843588458187922 -0.3358619687413752 0.5194598460471944 -0.2423656648353158 0.2664928329145230
0.9193 0.6929384231691534 -0.1842951430400728 -0.3373749989424515 0.5187148641107115 -0.2423552603433182 0.2664420469423748
0.9194 0.6930808246472844 -0.1842313580433078 -0.3388885642983575 0.5179639350939676 -0.2423449359077623 0.2663916458076883
0.9195 0.6932233587301067 -0.1841674906491692 -0.3404026460161873 0.5172070396227751 -0.2423332746000807 0.2663404491306874
0.9196 0.6933660256833605 -0.1841035406777417 -0.3419172265777284 0.5164441557047543 -0.2423217255227153 0.2662886182329757
0.9197 0.6935088257736421 -0.1840395079485198 -0.3434322846355081 0.5156752649361199 -0.2423128839357241 0.2662384539953852
0.9198 0.6936517592684091 -0.1839753922804045 -0.3449478028859099 0.5149003456061343 -0.2423031147697096 0.2661878884050221
0.9199 0.6937948264359814 -0.1839111934917011 -0.3464637620592132 0.5141193797660256 -0.2422919605254585 0.2661375297515759
0.92 0.6939380275455474 -0.1838469114001172 -0.3479801415723307 0.5133323441271790 -0.2422798933688629 0.2660858943009900
0.9201 0.6940813628671675 -0.1837825458227585 -0.3494969235118059 0.5125392212006906 -0.2422709793135747 0.2660362247775457
0.9202 0.6942248326717774 -0.1837180965761269 -0.3510140862940388 0.5117399889952409 -0.2422592595027791 0.2659843119101203
0.9203 0.6943684372311920 -0.1836535634761185 -0.3525316113569184 0.5109346273376843 -0.2422488479669312 0.2659344652305928
0.9204 0.6945121768181099 -0.1835889463380195 -0.3540494779514966 0.5101231170002556 -0.2422375760368358 0.2658827845917512
0.9205 0.6946560517061174 -0.1835242449765035 -0.3555676660755952 0.5093054375952171 -0.2422257675775505 0.2658322613127933
0.9206 0.6948000621696914 -0.1834594592056308 -0.3570861563563556 0.5084815681705851 -0.2422155982648874 0.2657821661983633
0.9207 0.6949442084842051 -0.1833945888388426 -0.3586049268442193 0.5076514879813830 -0.2422044460813735 0.2657313393343561
0.9208 0.6950884909259309 -0.1833296336889604 -0.3601239559854727 0.5068151773951454 -0.2421947973331305 0.2656805960242163
0.9209 0.6952329097720446 -0.1832645935681821 -0.3616432251322696 0.5059726165945827 -0.2421826979917725 0.2656296567446289
0.921 0.6953774653006298 -0.1831994682880795 -0.3631627129854262 0.5051237844874596 -0.2421721517361790 0.2655799641849073
0.9211 0.6955221577906817 -0.1831342576595958 -0.3646823984320027 0.5042686606705514 -0.2421595888954109 0.2655289990373912
0.9212 0.6956669875221113 -0.1830689614930417 -0.3662022582812294 0.5034072249201097 -0.2421493420944527 0.2654783195833979
0.9213 0.6958119547757505 -0.1830035795980934 -0.3677222718988960 0.5025394572960247 -0.2421371239800699 0.2654277893709942
0.9214 0.6959570598333543 -0.1829381117837896 -0.3692424183083602 0.5016653368699008 -0.2421268474980016 0.2653773481142561
0.9215 0.6961023029776065 -0.1828725578585285 -0.3707626754044835 0.5007848431852957 -0.2421153041669331 0.2653264863117822
0.9216 0.6962476844921244 -0.1828069176300641 -0.3722830206669555 0.4998979573891225 -0.2421041684745384 0.2652765273890791
0.9217 0.6963932046614612 -0.1827411909055045 -0.3738034325820927 0.4990046566845989 -0.2420910302291409 0.2652252526289180
0.9218 0.6965388637711115 -0.1826753774913079 -0.3753238871879314 0.4981049217807081 -0.2420807324077209 0.2651752049895381
0.9219 0.6966846621075165 -0.1826094771932803 -0.3768443639523775 0.4971987342134782 -0.2420706968418632 0.2651248606891143
0.922 0.6968305999580654 -0.1825434898165722 -0.3783648399036046 0.4962860695466571 -0.2420578402895578 0.2650742484287159
0.9221 0.6969766776111035 -0.1824774151656752 -0.3798852905764283 0.4953669095823654 -0.2420459239978175 0.2650240645937157
0.9222 0.6971228953559335 -0.1824112530444196 -0.3814056943171749 0.4944412351586268 -0.2420342674608453 0.2649734259921110
0.9223 0.6972692534828219 -0.1823450032559710 -0.3829260271903036 0.4935090238355414 -0.2420236134326098 0.2649235833066151
0.9224 0.6974157522830019 -0.1822786656028269 -0.3844462659128529 0.4925702568510772 -0.2420107186231960 0.2648726758679528
0.9225 0.6975623920486795 -0.1822122398868145 -0.3859663869113815 0.4916249133786847 -0.2419986558891884 0.2648224003540782
0.9226 0.6977091730730366 -0.1821457259090866 -0.3874863662042378 0.4906729725463396 -0.2419871443026959 0.2647719927152434
0.9227 0.6978560956502360 -0.1820791234701192 -0.3890061807695533 0.4897144125734327 -0.2419749943231204 0.2647214535910995
0.9228 0.6980031600754263 -0.1820124323697072 -0.3905258054011911 0.4887492164230284 -0.2419630974264100 0.2646714210858002
0.9229 0.6981503666447462 -0.1819456524069632 -0.3920452154164037 0.4877773601774765 -0.2419511594763696 0.2646216398577220
0.923 0.6982977156553281 -0.1818787833803123 -0.3935643879258472 0.4867988264780469 -0.2419376616253141 0.2645705849497675
0.9231 0.6984452074053054 -0.1818118250874899 -0.3950832971845680 0.4858135938545193 -0.2419271330057062 0.2645210210613623
0.9232 0.6985928421938137 -0.1817447773255381 -0.3966019177751669 0.4848216403765266 -0.2419161745844485 0.2644710879005485
0.9233 0.6987406203209982 -0.1816776398908030 -0.3981202257190111 0.4838229483365688 -0.2419021438529229 0.2644199359370731
0.9234 0.6988885420880173 -0.1816104125789307 -0.3996381951443315 0.4828174955072869 -0.2418909378175403 0.2643701653122910
0.9235 0.6990366077970473 -0.1815430951848644 -0.4011558009334713 0.4818052633222040 -0.2418784809299263 0.2643202827568339
0.9236 0.6991848177512875 -0.1814756875028413 -0.4026730170871045 0.4807862284630161 -0.2418668969757512 0.2642709002814366
0.9237 0.6993331722549642 -0.1814081893263884 -0.4041898176568623 0.4797603742687933 -0.2418543191531057 0.2642204212759938
0.9238 0.6994816716133369 -0.1813406004483199 -0.4057061768116481 0.4787276770811314 -0.2418411883587395 0.2641701317461051
0.9239 0.6996303161327019 -0.1812729206607340 -0.4072220682563354 0.4776881187065889 -0.2418288016111057 0.2641200340211214
0.924 0.6997791061203981 -0.1812051497550088 -0.4087374659103153 0.4766416793489260 -0.2418169414279333 0.2640704608558364
0.9241 0.6999280418848103 -0.1811372875217993 -0.4102523432632767 0.4755883362111129 -0.2418040517334935 0.2640198002164314
0.9242 0.7000771237353772 -0.1810693337510340 -0.4117666734707296 0.4745280720062195 -0.2417909089847549 0.2639699123287070
0.9243 0.7002263519825932 -0.1810012882319110 -0.4132804286797533 0.4734608642846770 -0.2417787515712462 0.2639199056223462
0.9244 0.7003757269380142 -0.1809331507528953 -0.4147935812209354 0.4723866937608580 -0.2417661935246846 0.2638699855081093
0.9245 0.7005252489142642 -0.1808649211017143 -0.4163061064536985 0.4713055392510409 -0.2417529886556067 0.2638199802684288
0.9246 0.7006749182250389 -0.1807965990653551 -0.4178179739563262 0.4702173809555960 -0.2417408285023668 0.2637711054140149
0.9247 0.7008247351851108 -0.1807281844300610 -0.4193291569600238 0.4691222019122004 -0.2417283547463278 0.2637215457613127
0.9248 0.7009747001103351 -0.1806596769813271 -0.4208396289562418 0.4680199768694077 -0.2417158228951193 0.2636713633322617
0.9249 0.7011248133176541 -0.1805910765038970 -0.4223493590989945 0.4669106893523459 -0.2417025521219448 0.2636213751619778
0.925 0.7012750751251026 -0.1805223827817603 -0.4238583195139451 0.4657943179359384 -0.2416894822619504 0.2635713540726168
0.9251 0.7014254858518135 -0.1804535955981473 -0.4253664831399263 0.4646708413178885 -0.2416767725959001 0.2635221796283768
0.9252 0.7015760458180225 -0.1803847147355264 -0.4268738203662123 0.4635402412454126 -0.2416630518071232 0.2634720429027230
0.9253 0.7017267553450734 -0.1803157399756000 -0.4283803015573813 0.4624024973309107 -0.2416505887231895 0.2634225506773288
0.9254 0.7018776147554242 -0.1802466710993011 -0.4298858986879887 0.4612575898002896 -0.2416372990278258 0.2633728310539777
0.9255 0.7020286243726518 -0.1801775078867891 -0.4313905809045723 0.4601054984064764 -0.2416232051102794 0.2633225940057734
0.9256 0.7021797845214566 -0.1801082501174471 -0.4328943195080069 0.4589462024000826 -0.2416103778816938 0.2632731568935570
0.9257 0.7023310955276699 -0.1800388975698764 -0.4343970841769106 0.4577796836324385 -0.2415974846650190 0.2632239059068728
0.9258 0.7024825577182570 -0.1799694500218944 -0.4358988457445824 0.4566059203225759 -0.2415837764483839 0.2631740775564171
0.9259 0.7026341714213250 -0.1798999072505297 -0.4373995724719014 0.4554248934294042 -0.2415727027629655 0.2631255045219743
0.926 0.7027859369661265 -0.1798302690320190 -0.4388992346777455 0.4542365830202785 -0.2415568458137162 0.2630750974547404
0.9261 0.7029378546830655 -0.1797605351418029 -0.4403978023219153 0.4530409692515942 -0.2415436013161157 0.2630254758758828
0.9262 0.7030899249037040 -0.1796907053545214 -0.4418952415054699 0.4518380344031666 -0.2415306093804760 0.2629764473790709
0.9263 0.7032421479607663 -0.1796207794440110 -0.4433915250525091 0.4506277555336991 -0.2415159686156507 0.2629268105583085
0.9264 0.7033945241881460 -0.1795507571833006 -0.4448866192524916 0.4494101143973816 -0.2415030944300244 0.2628774371045104
0.9265 0.7035470539209097 -0.1794806383446069 -0.4463804930051446 0.4481850909756107 -0.2414892416676557 0.2628282994254737
0.9266 0.7036997374953049 -0.1794104226993310 -0.4478731131630872 0.4469526661706237 -0.2414763232639517 0.2627792352560879
0.9267 0.7038525752487645 -0.1793401100180540 -0.4493644511665102 0.4457128223372301 -0.2414612307329441 0.2627293639610542
0.9268 0.7040055675199126 -0.1792697000705332 -0.4508544704940504 0.4444655350632146 -0.2414478902025922 0.2626803574745183
0.9269 0.7041587146485710 -0.1791991926256984 -0.4523431422680554 0.4432107881529089 -0.2414347576708596 0.2626314069786543
0.927 0.7043120169757645 -0.1791285874516464 -0.4538304309638779 0.4419485629078754 -0.2414204585674907 0.2625823852058730
0.9271 0.7044654748437263 -0.1790578843156390 -0.4553163054763175 0.4406788374396998 -0.2414069722100662 0.2625330315117431
0.9272 0.7046190885959054 -0.1789870829840973 -0.4568007324400532 0.4394015948765817 -0.2413924263995604 0.2624836483525004
0.9273 0.7047728585769711 -0.1789161832225978 -0.4582836773597326 0.4381168152429299 -0.2413785433552899 0.2624347177446726
0.9274 0.7049267851328204 -0.1788451847958689 -0.4597651066213468 0.4368244776650292 -0.2413641841604933 0.2623854186964859
0.9275 0.7050808686105823 -0.1787740874677856 -0.4612449873336515 0.4355245643295381 -0.2413482339773571 0.2623354549404922
0.9276 0.7052351093586255 -0.1787028910013663 -0.4627232853406157 0.4342170562124482 -0.2413352348108742 0.2622868827529199
0.9277 0.7053895077265637 -0.1786315951587675 -0.4641999665861146 0.4329019344500928 -0.2413222367597488 0.2622383213810969
0.9278 0.7055440640652618 -0.1785601997012810 -0.4656749947591194 0.4315791789427332 -0.2413079163543756 0.2621894587828945
0.9279 0.7056987787268425 -0.1784887043893275 -0.4671483362357938 0.4302487699075893 -0.2412918363200446 0.2621404191377309
0.928 0.7058536520646921 -0.1784171089824543 -0.4686199569897091 0.4289106911109463 -0.2412780480771637 0.2620915657067123
0.9281 0.7060086844334665 -0.1783454132393296 -0.4700898198353418 0.4275649218013387 -0.2412640428009032 0.2620432235850536
0.9282 0.7061638761890987 -0.1782736169177386 -0.4715578899592552 0.4262114440328017 -0.2412499873927803 0.2619940979320122
0.9283 0.7063192276888042 -0.1782017197745790 -0.4730241318321703 0.4248502387805873 -0.2412355299377654 0.2619455991563270
0.9284 0.7064747392910870 -0.1781297215658565 -0.4744885098237928 0.4234812858018982 -0.2412188514779055 0.2618954641587447
0.9285 0.7066304113557473 -0.1780576220466798 -0.4759509880859491 0.4221045705170266 -0.2412047779423723 0.2618471772545856
0.9286 0.7067862442438871 -0.1779854209712574 -0.4774115272892407 0.4207200707239512 -0.2411905122647620 0.2617990710531515
0.9287 0.7069422383179172 -0.1779131180928916 -0.4788700935520728 0.4193277687764995 -0.2411760682687074 0.2617502506714867
0.9288 0.7070983939415630 -0.1778407131639750 -0.4803266488402104 0.4179276463100518 -0.2411604630413466 0.2617014248317834
0.9289 0.7072547114798715 -0.1777682059359850 -0.4817811561297947 0.4165196859654523 -0.2411465989028547 0.2616537879926164
0.929 0.7074111912992190 -0.1776955961594796 -0.4832335776984022 0.4151038681041170 -0.2411316352655814 0.2616048664941381
0.9291 0.7075678337673155 -0.1776228835840934 -0.4846838762620073 0.4136801753628567 -0.2411160904059055 0.2615561525971675
0.9292 0.7077246392532138 -0.1775500679585314 -0.4861320139315780 0.4122485886526617 -0.2411010449631343 0.2615076145970552
0.9293 0.7078816081273147 -0.1774771490305655 -0.4875779513563486 0.4108090907566734 -0.2410860920198220 0.2614590937287565
0.9294 0.7080387407613745 -0.1774041265470290 -0.4890216514040175 0.4093616639347132 -0.2410706885842259 0.2614104785146059
0.9295 0.7081960375285115 -0.1773310002538127 -0.4904630736753414 0.4079062895553226 -0.2410559362953368 0.2613626648345583
0.9296 0.7083534988032136 -0.1772577698958590 -0.4919021821594660 0.4064429504069118 -0.2410417527635167 0.2613149041688970
0.9297 0.7085111249613445 -0.1771844352171576 -0.4933389341300075 0.4049716277517331 -0.2410241632357382 0.2612649459064056
0.9298 0.7086689163801506 -0.1771109959607406 -0.4947732912389700 0.4034923048101438 -0.2410089954463489 0.2612174160498725
0.9299 0.7088268734382686 -0.1770374518686779 -0.4962052149041027 0.4020049638354141 -0.2409941937494347 0.2611690726533586
0.93 0.7089849965157332 -0.1769638026820712 -0.4976346645990936 0.4005095882861362 -0.2409783844799181 0.2611205515826105
0.9301 0.7091432859939818 -0.1768900481410503 -0.4990615996037525 0.3990061588058231 -0.2409630881018873 0.2610725325085295
0.9302 0.7093017422558647 -0.1768161879847673 -0.5004859793485441 0.3974946582029419 -0.2409472309854668 0.2610245839804343
0.9303 0.7094603656856502 -0.1767422219513914 -0.5019077630652530 0.3959750713006561 -0.2409310379724706 0.2609760697287113
0.9304 0.7096191566690325 -0.1766681497781048 -0.5033269092323549 0.3944473791326233 -0.2409155534454411 0.2609284014082490
0.9305 0.7097781155931400 -0.1765939712010961 -0.5047433776650250 0.3929115658699999 -0.2409001154831052 0.2608806600366793
0.9306 0.7099372428465407 -0.1765196859555569 -0.5061571266480300 0.3913676140287089 -0.2408838807368152 0.2608324864427691
0.9307 0.7100965388192511 -0.1764452937756747 -0.5075681128783119 0.3898155064919342 -0.2408680193074736 0.2607840867918491
0.9308 0.7102560039027437 -0.1763707943946295 -0.5089762952540231 0.3882552265422655 -0.2408531304843199 0.2607368540358398
0.9309 0.7104156384899535 -0.1762961875445872 -0.5103816311708499 0.3866867574384279 -0.2408365098235449 0.2606890432562382
0.931 0.7105754429752864 -0.1762214729566953 -0.5117840785359467 0.3851100840897876 -0.2408198910804474 0.2606405162121978
0.9311 0.7107354177546260 -0.1761466503610767 -0.5131835936135285 0.3835251883880715 -0.2408027880168683 0.2605917335239665
0.9312 0.7108955632253426 -0.1760717194868247 -0.5145801325866891 0.3819320544292534 -0.2407879300358316 0.2605452182346381
0.9313 0.7110558797863002 -0.1759966800619980 -0.5159736531943244 0.3803306673021391 -0.2407714860218533 0.2604973416621558
0.9314 0.7112163678378630 -0.1759215318136144 -0.5173641112744830 0.3787210078242756 -0.2407550495862622 0.2604499040892597
0.9315 0.7113770277819057 -0.1758462744676464 -0.5187514620001648 0.3771030626039611 -0.2407393391095351 0.2604025535003060
0.9316 0.7115378600218198 -0.1757709077490146 -0.5201356619720202 0.3754768155340198 -0.2407228812042213 0.2603551638672965
0.9317 0.7116988649625211 -0.1756954313815835 -0.5215166662407402 0.3738422505412329 -0.2407060429156028 0.2603073277289980
0.9318 0.7118600430104593 -0.1756198450881537 -0.5228944301859548 0.3721993523145143 -0.2406895500928631 0.2602593784886249
0.9319 0.7120213945736243 -0.1755441485904594 -0.5242689087469644 0.3705481045962777 -0.2406720729071218 0.2602115574657958
0.932 0.7121829200615560 -0.1754683416091600 -0.5256400543879407 0.3688884907257176 -0.2406555726813973 0.2601647899956143
0.9321 0.7123446198853501 -0.1753924238638353 -0.5270078243352825 0.3672204987220048 -0.2406400571128207 0.2601181031073105
0.9322 0.7125064944576696 -0.1753163950729806 -0.5283721710493507 0.3655441115456115 -0.2406228020822130 0.2600699762184468
0.9323 0.7126685441927494 -0.1752402549539996 -0.5297330479268027 0.3638593141120792 -0.2406060048749475 0.2600231684707899
0.9324 0.7128307695064077 -0.1751640032231999 -0.5310904089777956 0.3621660915577932 -0.2405888916548090 0.2599753380577788
0.9325 0.7129931708160520 -0.1750876395957857 -0.5324442070829736 0.3604644301509414 -0.2405723560706506 0.2599281195408136
0.9326 0.7131557485406893 -0.1750111637858535 -0.5337943949814270 0.3587543142708982 -0.2405551329731723 0.2598815734967483
0.9327 0.7133185031009336 -0.1749345755063849 -0.5351409248157019 0.3570357290103345 -0.2405377847801509 0.2598342434425598
0.9328 0.7134814349190137 -0.1748578744692408 -0.5364837486965115 0.3553086616407646 -0.2405202509194940 0.2597871494241527
0.9329 0.7136445444187844 -0.1747810603851567 -0.5378228196872801 0.3535730966303333 -0.2405029275839109 0.2597394154747302
0.933 0.7138078320257324 -0.1747041329637341 -0.5391580894857975 0.3518290215215762 -0.2404852457349802 0.2596927964642702
0.9331 0.7139712981669858 -0.1746270919134375 -0.5404895073628817 0.3500764190491301 -0.2404685256514547 0.2596456361490551
0.9332 0.7141349432713238 -0.1745499369415858 -0.5418170264588708 0.3483152782257137 -0.2404505517071325 0.2595984003164395
0.9333 0.7142987677691846 -0.1744726677543473 -0.5431405968822815 0.3465455858300114 -0.2404329883121979 0.2595518061464635
0.9334 0.7144627720926742 -0.1743952840567329 -0.5444601674887385 0.3447673271654106 -0.2404156264572722 0.2595048192796078
0.9335 0.7146269566755763 -0.1743177855525906 -0.5457756910288159 0.3429804892523811 -0.2403985465645103 0.2594589501143000
0.9336 0.7147913219533603 -0.1742401719445983 -0.5470871151493149 0.3411850589794160 -0.2403807636558553 0.2594117325461295
0.9337 0.7149558683631905 -0.1741624429342584 -0.5483943913776031 0.3393810230523719 -0.2403632233480827 0.2593656821722482
0.9338 0.7151205963439358 -0.1740845982218904 -0.5496974674059871 0.3375683694019887 -0.2403460108607047 0.2593185321748822
0.9339 0.7152855063361785 -0.1740066375066250 -0.5509962932969161 0.3357470849015042 -0.2403274473198154 0.2592723713744522
0.934 0.7154505987822235 -0.1739285604863978 -0.5522908157521051 0.3339171557954365 -0.2403097576510761 0.2592258966782373
0.9341 0.7156158741261076 -0.1738503668579426 -0.5535809856300236 0.3320785740004016 -0.2402917333463366 0.2591795947470344
0.9342 0.7157813328136093 -0.1737720563167844 -0.5548667482856077 0.3302313217672652 -0.2402728045636214 0.2591314146764204
0.9343 0.7159469752922575 -0.1736936285572334 -0.5561480535887682 0.3283753922208398 -0.2402554640523781 0.2590867209219689
0.9344 0.7161128020113422 -0.1736150832723782 -0.5574248483567455 0.3265107687752763 -0.2402373778334165 0.2590403645947324
0.9345 0.7162788134219225 -0.1735364201540784 -0.5586970777252970 0.3246374440257051 -0.2402188018734414 0.2589934213421539
0.9346 0.7164450099768374 -0.1734576388929593 -0.5599646912902486 0.3227554036392246 -0.2402012062285054 0.2589486554676160
0.9347 0.7166113921307150 -0.1733787391784035 -0.5612276346619206 0.3208646390624855 -0.2401827461077416 0.2589019360587346
0.9348 0.7167779603399833 -0.1732997206985448 -0.5624858516388642 0.3189651368803240 -0.2401639996743747 0.2588560404546167
0.9349 0.7169447150628780 -0.1732205831402617 -0.5637392915930359 0.3170568866173938 -0.2401456746246423 0.2588094529151861
0.935 0.7171116567594545 -0.1731413261891694 -0.5649878973616684 0.3151398786011343 -0.2401272868483787 0.2587637171034201
0.9351 0.7172787858915962 -0.1730619495296141 -0.5662316153751540 0.3132141020036508 -0.2401088738101465 0.2587188142064953
0.9352 0.7174461029230263 -0.1729824528446643 -0.5674703897611310 0.3112795462929516 -0.2400905814058549 0.2586722977484641
0.9353 0.7176136083193160 -0.1729028358161058 -0.5687041670523760 0.3093362023373983 -0.2400712777273161 0.2586261160284961
0.9354 0.7177813025478969 -0.1728230981244323 -0.5699328887231934 0.3073840589797316 -0.2400526129211858 0.2585802189790713
0.9355 0.7179491860780686 -0.1727432394488399 -0.5711564987885325 0.3054231053383289 -0.2400336283274118 0.2585352974949288
0.9356 0.7181172593810118 -0.1726632594672189 -0.5723749438931990 0.3034533365798837 -0.2400143317242335 0.2584890079289828
0.9357 0.7182855229297969 -0.1725831578561475 -0.5735881632272324 0.3014747390932004 -0.2399947922281727 0.2584425713391692
0.9358 0.7184539771993944 -0.1725029342908829 -0.5747961029904651 0.2994873063792556 -0.2399768164728432 0.2583977845628682
0.9359 0.7186226226666871 -0.1724225884453552 -0.5759987036320955 0.2974910275922614 -0.2399577820974616 0.2583531143152277
0.936 0.7187914598104786 -0.1723421199921597 -0.5771959083944282 0.2954858961278277 -0.2399376624765064 0.2583066898821034
0.9361 0.7189604891115061 -0.1722615286025487 -0.5783876587511743 0.2934719020685440 -0.2399181831546570 0.2582611607770993
0.9362 0.7191297110524495 -0.1721808139464247 -0.5795738960921401 0.2914490381649920 -0.2398995161263916 0.2582163543202141
0.9363 0.7192991261179436 -0.1720999756923327 -0.5807545623345721 0.2894172957813852 -0.2398801192664612 0.2581719439159130
0.9364 0.7194687347945877 -0.1720190135074518 -0.5819295977581200 0.2873766698848837 -0.2398602302754792 0.2581253855958366
0.9365 0.7196385375709577 -0.1719379270575885 -0.5830989438799423 0.2853271494223114 -0.2398415931577902 0.2580811596888195
0.9366 0.7198085349376165 -0.1718567160071679 -0.5842625404840128 0.2832687303190454 -0.2398215020056499 0.2580357665136810
0.9367 0.7199787273871260 -0.1717753800192267 -0.5854203273245224 0.2812014020878074 -0.2398008751252853 0.2579889450061300
0.9368 0.7201491154140578 -0.1716939187554050 -0.5865722434796261 0.2791251611610716 -0.2397805992561693 0.2579440612762314
0.9369 0.7203196995150040 -0.1716123318759376 -0.5877182294658706 0.2770400006914483 -0.2397611950240421 0.2578991118533925
0.937 0.7204904801885901 -0.1715306190396475 -0.5888582228922842 0.2749459130649802 -0.2397418914253673 0.2578550298922486
0.9371 0.7206614579354845 -0.1714487799039368 -0.5899921630419999 0.2728428938002263 -0.2397227954625127 0.2578120134430821
0.9372 0.7208326332584124 -0.1713668141247783 -0.5911199879908660 0.2707309372037027 -0.2397011591821618 0.2577657892197643
0.9373 0.7210040066621655 -0.1712847213567082 -0.5922416351471883 0.2686100365367838 -0.2396816126931633 0.2577217567754653
0.9374 0.7211755786536148 -0.1712025012528169 -0.5933570438937645 0.2664801873071485 -0.2396619044347566 0.2576777599784907
0.9375 0.7213473497417223 -0.1711201534647419 -0.5944661491346323 0.2643413851915501 -0.2396411546090002 0.2576322589945486
0.9376 0.7215193204375526 -0.1710376776426580 -0.5955688898419973 0.2621936261178397 -0.2396208101210598 0.2575881486445921
0.9377 0.7216914912542856 -0.1709550734352697 -0.5966652008968159 0.2600369041082239 -0.2396008654407981 0.2575440216101158
0.9378 0.7218638627072273 -0.1708723404898032 -0.5977550178113590 0.2578712160423736 -0.2395796505121069 0.2574991002583731
0.9379 0.7220364353138232 -0.1707894784519961 -0.5988382777993833 0.2556965574184841 -0.2395601131501760 0.2574559543756002
0.938 0.7222092095936708 -0.1707064869660907 -0.5999149173907164 0.2535129264158387 -0.2395382286638812 0.2574098922980579
0.9381 0.7223821860685308 -0.1706233656748242 -0.6009848689922499 0.2513203187399046 -0.2395181231989295 0.2573674896787540
0.9382 0.7225553652623399 -0.1705401142194203 -0.6020480696163980 0.2491187318409500 -0.2394970845633342 0.2573223790948422
0.9383 0.7227287477012241 -0.1704567322395800 -0.6031044520060905 0.2469081620967990 -0.2394759175778204 0.2572779071545090
0.9384 0.7229023339135105 -0.1703732193734733 -0.6041539511094909 0.2446886093838385 -0.2394551253971872 0.2572345678197844
0.9385 0.7230761244297408 -0.1702895752577302 -0.6051965013498198 0.2424600694980166 -0.2394342831411831 0.2571908981869149
0.9386 0.7232501197826833 -0.1702057995274308 -0.6062320351518497 0.2402225425669551 -0.2394141535179889 0.2571478458118406
0.9387 0.7234243205073465 -0.1701218918160969 -0.6072604846980005 0.2379760264453691 -0.2393922968762736 0.2571029792673201
0.9388 0.7235987271409915 -0.1700378517556835 -0.6082817857665082 0.2357205201361260 -0.2393692439223060 0.2570575450831466
0.9389 0.7237733402231460 -0.1699536789765683 -0.6092958670399305 0.2334560233664525 -0.2393497939908622 0.2570155939344558
0.939 0.7239481602956161 -0.1698693731075430 -0.6103026625708271 0.2311825346507268 -0.2393282153761454 0.2569729236093275
0.9391 0.7241231879025023 -0.1697849337758040 -0.6113021037387963 0.2289000556980104 -0.2393068357697078 0.2569288626733318
0.9392 0.7242984235902093 -0.1697003606069431 -0.6122941205414644 0.2266085847191099 -0.2392850771364331 0.2568857941222738
0.9393 0.7244738679074620 -0.1696156532249374 -0.6132786449759871 0.2243081248713942 -0.2392637438694712 0.2568426824114841
0.9394 0.7246495214053184 -0.1695308112521404 -0.6142556089136039 0.2219986749703546 -0.2392419771427592 0.2567992817095494
0.9395 0.7248253846371840 -0.1694458343092715 -0.6152249385973591 0.2196802360981860 -0.2392198038432242 0.2567550915156369
0.9396 0.7250014581588243 -0.1693607220154079 -0.6161865675961441 0.2173528121595384 -0.2391968719653832 0.2567107176368984
0.9397 0.7251777425283795 -0.1692754739879728 -0.6171404230569681 0.2150164039037813 -0.2391758748910159 0.2566686878189862
0.9398 0.7253542383063786 -0.1691900898427265 -0.6180864359683288 0.2126710135079006 -0.2391535330001658 0.2566263008449639
0.9399 0.7255309460557539 -0.1691045691937570 -0.6190245342744466 0.2103166441913101 -0.2391312005280208 0.2565830245112919
0.94 0.7257078663418540 -0.1690189116534689 -0.6199546451252295 0.2079532986015542 -0.2391086465655504 0.2565388742323539
0.9401 0.7258849997324593 -0.1689331168325741 -0.6208766985524660 0.2055809801801381 -0.2390865135015531 0.2564965292070232
0.9402 0.7260623467977964 -0.1688471843400810 -0.6217906195977227 0.2031996934702903 -0.2390643868522696 0.2564543228336918
0.9403 0.7262399081105509 -0.1687611137832848 -0.6226963384162572 0.2008094431613730 -0.2390418931018774 0.2564110164214129
0.9404 0.7264176842458855 -0.1686749047677569 -0.6235937805960329 0.1984102321430609 -0.2390192492470593 0.2563690188497220
0.9405 0.7265956757814516 -0.1685885568973347 -0.6244828727381654 0.1960020664513512 -0.2389968376582237 0.2563266100204916
0.9406 0.7267738832974057 -0.1685020697741106 -0.6253635398527634 0.1935849507712270 -0.2389745781483799 0.2562850517809901
0.9407 0.7269523073764242 -0.1684154429984217 -0.6262357103374936 0.1911588929381889 -0.2389511671150268 0.2562421257860802
0.9408 0.7271309486037186 -0.1683286761688399 -0.6270993073484501 0.1887238969220350 -0.2389283546003404 0.2561995391516937
0.9409 0.7273098075670501 -0.1682417688821593 -0.6279542571553046 0.1862799708348635 -0.2389059627858103 0.2561570747733522
0.941 0.7274888848567462 -0.1681547207333880 -0.6288004844889334 0.1838271200065197 -0.2388821861152129 0.2561143823792308
0.9411 0.7276681810657157 -0.1680675313157345 -0.6296379128982132 0.1813653533188211 -0.2388597716950342 0.2560735553951244
0.9412 0.7278476967894627 -0.1679802002205983 -0.6304664672281851 0.1788946790665764 -0.2388360901030858 0.2560307300358440
0.9413 0.7280274326261049 -0.1678927270375592 -0.6312860699659980 0.1764151038967574 -0.2388131671202786 0.2559888012282658
0.9414 0.7282073891763884 -0.1678051113543643 -0.6320966451090262 0.1739266374405035 -0.2387905891794790 0.2559492774818449
0.9415 0.7283875670437029 -0.1677173527569186 -0.6328981158223134 0.1714292895973331 -0.2387664925198558 0.2559063884673132
0.9416 0.7285679668340986 -0.1676294508292728 -0.6336904037628478 0.1689230681044097 -0.2387427889900832 0.2558654411844596
0.9417 0.7287485891563028 -0.1675414051536117 -0.6344734319789346 0.1664079847519217 -0.2387186816168885 0.2558214655592367
0.9418 0.7289294346217350 -0.1674532153102433 -0.6352471230622130 0.1638840498443552 -0.2386955276029942 0.2557826770063732
0.9419 0.7291105038445248 -0.1673648808775870 -0.6360113949957697 0.1613512730162562 -0.2386703679437393 0.2557379447841578
0.942 0.7292917974415271 -0.1672764014321614 -0.6367661723389391 0.1588096673256463 -0.2386478549511965 0.2556993626036545
0.9421 0.7294733160323404 -0.1671877765485728 -0.6375113736138378 0.1562592429738321 -0.2386235871106207 0.2556579210451178
0.9422 0.7296550602393216 -0.1670990057995040 -0.6382469210658179 0.1537000135868879 -0.2385997667145837 0.2556159670487382
0.9423 0.7298370306876053 -0.1670100887557015 -0.6389727334503200 0.1511319920393318 -0.2385754696055542 0.2555756925737762
0.9424 0.7300192280051193 -0.1669210249859634 -0.6396887294604619 0.1485551907103667 -0.2385513443082993 0.2555338920837044
0.9425 0.7302016528226027 -0.1668318140571276 -0.6403948307004979 0.1459696250775835 -0.2385271562236460 0.2554947325450792
0.9426 0.7303843057736230 -0.1667424555340595 -0.6410909527750087 0.1433753069738672 -0.2385019115120211 0.2554517877132115
0.9427 0.7305671874945933 -0.1666529489796394 -0.6417770163044192 0.1407722531013325 -0.2384781587520537 0.2554132035642038
0.9428 0.7307502986247904 -0.1665632939547503 -0.6424529396177738 0.1381604788111003 -0.2384536563879182 0.2553720696649238
0.9429 0.7309336398063731 -0.1664734900182655 -0.6431186390533796 0.1355399981811370 -0.2384289617511402 0.2553305871554107
0.943 0.7311172116843990 -0.1663835367270350 -0.6437740328623255 0.1329108294829101 -0.2384037900097304 0.2552902914061307
0.9431 0.7313010149068436 -0.1662934336358739 -0.6444190377861564 0.1302729884263935 -0.2383789666346854 0.2552502295718668
0.9432 0.7314850501246176 -0.1662031802975488 -0.6450535703495223 0.1276264926436959 -0.2383540591925732 0.2552100524987632
0.9433 0.7316693179915869 -0.1661127762627654 -0.6456775476969393 0.1249713616306196 -0.2383291585651048 0.2551709152987755
0.9434 0.7318538191645888 -0.1660222210801545 -0.6462908842472364 0.1223076107662103 -0.2383035929355892 0.2551300921870935
0.9435 0.7320385543034535 -0.1659315142962599 -0.6468934955008137 0.1196352611705620 -0.2382787206123959 0.2550912525329256
0.9436 0.7322235240710201 -0.1658406554555244 -0.6474852981867834 0.1169543311186357 -0.2382532572881598 0.2550513334666402
0.9437 0.7324087291331577 -0.1657496441002766 -0.6480662052601870 0.1142648422013497 -0.2382278466323532 0.2550108936399515
0.9438 0.7325941701587836 -0.1656584797707170 -0.6486361324051561 0.1115668143008605 -0.2382021935202176 0.2549709755640508
0.9439 0.7327798478198830 -0.1655671620049056 -0.6491949934370521 0.1088602680932752 -0.2381766785743152 0.2549317911866167
0.944 0.7329657627915278 -0.1654756903387466 -0.6497427012211840 0.1061452260117108 -0.2381506642052507 0.2548905837187767
0.9441 0.7331519157518973 -0.1653840643059758 -0.6502791693684079 0.1034217110532230 -0.2381255005212536 0.2548535172492252
0.9442 0.7333383073822963 -0.1652922834381458 -0.6508043115881477 0.1006897444252381 -0.2380994886796038 0.2548141087980323
0.9443 0.7335249383671774 -0.1652003472646125 -0.6513180398311659 0.09794935190979230 -0.2380726533460891 0.2547729469639591
0.9444 0.7337118093941588 -0.1651082553125206 -0.6518202660962707 0.09520055544438740 -0.2380466352639098 0.2547337938246708
0.9445 0.7338989211540460 -0.1650160071067892 -0.6523109030522781 0.09244338098987720 -0.2380208773540631 0.2546961995391646
0.9446 0.7340862743408515 -0.1649236021700980 -0.6527898615798982 0.08967785490771660 -0.2379943178538507 0.2546554913831003
0.9447 0.7342738696518159 -0.1648310400228719 -0.6532570524506172 0.08690400076856190 -0.2379686365502615 0.2546195821716821
0.9448 0.7344617077874287 -0.1647383201832668 -0.6537123869551836 0.08412184662802510 -0.2379410351506692 0.2545799832185516
0.9449 0.7346497894514482 -0.1646454421671552 -0.6541557756927975 0.08133141963624180 -0.2379147257629643 0.2545409643442823
0.945 0.7348381153509241 -0.1645524054881105 -0.6545871279274985 0.07853274795017513 -0.2378875768109997 0.2545006895448772
0.9451 0.7350266861962176 -0.1644592096573921 -0.6550063551868407 0.07572585977127860 -0.2378613996550243 0.2544640567334056
0.9452 0.7352155027010233 -0.1643658541839314 -0.6554133634560056 0.07291078338476376 -0.2378341406178413 0.2544254885258080
0.9453 0.7354045655823914 -0.1642723385743146 -0.6558080645347911 0.07008755027232008 -0.2378077065228428 0.2543874397082044
0.9454 0.7355938755607485 -0.1641786623327691 -0.6561903666846019 0.06725618968009193 -0.2377794663001322 0.2543469692258046
0.9455 0.7357834333599202 -0.1640848249611466 -0.6565601771896916 0.06441673378135970 -0.2377525553329907 0.2543097177336446
0.9456 0.7359732397071532 -0.1639908259589082 -0.6569174052853716 0.06156921424354129 -0.2377253780093355 0.2542728261088271
0.9457 0.7361632953331375 -0.1638966648231087 -0.6572619554247645 0.05871366213093825 -0.2376982184450752 0.2542341958180444
0.9458 0.7363536009720289 -0.1638023410483796 -0.6575937403452974 0.05585011169001826 -0.2376709833097466 0.2541995321510131
0.9459 0.7365441573614731 -0.1637078541269144 -0.6579126620525825 0.05297859762408510 -0.2376433177793998 0.2541618457358136
0.946 0.7367349652426249 -0.1636132035484515 -0.6582186282105549 0.05009915457154436 -0.2376150825667000 0.2541237434617646
0.9461 0.7369260253601768 -0.1635183888002586 -0.6585115454258203 0.04721181646328975 -0.2375867218769872 0.2540835357761602
0.9462 0.7371173384623777 -0.1634234093671152 -0.6587913208914307 0.04431661976339333 -0.2375595736560011 0.2540479562112108
0.9463 0.7373089053010579 -0.1633282647312969 -0.6590578578579858 0.04141360125660539 -0.2375309769301029 0.2540099561604184
0.9464 0.7375007266316544 -0.1632329543725580 -0.6593110618848331 0.03850279968321837 -0.2375031401071458 0.2539732237510739
0.9465 0.7376928032132319 -0.1631374777681153 -0.6595508400343585 0.03558425213021315 -0.2374745887580711 0.2539366566558901
0.9466 0.7378851358085091 -0.1630418343926298 -0.6597770936403487 0.03265799744082971 -0.2374465171004309 0.2538988645845305
0.9467 0.7380777251838833 -0.1629460237181912 -0.6599897268750308 0.02972407640894645 -0.2374171743404665 0.2538613422656297
0.9468 0.7382705721094522 -0.1628500452142992 -0.6601886471440174 0.02678252837315908 -0.2373891158400153 0.2538261860168418
0.9469 0.7384636773590417 -0.1627538983478464 -0.6603737556288916 0.02383339565770856 -0.2373601541113158 0.2537888418947032
0.947 0.7386570417102294 -0.1626575825831015 -0.6605449538457582 0.02087671951901505 -0.2373321518274763 0.2537549565370346
0.9471 0.7388506659443699 -0.1625610973816895 -0.6607021478462648 0.01791254441176143 -0.2373029229328974 0.2537197988903018
0.9472 0.7390445508466195 -0.1624644422025761 -0.6608452385386380 0.01494091157344746 -0.2372740039799349 0.2536821140333149
0.9473 0.7392386972059639 -0.1623676165020474 -0.6609741275332107 0.01196186777584867 -0.2372453032136455 0.2536475077207240
0.9474 0.7394331058152417 -0.1622706197336940 -0.6610887169471100 0.008975456789516870 -0.2372157361113715 0.2536106867510351
0.9475 0.7396277774711715 -0.1621734513483903 -0.6611889092294186 0.005981725841073677 -0.2371859983091872 0.2535735140089853
0.9476 0.7398227129743782 -0.1620761107942768 -0.6612746043056774 0.002980720780387167 -0.2371563971701429 0.2535382575797308
0.9477 0.7400179131294201 -0.1619785975167424 -0.6613457042153988 -0.00002751001436843495 -0.2371267781503227 0.2535036396855983
0.9478 0.7402133787448131 -0.1618809109584037 -0.6614021086221328 -0.003042917960497167 -0.2370972003459209 0.2534677505512590
0.9479 0.7404091106330614 -0.1617830505590869 -0.6614437186756805 -0.006065453094217268 -0.2370677701156864 0.2534317526339901
0.948 0.7406051096106811 -0.1616850157558086 -0.6614704328936808 -0.009095066297309290 -0.2370375204094723 0.2533980879801199
0.9481 0.7408013764982309 -0.1615868059827560 -0.6614821519848288 -0.01213170572758867 -0.2370071240801327 0.2533631754114198
0.9482 0.7409979121203362 -0.1614884206712681 -0.6614787766328867 -0.01517531857039723 -0.2369771590022619 0.2533281429182889
0.9483 0.7411947173057204 -0.1613898592498142 -0.6614602037860877 -0.01822585240817851 -0.2369467116963727 0.2532915275018611
0.9484 0.7413917928872312 -0.1612911211439765 -0.6614263318782797 -0.02128325404092190 -0.2369160792556089 0.2532590896132355
0.9485 0.7415891397018692 -0.1611922057764274 -0.6613770618514619 -0.02434746792487414 -0.2368856153278413 0.2532249416722542
0.9486 0.7417867585908169 -0.1610931125669111 -0.6613122890668093 -0.02741843842212225 -0.2368547094783234 0.2531895548718390
0.9487 0.7419846503994673 -0.1609938409322225 -0.6612319145119027 -0.03049610913524221 -0.2368241893194855 0.2531539144353562
0.9488 0.7421828159774537 -0.1608943902861857 -0.6611358326159229 -0.03358042341220582 -0.2367935583747744 0.2531220825708316
0.9489 0.7423812561786779 -0.1607947600396352 -0.6610239430526742 -0.03667132097886027 -0.2367623249836519 0.2530869889199474
0.949 0.7425799718613408 -0.1606949496003924 -0.6608961420516934 -0.03976874305582585 -0.2367307151182233 0.2530523237705898
0.9491 0.7427789638879730 -0.1605949583732462 -0.6607523260765696 -0.04287262938802819 -0.2367000439694494 0.2530190717502188
0.9492 0.7429782331254627 -0.1604947857599313 -0.6605923925294659 -0.04598291910479476 -0.2366688954454582 0.2529860133764043
0.9493 0.7431777804450884 -0.1603944311591060 -0.6604162367494557 -0.04909955013598447 -0.2366370579471191 0.2529511520460984
0.9494 0.7433776067225496 -0.1602938939663303 -0.6602237560179204 -0.05222245787447827 -0.2366055295111117 0.2529204778752297
0.9495 0.7435777128379957 -0.1601931735740452 -0.6600148434270052 -0.05535157871557796 -0.2365734694377289 0.2528846642994654
0.9496 0.7437780996760597 -0.1600922693715492 -0.6597893976538534 -0.05848684817988331 -0.2365415247004743 0.2528511442190357
0.9497 0.7439787681258888 -0.1599911807449761 -0.6595473107301348 -0.06162819820516809 -0.2365096298464279 0.2528210757082209
0.9498 0.7441797190811757 -0.1598899070772731 -0.6592884826786408 -0.06477556252777399 -0.2364777822382460 0.2527881661641312
0.9499 0.7443809534401914 -0.1597884477481774 -0.6590128030910718 -0.06792887341201639 -0.2364448659100665 0.2527557257580042
0.95 0.7445824721058188 -0.1596868021341932 -0.6587201682843844 -0.07108805991618199 -0.2364127104336382 0.2527235776640535
0.9501 0.7447842759855826 -0.1595849696085691 -0.6584104729030017 -0.07425305305990923 -0.2363802582159562 0.2526892313794201
0.9502 0.7449863659916851 -0.1594829495412737 -0.6580836115354866 -0.07742377996359718 -0.2363470071953145 0.2526564254183358
0.9503 0.7451887430410379 -0.1593807412989729 -0.6577394765543474 -0.08060016971008040 -0.2363148507031034 0.2526254067895632
0.9504 0.7453914080552963 -0.1592783442450051 -0.6573779641457732 -0.08378214638924240 -0.2362816896733515 0.2525938344748062
0.9505 0.7455943619608928 -0.1591757577393582 -0.6569989643086185 -0.08696963804538480 -0.2362483530541665 0.2525594756692519
0.9506 0.7457976056890721 -0.1590729811386439 -0.6566023711837938 -0.09016256619732150 -0.2362149084156413 0.2525297120974604
0.9507 0.7460011401759247 -0.1589700137960752 -0.6561880802584890 -0.09336085549497840 -0.2361820371964018 0.2525012811704309
0.9508 0.7462049663624228 -0.1588668550614391 -0.6557559823724843 -0.09656442710563430 -0.2361484160069778 0.2524676709858462
0.9509 0.7464090851944544 -0.1587635042810738 -0.6553059704379407 -0.09977320216642360 -0.2361143327377766 0.2524365716201242
0.951 0.7466134976228598 -0.1586599607978423 -0.6548379358428994 -0.1029871002502232 -0.2360810484410263 0.2524057859191958
0.9511 0.7468182046034673 -0.1585562239511074 -0.6543517726277290 -0.1062060395938685 -0.2360475208783705 0.2523726021375386
0.9512 0.7470232070971288 -0.1584522930767056 -0.6538473729395411 -0.1094299384358830 -0.2360129304047344 0.2523436816927180
0.9513 0.7472285060697574 -0.1583481675069214 -0.6533246261120459 -0.1126587119244228 -0.2359793696011984 0.2523151876703245
0.9514 0.7474341024923627 -0.1582438465704617 -0.6527834274743185 -0.1158922754579718 -0.2359449471255812 0.2522837187090067
0.9515 0.7476399973410901 -0.1581393295924282 -0.6522236652646923 -0.1191305429714559 -0.2359105249175252 0.2522538241168539
0.9516 0.7478461915972565 -0.1580346158942914 -0.6516452331051683 -0.1223734264483452 -0.2358762546465989 0.2522237908891470
0.9517 0.7480526862473892 -0.1579297047938639 -0.6510480225414361 -0.1256208380396957 -0.2358408492562290 0.2521928362624242
0.9518 0.7482594822832644 -0.1578245956052726 -0.6504319227796217 -0.1288726877099437 -0.2358063604517550 0.2521632542352343
0.9519 0.7484665807019447 -0.1577192876389320 -0.6497968269204431 -0.1321288842817138 -0.2357712879070757 0.2521347167089479
0.952 0.7486739825058198 -0.1576137802015154 -0.6491426242866023 -0.1353893350317173 -0.2357364411664244 0.2521037004343269
0.9521 0.7488816887026434 -0.1575080725959287 -0.6484692068766157 -0.1386539468241568 -0.2357011225948193 0.2520744950829513
0.9522 0.7490897003055766 -0.1574021641212795 -0.6477764651216875 -0.1419226248084302 -0.2356649860116222 0.2520448686730257
0.9523 0.7492980183332236 -0.1572960540728519 -0.6470642891405363 -0.1451952724613811 -0.2356301847777618 0.2520173400416658
0.9524 0.7495066438096762 -0.1571897417420749 -0.6463325692745363 -0.1484717929181096 -0.2355940958662198 0.2519874040965135
0.9525 0.7497155777645521 -0.1570832264164943 -0.6455811967021864 -0.1517520869910486 -0.2355575858687366 0.2519590367067668
0.9526 0.7499248212330373 -0.1569765073797444 -0.6448100628043274 -0.1550360548482984 -0.2355217636715466 0.2519320377549989
0.9527 0.7501343752559279 -0.1568695839115170 -0.6440190542325884 -0.1583235953283487 -0.2354856879885042 0.2519043055834589
0.9528 0.7503442408796714 -0.1567624552875317 -0.6432080654737058 -0.1616146054222506 -0.2354495721321525 0.2518755948415170
0.9529 0.7505544191564095 -0.1566551207795066 -0.6423769833928602 -0.1649089819016724 -0.2354128640875994 0.2518485368233080
0.953 0.7507649111440212 -0.1565475796551269 -0.6415256997915898 -0.1682066178007700 -0.2353759010280223 0.2518206055055811
0.9531 0.7509757179061667 -0.1564398311780144 -0.6406541041688718 -0.1715074070520903 -0.2353399474858567 0.2517919129126036
0.9532 0.7511868405123291 -0.1563318746076964 -0.6397620861876270 -0.1748112419400302 -0.2353023516234520 0.2517641580618675
0.9533 0.7513982800378606 -0.1562237091995750 -0.6388495378205499 -0.1781180123692031 -0.2352655445505672 0.2517372608921865
0.9534 0.7516100375640267 -0.1561153342048938 -0.6379163469779709 -0.1814276079088271 -0.2352276674078113 0.2517100101693748
0.9535 0.7518221141780502 -0.1560067488707076 -0.6369624039163786 -0.1847399159728847 -0.2351910742631116 0.2516843084232043
0.9536 0.7520345109731573 -0.1558979524398488 -0.6359875993727270 -0.1880548226969239 -0.2351530713087751 0.2516573109457057
0.9537 0.7522472290486240 -0.1557889441508960 -0.6349918224793391 -0.1913722124908445 -0.2351158191157371 0.2516286214729561
0.9538 0.7524602695098213 -0.1556797232381399 -0.6339749633401848 -0.1946919691769110 -0.2350770870342083 0.2516053603209364
0.9539 0.7526736334682629 -0.1555702889315503 -0.6329369135725894 -0.1980139750793487 -0.2350390143609190 0.2515784208341629
0.954 0.7528873220416519 -0.1554606404567433 -0.6318775624895832 -0.2013381086523717 -0.2350009064221821 0.2515532573371644
0.9541 0.7531013363539291 -0.1553507770349464 -0.6307967994793237 -0.2046642509645352 -0.2349629967953885 0.2515281410203314
0.9542 0.7533156775353208 -0.1552406978829642 -0.6296945156816095 -0.2079922781790211 -0.2349237327368755 0.2515020865471848
0.9543 0.7535303467223869 -0.1551304022131442 -0.6285706011356979 -0.2113220659191219 -0.2348861117408352 0.2514751894566309
0.9544 0.7537453450580718 -0.1550198892333426 -0.6274249459074520 -0.2146534889522456 -0.2348468197158495 0.2514511517165692
0.9545 0.7539606736917515 -0.1549091581468871 -0.6262574413362406 -0.2179864212827036 -0.2348076793364288 0.2514259632851813
0.9546 0.7541763337792858 -0.1547982081525424 -0.6250679788037846 -0.2213207321918648 -0.2347685072444968 0.2514008968047196
0.9547 0.7543923264830690 -0.1546870384444742 -0.6238564456501382 -0.2246562919482826 -0.2347289365665239 0.2513759562305518
0.9548 0.7546086529720789 -0.1545756482122126 -0.6226227360367439 -0.2279929694207318 -0.2346898596462823 0.2513515052710499
0.9549 0.7548253144219302 -0.1544640366406148 -0.6213667404682996 -0.2313306303172635 -0.2346498620883542 0.2513293268312553
0.955 0.7550423120149272 -0.1543522029098294 -0.6200883477713585 -0.2346691398826258 -0.2346095039635014 0.2513046794723262
0.9551 0.7552596469401141 -0.1542401461952574 -0.6187874527300977 -0.2380083612349349 -0.2345698793047217 0.2512803141253408
0.9552 0.7554773203933315 -0.1541278656675142 -0.6174639448372725 -0.2413481555476325 -0.2345297996657449 0.2512562104246283
0.9553 0.7556953335772660 -0.1540153604923933 -0.6161177156067493 -0.2446883835761504 -0.2344887147120063 0.2512328215672902
0.9554 0.7559136877015090 -0.1539026298308251 -0.6147486579451270 -0.2480289035340132 -0.2344492863090724 0.2512084926741739
0.9555 0.7561323839826082 -0.1537896728388398 -0.6133566639567062 -0.2513695724478403 -0.2344073496420920 0.2511872617606919
0.9556 0.7563514236441247 -0.1536764886675270 -0.6119416254314162 -0.2547102447657496 -0.2343668186988261 0.2511651261792850
0.9557 0.7565708079166884 -0.1535630764629952 -0.6105034353814019 -0.2580507736979072 -0.2343250918411514 0.2511425090295465
0.9558 0.7567905380380542 -0.1534494353663329 -0.6090419867412925 -0.2613910116370674 -0.2342849195291820 0.2511186861738284
0.9559 0.7570106152531607 -0.1533355645135671 -0.6075571727830747 -0.2647308080348688 -0.2342419071405713 0.2510990005335930
0.956 0.7572310408141856 -0.1532214630356224 -0.6060488870066285 -0.2680700106448830 -0.2342015970561619 0.2510741442889138
0.9561 0.7574518159806055 -0.1531071300582792 -0.6045170218471643 -0.2714084663469825 -0.2341591722772304 0.2510535698524243
0.9562 0.7576729420192553 -0.1529925647021314 -0.6029614733240798 -0.2747460198257642 -0.2341176681279054 0.2510324075918773
0.9563 0.7578944202043855 -0.1528777660825455 -0.6013821352272723 -0.2780825140111136 -0.2340750085748319 0.2510127441554657
0.9564 0.7581162518177250 -0.1527627333096155 -0.5997789015881176 -0.2814177905550561 -0.2340323406837481 0.2509904690945031
0.9565 0.7583384381485403 -0.1526474654881214 -0.5981516693100866 -0.2847516867448203 -0.2339902559605612 0.2509687543823137
0.9566 0.7585609804936967 -0.1525319617174845 -0.5965003308964113 -0.2880840424778317 -0.2339468210755790 0.2509484148903899
0.9567 0.7587838801577217 -0.1524162210917235 -0.5948247841139432 -0.2914146920688326 -0.2339045169465951 0.2509264950777793
0.9568 0.7590071384528660 -0.1523002426994092 -0.5931249274444866 -0.2947434698842438 -0.2338610332969322 0.2509072976688034
0.9569 0.7592307566991682 -0.1521840256236205 -0.5914006544382696 -0.2980702078003077 -0.2338179485508350 0.2508867216344327
0.957 0.7594547362245184 -0.1520675689418978 -0.5896518617331434 -0.3013947351898643 -0.2337741625310191 0.2508681368844655
0.9571 0.7596790783647220 -0.1519508717261972 -0.5878784511973625 -0.3047168814780199 -0.2337307901628177 0.2508483984668731
0.9572 0.7599037844635670 -0.1518339330428430 -0.5860803150014032 -0.3080364728035991 -0.2336855468458305 0.2508319035732653
0.9573 0.7601288558728873 -0.1517167519524825 -0.5842573580010688 -0.3113533325291493 -0.2336421230461133 0.2508110758018622
0.9574 0.7603542939526325 -0.1515993275100365 -0.5824094754717945 -0.3146672840945078 -0.2335976765639365 0.2507923649709912
0.9575 0.7605801000709328 -0.1514816587646522 -0.5805365684721120 -0.3179781479911130 -0.2335536844761910 0.2507720709422414
0.9576 0.7608062756041694 -0.1513637447596541 -0.5786385361929098 -0.3212857426584325 -0.2335090148456898 0.2507533260810537
0.9577 0.7610328219370409 -0.1512455845324943 -0.5767152813245947 -0.3245898852939243 -0.2334628490887475 0.2507387154962384
0.9578 0.7612597404626353 -0.1511271771147047 -0.5747667039672747 -0.3278903896796845 -0.2334170904369982 0.2507218172946087
0.9579 0.7614870325824992 -0.1510085215318440 -0.5727927061815164 -0.3311870692891001 -0.2333729661029938 0.2507013684752361
0.958 0.7617146997067086 -0.1508896168034497 -0.5707931912396024 -0.3344797342465268 -0.2333270155930822 0.2506848067665595
0.9581 0.7619427432539421 -0.1507704619429842 -0.5687680616833748 -0.3377681934262144 -0.2332819480771249 0.2506667129750211
0.9582 0.7621711646515528 -0.1506510559577849 -0.5667172217183488 -0.3410522535511285 -0.2332352960200082 0.2506511530531303
0.9583 0.7623999653356411 -0.1505313978490106 -0.5646405780853793 -0.3443317202970245 -0.2331892060193912 0.2506348633614212
0.9584 0.7626291467511303 -0.1504114866115886 -0.5625380326037165 -0.3476063943844983 -0.2331426062401470 0.2506183269215091
0.9585 0.7628587103518409 -0.1502913212341616 -0.5604094931907312 -0.3508760765243919 -0.2330957984136735 0.2506030674580411
0.9586 0.7630886576005668 -0.1501709006990326 -0.5582548678388433 -0.3541405662955240 -0.2330488935215677 0.2505875482814497
0.9587 0.7633189899691518 -0.1500502239821111 -0.5560740623983420 -0.3573996596219162 -0.2330002926103885 0.2505733269198341
0.9588 0.7635497089385678 -0.1499292900528565 -0.5538669879017010 -0.3606531505782439 -0.2329533503615634 0.2505577668478265
0.9589 0.7637808159989916 -0.1498080978742232 -0.5516335499035866 -0.3639008302883255 -0.2329069183508452 0.2505403899355951
0.959 0.7640123126498864 -0.1496866464026033 -0.5493736616218961 -0.3671424897563007 -0.2328596086876356 0.2505255193790396
0.9591 0.7642442004000802 -0.1495649345877693 -0.5470872341818284 -0.3703779166669010 -0.2328103425613762 0.2505131787726081
0.9592 0.7644764807678484 -0.1494429613728165 -0.5447741770531318 -0.3736068963496643 -0.2327627743482197 0.2504965930725383
0.9593 0.7647091552809931 -0.1493207256941040 -0.5424344050783088 -0.3768292122379162 -0.2327153724947643 0.2504823162746680
0.9594 0.7649422254769296 -0.1491982264811958 -0.5400678317645236 -0.3800446456989817 -0.2326639734695573 0.2504732886120487
0.9595 0.7651756929027670 -0.1490754626568007 -0.5376743721576446 -0.3832529749944645 -0.2326147790171892 0.2504597851563056
0.9596 0.7654095591153952 -0.1489524331367121 -0.5352539419785328 -0.3864539781873821 -0.2325672551711843 0.2504436853673890
0.9597 0.7656438256815691 -0.1488291368297457 -0.5328064584977723 -0.3896474293527018 -0.2325187916188910 0.2504297914629439
0.9598 0.7658784941779954 -0.1487055726376790 -0.5303318379686756 -0.3928331002656162 -0.2324696656343914 0.2504167819762519
0.9599 0.7661135661914214 -0.1485817394551877 -0.5278300003184225 -0.3960107614137820 -0.2324187365357581 0.2504064007081226
0.96 0.7663490433187217 -0.1484576361697820 -0.5253008663881861 -0.3991801803856509 -0.2323686942389865 0.2503944495144384
0.9601 0.7665849271669892 -0.1483332616617437 -0.5227443571360290 -0.4023411230048436 -0.2323177786646748 0.2503837638202802
0.9602 0.7668212193536262 -0.1482086148040604 -0.5201603941083127 -0.4054933517496952 -0.2322679023363098 0.2503711672556418
0.9603 0.7670579215064333 -0.1480836944623603 -0.5175489020414677 -0.4086366288554826 -0.2322175224231435 0.2503576236255953
0.9604 0.7672950352637057 -0.1479584994948460 -0.5149098046159123 -0.4117707113297446 -0.2321651328095958 0.2503504401402632
0.9605 0.7675325622743237 -0.1478330287522267 -0.5122430289633471 -0.4148953555320720 -0.2321139038375577 0.2503398524800616
0.9606 0.7677705041978502 -0.1477072810776511 -0.5095485017393799 -0.4180103165199226 -0.2320622893779249 0.2503299248466537
0.9607 0.7680088627046247 -0.1475812553066388 -0.5068261513992849 -0.4211153440474328 -0.2320095054340969 0.2503216962851554
0.9608 0.7682476394758616 -0.1474549502670101 -0.5040759098088658 -0.4242101892075258 -0.2319598338611669 0.2503088176399811
0.9609 0.7684868362037469 -0.1473283647788161 -0.5012977054884711 -0.4272945967184368 -0.2319071951036560 0.2502996823162099
0.961 0.7687264545915387 -0.1472014976542685 -0.4984914734795271 -0.4303683122532075 -0.2318539080904439 0.2502906013132568
0.9611 0.7689664963536670 -0.1470743476976657 -0.4956571477030407 -0.4334310763813894 -0.2317998076616936 0.2502858145870588
0.9612 0.7692069632158363 -0.1469469137053223 -0.4927946637004695 -0.4364826305637606 -0.2317468329949873 0.2502763617946351
0.9613 0.7694478569151261 -0.1468191944654940 -0.4899039582750268 -0.4395227102997813 -0.2316934325511754 0.2502682658612559
0.9614 0.7696891792000979 -0.1466911887583038 -0.4869849697125149 -0.4425510499986382 -0.2316394621423174 0.2502611224395661
0.9615 0.7699309318308970 -0.1465628953556659 -0.4840376400743655 -0.4455673820764735 -0.2315864213089162 0.2502532692663650
0.9616 0.7701731165793623 -0.1464343130212109 -0.4810619109330603 -0.4485714370308747 -0.2315348263496076 0.2502427333992323
0.9617 0.7704157352291316 -0.1463054405102067 -0.4780577242318007 -0.4515629411064500 -0.2314773128872918 0.2502394736304746
0.9618 0.7706587895757514 -0.1461762765694819 -0.4750250263159785 -0.4545416186242822 -0.2314235033323356 0.2502315596779239
0.9619 0.7709022814267871 -0.1460468199373468 -0.4719637649436248 -0.4575071920006549 -0.2313680545087196 0.2502263239485699
0.962 0.7711462126019343 -0.1459170693435123 -0.4688738887052068 -0.4604593802636652 -0.2313126033316884 0.2502200306363199
0.9621 0.7713905849331320 -0.1457870235090102 -0.4657553465414943 -0.4633979019359603 -0.2312567615233906 0.2502153656892893
0.9622 0.7716354002646773 -0.1456566811461106 -0.4626080934207464 -0.4663224705999864 -0.2312013526014949 0.2502107563644555
0.9623 0.7718806604533386 -0.1455260409582396 -0.4594320813438790 -0.4692327974257180 -0.2311448747239175 0.2502058546972910
0.9624 0.7721263673684761 -0.1453951016398947 -0.4562272681096228 -0.4721285928413852 -0.2310865249739905 0.2502043310798940
0.9625 0.7723725228921574 -0.1452638618765605 -0.4529936114664295 -0.4750095635031991 -0.2310313014485366 0.2501979258171315
0.9626 0.7726191289192784 -0.1451323203446227 -0.4497310711490043 -0.4778754134360868 -0.2309747363525232 0.2501936017654881
0.9627 0.7728661873576850 -0.1450004757112809 -0.4464396092868861 -0.4807258440452356 -0.2309172289229818 0.2501918783523478
0.9628 0.7731137001282944 -0.1448683266344605 -0.4431191911116507 -0.4835605548493075 -0.2308611534412238 0.2501860647223475
0.9629 0.7733616691652207 -0.1447358717627246 -0.4397697816719700 -0.4863792413594908 -0.2308007988710435 0.2501867341941357
0.963 0.7736100964158998 -0.1446031097351823 -0.4363913506995171 -0.4891815985415175 -0.2307434331025344 0.2501839291398316
0.9631 0.7738589838412173 -0.1444700391813981 -0.4329838678844435 -0.4919673162285070 -0.2306846705924576 0.2501823904037085
0.9632 0.7741083334156361 -0.1443366587213002 -0.4295473074652458 -0.4947360836797243 -0.2306263469112872 0.2501792891526343
0.9633 0.7743581471273290 -0.1442029669650849 -0.4260816440974390 -0.4974875870603336 -0.2305656862630201 0.2501800094497227
0.9634 0.7746084269783079 -0.1440689625131249 -0.4225868542667862 -0.5002215076063962 -0.2305062592871534 0.2501797269531808
0.9635 0.7748591749845595 -0.1439346439558701 -0.4190629206438377 -0.5029375287356668 -0.2304484027995960 0.2501771632156654
0.9636 0.7751103931761801 -0.1438000098737529 -0.4155098227472508 -0.5056353252089162 -0.2303867585039446 0.2501791525468407
0.9637 0.7753620835975124 -0.1436650588370884 -0.4119275478793068 -0.5083145736499311 -0.2303272393301172 0.2501783808620955
0.9638 0.7756142483072840 -0.1435297894059759 -0.4083160819629072 -0.5109749464463005 -0.2302683965169433 0.2501775389352018
0.9639 0.7758668893787481 -0.1433942001301972 -0.4046754163294237 -0.5136161146013359 -0.2302067709948378 0.2501792225021641
0.964 0.7761200088998258 -0.1432582895491152 -0.4010055430805208 -0.5162377425426082 -0.2301431363092583 0.2501839483885773
0.9641 0.7763736089732497 -0.1431220561915696 -0.3973064565395629 -0.5188394957103746 -0.2300822524846790 0.2501847829634850
0.9642 0.7766276917167096 -0.1429854985757737 -0.3935781570338768 -0.5214210366611153 -0.2300201423806652 0.2501874129927427
0.9643 0.7768822592630007 -0.1428486152092067 -0.3898206425136071 -0.5239820215854007 -0.2299568107047421 0.2501904788098167
0.9644 0.7771373137601722 -0.1427114045885075 -0.3860339197718257 -0.5265221106009887 -0.2298957151459332 0.2501919032329061
0.9645 0.7773928573716788 -0.1425738651993655 -0.3822179934354005 -0.5290409542061952 -0.2298306700476738 0.2501979440551080
0.9646 0.7776488922765358 -0.1424359955164101 -0.3783728735580816 -0.5315382028278059 -0.2297686718256171 0.2502004096388853
0.9647 0.7779054206694717 -0.1422977940030999 -0.3744985732749467 -0.5340135062148315 -0.2297050504249551 0.2502041285852094
0.9648 0.7781624447610866 -0.1421592591116092 -0.3705951068750531 -0.5364665091920432 -0.2296394566265335 0.2502116471616020
0.9649 0.7784199667780118 -0.1420203892827134 -0.3666624941444722 -0.5388968520648529 -0.2295771665993813 0.2502147241241537
0.965 0.7786779889630714 -0.1418811829456734 -0.3627007569718737 -0.5413041777451558 -0.2295124467943898 0.2502200574368750
0.9651 0.7789365135754437 -0.1417416385181177 -0.3587099191940368 -0.5436881203206616 -0.2294446855896611 0.2502280093936057
0.9652 0.7791955428908290 -0.1416017544059246 -0.3546900105522373 -0.5460483155925614 -0.2293799130708378 0.2502341591004764
0.9653 0.7794550792016167 -0.1414615290030995 -0.3506410612136592 -0.5483843947490790 -0.2293129220300353 0.2502431224693494
0.9654 0.7797151248170533 -0.1413209606916549 -0.3465631093602981 -0.5506959856082092 -0.2292484839176158 0.2502479553941530
0.9655 0.7799756820634175 -0.1411800478414854 -0.3424561902487600 -0.5529827155609295 -0.2291831448881690 0.2502550294844825
0.9656 0.7802367532841922 -0.1410387888102424 -0.3383203475755295 -0.5552442069716928 -0.2291147225276988 0.2502645765639538
0.9657 0.7804983408402421 -0.1408971819432078 -0.3341556266828345 -0.5574800798976569 -0.2290483208068497 0.2502719090691852
0.9658 0.7807604471099918 -0.1407552255731646 -0.3299620776663217 -0.5596899531123039 -0.2289800079982515 0.2502823846438262
0.9659 0.7810230744896087 -0.1406129180202664 -0.3257397515842464 -0.5618734391190721 -0.2289100515475785 0.2502926832520029
0.966 0.7812862253931852 -0.1404702575919059 -0.3214887069662119 -0.5640301520612827 -0.2288411751235270 0.2503047700567672
0.9661 0.7815499022529244 -0.1403272425825803 -0.3172090046142438 -0.5661597012903242 -0.2287735488264737 0.2503133743737639
0.9662 0.7818141075193309 -0.1401838712737558 -0.3129007080853639 -0.5682616932529100 -0.2287052390188025 0.2503238845597737
0.9663 0.7820788436614002 -0.1400401419337296 -0.3085638875115486 -0.5703357327008874 -0.2286363044598375 0.2503346886723310
0.9664 0.7823441131668122 -0.1398960528174920 -0.3041986129085481 -0.5723814187337284 -0.2285667325569862 0.2503466309007438
0.9665 0.7826099185421293 -0.1397516021665826 -0.2998049635934406 -0.5743983509282078 -0.2284960820128459 0.2503584418938632
0.9666 0.7828762623129927 -0.1396067882089490 -0.2953830192336334 -0.5763861251159299 -0.2284213611976217 0.2503747469885367
0.9667 0.7831431470243272 -0.1394616091588012 -0.2909328656294645 -0.5783443348930081 -0.2283522275241066 0.2503870412003898
0.9668 0.7834105752405424 -0.1393160632164637 -0.2864545918723453 -0.5802725700614234 -0.2282807242622386 0.2504009503299071
0.9669 0.7836785495457424 -0.1391701485682275 -0.2819482916374055 -0.5821704175773229 -0.2282082443116770 0.2504152649017380
0.967 0.7839470725439345 -0.1390238633861972 -0.2774140637615545 -0.5840374635124910 -0.2281375406429084 0.2504292668761849
0.9671 0.7842161468592418 -0.1388772058281396 -0.2728520110480599 -0.5858732902249416 -0.2280616824666580 0.2504462332638285
0.9672 0.7844857751361197 -0.1387301740373264 -0.2682622422119726 -0.5876774775191435 -0.2279892726271816 0.2504622190646753
0.9673 0.7847559600395748 -0.1385827661423782 -0.2636448678396309 -0.5894496017730152 -0.2279144841499852 0.2504793831001573
0.9674 0.7850267042553856 -0.1384349802571037 -0.2590000055186446 -0.5911892365847999 -0.2278400530583616 0.2504965273125188
0.9675 0.7852980104903286 -0.1382868144803375 -0.2543277774420393 -0.5928959547388945 -0.2277670462733991 0.2505124731611473
0.9676 0.7855698814724055 -0.1381382668957769 -0.2496283114006080 -0.5945693255785848 -0.2276894393982190 0.2505323909909320
0.9677 0.7858423199510745 -0.1379893355718140 -0.2449017381778616 -0.5962089155080580 -0.2276149902864072 0.2505498267794830
0.9678 0.7861153286974847 -0.1378400185613676 -0.2401481949168901 -0.5978142883683518 -0.2275391417497413 0.2505690315841291
0.9679 0.7863889105047138 -0.1376903139017118 -0.2353678246945736 -0.5993850059769081 -0.2274619168697724 0.2505894953408070
0.968 0.7866630681880096 -0.1375402196143014 -0.2305607749776419 -0.6009206266217143 -0.2273871204933510 0.2506082359994134
0.9681 0.7869378045850329 -0.1373897337045969 -0.2257271972756453 -0.6024207072807136 -0.2273070265070888 0.2506313897596717
0.9682 0.7872131225561073 -0.1372388541618848 -0.2208672513433198 -0.6038848015289550 -0.2272317482184743 0.2506507393192698
0.9683 0.7874890249844697 -0.1370875789590962 -0.2159811005425194 -0.6053124612155130 -0.2271537478660931 0.2506721923349899
0.9684 0.7877655147765238 -0.1369359060526246 -0.2110689146759810 -0.6067032351184491 -0.2270715124489461 0.2506966401409051
0.9685 0.7880425948621018 -0.1367838333821362 -0.2061308683570740 -0.6080566693856477 -0.2269936602599763 0.2507187472412596
0.9686 0.7883202681947248 -0.1366313588703840 -0.2011671436356025 -0.6093723098832817 -0.2269140997801088 0.2507418538415878
0.9687 0.7885985377518685 -0.1364784804230137 -0.1961779269934187 -0.6106496966520351 -0.2268334418881173 0.2507659819960093
0.9688 0.7888774065352344 -0.1363251959283689 -0.1911634104488900 -0.6118883697189551 -0.2267521812430995 0.2507914362280459
0.9689 0.7891568775710232 -0.1361715032572949 -0.1861237942978380 -0.6130878671762860 -0.2266711349570675 0.2508176170174388
0.969 0.7894369539102119 -0.1360174002629368 -0.1810592831961126 -0.6142477227317947 -0.2265878674995706 0.2508439221123310
0.9691 0.7897176386288364 -0.1358628847805369 -0.1759700877760863 -0.6153674696682381 -0.2265063009434162 0.2508703103666896
0.9692 0.7899989348282777 -0.1357079546272277 -0.1708564271689856 -0.6164466386864277 -0.2264245996255608 0.2508964153703560
0.9693 0.7902808456355521 -0.1355526076018225 -0.1657185259204212 -0.6174847583612303 -0.2263397277341426 0.2509241232871833
0.9694 0.7905633742036036 -0.1353968414846037 -0.1605566137830652 -0.6184813536908161 -0.2262549829674218 0.2509531906299570
0.9695 0.7908465237116060 -0.1352406540371050 -0.1553709276262465 -0.6194359497109668 -0.2261715731478572 0.2509823073406254
0.9696 0.7911302973652635 -0.1350840430018947 -0.1501617143563793 -0.6203480686124974 -0.2260852672558215 0.2510130915384680
0.9697 0.7914146983971206 -0.1349270061023517 -0.1449292227340649 -0.6212172301051831 -0.2260017271626724 0.2510417740696644
0.9698 0.7916997300668717 -0.1347695410424415 -0.1396737114352606 -0.6220429526391253 -0.2259153300136971 0.2510735603345666
0.9699 0.7919853956616803 -0.1346116455064854 -0.1343954468628080 -0.6228247523973344 -0.2258297257522261 0.2511041546210131
0.97 0.7922716984965002 -0.1344533171589296 -0.1290947001893051 -0.6235621446464954 -0.2257455711457914 0.2511346492230898
0.9701 0.7925586419144014 -0.1342945536441086 -0.1237717511424886 -0.6242546391714515 -0.2256539492682439 0.2511698064613621
0.9702 0.7928462292869023 -0.1341353525860057 -0.1184268869633238 -0.6249017473907009 -0.2255654283178641 0.2512034443877592
0.9703 0.7931344640143059 -0.1339757115880093 -0.1130604034443375 -0.6255029811901314 -0.2254777607668528 0.2512369116480495
0.9704 0.7934233495260412 -0.1338156282326674 -0.1076726013959260 -0.6260578450045839 -0.2253862578196810 0.2512727713336384
0.9705 0.7937128892810108 -0.1336551000814355 -0.1022637910540915 -0.6265658457893476 -0.2252976081419342 0.2513081683821000
0.9706 0.7940030867679426 -0.1334941246744224 -0.09683429118564560 -0.6270264875339075 -0.2252046024477820 0.2513449461139193
0.9707 0.7942939455057469 -0.1333326995301318 -0.09138442621943390 -0.6274392730522741 -0.2251118223346293 0.2513832225478344
0.9708 0.7945854690438805 -0.1331708221452000 -0.08591453064939240 -0.6278037027049409 -0.2250224200059579 0.2514191017515594
0.9709 0.7948776609627146 -0.1330084899941286 -0.08042494612969450 -0.6281192776299004 -0.2249280968378585 0.2514588247571739
0.971 0.7951705248739092 -0.1328457005290147 -0.07491602408904417 -0.6283854973787716 -0.2248396444109086 0.2514959056565912
0.9711 0.7954640644207938 -0.1326824511792752 -0.06938812224803243 -0.6286018563864473 -0.2247426270312031 0.2515370846962902
0.9712 0.7957582832787534 -0.1325187393513676 -0.06384160757299389 -0.6287678536023727 -0.2246482672294389 0.2515780670046764
0.9713 0.7960531851556208 -0.1323545624285059 -0.05827685730755245 -0.6288829818812011 -0.2245528375695158 0.2516188308598000
0.9714 0.7963487737920736 -0.1321899177703739 -0.05269425587485198 -0.6289467386181357 -0.2244577632472211 0.2516612271460180
0.9715 0.7966450529620417 -0.1320248027128303 -0.04709419641786034 -0.6289586151049484 -0.2243620728792524 0.2517043641835090
0.9716 0.7969420264731162 -0.1318592145676122 -0.04147708178649079 -0.6289181038013343 -0.2242641432205686 0.2517472205846865
0.9717 0.7972396981669672 -0.1316931506220334 -0.03584332406560248 -0.6288246969525847 -0.2241684311175484 0.2517910978545244
0.9718 0.7975380719197689 -0.1315266081386764 -0.03019334475584409 -0.6286778850396946 -0.2240685750572157 0.2518365683471787
0.9719 0.7978371516426304 -0.1313595843550807 -0.02452757390605453 -0.6284771586059765 -0.2239689895216382 0.2518828933903924
0.972 0.7981369412820337 -0.1311920764834259 -0.01884645155272965 -0.6282220087159035 -0.2238676281577557 0.2519304794055242
0.9721 0.7984374448202777 -0.1310240817102093 -0.01315042762171759 -0.6279119244322038 -0.2237709836617250 0.2519767275388479
0.9722 0.7987386662759323 -0.1308555971959185 -0.007439962176974680 -0.6275463960690566 -0.2236669074197758 0.2520260108295832
0.9723 0.7990406097042973 -0.1306866200746984 -0.001715524525422840 -0.6271249099954480 -0.2235668878158733 0.2520745143913113
0.9724 0.7993432791978675 -0.1305171474540133 0.004022406242134402 -0.6266469586808779 -0.2234609459512798 0.2521254572354689
0.9725 0.7996466788868116 -0.1303471764143032 0.009773339630097050 -0.6261120289913693 -0.2233599923516223 0.2521758371813903
0.9726 0.7999508129394504 -0.1301767040086332 0.01553677595287362 -0.6255196117806120 -0.2232569108384140 0.2522264634455604
0.9727 0.8002556855627500 -0.1300057272623392 0.02131220456160493 -0.6248691952180310 -0.2231535135570794 0.2522782004268747
0.9728 0.8005613010028200 -0.1298342431726668 0.02709910368145316 -0.6241602715615256 -0.2230452412512623 0.2523330282924389
0.9729 0.8008676635454191 -0.1296622487084035 0.03289694235570803 -0.6233923285497241 -0.2229401312897019 0.2523871729198116
0.973 0.8011747775164710 -0.1294897408095052 0.03870517686766331 -0.6225648588128045 -0.2228340581633223 0.2524416802392477
0.9731 0.8014826472825890 -0.1293167163867172 0.04452325364391893 -0.6216773539770760 -0.2227218122571661 0.2524984068489545
0.9732 0.8017912772516080 -0.1291431723211874 0.05035060825099289 -0.6207293065915226 -0.2226177792182338 0.2525534525555921
0.9733 0.8021006718731269 -0.1289691054640745 0.05618666279403178 -0.6197202124847805 -0.2225067922383906 0.2526128770846700
0.9734 0.8024108356390580 -0.1287945126361480 0.06203083130954770 -0.6186495632189684 -0.2223957580331674 0.2526708640880231
0.9735 0.8027217730841870 -0.1286193906273824 0.06788251315559246 -0.6175168568891914 -0.2222830379747735 0.2527309643132395
0.9736 0.8030334887867450 -0.1284437361965440 0.07374109775387083 -0.6163215915670706 -0.2221735328229032 0.2527909425072815
0.9737 0.8033459873689880 -0.1282675460707705 0.07960596198304881 -0.6150632660866014 -0.2220590822277486 0.2528521599324100
0.9738 0.8036592734977810 -0.1280908169451446 0.08547647047930690 -0.6137413828484602 -0.2219461544879496 0.2529148957604160
0.9739 0.8039733518852050 -0.1279135454822578 0.09135197696841910 -0.6123554419894154 -0.2218340663561222 0.2529767510610539
0.974 0.8042882272891620 -0.1277357283117690 0.09723182075918560 -0.6109049519060424 -0.2217159308861185 0.2530422171031188
0.9741 0.8046039045139960 -0.1275573620299542 0.1031153305976688 -0.6093894198858183 -0.2215970731954078 0.2531080707275106
0.9742 0.8049203884111250 -0.1273784431992482 0.1090018221568858 -0.6078083535806483 -0.2214853459791162 0.2531730259716434
0.9743 0.8052376838796860 -0.1271989683477785 0.1148905979801805 -0.6061612677010121 -0.2213664020702739 0.2532403209204899
0.9744 0.8055557958671810 -0.1270189339688921 0.1207809472266057 -0.6044476765221369 -0.2212468247578925 0.2533089455084978
0.9745 0.8058747293701510 -0.1268383365206714 0.1266721466613209 -0.6026670998680174 -0.2211259911260809 0.2533778414045703
0.9746 0.8061944894348489 -0.1266571724254438 0.1325634601464709 -0.6008190577611522 -0.2210103056443738 0.2534468457280966
0.9747 0.8065150811579260 -0.1264754380692813 0.1384541379024741 -0.5989030760524506 -0.2208851252884020 0.2535187792572195
0.9748 0.8068365096871370 -0.1262931298014916 0.1443434166252945 -0.5969186838002255 -0.2207603683041509 0.2535916879830017
0.9749 0.8071587802220530 -0.1261102439341002 0.1502305189488492 -0.5948654129321617 -0.2206367558347220 0.2536645372418103
0.975 0.8074818980147860 -0.1259267767413223 0.1561146538056782 -0.5927428008966942 -0.2205185166682235 0.2537383607711822
0.9751 0.8078058683707320 -0.1257427244590260 0.1619950170938132 -0.5905503871884133 -0.2203890046421462 0.2538141782380532
0.9752 0.8081306966493200 -0.1255580832841862 0.1678707890601978 -0.5882877183046499 -0.2202644431004915 0.2538901030383787
0.9753 0.8084563882647821 -0.1253728493743261 0.1737411374497454 -0.5859543441952133 -0.2201396739536609 0.2539678230548989
0.9754 0.8087829486869330 -0.1251870188469513 0.1796052141734961 -0.5835498187273026 -0.2200103791459381 0.2540459510514854
0.9755 0.8091103834419650 -0.1250005877789717 0.1854621571473046 -0.5810737046301456 -0.2198782505412223 0.2541267591695029
0.9756 0.8094386981132580 -0.1248135522061137 0.1913110893461742 -0.5785255655034655 -0.2197511095011320 0.2542072614443054
0.9757 0.8097678983422060 -0.1246259081223205 0.1971511199270009 -0.5759049746365949 -0.2196145628827808 0.2542894586724854
0.9758 0.8100979898290520 -0.1244376514791422 0.2029813407703112 -0.5732115081240545 -0.2194848602344876 0.2543725240914380
0.9759 0.8104289783337510 -0.1242487781851133 0.2088008310550289 -0.5704447492535804 -0.2193517241050199 0.2544567535927770
0.976 0.8107608696768350 -0.1240592841051200 0.2146086536619844 -0.5676042905058861 -0.2192185106036167 0.2545424121384508
0.9761 0.8110936697403039 -0.1238691650597543 0.2204038555531070 -0.5646897285727484 -0.2190794478773421 0.2546291542975169
0.9762 0.8114273844685330 -0.1236784168246563 0.2261854683235544 -0.5617006666625911 -0.2189426458840453 0.2547170825656227
0.9763 0.8117620198691901 -0.1234870351298438 0.2319525084673518 -0.5586367177366136 -0.2188067660454040 0.2548065936392198
0.9764 0.8120975820141800 -0.1232950156590292 0.2377039761345418 -0.5554975013818375 -0.2186673210014162 0.2548967622485696
0.9765 0.8124340770405950 -0.1231023540489247 0.2434388549387045 -0.5522826451003119 -0.2185237678681463 0.2549888301504367
0.9766 0.8127715111516990 -0.1229090458885303 0.2491561136974099 -0.5489917847137350 -0.2183864307322915 0.2550809065051353
0.9767 0.8131098906179181 -0.1227150867184116 0.2548547034997059 -0.5456245650418027 -0.2182425699044808 0.2551757550362957
0.9768 0.8134492217778539 -0.1225204720299630 0.2605335599305976 -0.5421806405826260 -0.2180972442199076 0.2552709768117810
0.9769 0.8137895110393190 -0.1223251972646549 0.2661916008010559 -0.5386596749676813 -0.2179518810423342 0.2553684914531783
0.977 0.8141307648803910 -0.1221292578132673 0.2718277286867102 -0.5350613413867592 -0.2178050402631123 0.2554665739203997
0.9771 0.8144729898504850 -0.1219326490151084 0.2774408286706681 -0.5313853223158874 -0.2176561089817529 0.2555658633495621
0.9772 0.8148161925714510 -0.1217353661572171 0.2830297690420717 -0.5276313126640810 -0.2175097945516780 0.2556662186726731
0.9773 0.8151603797386920 -0.1215374044735503 0.2885933994914807 -0.5237990158501025 -0.2173599639924740 0.2557681617653469
0.9774 0.8155055581223000 -0.1213387591441528 0.2941305554495035 -0.5198881502475255 -0.2172088100950201 0.2558713946478069
0.9775 0.8158517345682240 -0.1211394252943129 0.2996400520721101 -0.5158984419847450 -0.2170520676389419 0.2559771153789792
0.9776 0.8161989159994510 -0.1209393979936979 0.3051206888997682 -0.5118296314498288 -0.2169015174129821 0.2560830974253873
0.9777 0.8165471094172160 -0.1207386722554753 0.3105712470661862 -0.5076814718846087 -0.2167422460523532 0.2561908324035427
0.9778 0.8168963219022400 -0.1205372430354126 0.3159904900803650 -0.5034537291998957 -0.2165887479576820 0.2562998558482790
0.9779 0.8172465606159850 -0.1203351052309628 0.3213771639950706 -0.4991461825230385 -0.2164266538100722 0.2564101450776737
0.978 0.8175978328019390 -0.1201322536803272 0.3267299965513157 -0.4947586238605473 -0.2162699329221153 0.2565223546807051
0.9781 0.8179501457869290 -0.1199286831615022 0.3320476975765882 -0.4902908610152444 -0.2161053922195374 0.2566364460466922
0.9782 0.8183035069824590 -0.1197243883913037 0.3373289582540817 -0.4857427155607380 -0.2159452188357731 0.2567514340048707
0.9783 0.8186579238860729 -0.1195193640243736 0.3425724536684751 -0.4811140273433880 -0.2157781765573150 0.2568674370548932
0.9784 0.8190134040827540 -0.1193136046521631 0.3477768378977625 -0.4764046481930699 -0.2156157239897324 0.2569861398251264
0.9785 0.8193699552463430 -0.1191071048018979 0.3529407481764151 -0.4716144485055801 -0.2154484628242049 0.2571055744233279
0.9786 0.8197275851409930 -0.1188998589355173 0.3580628022779497 -0.4667433145134875 -0.2152803227451528 0.2572268601334328
0.9787 0.8200863016226561 -0.1186918614485948 0.3631416009910153 -0.4617911505096584 -0.2151037507055733 0.2573500999375298
0.9788 0.8204461126405950 -0.1184831066692337 0.3681757246610156 -0.4567578782127755 -0.2149318706074644 0.2574747692895497
0.9789 0.8208070262389310 -0.1182735888569403 0.3731637367431449 -0.4516434392448319 -0.2147636011952914 0.2576003643297422
0.979 0.8211690505582260 -0.1180633022014707 0.3781041814531567 -0.4464477920042839 -0.2145893145972510 0.2577286086131377
0.9791 0.8215321938370960 -0.1178522408216562 0.3829955837040991 -0.4411709179620829 -0.2144122279953569 0.2578578807500272
0.9792 0.8218964644138610 -0.1176403987641987 0.3878364482940317 -0.4358128138683860 -0.2142266178741807 0.2579886370761926
0.9793 0.8222618707282310 -0.1174277700024455 0.3926252650490537 -0.4303735027323702 -0.2140528182647651 0.2581213735261566
0.9794 0.8226284213230250 -0.1172143484351316 0.3973605016614301 -0.4248530253909361 -0.2138705210609023 0.2582565320692469
0.9795 0.8229961248459320 -0.1170001278850992 0.4020406089342156 -0.4192514465262139 -0.2136836829361450 0.2583917815014287
0.9796 0.8233649900513120 -0.1167851020979849 0.4066640170263621 -0.4135688537933099 -0.2134985563427019 0.2585297177887132
0.9797 0.8237350258020270 -0.1165692647408805 0.4112291384731391 -0.4078053554697068 -0.2133137061139252 0.2586703669580591
0.9798 0.8241062410713290 -0.1163526094009628 0.4157343672266519 -0.4019610894764841 -0.2131217905081809 0.2588125013154727
0.9799 0.8244786449447740 -0.1161351295840939 0.4201780763671950 -0.3960362121613890 -0.2129377427130924 0.2589560200941124
0.98 0.8248522466221890 -0.1159168187133870 0.4245586238697781 -0.3900309114650876 -0.2127414181034754 0.2591016856252396
0.9801 0.8252270554196760 -0.1156976701277431 0.4288743454507660 -0.3839453968549225 -0.2125461119070819 0.2592481889601702
0.9802 0.8256030807716730 -0.1154776770803538 0.4331235594928086 -0.3777799071526165 -0.2123461262005317 0.2593977236344257
0.9803 0.8259803322330480 -0.1152568327371673 0.4373045669072585 -0.3715347090490992 -0.2121496062719018 0.2595492182895535
0.9804 0.8263588194812520 -0.1150351301753214 0.4414156479445118 -0.3652100972377468 -0.2119525682061354 0.2597026819054232
0.9805 0.8267385523185110 -0.1148125623815418 0.4454550663822784 -0.3588063955788292 -0.2117428967952573 0.2598567086612222
0.9806 0.8271195406740840 -0.1145891222504989 0.4494210662323598 -0.3523239579847909 -0.2115431289742651 0.2600142394104358
0.9807 0.8275017946065560 -0.1143648025831298 0.4533118748913368 -0.3457631707530954 -0.2113340357538122 0.2601730176406922
0.9808 0.8278853243061950 -0.1141395960849196 0.4571257014135520 -0.3391244512633453 -0.2111259683032747 0.2603343666098281
0.9809 0.8282701400973670 -0.1139134953641430 0.4608607341998679 -0.3324082471843290 -0.2109153226789468 0.2604972409135208
0.981 0.8286562524409949 -0.1136864929300628 0.4645151486713473 -0.3256150447647157 -0.2107017599015540 0.2606630562334844
0.9811 0.8290436719370921 -0.1134585811910875 0.4680870986856951 -0.3187453593120587 -0.2104839250070642 0.2608298001952599
0.9812 0.8294324093273440 -0.1132297524528816 0.4715747236097058 -0.3117997453394223 -0.2102658427441421 0.2609995998213198
0.9813 0.8298224754977560 -0.1129999989164356 0.4749761441858151 -0.3047787920523864 -0.2100475302740490 0.2611720552375576
0.9814 0.8302138814813690 -0.1127693126760829 0.4782894657226512 -0.2976831261160649 -0.2098209118846004 0.2613455059796486
0.9815 0.8306066384610330 -0.1125376857174748 0.4815127747622623 -0.2905134120508129 -0.2096035142143092 0.2615231261712982
0.9816 0.8310007577722540 -0.1123051099155007 0.4846441439246216 -0.2832703543865870 -0.2093690073866694 0.2617002162803665
0.9817 0.8313962509061100 -0.1120715770321598 0.4876816302928157 -0.2759546972521485 -0.2091430634936694 0.2618817120574282
0.9818 0.8317931295122390 -0.1118370787143811 0.4906232715734849 -0.2685672257354061 -0.2089113271147835 0.2620659478134350
0.9819 0.8321914054018950 -0.1116016064917859 0.4934670954346652 -0.2611087677705255 -0.2086755648855164 0.2622513370829125
0.982 0.8325910905510910 -0.1113651517743985 0.4962111103220263 -0.2535801942393470 -0.2084354517181302 0.2624373379296616
0.9821 0.8329921971038130 -0.1111277058502954 0.4988533150946473 -0.2459824207311430 -0.2081975679281668 0.2626292893023969
0.9822 0.8333947373753160 -0.1108892598831985 0.5013916893937951 -0.2383164075324590 -0.2079549545349579 0.2628222899529837
0.9823 0.8337987238555050 -0.1106498049100042 0.5038242024454189 -0.2305831623558596 -0.2077082994206136 0.2630173692636179
0.9824 0.8342041692124030 -0.1104093318382516 0.5061488111119070 -0.2227837399632158 -0.2074607661779168 0.2632158636806466
0.9825 0.8346110862957040 -0.1101678314435258 0.5083634579159163 -0.2149192443746466 -0.2072104684613140 0.2634163306668056
0.9826 0.8350194881404220 -0.1099252943667903 0.5104660753376765 -0.2069908299357750 -0.2069596780522725 0.2636206042199564
0.9827 0.8354293879706340 -0.1096817111116554 0.5124545829117508 -0.1989997012125752 -0.2066929480637658 0.2638226346835174
0.9828 0.8358407992033150 -0.1094370720415719 0.5143268920937566 -0.1909471168820854 -0.2064331180117034 0.2640306779945871
0.9829 0.8362537354522830 -0.1091913673769516 0.5160809016835367 -0.1828343875748484 -0.2061738450409440 0.2642438305476045
0.983 0.8366682105322381 -0.1089445871922121 0.5177145032736314 -0.1746628796862957 -0.2059098661613806 0.2644582934497827
0.9831 0.8370842384629190 -0.1086967214127422 0.5192255788574403 -0.1664340155348295 -0.2056393427304208 0.2646741356314076
0.9832 0.8375018334733580 -0.1084477598117881 0.5206120051623667 -0.1581492759189167 -0.2053700455778488 0.2648947770467473
0.9833 0.8379210100062660 -0.1081976920072521 0.5218716478707216 -0.1498101992822108 -0.2050945997951042 0.2651167913479783
0.9834 0.8383417827225210 -0.1079465074584089 0.5230023719751805 -0.1414183849098203 -0.2048120782388654 0.2653404623686423
0.9835 0.8387641665057840 -0.1076941954625303 0.5240020325000061 -0.1329754922569072 -0.2045324471184689 0.2655703452409035
0.9836 0.8391881764672480 -0.1074407451514160 0.5248684860149210 -0.1244832467195336 -0.2042484671711308 0.2658016915571568
0.9837 0.8396138279505060 -0.1071861454878320 0.5255995813465102 -0.1159434341754083 -0.2039591544480473 0.2660355589282687
0.9838 0.8400411365365620 -0.1069303852618477 0.5261931677520640 -0.1073579089257044 -0.2036657831029746 0.2662727350533752
0.9839 0.8404701180489790 -0.1066734530870725 0.5266470943394349 -0.09872859127076660 -0.2033668473037074 0.2665110756677312
0.984 0.8409007885591681 -0.1064153373967846 0.5269592096343113 -0.09005747053321840 -0.2030711211586494 0.2667573893106483
0.9841 0.8413331643918320 -0.1061560264399536 0.5271273648015097 -0.08134660556492170 -0.2027680921279073 0.2670037082100933
0.9842 0.8417672621305650 -0.1058955082771462 0.5271494125535479 -0.07259812643908939 -0.2024589790895831 0.2672529569740776
0.9843 0.8422030986235960 -0.1056337707763184 0.5270232131531292 -0.06381423752163357 -0.2021465326953950 0.2675053026680060
0.9844 0.8426406909897250 -0.1053708016084836 0.5267466296970886 -0.05499721583221523 -0.2018308885739707 0.2677623994480914
0.9845 0.8430800566244010 -0.1051065882432583 0.5263175348940068 -0.04614941647873949 -0.2015157143612359 0.2680243416961703
0.9846 0.8435212132060010 -0.1048411179442744 0.5257338103741973 -0.03727327061689290 -0.2011914470637050 0.2682867689936585
0.9847 0.8439641787022780 -0.1045743777644590 0.5249933469705095 -0.02837128876451739 -0.2008621256903538 0.2685530304338288
0.9848 0.8444089713770070 -0.1043063545411753 0.5240940491952523 -0.01944606206275876 -0.2005289531177076 0.2688229879796091
0.9849 0.8448556097968229 -0.1040370348912175 0.5230338369759169 -0.01050026450962047 -0.2001994698926307 0.2691002299991960
0.985 0.8453041128382680 -0.1037664052056568 0.5218106455211993 -0.001536653843605351 -0.1998583812662428 0.2693787256829078
0.9851 0.8457544996950440 -0.1034944516445317 0.5204224261553948 0.007441927897043731 -0.1995113914551752 0.2696583364922584
0.9852 0.8462067898854950 -0.1032211601313779 0.5188671548035010 0.01643255028575341 -0.1991641938299719 0.2699451179259408
0.9853 0.8466610032603090 -0.1029465163475900 0.5171428260235384 0.02543219496745036 -0.1988087898498810 0.2702338930024878
0.9854 0.8471171600104550 -0.1026705057266113 0.5152474620043245 0.03443775332157925 -0.1984403390738521 0.2705201805891070
0.9855 0.8475752806753730 -0.1023931134479445 0.5131791110843880 0.04344602481196894 -0.1980775533403027 0.2708181824632504
0.9856 0.8480353861514170 -0.1021143244309714 0.5109358506592359 0.05245371510260016 -0.1977189030355982 0.2711259081940260
0.9857 0.8484974977005550 -0.1018341233285844 0.5085157901169040 0.06145743572572393 -0.1973385269765210 0.2714264566561070
0.9858 0.8489616369593530 -0.1015524945206133 0.5059170741101737 0.07045370048493938 -0.1969614288091641 0.2717372067216500
0.9859 0.8494278259482410 -0.1012694221070437 0.5031378870831514 0.07943892531321373 -0.1965792306325637 0.2720522914283402
0.986 0.8498960870810690 -0.1009848899010185 0.5001764521820511 0.08840942671201290 -0.1961841900498866 0.2723663086216107
0.9861 0.8503664431749860 -0.1006988814216134 0.4970310339716782 0.09736141895832890 -0.1957866962507296 0.2726862658987313
0.9862 0.8508389174606230 -0.1004113798863774 0.4936999481285468 0.1062910138157626 -0.1953884496366906 0.2730146489505432
0.9863 0.8513135335926220 -0.1001223682036301 0.4901815597699631 0.1151942184118561 -0.1949817347558876 0.2733458100802525
0.9864 0.8517903156605020 -0.09983182896450200 0.4864742838787514 0.1240669340529826 -0.1945730454897264 0.2736848314390253
0.9865 0.8522692881998950 -0.09953974443471650 0.4825765975183412 0.1329049537099197 -0.1941532362593741 0.2740248331782472
0.9866 0.8527504762041460 -0.09924609654608930 0.4784870354298461 0.1417039621993166 -0.1937307269205803 0.2743704789703630
0.9867 0.8532339051363200 -0.09895086688774730 0.4742041978173414 0.1504595327270797 -0.1932880759154977 0.2747108408670070
0.9868 0.8537196009415950 -0.09865403669704589 0.4697267552323614 0.1591671281342654 -0.1928576021231616 0.2750703158412079
0.9869 0.8542075900601021 -0.09835558685017801 0.4650534491754557 0.1678220968759320 -0.1924106560805304 0.2754285024833691
0.987 0.8546978994401850 -0.09805549785245719 0.4601831008316174 0.1764196728587097 -0.1919568475841314 0.2757897304210175
0.9871 0.8551905565521410 -0.09775374982826360 0.4551146113584457 0.1849549746663356 -0.1915036775199848 0.2761639202137003
0.9872 0.8556855894024270 -0.09745032251063949 0.4498469692452521 0.1934230037706366 -0.1910393122942420 0.2765391141072939
0.9873 0.8561830265483740 -0.09714519523051550 0.4443792546185668 0.2018186431558970 -0.1905648925324161 0.2769165180454261
0.9874 0.8566828971134210 -0.09683834690555530 0.4387106440257705 0.2101366568343607 -0.1900859518491011 0.2773016632649291
0.9875 0.8571852308029000 -0.09652975602860080 0.4328404177507162 0.2183716889369997 -0.1895924487723158 0.2776858883640765
0.9876 0.8576900579203840 -0.09621940065569680 0.4267679609293219 0.2265182615712717 -0.1890970984773290 0.2780820791848370
0.9877 0.8581974093846360 -0.09590725839368371 0.4204927741491033 0.2345707767551120 -0.1885966631346006 0.2784856781157601
0.9878 0.8587073167471750 -0.09559330638733270 0.4140144752611230 0.2425235120028290 -0.1880860956004115 0.2788931055615595
0.9879 0.8592198122104960 -0.09527752130600380 0.4073328091758982 0.2503706228835645 -0.1875696724071470 0.2793090870335280
0.988 0.8597349286469680 -0.09495987932980821 0.4004476512182345 0.2581061414235158 -0.1870429086946829 0.2797301997774745
0.9881 0.8602526996184420 -0.09464035613524760 0.3933590148135649 0.2657239747314986 -0.1865025089836954 0.2801512515603194
0.9882 0.8607731593966040 -0.09431892688031100 0.3860670601968754 0.2732179077276354 -0.1859565094888246 0.2805804836042729
0.9883 0.8612963429841100 -0.09399556618899919 0.3785720979940310 0.2805815994345109 -0.1854014841353312 0.2810171522425841
0.9884 0.8618222861365260 -0.09367024813525331 0.3708745996302723 0.2878085864573156 -0.1848343443107120 0.2814572074393283
0.9885 0.8623510253851350 -0.09334294622625650 0.3629752042129573 0.2948922811384683 -0.1842581470723227 0.2819037799300151
0.9886 0.8628825980606299 -0.09301363338508210 0.3548747235000011 0.3018259728280699 -0.1836799795190796 0.2823664525039948
0.9887 0.8634170423177510 -0.09268228193265129 0.3465741562367582 0.3086028299680592 -0.1830856620314815 0.2828288968924237
0.9888 0.8639543971609011 -0.09234886356897440 0.3380746901949801 0.3152158982384364 -0.1824804551981309 0.2832965058101021
0.9889 0.8644947024708010 -0.09201334935363030 0.3293777157971834 0.3216581050330068 -0.1818688346807039 0.2837786293623237
0.989 0.8650379990322220 -0.09167570968545739 0.3204848311823750 0.3279222578837111 -0.1812409328195546 0.2842578062995742
0.9891 0.8655843285628630 -0.09133591428140680 0.3113978566757505 0.3340010502551580 -0.1806042586202601 0.2847499934931662
0.9892 0.8661337337434190 -0.09099393215452230 0.3021188379261036 0.3398870587679665 -0.1799568354517004 0.2852490851762115
0.9893 0.8666862582489120 -0.09064973159099790 0.2926500614637106 0.3455727496258654 -0.1792932727059606 0.2857485593245695
0.9894 0.8672419467813360 -0.09030328012626780 0.2829940632019909 0.3510504803924399 -0.1786212859159730 0.2862643162036514
0.9895 0.8678008451037030 -0.08995454452007950 0.2731536386481998 0.3563125027043814 -0.1779401828475022 0.2867900303186376
0.9896 0.8683630000755430 -0.08960349073049310 0.2631318544793328 0.3613509667657462 -0.1772389934695741 0.2873115327826427
0.9897 0.8689284596899560 -0.08925008388675180 0.2529320595048442 0.3661579239973399 -0.1765310536446641 0.2878529758597883
0.9898 0.8694972731122820 -0.08889428826096429 0.2425578970648883 0.3707253336569320 -0.1758076785591126 0.2883997297630664
0.9899 0.8700694907204830 -0.08853606723853411 0.2320133165729384 0.3750450660022948 -0.1750651176538739 0.2889456341661761
0.99 0.8706451641473320 -0.08817538328726530 0.2213025860516026 0.3791089102325644 -0.1743118287638356 0.2895046135028372
0.9901 0.8712243463245100 -0.08781219792507509 0.2104303071803430 0.3829085797208039 -0.1735441758244581 0.2900745261349983
0.9902 0.8718070915287160 -0.08744647168623230 0.1994014231006251 0.3864357165336536 -0.1727601299500036 0.2906502258984141
0.9903 0.8723934554298940 -0.08707816408604190 0.1882212381784049 0.3896819038968237 -0.1719651060900838 0.2912434884400830
0.9904 0.8729834951417150 -0.08670723358388530 0.1768954275584716 0.3926386698048622 -0.1711483026577124 0.2918362047234992
0.9905 0.8735772692744300 -0.08633363754452110 0.1654300545588639 0.3952974995675903 -0.1703184827179010 0.2924425927402159
0.9906 0.8741748379902370 -0.08595733219754929 0.1538315831241456 0.3976498443843451 -0.1694740326777080 0.2930665115035041
0.9907 0.8747762630613120 -0.08557827259492561 0.1421068935388929 0.3996871308946462 -0.1686026278732880 0.2936782893142170
0.9908 0.8753816079306560 -0.08519641256641440 0.1302632984843052 0.4014007750127004 -0.1677220895941893 0.2943202929093660
0.9909 0.8759909377759270 -0.08481170467285540 0.1183085580342959 0.4027821948604442 -0.1668181961795277 0.2949610847648945
0.991 0.8766043195764520 -0.08442410015711201 0.1062508965030316 0.4038228220786586 -0.1658941378201289 0.2956107092584284
0.9911 0.8772218221835930 -0.08403354889255719 0.09409901806706450 0.4045141189664135 -0.1649531887624451 0.2962756990539158
0.9912 0.8778435163946910 -0.08363999932894731 0.08186212359742250 0.4048475941263386 -0.1639880711481829 0.2969425230724735
0.9913 0.8784694750308040 -0.08324339843551810 0.06954992869346135 0.4048148200088534 -0.1630051626694136 0.2976310063275234
0.9914 0.8790997730184880 -0.08284369164112650 0.05717267972367457 0.4044074522273176 -0.1620013033403704 0.2983340743430139
0.9915 0.8797344874758720 -0.08244082277125120 0.04474117142160184 0.4036172487757124 -0.1609730974387575 0.2990423354897339
0.9916 0.8803736978033080 -0.08203473398164410 0.03226676576503074 0.4024360935540644 -0.1599215847326027 0.2997602245913362
0.9917 0.8810174857789020 -0.08162536568841711 0.01976140846021018 0.4008560185346127 -0.1588459164905464 0.3004934190926808
0.9918 0.8816659356592500 -0.08121265649432199 0.007237647229872080 0.3988692300419809 -0.1577417633621919 0.3012257861173944
0.9919 0.8823191342857210 -0.08079654311097420 -0.005291349113356020 0.3964681372920783 -0.1566139451360538 0.3019779612696071
0.992 0.8829771711966730 -0.08037696027673730 -0.01781177438254869 0.3936453790605505 -0.1554614796944542 0.3027483628981867
0.9921 0.8836401387460130 -0.07995384066997152 -0.03030916558729713 0.3903938575305770 -0.1542786514262225 0.3035224799952311
0.9922 0.8843081322285420 -0.07952711481732536 -0.04276838627979407 0.3867067702102117 -0.1530673709271800 0.3043094069233959
0.9923 0.8849812500125590 -0.07909671099671335 -0.05517360812595027 0.3825776504563097 -0.1518285698873617 0.3051208911842942
0.9924 0.8856595936802620 -0.07866255513460656 -0.06750829429279179 0.3780003998764301 -0.1505551126227065 0.3059304971137399
0.9925 0.8863432681764950 -0.07822457069721310 -0.07975518232436107 0.3729693352958110 -0.1492504288148268 0.3067517887826129
0.9926 0.8870323819664599 -0.07778267857511195 -0.09189626885935930 0.3674792318266308 -0.1479145592618816 0.3075995107016199
0.9927 0.8877270472030810 -0.07733679696083691 -0.1039127929143529 0.3615253700239587 -0.1465439027615075 0.3084628332802040
0.9928 0.8884273799047200 -0.07688684121888989 -0.1157852233707971 0.3551035874515040 -0.1451368457004446 0.3093407982912704
0.9929 0.8891335001440670 -0.07643272374759670 -0.1274932434715405 0.3482103329298205 -0.1436892142544280 0.3101991055759957
0.993 0.8898455322490620 -0.07597435383217158 -0.1390157405766888 0.3408427253714374 -0.1422071674923523 0.3111112312534254
0.9931 0.8905636050167940 -0.07551163748829919 -0.1503307948732623 0.3329986158997543 -0.1406830627415726 0.3120199883776952
0.9932 0.8912878519414310 -0.07504447729547227 -0.1614156709964154 0.3246766530849935 -0.1391167540747642 0.3129450524767879
0.9933 0.8920184114573100 -0.07457277221925533 -0.1722468120888236 0.3158763572589985 -0.1375084934174694 0.3139069188878262
0.9934 0.8927554271984390 -0.07409641742156042 -0.1827998350546739 0.3065981902656346 -0.1358527170987587 0.3148618601023614
0.9935 0.8934990482757990 -0.07361530405793230 -0.1930495302168356 0.2968436415571636 -0.1341498237782736 0.3158192596431911
0.9936 0.8942494295739311 -0.07312931906073929 -0.2029698633755253 0.2866153106998145 -0.1323980311902993 0.3168146120274787
0.9937 0.8950067320685190 -0.07263834490704912 -0.2125339815267509 0.2759169993091850 -0.1305945543686485 0.3178076826518277
0.9938 0.8957711231667610 -0.07214225936985701 -0.2217142237020443 0.2647538068767337 -0.1287367963634839 0.3188420871769461
0.9939 0.8965427770726040 -0.07164093525116867 -0.2304821369610966 0.2531322357883930 -0.1268237547259802 0.3198691077612897
0.994 0.8973218751790690 -0.07113424009530789 -0.2388084953577452 0.2410602981662882 -0.1248504498280874 0.3209397927655748
0.9941 0.8981086064901830 -0.07062203588061677 -0.2466633296528464 0.2285476332311584 -0.1228171255110175 0.3219989949888587
0.9942 0.8989031680752710 -0.07010417868753212 -0.2540159605803907 0.2156056293403524 -0.1207197472490832 0.3230758017986911
0.9943 0.8997057655587301 -0.06958051834078011 -0.2608350422540344 0.2022475540835473 -0.1185516616539582 0.3241951561963413
0.9944 0.9005166136486820 -0.06905089802318956 -0.2670886139406521 0.1884886907840420 -0.1163171946174573 0.3253024985326582
0.9945 0.9013359367084010 -0.06851515385830702 -0.2727441625241709 0.1743464843950282 -0.1140062452396235 0.3264424389063510
0.9946 0.9021639693747600 -0.06797311445869443 -0.2777686979605630 0.1598406939501178 -0.1116184030258023 0.3275945253728137
0.9947 0.9030009572285790 -0.06742460043637870 -0.2821288402558632 0.1449935528069185 -0.1091472309740384 0.3287686601067658
0.9948 0.9038471575222310 -0.06686942387152023 -0.2857909218568840 0.1298299378378996 -0.1065949543125670 0.3299423400323912
0.9949 0.9047028399706560 -0.06630738773484263 -0.2887211085462766 0.1143775464724175 -0.1039471281674871 0.3311498378062648
0.995 0.9055682876126280 -0.06573828525881835 -0.2908855373105400 0.09866708149935950 -0.1012049373301696 0.3323706765089756
0.9951 0.9064437977500680 -0.06516189925193551 -0.2922504775713728 0.08273244391841140 -0.09836613762683073 0.3335959902239809
0.9952 0.9073296829742340 -0.06457800134961823 -0.2927825139283243 0.06661093324980419 -0.09542078339928826 0.3348368355278946
0.9953 0.9082262722887769 -0.06398635119450392 -0.2924487593060865 0.05034345507902739 -0.09235834020076089 0.3361117003941262
0.9954 0.9091339123411190 -0.06338669553774996 -0.2912170944207188 0.03397473392980257 -0.08918635662578768 0.3373746232385725
0.9955 0.9100529687751699 -0.06277876725187327 -0.2890564466610829 0.01755353279438805 -0.08589008567367304 0.3386499095435605
0.9956 0.9109838277203099 -0.06216228424424088 -0.2859371014127565 0.001132874644009629 -0.08245607254880220 0.3399511583507488
0.9957 0.9119268974338450 -0.06153694825869580 -0.2818310598391580 -0.01522973320811517 -0.07888544901093995 0.3412522513167547
0.9958 0.9128826101166490 -0.06090244355092965 -0.2767124465312393 -0.03147207540665819 -0.07516271684175206 0.3425735442102354
0.9959 0.9138514239248920 -0.06025843542093881 -0.2705579647157354 -0.04752700945890092 -0.07128685016285516 0.3438899982078829
0.996 0.9148338252043410 -0.05960456858325193 -0.2633474184916405 -0.06332225284771770 -0.06724123758907499 0.3452123612927996
0.9961 0.9158303309780880 -0.05894046535246344 -0.2550643001245367 -0.07878018431497890 -0.06302609588704443 0.3465223019851396
0.9962 0.9168414917237300 -0.05826572361781658 -0.2456964518260679 -0.09381766341013310 -0.05861495254163773 0.3478405959855322
0.9963 0.9178678944822510 -0.05757991457606377 -0.2352368144140660 -0.1083458765472058 -0.05400264623880651 0.3491499313731072
0.9964 0.9189101663483180 -0.05688258018638375 -0.2236842672411211 -0.1222702196801910 -0.04917166687747009 0.3504505688941889
0.9965 0.9199689784007860 -0.05617323030452315 -0.2110445762803777 -0.1354902299062195 -0.04410907563520642 0.3517354802963413
0.9966 0.9210450501431710 -0.05545133944533351 -0.1973314564947610 -0.1478995797859345 -0.03877722307610790 0.3530233758346469
0.9967 0.9221391545373910 -0.05471634311302655 -0.1825677638274129 -0.1593861548120979 -0.03321311723709108 0.3542371008875594
0.9968 0.9232521237305220 -0.05396763362646359 -0.1667868294784426 -0.1698322341281302 -0.02733723905848419 0.3554417214334220
0.9969 0.9243848555948549 -0.05320455535183871 -0.1500339507959905 -0.1791148069177583 -0.02117565554826117 0.3565710198763229
0.997 0.9255383212269800 -0.05242639923657515 -0.1323680532488345 -0.1871060559920775 -0.01465491602948611 0.3576668320914300
0.9971 0.9267135735834910 -0.05163239651502337 -0.1138635373106795 -0.1936740546787899 -0.007802693836061974 0.3586595917890633
0.9972 0.9279117574711619 -0.05082171142720474 -0.09461232291179270 -0.1986837306957940 -0.0005373672026177456 0.3595812522657286
0.9973 0.9291341211605130 -0.04999343275461088 -0.07472610336900763 -0.2019981623987605 0.007127994188516623 0.3603719491937558
0.9974 0.9303820299571920 -0.04914656392931682 -0.05433881609105457 -0.2034802953627519 0.01526746769224755 0.3610382065802066
0.9975 0.9316569821501200 -0.04828001141101734 -0.03360932711255424 -0.2029951769334130 0.02390416183163721 0.3615362835578979
0.9976 0.9329606278655880 -0.04739257094619933 -0.01272432219260510 -0.2004128452162687 0.03311333615128126 0.3618512911282994
0.9977 0.9342947915016470 -0.04648291121779677 0.008098627797715520 -0.1956120251467977 0.04287581255483786 0.3618970741563022
0.9978 0.9356614986100730 -0.04554955425287935 0.02860787922088590 -0.1884848389124752 0.05330634530108420 0.3616602790634668
0.9979 0.9370630083530680 -0.04459085176634817 0.04851450141421250 -0.1789427758439027 0.06446007637402015 0.3610720562770688
0.998 0.9385018530155640 -0.04360495636039042 0.06748918903247020 -0.1669242306630269 0.07643558395977292 0.3600649491218259
0.9981 0.9399808865426560 -0.04258978614283420 0.08515954353353080 -0.1524039952987531 0.08924547136793300 0.3585193574326567
0.9982 0.9415033447560830 -0.04154298082775478 0.1011080978341499 -0.1354051716445379 0.1030057131354244 0.3563321818914018
0.9983 0.9430729208782080 -0.04046184667004599 0.1148716590686707 -0.1160140834888333 0.1178783862332056 0.3533710492245921
0.9984 0.9446938614041770 -0.03934328655407588 0.1259428388685318 -0.09439886939598110 0.1339126958724286 0.3494357380931631
0.9985 0.9463710894500030 -0.03818371003164925 0.1337750957950173 -0.07083255844145043 0.1512435490902279 0.3442965882451476
0.9986 0.9481103658566900 -0.03697891580068124 0.1377932979289821 -0.04572150362990760 0.1700323746737522 0.3376510450984583
0.9987 0.9499185032100660 -0.03572393554903559 0.1374128648016424 -0.01964002605014903 0.1904838624632313 0.3290981600974780
0.9988 0.9518036557001111 -0.03441282241095220 0.1320721680556270 0.006628146002840216 0.2125999709837207 0.3181285221120137
0.9989 0.9537757204926590 -0.03303835795930226 0.1212853855714578 0.03204188886485261 0.2366805917691380 0.3040149312602283
0.999 0.9558469079907100 -0.03159163577945187 0.1047269102708799 0.05525044515683858 0.2627028674024340 0.2858306523637685